msb,lsb,program,sound,styles,roles,elements,counts,cc_thresholds,pitchbend,aftertouch,nrpn,rpn
,,,,252,"[[""ACC5"",15765],[""ACC4"",15080],[""PERC"",13919],[""ACC3"",13777],[""ACC1"",13544],[""ACC2"",13480],[""DRUM"",13265],[""BASS"",13238],[null,3276]]","[[""Variation 1"",14729],[""Variation 2"",10574],[""Variation 3"",9898],[""Intro 1"",9291],[""Variation 4"",9133],[""Ending 1"",7781],[""Fill 2"",7735],[""Intro 2"",7734],[""Fill 1"",7731],[""Intro 3"",7728],[""Break"",7718],[""Ending 2"",7650],[""Ending 3"",7390],[null,252]]","{""cc:11"":4718,""cc:7"":4718,""cc:22"":102632,""cc:31"":3276}",{},"{""n"":0,""nonzero"":0,""positive"":0,""negative"":0,""zero"":0,""max_abs"":0,""summary"":{}}","{""n"":0,""ge90"":0,""summary"":{}}",[],[]
121,3,0,Grand Piano,68,"[[""ACC1"",94366],[""ACC2"",19105],[""ACC3"",4086],[""ACC4"",2069]]","[[""Variation 4"",20430],[""Variation 3"",19120],[""Ending 1"",18871],[""Intro 1"",18702],[""Variation 2"",13745],[""Variation 1"",8961],[""Intro 2"",5019],[""Ending 2"",4719],[""Ending 3"",3281],[""Fill 2"",3132],[""Fill 1"",2463],[""Break"",956],[""Intro 3"",227]]","{""cc:11"":849,""cc:7"":849,""cc:0"":849,""cc:32"":801,""cc:22"":761,""cc:64"":2811,""pb"":739,""cc:1"":11,""cc:8"":22,""cc:67"":22,""cc:100"":13,""cc:103"":11,""cc:6"":9,""cc:66"":11,""cc:115"":3,""cc:110"":4,""cc:121"":4,""cc:3"":4,""cc:19"":4,""cc:97"":4,""cc:5"":2,""cc:114"":1,""cc:119"":1}","{""1"":{""n"":11,""ge64"":0,""zero"":1,""max"":48},""64"":{""n"":2811,""ge64"":1362,""zero"":1442,""max"":127}}","{""n"":739,""nonzero"":706,""positive"":670,""negative"":36,""zero"":33,""max_abs"":8192,""summary"":{""min"":-8192.0,""p01"":-5468.16,""p05"":0.0,""p10"":46.8,""p25"":639.5,""p50"":2340.0,""p75"":4527.5,""p90"":6144.0,""p95"":7295.0,""p99"":8142.36,""max"":8191.0}}","{""n"":0,""ge90"":0,""summary"":{}}",[],[]
121,1,26,Pedal Steel Gtr1,10,"[[""ACC3"",15133],[""ACC5"",336]]","[[""Variation 4"",3309],[""Variation 3"",3097],[""Variation 2"",2603],[""Ending 1"",2167],[""Intro 1"",1008],[""Ending 2"",879],[""Ending 3"",736],[""Intro 2"",641],[""Fill 2"",421],[""Fill 1"",276],[""Variation 1"",228],[""Break"",86],[""Intro 3"",18]]","{""cc:64"":122,""pb"":4841,""cc:11"":102,""cc:7"":102,""cc:0"":99,""cc:32"":104,""cc:22"":98,""cc:1"":1601,""cc:8"":6,""cc:67"":12,""cc:114"":3,""cc:116"":6,""cc:110"":6,""cc:6"":3,""cc:66"":3,""cc:115"":3,""cc:100"":6,""cc:121"":3,""cc:19"":3}","{""1"":{""n"":1601,""ge64"":541,""zero"":146,""max"":127},""64"":{""n"":122,""ge64"":60,""zero"":62,""max"":127}}","{""n"":4841,""nonzero"":4546,""positive"":677,""negative"":3869,""zero"":295,""max_abs"":8192,""summary"":{""min"":-8192.0,""p01"":-8082.0,""p05"":-7408.0,""p10"":-6336.0,""p25"":-4128.0,""p50"":-2337.0,""p75"":-384.0,""p90"":1872.0,""p95"":4222.0,""p99"":7617.0,""max"":8191.0}}","{""n"":0,""ge90"":0,""summary"":{}}",[],[]
120,0,64,Percussion Kit,84,"[[""PERC"",144634],[""DRUM"",3164]]","[[""Variation 4"",30215],[""Variation 3"",22862],[""Ending 1"",18952],[""Variation 2"",18427],[""Intro 1"",16224],[""Variation 1"",13244],[""Ending 2"",9650],[""Intro 2"",6158],[""Fill 2"",3653],[""Ending 3"",3448],[""Fill 1"",2907],[""Break"",1132],[""Intro 3"",926]]","{""cc:11"":1231,""cc:7"":1231,""cc:0"":1231,""cc:32"":1231,""cc:22"":1182,""pb"":38}",{},"{""n"":38,""nonzero"":25,""positive"":5,""negative"":20,""zero"":13,""max_abs"":8192,""summary"":{""min"":-8192.0,""p01"":-8192.0,""p05"":-8192.0,""p10"":-8192.0,""p25"":-2500.0,""p50"":-1561.0,""p75"":0.0,""p90"":4000.0,""p95"":4000.0,""p99"":4000.0,""max"":4000.0}}","{""n"":0,""ge90"":0,""summary"":{}}",[],[]
121,10,30,Dist. Guitar RX2,7,"[[""ACC4"",4942],[""ACC5"",2012],[""ACC2"",699],[""ACC3"",118]]","[[""Ending 1"",3872],[""Intro 1"",2199],[""Variation 4"",617],[""Variation 3"",376],[""Ending 2"",342],[""Ending 3"",139],[""Fill 2"",102],[""Break"",57],[""Fill 1"",25],[""Variation 2"",18],[""Intro 2"",12],[""Intro 3"",12]]","{""cc:11"":35,""cc:7"":35,""cc:0"":35,""cc:32"":32,""pb"":4202,""cc:22"":64,""cc:1"":157,""cc:8"":2,""cc:67"":2,""cc:100"":1,""cc:103"":1,""cc:6"":1,""cc:66"":1,""cc:115"":2,""cc:106"":1,""cc:110"":1,""cc:121"":1,""cc:10"":1,""cc:19"":1}","{""1"":{""n"":157,""ge64"":74,""zero"":18,""max"":127}}","{""n"":4202,""nonzero"":3986,""positive"":3214,""negative"":772,""zero"":216,""max_abs"":8192,""summary"":{""min"":-8192.0,""p01"":-7937.0,""p05"":-5632.0,""p10"":-3073.0,""p25"":255.0,""p50"":2304.0,""p75"":4864.0,""p90"":6911.0,""p95"":7519.0,""p99"":8191.0,""max"":8191.0}}","{""n"":0,""ge90"":0,""summary"":{}}",[],[]
121,0,33,Finger Bass GM,31,"[[""BASS"",25823]]","[[""Variation 1"",4580],[""Variation 4"",4550],[""Variation 3"",3654],[""Variation 2"",3327],[""Ending 1"",2671],[""Intro 1"",2389],[""Ending 2"",1267],[""Intro 2"",1009],[""Ending 3"",642],[""Fill 1"",615],[""Fill 2"",615],[""Break"",370],[""Intro 3"",134]]","{""pb"":1534,""cc:11"":507,""cc:7"":507,""cc:0"":507,""cc:32"":497,""cc:22"":340,""cc:1"":16,""cc:64"":31}","{""1"":{""n"":16,""ge64"":9,""zero"":3,""max"":127},""64"":{""n"":31,""ge64"":15,""zero"":16,""max"":127}}","{""n"":1534,""nonzero"":1280,""positive"":116,""negative"":1164,""zero"":254,""max_abs"":8192,""summary"":{""min"":-8192.0,""p01"":-8192.0,""p05"":-7278.4,""p10"":-6208.0,""p25"":-4695.0,""p50"":-2240.0,""p75"":-233.0,""p90"":0.0,""p95"":1280.0,""p99"":5348.0,""max"":8191.0}}","{""n"":0,""ge90"":0,""summary"":{}}",[],[]
121,6,33,Finger Bass 2,42,"[[""BASS"",39517]]","[[""Variation 4"",6506],[""Variation 1"",6046],[""Variation 3"",5374],[""Intro 1"",4819],[""Ending 1"",4545],[""Variation 2"",4320],[""Intro 2"",1890],[""Ending 2"",1694],[""Fill 2"",1228],[""Fill 1"",1103],[""Ending 3"",935],[""Break"",622],[""Intro 3"",435]]","{""cc:11"":631,""cc:7"":631,""cc:0"":631,""cc:32"":617,""cc:22"":393,""pb"":958,""cc:64"":20,""cc:1"":16}","{""1"":{""n"":16,""ge64"":8,""zero"":4,""max"":107},""64"":{""n"":20,""ge64"":10,""zero"":10,""max"":127}}","{""n"":958,""nonzero"":788,""positive"":99,""negative"":689,""zero"":170,""max_abs"":8192,""summary"":{""min"":-8192.0,""p01"":-8192.0,""p05"":-7596.05,""p10"":-6656.0,""p25"":-4910.0,""p50"":-2048.0,""p75"":0.0,""p90"":1153.3,""p95"":4608.0,""p99"":8128.0,""max"":8191.0}}","{""n"":0,""ge90"":0,""summary"":{}}",[],[]
121,,,,252,"[[""BASS"",632],[""ACC2"",630],[""ACC3"",624],[""ACC1"",618],[""ACC4"",521],[""ACC5"",472],[""PERC"",23]]","[[""Variation 1"",1619],[""Intro 1"",601],[""Variation 2"",502],[""Variation 3"",446],[""Variation 4"",265],[""Ending 1"",59],[""Fill 2"",10],[""Ending 2"",7],[""Ending 3"",4],[""Fill 1"",3],[""Break"",3],[""Intro 2"",1]]","{""cc:0"":3520}",{},"{""n"":0,""nonzero"":0,""positive"":0,""negative"":0,""zero"":0,""max_abs"":0,""summary"":{}}","{""n"":0,""ge90"":0,""summary"":{}}",[],[]
121,0,0,AcousticPiano GM,31,"[[""ACC1"",23186],[""ACC4"",7543],[""ACC5"",3379],[""ACC3"",321],[""ACC2"",61]]","[[""Variation 2"",5997],[""Intro 1"",5559],[""Variation 4"",5552],[""Variation 1"",5043],[""Ending 1"",4740],[""Variation 3"",2538],[""Ending 2"",1240],[""Fill 1"",875],[""Fill 2"",873],[""Intro 2"",828],[""Break"",610],[""Ending 3"",537],[""Intro 3"",98]]","{""cc:11"":274,""cc:7"":276,""cc:0"":272,""cc:32"":260,""cc:22"":504,""cc:64"":209,""pb"":795,""cc:1"":514,""cc:8"":10,""cc:67"":16,""cc:114"":2,""cc:116"":6,""cc:110"":5,""cc:6"":2,""cc:66"":4,""cc:115"":2,""cc:100"":5,""cc:121"":3,""cc:103"":2,""cc:5"":2}","{""1"":{""n"":514,""ge64"":108,""zero"":36,""max"":127},""64"":{""n"":209,""ge64"":84,""zero"":125,""max"":127}}","{""n"":795,""nonzero"":723,""positive"":249,""negative"":474,""zero"":72,""max_abs"":8192,""summary"":{""min"":-8192.0,""p01"":-8192.0,""p05"":-7600.0,""p10"":-5984.0,""p25"":-3440.0,""p50"":-832.0,""p75"":320.0,""p90"":3155.2,""p95"":4542.4,""p99"":7828.8,""max"":8176.0}}","{""n"":0,""ge90"":0,""summary"":{}}",[],[]
121,3,120,Vox Wah Chick RX,9,"[[""ACC4"",6208],[""PERC"",5703],[""ACC2"",4318],[""ACC1"",1240]]","[[""Variation 4"",4441],[""Variation 1"",3438],[""Variation 3"",2416],[""Variation 2"",2306],[""Ending 1"",1528],[""Intro 1"",1097],[""Fill 1"",475],[""Fill 2"",465],[""Intro 2"",385],[""Ending 2"",377],[""Ending 3"",372],[""Break"",123],[""Intro 3"",46]]","{""cc:22"":132,""cc:11"":119,""cc:7"":119,""cc:0"":119,""cc:32"":115,""pb"":2385}",{},"{""n"":2385,""nonzero"":2216,""positive"":0,""negative"":2216,""zero"":169,""max_abs"":8192,""summary"":{""min"":-8192.0,""p01"":-8065.0,""p05"":-7552.0,""p10"":-6785.0,""p25"":-5632.0,""p50"":-3584.0,""p75"":-1409.0,""p90"":-384.0,""p95"":0.0,""p99"":0.0,""max"":0.0}}","{""n"":0,""ge90"":0,""summary"":{}}",[],[]
121,3,33,Finger E.Bass2,12,"[[""BASS"",10699]]","[[""Variation 4"",2775],[""Ending 1"",1959],[""Variation 1"",1860],[""Variation 2"",896],[""Variation 3"",746],[""Intro 1"",618],[""Fill 2"",439],[""Ending 2"",399],[""Intro 2"",353],[""Ending 3"",260],[""Fill 1"",254],[""Break"",99],[""Intro 3"",41]]","{""cc:11"":155,""cc:7"":155,""cc:0"":155,""cc:22"":125,""cc:32"":152,""pb"":1996,""cc:64"":23}","{""64"":{""n"":23,""ge64"":0,""zero"":23,""max"":0}}","{""n"":1996,""nonzero"":1900,""positive"":343,""negative"":1557,""zero"":96,""max_abs"":8191,""summary"":{""min"":-7680.0,""p01"":-7168.0,""p05"":-6401.0,""p10"":-5632.0,""p25"":-4096.0,""p50"":-2049.0,""p75"":-256.0,""p90"":3328.0,""p95"":5631.0,""p99"":7680.0,""max"":8191.0}}","{""n"":0,""ge90"":0,""summary"":{}}",[],[]
121,1,71,Jazz Clarinet,10,"[[""ACC5"",6058],[""ACC4"",1779],[""ACC2"",325],[""ACC3"",276],[""ACC1"",130]]","[[""Intro 1"",1883],[""Ending 1"",1731],[""Variation 4"",1671],[""Variation 3"",1119],[""Variation 2"",876],[""Fill 2"",359],[""Ending 3"",228],[""Ending 2"",223],[""Intro 2"",215],[""Fill 1"",162],[""Break"",51],[""Intro 3"",26],[""Variation 1"",24]]","{""cc:22"":159,""cc:11"":108,""cc:7"":108,""cc:0"":108,""cc:32"":101,""cc:1"":1505,""pb"":629}","{""1"":{""n"":1505,""ge64"":593,""zero"":79,""max"":127}}","{""n"":629,""nonzero"":544,""positive"":6,""negative"":538,""zero"":85,""max_abs"":8192,""summary"":{""min"":-8192.0,""p01"":-7663.0,""p05"":-5641.4,""p10"":-4225.0,""p25"":-2561.0,""p50"":-1600.0,""p75"":-397.0,""p90"":0.0,""p95"":0.0,""p99"":0.0,""max"":692.0}}","{""n"":0,""ge90"":0,""summary"":{}}",[],[]
121,15,27,Clean Gtr Pro2,7,"[[""ACC2"",14745],[""ACC3"",4351]]","[[""Variation 3"",3866],[""Variation 2"",3859],[""Variation 4"",2357],[""Intro 1"",2007],[""Ending 1"",1944],[""Variation 1"",1862],[""Ending 2"",1032],[""Intro 2"",933],[""Ending 3"",438],[""Fill 2"",352],[""Fill 1"",312],[""Break"",101],[""Intro 3"",33]]","{""cc:1"":384,""pb"":1708,""cc:11"":107,""cc:7"":107,""cc:0"":107,""cc:32"":93,""cc:22"":96}","{""1"":{""n"":384,""ge64"":116,""zero"":104,""max"":88}}","{""n"":1708,""nonzero"":1465,""positive"":737,""negative"":728,""zero"":243,""max_abs"":8192,""summary"":{""min"":-8192.0,""p01"":-8191.0,""p05"":-7177.0,""p10"":-5473.0,""p25"":-2838.0,""p50"":0.0,""p75"":810.0,""p90"":1579.0,""p95"":2216.65,""p99"":4096.0,""max"":5197.0}}","{""n"":0,""ge90"":0,""summary"":{}}",[],[]
120,0,66,Trinity Perc.Kit,36,"[[""PERC"",94546]]","[[""Variation 4"",19918],[""Variation 1"",15854],[""Ending 1"",14245],[""Variation 3"",13160],[""Intro 1"",12652],[""Variation 2"",6466],[""Ending 2"",3349],[""Intro 2"",3199],[""Fill 2"",2121],[""Ending 3"",1429],[""Fill 1"",1381],[""Break"",448],[""Intro 3"",324]]","{""cc:11"":512,""cc:7"":512,""cc:0"":512,""cc:32"":512,""cc:22"":495,""pb"":58}",{},"{""n"":58,""nonzero"":53,""positive"":33,""negative"":20,""zero"":5,""max_abs"":8192,""summary"":{""min"":-8192.0,""p01"":-8192.0,""p05"":-8082.0,""p10"":-8074.9,""p25"":-3546.0,""p50"":62.0,""p75"":2883.0,""p90"":5541.5,""p95"":6761.0,""p99"":7412.0,""max"":7412.0}}","{""n"":0,""ge90"":0,""summary"":{}}",[],[]
120,0,5,Standard Kit RX1,34,"[[""DRUM"",98966],[""PERC"",3370]]","[[""Variation 4"",20548],[""Variation 1"",17552],[""Ending 1"",13881],[""Variation 3"",13135],[""Intro 1"",11124],[""Variation 2"",9487],[""Ending 2"",3920],[""Intro 2"",3797],[""Fill 2"",2691],[""Ending 3"",2179],[""Fill 1"",1829],[""Break"",1252],[""Intro 3"",941]]","{""cc:11"":514,""cc:7"":514,""cc:0"":514,""cc:32"":514,""cc:22"":398}",{},"{""n"":0,""nonzero"":0,""positive"":0,""negative"":0,""zero"":0,""max_abs"":0,""summary"":{}}","{""n"":0,""ge90"":0,""summary"":{}}",[],[]
120,0,34,Jazz Kit RX2,32,"[[""DRUM"",86401]]","[[""Variation 4"",15637],[""Ending 1"",12870],[""Variation 1"",11869],[""Variation 3"",10553],[""Variation 2"",10219],[""Intro 1"",9397],[""Ending 2"",4664],[""Intro 2"",3819],[""Ending 3"",2067],[""Fill 2"",1953],[""Fill 1"",1577],[""Break"",1034],[""Intro 3"",742]]","{""cc:11"":476,""cc:7"":476,""cc:0"":476,""cc:32"":476,""cc:22"":294,""cc:64"":14}","{""64"":{""n"":14,""ge64"":0,""zero"":14,""max"":0}}","{""n"":0,""nonzero"":0,""positive"":0,""negative"":0,""zero"":0,""max_abs"":0,""summary"":{}}","{""n"":0,""ge90"":0,""summary"":{}}",[],[]
120,0,89,Pop Std. Kit 1,19,"[[""DRUM"",32737],[""PERC"",10927]]","[[""Variation 1"",7623],[""Intro 1"",6536],[""Ending 1"",5718],[""Variation 4"",4330],[""Variation 3"",4135],[""Variation 2"",3600],[""Intro 2"",2865],[""Ending 2"",2696],[""Fill 1"",1702],[""Fill 2"",1619],[""Ending 3"",1343],[""Break"",862],[""Intro 3"",635]]","{""cc:11"":481,""cc:7"":481,""cc:0"":481,""cc:32"":481,""cc:22"":230}",{},"{""n"":0,""nonzero"":0,""positive"":0,""negative"":0,""zero"":0,""max_abs"":0,""summary"":{}}","{""n"":0,""ge90"":0,""summary"":{}}",[],[]
121,14,24,Nylon Slide Pro,9,"[[""ACC1"",5403],[""ACC2"",4625],[""ACC3"",2620],[""ACC5"",1041]]","[[""Variation 4"",2880],[""Ending 1"",2110],[""Variation 3"",2076],[""Intro 1"",1723],[""Variation 1"",1640],[""Variation 2"",1188],[""Intro 2"",754],[""Ending 2"",358],[""Fill 2"",341],[""Ending 3"",256],[""Fill 1"",207],[""Break"",88],[""Intro 3"",68]]","{""cc:11"":117,""cc:7"":117,""cc:0"":117,""cc:32"":115,""cc:22"":90,""cc:64"":32,""cc:8"":2,""cc:67"":2,""cc:100"":2,""cc:103"":1,""cc:5"":1,""cc:66"":1,""cc:110"":1,""cc:121"":1,""cc:14"":1,""cc:19"":1,""cc:108"":1,""pb"":1145,""cc:1"":334}","{""1"":{""n"":334,""ge64"":92,""zero"":12,""max"":115},""64"":{""n"":32,""ge64"":16,""zero"":16,""max"":127}}","{""n"":1145,""nonzero"":926,""positive"":500,""negative"":426,""zero"":219,""max_abs"":8191,""summary"":{""min"":-8178.0,""p01"":-4096.0,""p05"":-513.0,""p10"":-385.0,""p25"":-256.0,""p50"":0.0,""p75"":384.0,""p90"":640.0,""p95"":1151.0,""p99"":5348.0,""max"":8191.0}}","{""n"":0,""ge90"":0,""summary"":{}}",[],[]
121,14,28,Clean Guitar RX1,17,"[[""ACC2"",33319],[""ACC3"",6184],[""ACC1"",3086],[""ACC5"",1986],[""ACC4"",991]]","[[""Variation 1"",11202],[""Ending 1"",7353],[""Variation 4"",6181],[""Intro 1"",6022],[""Variation 3"",4939],[""Variation 2"",2897],[""Intro 2"",1990],[""Ending 2"",1839],[""Ending 3"",1283],[""Fill 2"",893],[""Fill 1"",601],[""Break"",252],[""Intro 3"",114]]","{""cc:11"":210,""cc:7"":211,""cc:0"":210,""cc:32"":205,""pb"":793,""cc:22"":171,""cc:1"":269,""cc:8"":3,""cc:67"":4,""cc:116"":1,""cc:100"":1,""cc:103"":1,""cc:6"":1,""cc:66"":1}","{""1"":{""n"":269,""ge64"":147,""zero"":26,""max"":127}}","{""n"":793,""nonzero"":735,""positive"":49,""negative"":686,""zero"":58,""max_abs"":8192,""summary"":{""min"":-8192.0,""p01"":-8192.0,""p05"":-8087.6,""p10"":-7655.0,""p25"":-5735.0,""p50"":-3366.0,""p75"":-1018.0,""p90"":0.0,""p95"":403.0,""p99"":6761.0,""max"":8064.0}}","{""n"":0,""ge90"":0,""summary"":{}}",[],[]
120,0,2,Standard Kit RX3,24,"[[""DRUM"",55799],[""PERC"",1950]]","[[""Variation 4"",12493],[""Variation 2"",8592],[""Variation 3"",8556],[""Ending 1"",7439],[""Variation 1"",5478],[""Intro 1"",4437],[""Ending 2"",3004],[""Intro 2"",1869],[""Fill 2"",1670],[""Ending 3"",1534],[""Fill 1"",1401],[""Break"",809],[""Intro 3"",467]]","{""cc:11"":414,""cc:7"":414,""cc:0"":414,""cc:32"":414,""cc:22"":297}",{},"{""n"":0,""nonzero"":0,""positive"":0,""negative"":0,""zero"":0,""max_abs"":0,""summary"":{}}","{""n"":0,""ge90"":0,""summary"":{}}",[],[]
121,15,25,Steel Guitar RX1,19,"[[""ACC2"",34752],[""ACC3"",11236],[""ACC4"",11062],[""ACC1"",7996]]","[[""Variation 4"",11911],[""Variation 2"",10679],[""Variation 3"",10019],[""Variation 1"",8104],[""Ending 1"",7023],[""Intro 1"",6554],[""Ending 2"",2950],[""Intro 2"",2324],[""Fill 2"",1961],[""Fill 1"",1549],[""Ending 3"",1335],[""Break"",563],[""Intro 3"",74]]","{""cc:11"":316,""cc:7"":316,""cc:0"":316,""cc:32"":308,""cc:22"":259,""pb"":418}",{},"{""n"":418,""nonzero"":332,""positive"":271,""negative"":61,""zero"":86,""max_abs"":8192,""summary"":{""min"":-8192.0,""p01"":-8192.0,""p05"":-4096.0,""p10"":-384.0,""p25"":0.0,""p50"":256.0,""p75"":768.0,""p90"":2816.0,""p95"":5158.4,""p99"":8064.0,""max"":8064.0}}","{""n"":0,""ge90"":0,""summary"":{}}",[],[]
120,0,33,Jazz Kit RX1,25,"[[""DRUM"",63511],[""PERC"",1969]]","[[""Variation 4"",11335],[""Variation 3"",10654],[""Variation 2"",9308],[""Intro 1"",7956],[""Variation 1"",7576],[""Ending 1"",7168],[""Ending 2"",2725],[""Intro 2"",2525],[""Fill 2"",1704],[""Fill 1"",1599],[""Ending 3"",1512],[""Break"",715],[""Intro 3"",703]]","{""cc:11"":416,""cc:7"":416,""cc:0"":416,""cc:32"":416,""cc:22"":252}",{},"{""n"":0,""nonzero"":0,""positive"":0,""negative"":0,""zero"":0,""max_abs"":0,""summary"":{}}","{""n"":0,""ge90"":0,""summary"":{}}",[],[]
121,3,34,Stein Bass,19,"[[""BASS"",16369]]","[[""Variation 4"",3371],[""Variation 3"",2484],[""Variation 1"",2231],[""Variation 2"",1943],[""Intro 1"",1817],[""Ending 1"",1693],[""Ending 2"",767],[""Intro 2"",622],[""Fill 2"",466],[""Ending 3"",418],[""Fill 1"",384],[""Break"",134],[""Intro 3"",39]]","{""cc:11"":268,""cc:7"":268,""cc:0"":268,""cc:32"":250,""pb"":535,""cc:1"":118,""cc:22"":183}","{""1"":{""n"":118,""ge64"":45,""zero"":17,""max"":127}}","{""n"":535,""nonzero"":494,""positive"":341,""negative"":153,""zero"":41,""max_abs"":8192,""summary"":{""min"":-8192.0,""p01"":-8192.0,""p05"":-7091.2,""p10"":-5487.4,""p25"":-1018.0,""p50"":1151.0,""p75"":3759.5,""p90"":6251.0,""p95"":7057.0,""p99"":8168.22,""max"":8191.0}}","{""n"":0,""ge90"":0,""summary"":{}}",[],[]
121,0,32,Acoustic Bass GM,17,"[[""BASS"",10370],[""PERC"",425]]","[[""Variation 1"",1822],[""Ending 1"",1576],[""Intro 1"",1484],[""Variation 4"",1255],[""Variation 2"",1212],[""Variation 3"",1123],[""Intro 2"",554],[""Ending 2"",536],[""Fill 1"",367],[""Fill 2"",323],[""Ending 3"",318],[""Break"",184],[""Intro 3"",41]]","{""cc:11"":237,""cc:7"":237,""cc:0"":237,""cc:32"":231,""cc:22"":132,""pb"":757,""cc:1"":56}","{""1"":{""n"":56,""ge64"":0,""zero"":2,""max"":53}}","{""n"":757,""nonzero"":700,""positive"":30,""negative"":670,""zero"":57,""max_abs"":8192,""summary"":{""min"":-8192.0,""p01"":-8192.0,""p05"":-8065.0,""p10"":-7808.0,""p25"":-6016.0,""p50"":-3840.0,""p75"":-1408.0,""p90"":0.0,""p95"":0.0,""p99"":1126.28,""max"":6895.0}}","{""n"":0,""ge90"":0,""summary"":{}}",[],[]
121,4,27,Vintage S.2,8,"[[""ACC1"",5539],[""ACC3"",4943],[""ACC2"",2590]]","[[""Variation 3"",3331],[""Variation 4"",2763],[""Ending 1"",2182],[""Intro 1"",1263],[""Variation 2"",1251],[""Variation 1"",971],[""Intro 2"",402],[""Ending 2"",248],[""Fill 2"",245],[""Ending 3"",176],[""Fill 1"",160],[""Break"",63],[""Intro 3"",17]]","{""cc:11"":107,""cc:7"":107,""cc:0"":107,""cc:32"":99,""cc:22"":87,""cc:64"":8,""pb"":789,""cc:1"":432}","{""1"":{""n"":432,""ge64"":163,""zero"":45,""max"":122},""64"":{""n"":8,""ge64"":4,""zero"":4,""max"":127}}","{""n"":789,""nonzero"":601,""positive"":129,""negative"":472,""zero"":188,""max_abs"":8192,""summary"":{""min"":-8192.0,""p01"":-8192.0,""p05"":-8082.0,""p10"":-6726.4,""p25"":-4096.0,""p50"":-2111.0,""p75"":0.0,""p90"":3845.8,""p95"":5698.0,""p99"":7211.0,""max"":8191.0}}","{""n"":0,""ge90"":0,""summary"":{}}",[],[]
121,13,16,Gospel Organ V.,26,"[[""ACC3"",25258],[""ACC4"",10898],[""ACC2"",9493],[""ACC1"",2546],[""ACC5"",2070]]","[[""Ending 1"",12140],[""Variation 4"",7990],[""Intro 1"",7250],[""Variation 3"",6558],[""Variation 2"",4270],[""Ending 2"",2485],[""Ending 3"",2058],[""Intro 2"",1979],[""Variation 1"",1674],[""Fill 2"",1437],[""Fill 1"",1274],[""Break"",1087],[""Intro 3"",63]]","{""cc:11"":336,""cc:7"":336,""cc:0"":336,""cc:32"":314,""cc:22"":355,""pb"":28,""cc:64"":8}","{""64"":{""n"":8,""ge64"":4,""zero"":4,""max"":127}}","{""n"":28,""nonzero"":14,""positive"":0,""negative"":14,""zero"":14,""max_abs"":8192,""summary"":{""min"":-8192.0,""p01"":-8192.0,""p05"":-8192.0,""p10"":-8192.0,""p25"":-8192.0,""p50"":-4096.0,""p75"":0.0,""p90"":0.0,""p95"":0.0,""p99"":0.0,""max"":0.0}}","{""n"":0,""ge90"":0,""summary"":{}}",[],[]
121,19,25,Steel Guitar Pro,24,"[[""ACC2"",40403],[""ACC3"",6875],[""ACC1"",4715],[""ACC5"",3861],[""ACC4"",1586]]","[[""Variation 4"",10864],[""Variation 3"",9045],[""Variation 2"",8086],[""Ending 1"",6817],[""Intro 1"",6520],[""Variation 1"",6444],[""Ending 2"",3522],[""Intro 2"",2121],[""Fill 2"",1289],[""Ending 3"",1181],[""Fill 1"",1104],[""Break"",395],[""Intro 3"",52]]","{""cc:11"":345,""cc:7"":345,""cc:0"":345,""cc:32"":340,""cc:22"":231,""pb"":64}",{},"{""n"":64,""nonzero"":54,""positive"":2,""negative"":52,""zero"":10,""max_abs"":8064,""summary"":{""min"":-5376.0,""p01"":-5376.0,""p05"":-4864.0,""p10"":-4608.0,""p25"":-3392.25,""p50"":-2304.0,""p75"":-768.0,""p90"":0.0,""p95"":0.0,""p99"":8064.0,""max"":8064.0}}","{""n"":0,""ge90"":0,""summary"":{}}",[],[]
121,9,27,L&R E.Guitar 1,3,"[[""ACC4"",1967],[""ACC1"",698]]","[[""Ending 1"",647],[""Ending 2"",376],[""Variation 4"",322],[""Intro 1"",308],[""Variation 3"",232],[""Break"",151],[""Variation 1"",150],[""Fill 2"",145],[""Variation 2"",134],[""Ending 3"",74],[""Intro 2"",59],[""Intro 3"",42],[""Fill 1"",25]]","{""cc:11"":31,""cc:7"":31,""cc:0"":31,""cc:32"":31,""cc:22"":26,""pb"":914,""cc:1"":587}","{""1"":{""n"":587,""ge64"":315,""zero"":22,""max"":127}}","{""n"":914,""nonzero"":817,""positive"":32,""negative"":785,""zero"":97,""max_abs"":6013,""summary"":{""min"":-6013.0,""p01"":-4891.4,""p05"":-3196.0,""p10"":-2756.0,""p25"":-2032.0,""p50"":-1058.0,""p75"":-319.0,""p90"":0.0,""p95"":0.0,""p99"":135.09,""max"":5348.0}}","{""n"":0,""ge90"":0,""summary"":{}}",[],[]
121,2,33,Finger E.Bass1,4,"[[""BASS"",5614]]","[[""Variation 4"",1309],[""Variation 3"",765],[""Variation 2"",743],[""Ending 1"",666],[""Intro 1"",525],[""Variation 1"",514],[""Ending 2"",313],[""Intro 2"",295],[""Fill 1"",155],[""Fill 2"",139],[""Ending 3"",138],[""Break"",38],[""Intro 3"",14]]","{""cc:11"":73,""cc:7"":73,""cc:0"":73,""cc:32"":71,""cc:22"":62,""cc:1"":512,""pb"":770}","{""1"":{""n"":512,""ge64"":86,""zero"":156,""max"":84}}","{""n"":770,""nonzero"":624,""positive"":22,""negative"":602,""zero"":146,""max_abs"":8192,""summary"":{""min"":-8192.0,""p01"":-8192.0,""p05"":-7680.0,""p10"":-7011.0,""p25"":-5435.0,""p50"":-3328.0,""p75"":-1024.0,""p90"":0.0,""p95"":0.0,""p99"":6143.0,""max"":8191.0}}","{""n"":0,""ge90"":0,""summary"":{}}",[],[]
120,0,1,Standard Kit RX2,18,"[[""DRUM"",33554],[""PERC"",8240]]","[[""Ending 1"",7922],[""Intro 1"",7634],[""Variation 4"",7140],[""Variation 3"",4665],[""Variation 2"",3452],[""Variation 1"",2538],[""Ending 2"",2123],[""Intro 2"",1765],[""Fill 2"",1202],[""Ending 3"",1008],[""Break"",1002],[""Fill 1"",966],[""Intro 3"",377]]","{""cc:11"":326,""cc:7"":326,""cc:0"":326,""cc:32"":326,""cc:22"":251,""pb"":49,""cc:64"":20}","{""64"":{""n"":20,""ge64"":0,""zero"":20,""max"":0}}","{""n"":49,""nonzero"":41,""positive"":12,""negative"":29,""zero"":8,""max_abs"":8142,""summary"":{""min"":-8142.0,""p01"":-8112.24,""p05"":-4020.0,""p10"":-3328.0,""p25"":-2304.0,""p50"":-896.0,""p75"":0.0,""p90"":1258.6,""p95"":3552.8,""p99"":5751.52,""max"":6124.0}}","{""n"":0,""ge90"":0,""summary"":{}}",[],[]
121,8,30,Stereo Dist.Gtr,6,"[[""ACC5"",2481],[""ACC2"",620],[""ACC3"",260]]","[[""Ending 1"",1159],[""Variation 4"",553],[""Intro 1"",394],[""Ending 2"",323],[""Variation 3"",269],[""Intro 2"",194],[""Variation 2"",175],[""Ending 3"",125],[""Fill 1"",65],[""Fill 2"",47],[""Variation 1"",32],[""Break"",16],[""Intro 3"",9]]","{""cc:11"":41,""cc:7"":41,""cc:0"":41,""cc:32"":37,""cc:22"":52,""pb"":620,""cc:1"":717}","{""1"":{""n"":717,""ge64"":348,""zero"":46,""max"":127}}","{""n"":620,""nonzero"":592,""positive"":44,""negative"":548,""zero"":28,""max_abs"":8192,""summary"":{""min"":-8192.0,""p01"":-8192.0,""p05"":-7493.8,""p10"":-6528.0,""p25"":-4480.0,""p50"":-2688.0,""p75"":-769.0,""p90"":0.0,""p95"":1372.0,""p99"":7039.0,""max"":7748.0}}","{""n"":0,""ge90"":0,""summary"":{}}",[],[]
121,3,65,Breathy Alto Sax,3,"[[""ACC3"",1946],[""ACC5"",1318],[""ACC4"",247]]","[[""Ending 1"",919],[""Intro 1"",680],[""Variation 3"",489],[""Variation 1"",449],[""Variation 2"",278],[""Variation 4"",246],[""Ending 3"",151],[""Ending 2"",92],[""Fill 2"",89],[""Fill 1"",78],[""Intro 2"",24],[""Intro 3"",8],[""Break"",8]]","{""cc:11"":35,""cc:7"":35,""cc:0"":35,""cc:32"":35,""cc:22"":49,""pb"":267,""cc:1"":1087}","{""1"":{""n"":1087,""ge64"":428,""zero"":88,""max"":127}}","{""n"":267,""nonzero"":243,""positive"":39,""negative"":204,""zero"":24,""max_abs"":8192,""summary"":{""min"":-8192.0,""p01"":-5952.0,""p05"":-5248.0,""p10"":-4877.6,""p25"":-3656.0,""p50"":-2112.0,""p75"":-448.0,""p90"":1600.0,""p95"":3076.8,""p99"":4224.0,""max"":4736.0}}","{""n"":0,""ge90"":0,""summary"":{}}",[],[]
121,10,28,Clean Funk RX1,17,"[[""ACC2"",21355],[""ACC1"",10819],[""ACC3"",9506],[""ACC4"",638]]","[[""Intro 1"",7889],[""Ending 1"",6705],[""Variation 2"",5678],[""Variation 3"",5419],[""Variation 4"",5404],[""Variation 1"",3964],[""Ending 2"",2508],[""Intro 2"",1631],[""Ending 3"",1057],[""Fill 2"",993],[""Fill 1"",870],[""Break"",166],[""Intro 3"",34]]","{""cc:11"":230,""cc:7"":230,""cc:0"":230,""cc:32"":213,""cc:22"":156,""cc:64"":7,""pb"":400,""cc:1"":55}","{""1"":{""n"":55,""ge64"":19,""zero"":6,""max"":127},""64"":{""n"":7,""ge64"":2,""zero"":5,""max"":127}}","{""n"":400,""nonzero"":342,""positive"":223,""negative"":119,""zero"":58,""max_abs"":8192,""summary"":{""min"":-8192.0,""p01"":-8192.0,""p05"":-7168.0,""p10"":-5765.3,""p25"":-1664.0,""p50"":351.0,""p75"":1690.0,""p90"":2730.0,""p95"":3967.0,""p99"":6655.0,""max"":7743.0}}","{""n"":0,""ge90"":0,""summary"":{}}",[],[]
121,4,26,Pedal Steel Gtr2,2,"[[""ACC3"",3760]]","[[""Variation 4"",1063],[""Variation 3"",722],[""Variation 2"",650],[""Ending 1"",513],[""Variation 1"",231],[""Intro 1"",174],[""Intro 2"",146],[""Fill 2"",90],[""Fill 1"",67],[""Ending 3"",66],[""Break"",26],[""Intro 3"",8],[""Ending 2"",4]]","{""cc:11"":38,""cc:7"":38,""cc:0"":38,""cc:32"":38,""cc:22"":48,""cc:1"":504,""pb"":766,""cc:8"":4,""cc:67"":4,""cc:100"":6,""cc:103"":2,""cc:6"":2,""cc:66"":2,""cc:115"":2,""cc:110"":2,""cc:121"":2,""cc:4"":2,""cc:19"":2}","{""1"":{""n"":504,""ge64"":244,""zero"":153,""max"":127}}","{""n"":766,""nonzero"":593,""positive"":63,""negative"":530,""zero"":173,""max_abs"":8192,""summary"":{""min"":-8192.0,""p01"":-8192.0,""p05"":-8192.0,""p10"":-7806.0,""p25"":-5888.0,""p50"":-3328.0,""p75"":0.0,""p90"":0.0,""p95"":3840.0,""p99"":8191.0,""max"":8191.0}}","{""n"":0,""ge90"":0,""summary"":{}}",[],[]
120,0,42,Brush Kit RX1,22,"[[""DRUM"",47544],[""PERC"",1588]]","[[""Ending 1"",9886],[""Intro 1"",7133],[""Variation 3"",6264],[""Variation 4"",6157],[""Variation 1"",5085],[""Variation 2"",4030],[""Ending 2"",4012],[""Intro 2"",2279],[""Fill 2"",1269],[""Ending 3"",1031],[""Fill 1"",976],[""Break"",576],[""Intro 3"",434]]","{""cc:11"":331,""cc:7"":331,""cc:0"":331,""cc:32"":331,""cc:22"":166,""cc:1"":2}","{""1"":{""n"":2,""ge64"":0,""zero"":1,""max"":17}}","{""n"":0,""nonzero"":0,""positive"":0,""negative"":0,""zero"":0,""max_abs"":0,""summary"":{}}","{""n"":0,""ge90"":0,""summary"":{}}",[],[]
121,1,22,Sweet Harmonica,7,"[[""ACC4"",2638],[""ACC5"",610],[""ACC2"",487]]","[[""Intro 1"",1293],[""Variation 4"",1192],[""Ending 1"",807],[""Ending 2"",138],[""Variation 3"",72],[""Variation 2"",64],[""Intro 2"",45],[""Fill 2"",42],[""Ending 3"",38],[""Fill 1"",18],[""Intro 3"",14],[""Break"",12]]","{""cc:11"":27,""cc:7"":27,""cc:0"":27,""cc:32"":23,""pb"":648,""cc:1"":581,""cc:22"":90}","{""1"":{""n"":581,""ge64"":135,""zero"":49,""max"":127}}","{""n"":648,""nonzero"":588,""positive"":24,""negative"":564,""zero"":60,""max_abs"":8192,""summary"":{""min"":-8192.0,""p01"":-7950.79,""p05"":-6357.4,""p10"":-5025.6,""p25"":-3683.75,""p50"":-1798.0,""p75"":-479.0,""p90"":0.0,""p95"":0.0,""p99"":4096.0,""max"":5680.0}}","{""n"":0,""ge90"":0,""summary"":{}}",[],[]
121,11,28,Clean Funk RX2,12,"[[""ACC2"",7538],[""ACC1"",4362],[""ACC3"",3119],[""ACC4"",1303],[""ACC5"",598]]","[[""Variation 4"",3656],[""Variation 3"",2546],[""Variation 1"",2522],[""Variation 2"",2355],[""Ending 1"",2003],[""Intro 1"",1413],[""Ending 2"",587],[""Fill 1"",458],[""Fill 2"",435],[""Ending 3"",412],[""Intro 2"",355],[""Break"",153],[""Intro 3"",25]]","{""cc:1"":337,""pb"":286,""cc:11"":150,""cc:7"":150,""cc:0"":150,""cc:32"":145,""cc:22"":132}","{""1"":{""n"":337,""ge64"":165,""zero"":82,""max"":124}}","{""n"":286,""nonzero"":190,""positive"":18,""negative"":172,""zero"":96,""max_abs"":6079,""summary"":{""min"":-6079.0,""p01"":-5699.05,""p05"":-5632.0,""p10"":-4608.0,""p25"":-3160.25,""p50"":-1452.0,""p75"":0.0,""p90"":0.0,""p95"":1464.0,""p99"":3095.0,""max"":4095.0}}","{""n"":0,""ge90"":0,""summary"":{}}",[],[]
121,3,48,Stereo Strings,26,"[[""ACC3"",2379],[""ACC4"",1855],[""BASS"",1707],[""ACC5"",1545],[""ACC2"",1459],[""ACC1"",1201]]","[[""Intro 1"",2362],[""Ending 1"",2097],[""Variation 4"",1654],[""Variation 3"",820],[""Ending 2"",810],[""Intro 2"",523],[""Variation 2"",412],[""Ending 3"",343],[""Fill 1"",321],[""Fill 2"",302],[""Break"",197],[""Variation 1"",188],[""Intro 3"",117]]","{""cc:11"":271,""cc:7"":271,""cc:0"":271,""cc:32"":255,""cc:22"":257}",{},"{""n"":0,""nonzero"":0,""positive"":0,""negative"":0,""zero"":0,""max_abs"":0,""summary"":{}}","{""n"":0,""ge90"":0,""summary"":{}}",[],[]
121,3,61,Glen & Friends,6,"[[""ACC3"",13127],[""ACC5"",571],[""ACC2"",492]]","[[""Variation 3"",2581],[""Variation 4"",2409],[""Variation 1"",2399],[""Variation 2"",1875],[""Intro 1"",1409],[""Ending 1"",1147],[""Intro 2"",817],[""Ending 2"",707],[""Ending 3"",410],[""Fill 2"",255],[""Fill 1"",163],[""Intro 3"",9],[""Break"",9]]","{""cc:11"":64,""cc:7"":64,""cc:0"":64,""cc:32"":59,""pb"":618,""cc:22"":52,""cc:1"":401}","{""1"":{""n"":401,""ge64"":113,""zero"":87,""max"":127}}","{""n"":618,""nonzero"":540,""positive"":10,""negative"":530,""zero"":78,""max_abs"":8192,""summary"":{""min"":-8192.0,""p01"":-8192.0,""p05"":-4096.0,""p10"":-3378.0,""p25"":-2449.0,""p50"":-1468.0,""p75"":-591.0,""p90"":0.0,""p95"":0.0,""p99"":90.0,""max"":131.0}}","{""n"":0,""ge90"":0,""summary"":{}}",[],[]
121,9,33,Bright Finger B.,9,"[[""BASS"",7318]]","[[""Ending 1"",1735],[""Variation 3"",1072],[""Variation 4"",1063],[""Intro 1"",1052],[""Variation 2"",639],[""Variation 1"",460],[""Ending 2"",379],[""Intro 2"",220],[""Fill 2"",197],[""Fill 1"",165],[""Ending 3"",164],[""Break"",145],[""Intro 3"",27]]","{""cc:11"":129,""cc:7"":129,""cc:0"":129,""cc:32"":128,""cc:22"":61,""pb"":704}",{},"{""n"":704,""nonzero"":619,""positive"":449,""negative"":170,""zero"":85,""max_abs"":8192,""summary"":{""min"":-8192.0,""p01"":-8082.0,""p05"":-3959.0,""p10"":-1113.9,""p25"":0.0,""p50"":640.0,""p75"":2730.0,""p90"":4333.4,""p95"":5188.0,""p99"":6911.0,""max"":8064.0}}","{""n"":0,""ge90"":0,""summary"":{}}",[],[]
121,2,50,Analog Strings 2,34,"[[""ACC3"",3468],[""ACC2"",2462],[""ACC5"",2079],[""ACC4"",1565],[""ACC1"",11]]","[[""Ending 1"",2950],[""Intro 1"",2346],[""Variation 4"",994],[""Variation 3"",691],[""Ending 2"",607],[""Variation 2"",555],[""Fill 2"",355],[""Ending 3"",329],[""Break"",223],[""Fill 1"",201],[""Variation 1"",154],[""Intro 2"",127],[""Intro 3"",53]]","{""cc:22"":314,""cc:11"":219,""cc:7"":219,""cc:0"":219,""cc:32"":198,""pb"":85}",{},"{""n"":85,""nonzero"":78,""positive"":0,""negative"":78,""zero"":7,""max_abs"":8192,""summary"":{""min"":-8192.0,""p01"":-8192.0,""p05"":-8019.0,""p10"":-7775.0,""p25"":-6233.0,""p50"":-3516.0,""p75"":-1218.0,""p90"":-171.0,""p95"":0.0,""p99"":0.0,""max"":0.0}}","{""n"":0,""ge90"":0,""summary"":{}}",[],[]
121,9,66,Jazz Tenor 1,1,"[[""ACC5"",1444]]","[[""Intro 1"",420],[""Ending 1"",353],[""Ending 3"",190],[""Ending 2"",118],[""Variation 3"",101],[""Variation 4"",91],[""Fill 1"",72],[""Fill 2"",57],[""Break"",38],[""Intro 2"",2],[""Intro 3"",2]]","{""pb"":1195,""cc:11"":9,""cc:7"":9,""cc:0"":9,""cc:32"":9,""cc:22"":9}",{},"{""n"":1195,""nonzero"":1141,""positive"":0,""negative"":1141,""zero"":54,""max_abs"":6144,""summary"":{""min"":-6144.0,""p01"":-5888.0,""p05"":-4609.0,""p10"":-4224.0,""p25"":-3073.0,""p50"":-1665.0,""p75"":-641.0,""p90"":-129.0,""p95"":-1.0,""p99"":0.0,""max"":0.0}}","{""n"":0,""ge90"":0,""summary"":{}}",[],[]
121,5,26,Soft Jazz Guitar,6,"[[""ACC2"",3922],[""ACC3"",2797],[""ACC5"",251]]","[[""Variation 1"",1570],[""Ending 1"",1378],[""Intro 1"",1315],[""Intro 2"",602],[""Variation 3"",528],[""Variation 4"",528],[""Ending 2"",400],[""Variation 2"",292],[""Ending 3"",114],[""Fill 1"",92],[""Fill 2"",77],[""Break"",67],[""Intro 3"",7]]","{""pb"":894,""cc:11"":46,""cc:7"":46,""cc:0"":46,""cc:22"":18,""cc:32"":28,""cc:1"":132}","{""1"":{""n"":132,""ge64"":58,""zero"":10,""max"":127}}","{""n"":894,""nonzero"":745,""positive"":641,""negative"":104,""zero"":149,""max_abs"":8192,""summary"":{""min"":-8192.0,""p01"":-8192.0,""p05"":-4716.8,""p10"":-1216.0,""p25"":0.0,""p50"":2431.0,""p75"":4671.0,""p90"":6719.0,""p95"":7551.0,""p99"":8191.0,""max"":8191.0}}","{""n"":0,""ge90"":0,""summary"":{}}",[],[]
120,,,,251,"[[""DRUM"",630],[""PERC"",568]]","[[""Variation 1"",762],[""Intro 1"",179],[""Variation 2"",105],[""Variation 3"",92],[""Variation 4"",46],[""Ending 1"",10],[""Ending 3"",2],[""Intro 2"",2]]","{""cc:0"":1198}",{},"{""n"":0,""nonzero"":0,""positive"":0,""negative"":0,""zero"":0,""max_abs"":0,""summary"":{}}","{""n"":0,""ge90"":0,""summary"":{}}",[],[]
120,0,,,251,"[[""DRUM"",630],[""PERC"",568]]","[[""Variation 1"",762],[""Intro 1"",179],[""Variation 2"",105],[""Variation 3"",92],[""Variation 4"",46],[""Ending 1"",10],[""Ending 3"",2],[""Intro 2"",2]]","{""cc:32"":1198}",{},"{""n"":0,""nonzero"":0,""positive"":0,""negative"":0,""zero"":0,""max_abs"":0,""summary"":{}}","{""n"":0,""ge90"":0,""summary"":{}}",[],[]
121,6,49,Movie Strings 2,21,"[[""ACC4"",6319],[""ACC3"",2141],[""ACC5"",1612],[""ACC2"",746]]","[[""Ending 1"",2744],[""Intro 1"",1894],[""Variation 4"",1482],[""Variation 3"",1169],[""Variation 2"",768],[""Ending 2"",736],[""Intro 2"",607],[""Ending 3"",365],[""Fill 2"",318],[""Variation 1"",300],[""Fill 1"",207],[""Break"",183],[""Intro 3"",45]]","{""cc:11"":212,""cc:7"":212,""cc:0"":212,""cc:32"":211,""cc:22"":257,""cc:1"":14,""cc:64"":30}","{""1"":{""n"":14,""ge64"":0,""zero"":1,""max"":41},""64"":{""n"":30,""ge64"":14,""zero"":16,""max"":127}}","{""n"":0,""nonzero"":0,""positive"":0,""negative"":0,""zero"":0,""max_abs"":0,""summary"":{}}","{""n"":0,""ge90"":0,""summary"":{}}",[],[]
121,12,24,Nylon Gtr RX1,8,"[[""ACC2"",10698],[""ACC3"",4460],[""ACC4"",2848],[""ACC1"",1682]]","[[""Intro 1"",3840],[""Ending 1"",3710],[""Variation 4"",2653],[""Variation 3"",2464],[""Variation 2"",2076],[""Variation 1"",1568],[""Intro 2"",1179],[""Ending 2"",690],[""Fill 2"",548],[""Fill 1"",431],[""Ending 3"",342],[""Break"",169],[""Intro 3"",18]]","{""cc:11"":103,""cc:7"":103,""cc:0"":103,""cc:32"":100,""pb"":646,""cc:22"":91}",{},"{""n"":646,""nonzero"":537,""positive"":299,""negative"":238,""zero"":109,""max_abs"":8064,""summary"":{""min"":-1025.0,""p01"":-897.0,""p05"":-640.0,""p10"":-513.0,""p25"":-256.0,""p50"":0.0,""p75"":640.0,""p90"":1087.5,""p95"":1279.0,""p99"":4096.0,""max"":8064.0}}","{""n"":0,""ge90"":0,""summary"":{}}",[],[]
121,4,36,SlapFing Bass RX,17,"[[""BASS"",12153]]","[[""Variation 4"",2033],[""Variation 3"",1811],[""Intro 1"",1744],[""Ending 1"",1702],[""Variation 2"",1594],[""Variation 1"",1199],[""Ending 2"",453],[""Ending 3"",395],[""Intro 2"",372],[""Fill 2"",338],[""Fill 1"",240],[""Break"",193],[""Intro 3"",79]]","{""cc:11"":201,""cc:7"":201,""cc:0"":201,""cc:32"":186,""pb"":157,""cc:22"":142,""cc:1"":51}","{""1"":{""n"":51,""ge64"":6,""zero"":7,""max"":127}}","{""n"":157,""nonzero"":148,""positive"":89,""negative"":59,""zero"":9,""max_abs"":8192,""summary"":{""min"":-8192.0,""p01"":-8192.0,""p05"":-6857.0,""p10"":-5500.6,""p25"":-2304.0,""p50"":640.0,""p75"":4352.0,""p90"":6572.0,""p95"":7295.0,""p99"":7975.96,""max"":8191.0}}","{""n"":0,""ge90"":0,""summary"":{}}",[],[]
121,2,26,Club Jazz Gtr 1,7,"[[""ACC2"",10021],[""ACC5"",616],[""ACC1"",159]]","[[""Variation 2"",2142],[""Variation 4"",2133],[""Intro 1"",1998],[""Ending 1"",1374],[""Variation 3"",1230],[""Variation 1"",762],[""Break"",324],[""Intro 2"",210],[""Ending 2"",193],[""Fill 1"",181],[""Fill 2"",127],[""Ending 3"",109],[""Intro 3"",13]]","{""cc:11"":79,""cc:7"":79,""cc:0"":79,""cc:32"":71,""pb"":571,""cc:22"":96,""cc:1"":155,""cc:8"":2,""cc:67"":2,""cc:100"":1,""cc:103"":1,""cc:5"":1,""cc:66"":1}","{""1"":{""n"":155,""ge64"":43,""zero"":26,""max"":127}}","{""n"":571,""nonzero"":490,""positive"":113,""negative"":377,""zero"":81,""max_abs"":8192,""summary"":{""min"":-8192.0,""p01"":-7798.0,""p05"":-5218.0,""p10"":-4096.0,""p25"":-2081.0,""p50"":-912.0,""p75"":0.0,""p90"":2451.0,""p95"":6018.0,""p99"":7770.5,""max"":8045.0}}","{""n"":0,""ge90"":0,""summary"":{}}",[],[]
121,25,21,Steirisch.Akk.1,12,"[[""ACC1"",20765],[""ACC2"",9357],[""ACC4"",2991],[""ACC3"",1097]]","[[""Variation 4"",6776],[""Variation 3"",5684],[""Variation 2"",4914],[""Variation 1"",4386],[""Intro 1"",3921],[""Ending 1"",3583],[""Intro 2"",1594],[""Fill 2"",886],[""Ending 2"",842],[""Fill 1"",754],[""Ending 3"",487],[""Break"",309],[""Intro 3"",74]]","{""cc:11"":236,""cc:7"":236,""cc:0"":236,""cc:32"":234,""pb"":4,""cc:22"":182}",{},"{""n"":4,""nonzero"":2,""positive"":0,""negative"":2,""zero"":2,""max_abs"":4095,""summary"":{""min"":-4095.0,""p01"":-4095.0,""p05"":-4095.0,""p10"":-4095.0,""p25"":-4095.0,""p50"":-2047.5,""p75"":0.0,""p90"":0.0,""p95"":0.0,""p99"":0.0,""max"":0.0}}","{""n"":0,""ge90"":0,""summary"":{}}",[],[]
121,14,27,Single Coil Pro,8,"[[""ACC2"",7636],[""ACC4"",3459],[""ACC3"",1129]]","[[""Variation 4"",3031],[""Variation 2"",1852],[""Ending 1"",1715],[""Variation 3"",1520],[""Intro 1"",1410],[""Variation 1"",824],[""Intro 2"",621],[""Ending 2"",531],[""Ending 3"",282],[""Fill 1"",205],[""Fill 2"",164],[""Break"",56],[""Intro 3"",13]]","{""cc:11"":80,""cc:7"":80,""cc:0"":80,""cc:32"":74,""pb"":469,""cc:22"":66,""cc:1"":273}","{""1"":{""n"":273,""ge64"":138,""zero"":16,""max"":127}}","{""n"":469,""nonzero"":435,""positive"":103,""negative"":332,""zero"":34,""max_abs"":8192,""summary"":{""min"":-8192.0,""p01"":-8150.2,""p05"":-6817.6,""p10"":-6273.0,""p25"":-5074.0,""p50"":-2177.0,""p75"":0.0,""p90"":2687.0,""p95"":3200.0,""p99"":6378.92,""max"":8191.0}}","{""n"":0,""ge90"":0,""summary"":{}}",[],[]
121,13,48,Arabic Strings,4,"[[""ACC5"",2330],[""ACC2"",731],[""ACC4"",467]]","[[""Intro 1"",1127],[""Ending 1"",1125],[""Variation 4"",430],[""Ending 2"",170],[""Variation 2"",152],[""Variation 3"",150],[""Ending 3"",125],[""Fill 2"",97],[""Fill 1"",79],[""Intro 2"",30],[""Break"",21],[""Intro 3"",14],[""Variation 1"",8]]","{""cc:11"":44,""cc:7"":44,""cc:0"":44,""cc:32"":42,""cc:22"":44,""pb"":628,""cc:1"":216}","{""1"":{""n"":216,""ge64"":0,""zero"":12,""max"":53}}","{""n"":628,""nonzero"":605,""positive"":1,""negative"":604,""zero"":23,""max_abs"":7949,""summary"":{""min"":-7949.0,""p01"":-7343.0,""p05"":-5283.0,""p10"":-4847.0,""p25"":-3478.25,""p50"":-2109.0,""p75"":-970.0,""p90"":-349.6,""p95"":-9.4,""p99"":0.0,""max"":202.0}}","{""n"":0,""ge90"":0,""summary"":{}}",[],[]
121,7,33,Finger Bass 3,20,"[[""BASS"",10797]]","[[""Ending 1"",1871],[""Intro 1"",1732],[""Variation 4"",1287],[""Variation 2"",1060],[""Variation 3"",1003],[""Ending 2"",746],[""Variation 1"",736],[""Intro 2"",687],[""Ending 3"",532],[""Fill 2"",405],[""Fill 1"",387],[""Break"",195],[""Intro 3"",156]]","{""cc:11"":232,""cc:7"":232,""cc:0"":232,""cc:32"":218,""cc:22"":111,""pb"":36}",{},"{""n"":36,""nonzero"":32,""positive"":2,""negative"":30,""zero"":4,""max_abs"":8064,""summary"":{""min"":-6656.0,""p01"":-6656.0,""p05"":-6464.0,""p10"":-6336.0,""p25"":-5504.0,""p50"":-2880.0,""p75"":-384.0,""p90"":0.0,""p95"":2016.0,""p99"":8064.0,""max"":8064.0}}","{""n"":0,""ge90"":0,""summary"":{}}",[],[]
121,0,21,Accordion GM,3,"[[""ACC1"",2746],[""ACC4"",872]]","[[""Variation 4"",982],[""Variation 3"",644],[""Variation 2"",616],[""Variation 1"",360],[""Intro 1"",324],[""Ending 1"",248],[""Fill 2"",115],[""Fill 1"",98],[""Ending 3"",87],[""Intro 2"",63],[""Ending 2"",56],[""Break"",17],[""Intro 3"",8]]","{""pb"":757,""cc:11"":40,""cc:7"":40,""cc:0"":40,""cc:32"":40,""cc:1"":91,""cc:22"":48}","{""1"":{""n"":91,""ge64"":0,""zero"":7,""max"":56}}","{""n"":757,""nonzero"":712,""positive"":179,""negative"":533,""zero"":45,""max_abs"":8192,""summary"":{""min"":-8192.0,""p01"":-6636.04,""p05"":-5155.0,""p10"":-3712.4,""p25"":-2176.0,""p50"":-1024.0,""p75"":0.0,""p90"":4531.2,""p95"":6527.0,""p99"":7935.44,""max"":8191.0}}","{""n"":0,""ge90"":0,""summary"":{}}",[],[]
121,11,4,Club E. Piano,11,"[[""ACC2"",7957],[""ACC1"",3689]]","[[""Variation 3"",2491],[""Ending 1"",2161],[""Variation 4"",1976],[""Intro 1"",1508],[""Variation 2"",1321],[""Variation 1"",740],[""Ending 2"",401],[""Ending 3"",276],[""Fill 2"",247],[""Intro 2"",227],[""Fill 1"",138],[""Break"",124],[""Intro 3"",36]]","{""cc:11"":137,""cc:7"":136,""cc:0"":136,""cc:32"":133,""cc:22"":108,""cc:64"":364,""cc:8"":8,""cc:67"":8,""cc:100"":5,""cc:103"":4,""cc:5"":2,""cc:66"":4,""cc:110"":2,""cc:121"":1,""cc:19"":1,""cc:117"":1,""cc:69"":1,""cc:80"":1,""cc:6"":2}","{""64"":{""n"":364,""ge64"":172,""zero"":169,""max"":127},""80"":{""n"":1,""ge64"":1,""zero"":0,""max"":105}}","{""n"":0,""nonzero"":0,""positive"":0,""negative"":0,""zero"":0,""max_abs"":0,""summary"":{}}","{""n"":0,""ge90"":0,""summary"":{}}",[],[]
121,2,80,Lead Sine,1,"[[""ACC3"",1316]]","[[""Ending 1"",601],[""Intro 1"",593],[""Ending 2"",29],[""Variation 3"",28],[""Variation 4"",28],[""Ending 3"",13],[""Fill 2"",9],[""Break"",7],[""Variation 2"",2],[""Intro 2"",2],[""Intro 3"",2],[""Fill 1"",2]]","{""cc:11"":9,""cc:7"":9,""cc:0"":9,""cc:32"":9,""pb"":526,""cc:1"":476,""cc:22"":10}","{""1"":{""n"":476,""ge64"":256,""zero"":12,""max"":127}}","{""n"":526,""nonzero"":504,""positive"":0,""negative"":504,""zero"":22,""max_abs"":8192,""summary"":{""min"":-8192.0,""p01"":-8192.0,""p05"":-7808.0,""p10"":-7424.0,""p25"":-6016.0,""p50"":-3968.0,""p75"":-1792.0,""p90"":-768.0,""p95"":-256.0,""p99"":0.0,""max"":0.0}}","{""n"":0,""ge90"":0,""summary"":{}}",[],[]
120,0,90,Pop Std. Kit 2,10,"[[""DRUM"",12271],[""PERC"",10255]]","[[""Variation 4"",4338],[""Variation 3"",3504],[""Variation 2"",2974],[""Ending 1"",2607],[""Intro 1"",2229],[""Variation 1"",2110],[""Intro 2"",1197],[""Ending 2"",1089],[""Fill 1"",657],[""Fill 2"",607],[""Ending 3"",586],[""Intro 3"",369],[""Break"",259]]","{""cc:11"":227,""cc:7"":227,""cc:0"":227,""cc:32"":227,""cc:22"":116}",{},"{""n"":0,""nonzero"":0,""positive"":0,""negative"":0,""zero"":0,""max_abs"":0,""summary"":{}}","{""n"":0,""ge90"":0,""summary"":{}}",[],[]
121,6,56,Dual Trumpets,2,"[[""ACC3"",2869]]","[[""Variation 3"",821],[""Ending 1"",401],[""Variation 4"",388],[""Intro 1"",370],[""Ending 2"",257],[""Intro 2"",241],[""Ending 3"",203],[""Fill 1"",123],[""Fill 2"",55],[""Intro 3"",5],[""Break"",5]]","{""pb"":153,""cc:11"":20,""cc:7"":20,""cc:0"":20,""cc:32"":20,""cc:1"":724,""cc:22"":28}","{""1"":{""n"":724,""ge64"":196,""zero"":19,""max"":121}}","{""n"":153,""nonzero"":144,""positive"":0,""negative"":144,""zero"":9,""max_abs"":8192,""summary"":{""min"":-8192.0,""p01"":-8192.0,""p05"":-7516.0,""p10"":-6569.8,""p25"":-5141.0,""p50"":-3061.0,""p75"":-1561.0,""p90"":-256.0,""p95"":0.0,""p99"":0.0,""max"":0.0}}","{""n"":0,""ge90"":0,""summary"":{}}",[],[]
121,2,61,Tight Brass 3,11,"[[""ACC4"",4434],[""ACC2"",3076],[""ACC3"",2439],[""ACC5"",1310]]","[[""Ending 1"",2322],[""Variation 3"",2191],[""Intro 1"",1732],[""Variation 4"",1295],[""Variation 2"",758],[""Variation 1"",628],[""Intro 2"",621],[""Ending 2"",490],[""Ending 3"",435],[""Fill 2"",336],[""Fill 1"",224],[""Break"",171],[""Intro 3"",56]]","{""cc:11"":108,""cc:7"":108,""cc:0"":108,""cc:32"":103,""pb"":318,""cc:22"":109,""cc:1"":53,""cc:8"":8,""cc:67"":8,""cc:100"":8,""cc:103"":8,""cc:6"":4,""cc:66"":4,""cc:115"":4,""cc:110"":4,""cc:121"":4,""cc:2"":4,""cc:19"":4}","{""1"":{""n"":53,""ge64"":0,""zero"":9,""max"":22},""2"":{""n"":4,""ge64"":0,""zero"":4,""max"":0}}","{""n"":318,""nonzero"":283,""positive"":0,""negative"":283,""zero"":35,""max_abs"":8192,""summary"":{""min"":-8192.0,""p01"":-8192.0,""p05"":-7138.1,""p10"":-6352.5,""p25"":-4096.0,""p50"":-2764.0,""p75"":-1107.0,""p90"":0.0,""p95"":0.0,""p99"":0.0,""max"":0.0}}","{""n"":0,""ge90"":0,""summary"":{}}",[],[]
121,32,25,Real Folk Gtr,13,"[[""ACC2"",17574],[""ACC4"",2913],[""ACC3"",2795],[""ACC1"",2313]]","[[""Variation 1"",4628],[""Ending 1"",4049],[""Variation 2"",3608],[""Variation 3"",3174],[""Variation 4"",2844],[""Intro 1"",2678],[""Ending 2"",1468],[""Intro 2"",1143],[""Fill 2"",649],[""Ending 3"",524],[""Fill 1"",506],[""Break"",179],[""Intro 3"",145]]","{""cc:11"":177,""cc:7"":177,""cc:0"":177,""cc:32"":175,""cc:22"":155,""pb"":54,""cc:1"":48}","{""1"":{""n"":48,""ge64"":12,""zero"":5,""max"":100}}","{""n"":54,""nonzero"":50,""positive"":0,""negative"":50,""zero"":4,""max_abs"":8192,""summary"":{""min"":-8192.0,""p01"":-8192.0,""p05"":-8192.0,""p10"":-8125.0,""p25"":-7496.0,""p50"":-5084.0,""p75"":-1743.0,""p90"":-229.0,""p95"":0.0,""p99"":0.0,""max"":0.0}}","{""n"":0,""ge90"":0,""summary"":{}}",[],[]
120,0,4,Pop Std. Kit RX,13,"[[""DRUM"",26371],[""PERC"",1594]]","[[""Variation 4"",4557],[""Ending 1"",4296],[""Intro 1"",3647],[""Variation 3"",3316],[""Variation 2"",3267],[""Variation 1"",2959],[""Ending 2"",1633],[""Intro 2"",1097],[""Fill 2"",1022],[""Ending 3"",649],[""Fill 1"",631],[""Break"",530],[""Intro 3"",361]]","{""cc:11"":215,""cc:7"":215,""cc:0"":215,""cc:32"":215,""cc:22"":101}",{},"{""n"":0,""nonzero"":0,""positive"":0,""negative"":0,""zero"":0,""max_abs"":0,""summary"":{}}","{""n"":0,""ge90"":0,""summary"":{}}",[],[]
121,0,35,Fretless Bass GM,4,"[[""BASS"",2250]]","[[""Variation 1"",724],[""Variation 3"",264],[""Ending 1"",218],[""Variation 4"",197],[""Variation 2"",171],[""Intro 1"",169],[""Ending 3"",126],[""Fill 2"",107],[""Fill 1"",106],[""Intro 2"",104],[""Ending 2"",36],[""Break"",20],[""Intro 3"",8]]","{""pb"":767,""cc:11"":40,""cc:7"":40,""cc:0"":40,""cc:32"":37,""cc:22"":28}",{},"{""n"":767,""nonzero"":718,""positive"":126,""negative"":592,""zero"":49,""max_abs"":8192,""summary"":{""min"":-8192.0,""p01"":-7054.0,""p05"":-4845.0,""p10"":-4374.0,""p25"":-3130.0,""p50"":-1522.0,""p75"":-171.0,""p90"":685.8,""p95"":4773.0,""p99"":7508.76,""max"":8191.0}}","{""n"":0,""ge90"":0,""summary"":{}}",[],[]
121,11,91,Fresh Air 2,14,"[[""ACC4"",2097],[""ACC2"",1229],[""ACC3"",1151],[""ACC1"",1127],[""ACC5"",456]]","[[""Intro 1"",1141],[""Ending 1"",1029],[""Variation 4"",840],[""Variation 3"",550],[""Ending 2"",465],[""Intro 2"",421],[""Variation 2"",408],[""Variation 1"",298],[""Ending 3"",284],[""Fill 2"",237],[""Fill 1"",202],[""Break"",122],[""Intro 3"",63]]","{""cc:11"":207,""cc:7"":207,""cc:0"":207,""cc:32"":202,""cc:22"":105}",{},"{""n"":0,""nonzero"":0,""positive"":0,""negative"":0,""zero"":0,""max_abs"":0,""summary"":{}}","{""n"":0,""ge90"":0,""summary"":{}}",[],[]
120,0,65,Latin Perc. Kit1,15,"[[""PERC"",22844]]","[[""Variation 4"",4914],[""Variation 3"",4476],[""Ending 1"",3896],[""Variation 2"",2238],[""Intro 1"",1807],[""Variation 1"",1648],[""Ending 2"",1330],[""Intro 2"",682],[""Fill 2"",582],[""Ending 3"",462],[""Fill 1"",426],[""Break"",253],[""Intro 3"",130]]","{""cc:11"":190,""cc:7"":190,""cc:0"":190,""cc:32"":190,""cc:22"":166}",{},"{""n"":0,""nonzero"":0,""positive"":0,""negative"":0,""zero"":0,""max_abs"":0,""summary"":{}}","{""n"":0,""ge90"":0,""summary"":{}}",[],[]
121,3,59,Mute Ensemble 1,11,"[[""ACC2"",12186],[""ACC3"",853],[""ACC1"",565],[""ACC5"",324],[""ACC4"",166]]","[[""Intro 1"",2631],[""Variation 4"",2293],[""Variation 3"",1962],[""Variation 1"",1815],[""Variation 2"",1786],[""Ending 1"",1352],[""Intro 2"",802],[""Ending 2"",680],[""Ending 3"",274],[""Fill 2"",260],[""Fill 1"",170],[""Break"",56],[""Intro 3"",13]]","{""cc:11"":101,""cc:7"":101,""cc:0"":101,""cc:32"":85,""pb"":373,""cc:22"":72,""cc:1"":93}","{""1"":{""n"":93,""ge64"":0,""zero"":27,""max"":54}}","{""n"":373,""nonzero"":323,""positive"":13,""negative"":310,""zero"":50,""max_abs"":8192,""summary"":{""min"":-8192.0,""p01"":-8192.0,""p05"":-5376.0,""p10"":-4096.0,""p25"":-3072.0,""p50"":-1129.0,""p75"":-246.0,""p90"":0.0,""p95"":0.0,""p99"":1641.72,""max"":6516.0}}","{""n"":0,""ge90"":0,""summary"":{}}",[],[]
121,12,27,Funky Wah RX,7,"[[""ACC2"",8842],[""ACC3"",3674],[""ACC4"",793]]","[[""Variation 4"",3250],[""Ending 1"",2281],[""Intro 1"",1897],[""Variation 3"",1603],[""Variation 2"",1412],[""Variation 1"",1164],[""Ending 2"",609],[""Ending 3"",314],[""Fill 1"",262],[""Fill 2"",220],[""Intro 2"",189],[""Break"",98],[""Intro 3"",10]]","{""cc:11"":54,""cc:7"":54,""cc:0"":54,""cc:32"":49,""cc:22"":54,""pb"":312,""cc:1"":342}","{""1"":{""n"":342,""ge64"":170,""zero"":36,""max"":127}}","{""n"":312,""nonzero"":277,""positive"":1,""negative"":276,""zero"":35,""max_abs"":8192,""summary"":{""min"":-8192.0,""p01"":-7922.81,""p05"":-6144.0,""p10"":-5120.9,""p25"":-4224.0,""p50"":-2689.0,""p75"":-1025.0,""p90"":0.0,""p95"":0.0,""p99"":0.0,""max"":4096.0}}","{""n"":0,""ge90"":0,""summary"":{}}",[],[]
121,4,4,Vintage EP,13,"[[""ACC1"",10727]]","[[""Intro 1"",2340],[""Ending 1"",1901],[""Variation 4"",1517],[""Variation 3"",1162],[""Variation 1"",1027],[""Ending 2"",765],[""Intro 2"",454],[""Ending 3"",412],[""Variation 2"",400],[""Fill 2"",383],[""Fill 1"",187],[""Break"",120],[""Intro 3"",59]]","{""cc:11"":118,""cc:7"":119,""cc:0"":118,""cc:22"":87,""cc:64"":323,""cc:32"":103,""cc:8"":5,""cc:67"":6,""cc:100"":3,""cc:103"":3,""cc:5"":1,""cc:66"":2,""cc:110"":2,""cc:121"":1,""cc:4"":1,""cc:19"":1,""cc:69"":1,""cc:116"":1,""cc:6"":1}","{""64"":{""n"":323,""ge64"":140,""zero"":181,""max"":127}}","{""n"":0,""nonzero"":0,""positive"":0,""negative"":0,""zero"":0,""max_abs"":0,""summary"":{}}","{""n"":0,""ge90"":0,""summary"":{}}",[],[]
121,12,28,Funk Stein RX1,8,"[[""ACC2"",5485],[""ACC1"",2304],[""ACC4"",1515],[""ACC5"",812]]","[[""Ending 1"",2513],[""Intro 1"",1726],[""Variation 4"",1550],[""Variation 3"",1328],[""Variation 1"",860],[""Variation 2"",648],[""Ending 2"",462],[""Fill 2"",296],[""Ending 3"",223],[""Break"",189],[""Fill 1"",188],[""Intro 2"",124],[""Intro 3"",9]]","{""cc:11"":59,""cc:7"":59,""cc:0"":59,""cc:22"":43,""cc:32"":50,""pb"":618}",{},"{""n"":618,""nonzero"":576,""positive"":67,""negative"":509,""zero"":42,""max_abs"":8192,""summary"":{""min"":-8192.0,""p01"":-8185.0,""p05"":-8082.0,""p10"":-6777.0,""p25"":-4096.0,""p50"":-1913.0,""p75"":-768.0,""p90"":7.0,""p95"":7.0,""p99"":5348.0,""max"":6739.0}}","{""n"":0,""ge90"":0,""summary"":{}}",[],[]
121,13,33,Finger Bass RX,10,"[[""BASS"",10273]]","[[""Variation 1"",2288],[""Variation 4"",1844],[""Variation 3"",1547],[""Variation 2"",1465],[""Ending 1"",868],[""Intro 1"",816],[""Ending 2"",346],[""Intro 2"",316],[""Fill 2"",270],[""Fill 1"",228],[""Ending 3"",158],[""Break"",82],[""Intro 3"",45]]","{""cc:11"":126,""cc:7"":126,""cc:0"":126,""pb"":219,""cc:32"":119,""cc:22"":87,""cc:1"":71}","{""1"":{""n"":71,""ge64"":34,""zero"":7,""max"":127}}","{""n"":219,""nonzero"":155,""positive"":12,""negative"":143,""zero"":64,""max_abs"":8192,""summary"":{""min"":-8192.0,""p01"":-8192.0,""p05"":-8086.4,""p10"":-6384.0,""p25"":-4744.0,""p50"":-3664.0,""p75"":0.0,""p90"":0.0,""p95"":241.6,""p99"":8064.0,""max"":8064.0}}","{""n"":0,""ge90"":0,""summary"":{}}",[],[]
121,6,35,Woofer Pusher B.,15,"[[""BASS"",8299]]","[[""Intro 1"",1765],[""Ending 1"",1550],[""Variation 3"",978],[""Variation 4"",902],[""Variation 2"",716],[""Ending 2"",664],[""Variation 1"",464],[""Intro 2"",281],[""Ending 3"",279],[""Fill 1"",236],[""Fill 2"",225],[""Break"",158],[""Intro 3"",81]]","{""cc:11"":191,""cc:7"":191,""cc:0"":191,""cc:32"":181,""cc:22"":101}",{},"{""n"":0,""nonzero"":0,""positive"":0,""negative"":0,""zero"":0,""max_abs"":0,""summary"":{}}","{""n"":0,""ge90"":0,""summary"":{}}",[],[]
121,3,32,Acous. Bass Pro1,10,"[[""BASS"",6169]]","[[""Ending 1"",937],[""Variation 3"",899],[""Intro 1"",895],[""Variation 4"",884],[""Variation 2"",628],[""Variation 1"",536],[""Ending 2"",345],[""Intro 2"",330],[""Fill 2"",219],[""Ending 3"",200],[""Fill 1"",178],[""Break"",89],[""Intro 3"",29]]","{""cc:11"":156,""cc:7"":156,""cc:0"":156,""cc:32"":152,""cc:22"":83,""pb"":150}",{},"{""n"":150,""nonzero"":94,""positive"":8,""negative"":86,""zero"":56,""max_abs"":8192,""summary"":{""min"":-8192.0,""p01"":-8192.0,""p05"":-8192.0,""p10"":-8192.0,""p25"":-4096.0,""p50"":-4096.0,""p75"":0.0,""p90"":0.0,""p95"":2252.8,""p99"":4096.0,""max"":4096.0}}","{""n"":0,""ge90"":0,""summary"":{}}",[],[]
121,18,27,Chorus Gtr Pro,12,"[[""ACC2"",3078],[""ACC3"",2972],[""ACC1"",1542],[""ACC4"",1189],[""ACC5"",754]]","[[""Variation 3"",2815],[""Variation 4"",2083],[""Ending 1"",1307],[""Variation 2"",900],[""Intro 1"",576],[""Variation 1"",492],[""Ending 2"",332],[""Ending 3"",281],[""Fill 2"",274],[""Fill 1"",230],[""Intro 2"",135],[""Break"",93],[""Intro 3"",17]]","{""cc:11"":76,""cc:7"":76,""cc:0"":76,""cc:32"":65,""cc:22"":100,""cc:1"":391,""pb"":38,""cc:8"":4,""cc:67"":4,""cc:100"":2,""cc:103"":2,""cc:6"":2,""cc:66"":2,""cc:115"":2,""cc:90"":1,""cc:110"":1,""cc:121"":1,""cc:18"":1,""cc:19"":1,""cc:111"":1,""cc:116"":1,""cc:80"":1}","{""1"":{""n"":391,""ge64"":74,""zero"":63,""max"":127},""80"":{""n"":1,""ge64"":1,""zero"":0,""max"":114}}","{""n"":38,""nonzero"":28,""positive"":0,""negative"":28,""zero"":10,""max_abs"":6502,""summary"":{""min"":-6502.0,""p01"":-6502.0,""p05"":-6502.0,""p10"":-6502.0,""p25"":-5235.0,""p50"":-3546.0,""p75"":-316.75,""p90"":0.0,""p95"":0.0,""p99"":0.0,""max"":0.0}}","{""n"":0,""ge90"":0,""summary"":{}}",[],[]
121,17,25,12 Strings Pro,11,"[[""ACC1"",11186],[""ACC2"",10918],[""ACC3"",4874]]","[[""Variation 4"",3933],[""Intro 1"",3828],[""Ending 1"",3652],[""Variation 3"",3391],[""Variation 2"",3156],[""Variation 1"",2992],[""Intro 2"",1831],[""Ending 2"",1368],[""Fill 1"",1177],[""Fill 2"",718],[""Ending 3"",683],[""Break"",172],[""Intro 3"",77]]","{""cc:11"":181,""cc:7"":181,""cc:0"":181,""cc:32"":181,""cc:22"":110,""pb"":10}",{},"{""n"":10,""nonzero"":8,""positive"":0,""negative"":8,""zero"":2,""max_abs"":1728,""summary"":{""min"":-1728.0,""p01"":-1728.0,""p05"":-1728.0,""p10"":-1728.0,""p25"":-1216.0,""p50"":-832.0,""p75"":-448.0,""p90"":0.0,""p95"":0.0,""p99"":0.0,""max"":0.0}}","{""n"":0,""ge90"":0,""summary"":{}}",[],[]
121,13,61,Fat Brass,10,"[[""ACC4"",4624],[""ACC5"",4415],[""ACC2"",3802],[""ACC3"",994]]","[[""Intro 1"",3604],[""Ending 1"",2716],[""Variation 4"",2710],[""Ending 2"",1525],[""Intro 2"",755],[""Variation 3"",676],[""Variation 2"",564],[""Fill 2"",450],[""Fill 1"",373],[""Ending 3"",332],[""Break"",106],[""Intro 3"",24]]","{""cc:11"":105,""cc:7"":105,""cc:0"":105,""cc:32"":105,""cc:22"":135,""pb"":264}",{},"{""n"":264,""nonzero"":239,""positive"":1,""negative"":238,""zero"":25,""max_abs"":5004,""summary"":{""min"":-5004.0,""p01"":-4875.13,""p05"":-4407.65,""p10"":-4096.0,""p25"":-3633.5,""p50"":-2012.0,""p75"":-781.0,""p90"":-50.0,""p95"":0.0,""p99"":0.0,""max"":97.0}}","{""n"":0,""ge90"":0,""summary"":{}}",[],[]
121,2,34,Picked E.Bass 3,9,"[[""BASS"",5418]]","[[""Ending 1"",898],[""Variation 3"",876],[""Variation 4"",863],[""Intro 1"",790],[""Variation 2"",564],[""Variation 1"",388],[""Intro 2"",261],[""Ending 2"",245],[""Fill 2"",148],[""Fill 1"",140],[""Ending 3"",117],[""Break"",91],[""Intro 3"",37]]","{""cc:11"":133,""cc:7"":133,""cc:0"":133,""cc:32"":133,""pb"":149,""cc:22"":130,""cc:1"":5}","{""1"":{""n"":5,""ge64"":3,""zero"":1,""max"":127}}","{""n"":149,""nonzero"":140,""positive"":26,""negative"":114,""zero"":9,""max_abs"":8191,""summary"":{""min"":-8190.0,""p01"":-8082.0,""p05"":-5550.0,""p10"":-5096.0,""p25"":-3734.0,""p50"":-1774.0,""p75"":-226.0,""p90"":2883.0,""p95"":5501.0,""p99"":7439.36,""max"":8191.0}}","{""n"":0,""ge90"":0,""summary"":{}}",[],[]
121,2,111,Hichiriki,1,"[[""ACC4"",1111]]","[[""Ending 1"",514],[""Intro 1"",427],[""Variation 3"",72],[""Variation 4"",72],[""Fill 2"",8],[""Intro 2"",3],[""Intro 3"",3],[""Fill 1"",3],[""Break"",3],[""Ending 2"",3],[""Ending 3"",3]]","{""cc:11"":8,""cc:7"":8,""cc:0"":8,""cc:32"":8,""pb"":543,""cc:1"":216,""cc:22"":22}","{""1"":{""n"":216,""ge64"":0,""zero"":12,""max"":53}}","{""n"":543,""nonzero"":526,""positive"":1,""negative"":525,""zero"":17,""max_abs"":5598,""summary"":{""min"":-5598.0,""p01"":-5356.0,""p05"":-5065.0,""p10"":-4629.0,""p25"":-3345.0,""p50"":-2036.0,""p75"":-873.0,""p90"":-325.6,""p95"":-29.8,""p99"":0.0,""max"":202.0}}","{""n"":0,""ge90"":0,""summary"":{}}",[],[]
121,5,48,i3 Strings,19,"[[""ACC3"",4506],[""ACC5"",1429],[""ACC4"",1348],[""ACC2"",455]]","[[""Intro 1"",1856],[""Ending 1"",1748],[""Variation 4"",899],[""Ending 2"",598],[""Variation 2"",585],[""Fill 2"",439],[""Ending 3"",375],[""Intro 2"",370],[""Variation 3"",337],[""Fill 1"",257],[""Variation 1"",160],[""Break"",82],[""Intro 3"",32]]","{""cc:11"":136,""cc:7"":137,""cc:0"":136,""cc:32"":126,""cc:22"":182,""cc:1"":46,""pb"":39,""cc:8"":1,""cc:67"":2,""cc:116"":1,""cc:64"":5}","{""1"":{""n"":46,""ge64"":21,""zero"":6,""max"":127},""64"":{""n"":5,""ge64"":0,""zero"":5,""max"":0}}","{""n"":39,""nonzero"":34,""positive"":0,""negative"":34,""zero"":5,""max_abs"":7360,""summary"":{""min"":-7360.0,""p01"":-7311.36,""p05"":-7116.8,""p10"":-6771.2,""p25"":-5216.0,""p50"":-1536.0,""p75"":-192.0,""p90"":0.0,""p95"":0.0,""p99"":0.0,""max"":0.0}}","{""n"":0,""ge90"":0,""summary"":{}}",[],[]
121,7,32,Acous. Bass RX,5,"[[""BASS"",4355]]","[[""Ending 1"",754],[""Variation 4"",728],[""Variation 3"",664],[""Intro 1"",623],[""Variation 2"",534],[""Variation 1"",340],[""Intro 2"",168],[""Fill 2"",150],[""Ending 2"",138],[""Fill 1"",120],[""Ending 3"",76],[""Break"",42],[""Intro 3"",18]]","{""cc:11"":89,""cc:7"":89,""cc:0"":89,""cc:32"":89,""cc:22"":58,""pb"":397}",{},"{""n"":397,""nonzero"":342,""positive"":186,""negative"":156,""zero"":55,""max_abs"":8192,""summary"":{""min"":-8192.0,""p01"":-7813.12,""p05"":-4659.4,""p10"":-1536.0,""p25"":-257.0,""p50"":0.0,""p75"":639.0,""p90"":895.0,""p95"":1279.0,""p99"":1669.08,""max"":1791.0}}","{""n"":0,""ge90"":0,""summary"":{}}",[],[]
121,1,35,Fretless Bass 2,7,"[[""BASS"",6163]]","[[""Variation 4"",1308],[""Variation 3"",1126],[""Ending 1"",973],[""Intro 1"",650],[""Variation 2"",530],[""Variation 1"",378],[""Ending 2"",314],[""Intro 2"",270],[""Ending 3"",201],[""Fill 2"",191],[""Fill 1"",133],[""Break"",64],[""Intro 3"",25]]","{""cc:11"":134,""cc:7"":134,""cc:0"":134,""cc:32"":134,""cc:22"":83,""pb"":180}",{},"{""n"":180,""nonzero"":167,""positive"":81,""negative"":86,""zero"":13,""max_abs"":8192,""summary"":{""min"":-8192.0,""p01"":-8192.0,""p05"":-6833.15,""p10"":-5460.7,""p25"":-2764.75,""p50"":0.0,""p75"":1533.0,""p90"":3843.0,""p95"":4153.0,""p99"":8191.0,""max"":8191.0}}","{""n"":0,""ge90"":0,""summary"":{}}",[],[]
120,0,123,Analog Kit,12,"[[""PERC"",22446],[""DRUM"",7362]]","[[""Ending 1"",6838],[""Intro 1"",5770],[""Variation 4"",3763],[""Variation 3"",2670],[""Variation 2"",2242],[""Ending 2"",2118],[""Variation 1"",2026],[""Intro 2"",1212],[""Ending 3"",898],[""Fill 2"",772],[""Fill 1"",534],[""Break"",534],[""Intro 3"",431]]","{""cc:11"":178,""cc:7"":178,""cc:0"":178,""cc:32"":178,""cc:22"":80}",{},"{""n"":0,""nonzero"":0,""positive"":0,""negative"":0,""zero"":0,""max_abs"":0,""summary"":{}}","{""n"":0,""ge90"":0,""summary"":{}}",[],[]
121,29,27,Real El.Gtr ST2,8,"[[""ACC2"",13011],[""ACC3"",3469],[""ACC4"",1554]]","[[""Ending 1"",4571],[""Intro 1"",4364],[""Variation 4"",2272],[""Variation 3"",2233],[""Variation 2"",1226],[""Ending 2"",825],[""Variation 1"",766],[""Fill 2"",458],[""Intro 2"",369],[""Ending 3"",352],[""Fill 1"",308],[""Break"",245],[""Intro 3"",45]]","{""cc:11"":99,""cc:7"":99,""cc:0"":99,""cc:32"":95,""cc:22"":76,""pb"":249,""cc:64"":45,""cc:8"":4,""cc:67"":4,""cc:100"":2,""cc:103"":2,""cc:6"":2,""cc:66"":2,""cc:115"":1,""cc:127"":1,""cc:110"":1,""cc:121"":1,""cc:30"":1,""cc:19"":1,""cc:97"":1,""cc:69"":1}","{""64"":{""n"":45,""ge64"":21,""zero"":24,""max"":127}}","{""n"":249,""nonzero"":159,""positive"":25,""negative"":134,""zero"":90,""max_abs"":8163,""summary"":{""min"":-8163.0,""p01"":-8091.12,""p05"":-7116.8,""p10"":-5349.0,""p25"":-5349.0,""p50"":-1793.0,""p75"":0.0,""p90"":27.2,""p95"":2883.0,""p99"":5729.0,""max"":6727.0}}","{""n"":0,""ge90"":0,""summary"":{}}",[],[]
121,11,38,Digi Bass 3,3,"[[""BASS"",3301]]","[[""Intro 1"",675],[""Variation 3"",628],[""Variation 4"",469],[""Ending 1"",415],[""Variation 1"",250],[""Variation 2"",206],[""Ending 2"",182],[""Intro 2"",158],[""Fill 1"",115],[""Fill 2"",97],[""Ending 3"",58],[""Break"",39],[""Intro 3"",9]]","{""cc:11"":48,""cc:7"":48,""cc:0"":48,""cc:32"":48,""pb"":530,""cc:22"":51}",{},"{""n"":530,""nonzero"":466,""positive"":175,""negative"":291,""zero"":64,""max_abs"":8191,""summary"":{""min"":-6912.0,""p01"":-6145.0,""p05"":-5773.35,""p10"":-5249.0,""p25"":-3713.0,""p50"":-513.0,""p75"":1508.0,""p90"":6200.0,""p95"":7478.0,""p99"":8191.0,""max"":8191.0}}","{""n"":0,""ge90"":0,""summary"":{}}",[],[]
121,0,110,Fiddle GM,2,"[[""ACC4"",2694],[""ACC3"",302]]","[[""Variation 4"",899],[""Intro 1"",429],[""Variation 3"",424],[""Variation 2"",416],[""Ending 1"",276],[""Ending 2"",230],[""Fill 2"",98],[""Fill 1"",87],[""Ending 3"",79],[""Intro 2"",43],[""Break"",11],[""Intro 3"",4]]","{""cc:11"":23,""cc:7"":23,""cc:0"":23,""cc:32"":23,""pb"":663,""cc:22"":17}",{},"{""n"":663,""nonzero"":618,""positive"":3,""negative"":615,""zero"":45,""max_abs"":8192,""summary"":{""min"":-8192.0,""p01"":-6928.68,""p05"":-5690.2,""p10"":-4974.0,""p25"":-4162.0,""p50"":-2187.0,""p75"":-653.5,""p90"":-64.0,""p95"":0.0,""p99"":0.0,""max"":123.0}}","{""n"":0,""ge90"":0,""summary"":{}}",[],[]
120,0,125,Brush Kit 1,11,"[[""DRUM"",21995],[""PERC"",1168]]","[[""Ending 1"",5059],[""Intro 1"",3352],[""Variation 4"",3225],[""Variation 1"",2782],[""Variation 3"",1955],[""Ending 2"",1847],[""Variation 2"",1462],[""Intro 2"",1062],[""Fill 2"",672],[""Ending 3"",594],[""Fill 1"",524],[""Break"",398],[""Intro 3"",231]]","{""cc:11"":165,""cc:7"":165,""cc:0"":165,""cc:32"":165,""cc:22"":105,""cc:64"":6}","{""64"":{""n"":6,""ge64"":0,""zero"":6,""max"":0}}","{""n"":0,""nonzero"":0,""positive"":0,""negative"":0,""zero"":0,""max_abs"":0,""summary"":{}}","{""n"":0,""ge90"":0,""summary"":{}}",[],[]
120,0,43,Brush Kit RX2,10,"[[""DRUM"",23980],[""PERC"",841]]","[[""Variation 4"",4438],[""Variation 3"",3650],[""Variation 2"",3388],[""Ending 1"",3234],[""Intro 1"",2966],[""Variation 1"",2852],[""Intro 2"",1185],[""Ending 2"",1130],[""Fill 2"",519],[""Ending 3"",465],[""Fill 1"",432],[""Break"",331],[""Intro 3"",231]]","{""cc:11"":170,""cc:7"":170,""cc:0"":170,""cc:32"":170,""cc:22"":81}",{},"{""n"":0,""nonzero"":0,""positive"":0,""negative"":0,""zero"":0,""max_abs"":0,""summary"":{}}","{""n"":0,""ge90"":0,""summary"":{}}",[],[]
121,1,32,Ac. Bass Buzz,3,"[[""BASS"",3556]]","[[""Variation 4"",782],[""Variation 2"",670],[""Variation 3"",428],[""Intro 1"",405],[""Ending 1"",364],[""Variation 1"",270],[""Break"",172],[""Fill 2"",142],[""Intro 2"",92],[""Fill 1"",88],[""Ending 2"",85],[""Ending 3"",46],[""Intro 3"",12]]","{""cc:11"":66,""cc:7"":66,""cc:0"":66,""cc:32"":66,""cc:22"":80,""pb"":406}",{},"{""n"":406,""nonzero"":391,""positive"":333,""negative"":58,""zero"":15,""max_abs"":8191,""summary"":{""min"":-4096.0,""p01"":-3723.45,""p05"":-2880.25,""p10"":-1661.0,""p25"":384.0,""p50"":2688.0,""p75"":4992.0,""p90"":7167.0,""p95"":7839.0,""p99"":8191.0,""max"":8191.0}}","{""n"":0,""ge90"":0,""summary"":{}}",[],[]
121,16,27,Stra. Vel. Pro,6,"[[""ACC3"",14922],[""ACC2"",5128],[""ACC4"",35]]","[[""Variation 4"",4700],[""Variation 1"",4416],[""Ending 1"",3826],[""Variation 3"",1913],[""Variation 2"",1336],[""Intro 2"",827],[""Ending 3"",807],[""Fill 2"",740],[""Intro 1"",568],[""Ending 2"",493],[""Fill 1"",365],[""Break"",82],[""Intro 3"",12]]","{""cc:11"":53,""cc:7"":53,""cc:0"":53,""cc:32"":43,""cc:22"":84,""pb"":48,""cc:1"":406}","{""1"":{""n"":406,""ge64"":46,""zero"":62,""max"":126}}","{""n"":48,""nonzero"":44,""positive"":0,""negative"":44,""zero"":4,""max_abs"":8065,""summary"":{""min"":-8065.0,""p01"":-8065.0,""p05"":-7680.0,""p10"":-7424.0,""p25"":-5728.25,""p50"":-3073.0,""p75"":-1152.75,""p90"":-256.0,""p95"":0.0,""p99"":0.0,""max"":0.0}}","{""n"":0,""ge90"":0,""summary"":{}}",[],[]
120,0,41,Brush Kit 2,10,"[[""DRUM"",20473],[""PERC"",2790]]","[[""Ending 1"",4518],[""Intro 1"",4028],[""Variation 3"",3126],[""Variation 4"",3003],[""Variation 2"",2266],[""Variation 1"",1646],[""Ending 2"",1320],[""Intro 2"",1146],[""Fill 2"",611],[""Ending 3"",531],[""Fill 1"",469],[""Break"",314],[""Intro 3"",285]]","{""cc:11"":153,""cc:7"":153,""cc:0"":153,""cc:32"":153,""cc:22"":99}",{},"{""n"":0,""nonzero"":0,""positive"":0,""negative"":0,""zero"":0,""max_abs"":0,""summary"":{}}","{""n"":0,""ge90"":0,""summary"":{}}",[],[]
121,0,8,Celesta GM,3,"[[""ACC5"",1070],[""ACC4"",799]]","[[""Intro 1"",872],[""Ending 1"",300],[""Variation 2"",116],[""Variation 4"",108],[""Ending 2"",102],[""Ending 3"",82],[""Variation 3"",77],[""Variation 1"",68],[""Intro 2"",57],[""Fill 1"",40],[""Fill 2"",35],[""Intro 3"",6],[""Break"",6]]","{""cc:11"":34,""cc:7"":34,""cc:0"":34,""cc:32"":34,""pb"":233,""cc:22"":27,""cc:1"":297}","{""1"":{""n"":297,""ge64"":150,""zero"":11,""max"":127}}","{""n"":233,""nonzero"":221,""positive"":0,""negative"":221,""zero"":12,""max_abs"":8192,""summary"":{""min"":-8192.0,""p01"":-8192.0,""p05"":-7860.2,""p10"":-7526.6,""p25"":-6144.0,""p50"":-4096.0,""p75"":-1792.0,""p90"":-384.0,""p95"":-76.8,""p99"":0.0,""max"":0.0}}","{""n"":0,""ge90"":0,""summary"":{}}",[],[]
121,20,25,Steel Guitar 3,7,"[[""ACC1"",4321],[""ACC3"",2657],[""ACC2"",1578]]","[[""Variation 2"",1628],[""Variation 3"",1417],[""Ending 1"",1404],[""Variation 1"",964],[""Intro 1"",821],[""Variation 4"",656],[""Ending 2"",506],[""Intro 2"",456],[""Ending 3"",272],[""Fill 2"",180],[""Fill 1"",138],[""Break"",98],[""Intro 3"",16]]","{""cc:11"":89,""cc:7"":89,""cc:0"":89,""cc:32"":81,""cc:22"":74,""cc:64"":245,""cc:8"":4,""cc:67"":4,""cc:100"":3,""cc:103"":2,""cc:6"":2,""cc:66"":2,""cc:115"":1,""cc:110"":1,""cc:121"":1,""cc:20"":1,""cc:19"":1,""cc:101"":1}","{""64"":{""n"":245,""ge64"":122,""zero"":123,""max"":127}}","{""n"":0,""nonzero"":0,""positive"":0,""negative"":0,""zero"":0,""max_abs"":0,""summary"":{}}","{""n"":0,""ge90"":0,""summary"":{}}",[],[]
120,0,30,House Kit RX1,10,"[[""DRUM"",21950],[""PERC"",9304]]","[[""Ending 1"",6442],[""Intro 1"",5629],[""Variation 4"",5395],[""Variation 3"",3890],[""Variation 2"",2264],[""Ending 2"",1801],[""Variation 1"",1668],[""Ending 3"",1026],[""Intro 2"",942],[""Fill 2"",909],[""Fill 1"",645],[""Intro 3"",324],[""Break"",319]]","{""cc:11"":147,""cc:7"":147,""cc:0"":147,""cc:32"":147,""cc:22"":93}",{},"{""n"":0,""nonzero"":0,""positive"":0,""negative"":0,""zero"":0,""max_abs"":0,""summary"":{}}","{""n"":0,""ge90"":0,""summary"":{}}",[],[]
121,16,25,Steel Guitar RX2,11,"[[""ACC2"",20074],[""ACC3"",5036],[""ACC1"",3425],[""ACC4"",230]]","[[""Ending 1"",5995],[""Variation 4"",5460],[""Variation 3"",3808],[""Intro 1"",3439],[""Variation 2"",3316],[""Ending 2"",2005],[""Variation 1"",1408],[""Intro 2"",810],[""Ending 3"",801],[""Fill 2"",719],[""Fill 1"",625],[""Break"",293],[""Intro 3"",86]]","{""cc:11"":130,""cc:7"":130,""cc:0"":130,""cc:32"":130,""cc:22"":96,""pb"":39,""cc:1"":2}","{""1"":{""n"":2,""ge64"":0,""zero"":1,""max"":19}}","{""n"":39,""nonzero"":34,""positive"":24,""negative"":10,""zero"":5,""max_abs"":8191,""summary"":{""min"":-8090.0,""p01"":-7892.4,""p05"":-7371.1,""p10"":-5879.2,""p25"":-30.0,""p50"":2390.0,""p75"":4874.5,""p90"":6244.4,""p95"":7545.6,""p99"":8088.02,""max"":8191.0}}","{""n"":0,""ge90"":0,""summary"":{}}",[],[]
121,3,26,Club Jazz Gtr 2,3,"[[""ACC1"",2088],[""ACC5"",68]]","[[""Ending 1"",694],[""Intro 1"",431],[""Variation 4"",180],[""Variation 3"",174],[""Variation 2"",158],[""Intro 2"",136],[""Variation 1"",88],[""Fill 2"",87],[""Ending 3"",76],[""Ending 2"",58],[""Fill 1"",47],[""Break"",22],[""Intro 3"",5]]","{""cc:11"":30,""cc:7"":30,""cc:0"":30,""cc:32"":25,""pb"":318,""cc:1"":200,""cc:22"":17}","{""1"":{""n"":200,""ge64"":74,""zero"":16,""max"":127}}","{""n"":318,""nonzero"":291,""positive"":139,""negative"":152,""zero"":27,""max_abs"":6911,""summary"":{""min"":-4864.0,""p01"":-4608.0,""p05"":-3841.0,""p10"":-3456.0,""p25"":-1984.25,""p50"":0.0,""p75"":2143.75,""p90"":4134.4,""p95"":5267.2,""p99"":6505.41,""max"":6911.0}}","{""n"":0,""ge90"":0,""summary"":{}}",[],[]
121,7,48,Arco Strings,12,"[[""ACC5"",3760],[""ACC3"",2475],[""ACC1"",1751],[""ACC2"",407],[""ACC4"",124]]","[[""Intro 1"",1762],[""Variation 4"",1310],[""Ending 1"",1174],[""Variation 3"",884],[""Variation 2"",702],[""Ending 2"",694],[""Variation 1"",608],[""Intro 2"",557],[""Ending 3"",300],[""Fill 2"",257],[""Fill 1"",187],[""Break"",61],[""Intro 3"",21]]","{""cc:11"":106,""cc:7"":106,""cc:0"":106,""cc:32"":94,""cc:22"":92,""pb"":136,""cc:64"":5}","{""64"":{""n"":5,""ge64"":2,""zero"":3,""max"":127}}","{""n"":136,""nonzero"":125,""positive"":6,""negative"":119,""zero"":11,""max_abs"":8192,""summary"":{""min"":-8192.0,""p01"":-8192.0,""p05"":-7936.0,""p10"":-7808.0,""p25"":-6784.0,""p50"":-4608.0,""p75"":-1792.0,""p90"":0.0,""p95"":0.0,""p99"":74.0,""max"":74.0}}","{""n"":0,""ge90"":0,""summary"":{}}",[],[]
121,21,27,Solid Guitar,7,"[[""ACC2"",5763],[""ACC3"",3089]]","[[""Variation 4"",2123],[""Ending 1"",1960],[""Intro 1"",1373],[""Variation 3"",951],[""Variation 2"",732],[""Ending 2"",466],[""Variation 1"",320],[""Fill 2"",238],[""Intro 2"",233],[""Ending 3"",219],[""Fill 1"",147],[""Break"",75],[""Intro 3"",15]]","{""cc:11"":85,""cc:7"":85,""cc:0"":85,""cc:32"":83,""cc:22"":83,""pb"":10,""cc:64"":209}","{""64"":{""n"":209,""ge64"":104,""zero"":105,""max"":127}}","{""n"":10,""nonzero"":9,""positive"":0,""negative"":9,""zero"":1,""max_abs"":3232,""summary"":{""min"":-3232.0,""p01"":-3213.28,""p05"":-3138.4,""p10"":-3044.8,""p25"":-2472.0,""p50"":-1144.0,""p75"":-608.0,""p90"":-288.0,""p95"":-144.0,""p99"":-28.8,""max"":0.0}}","{""n"":0,""ge90"":0,""summary"":{}}",[],[]
121,6,80,Sine Wave,1,"[[""ACC3"",2251]]","[[""Variation 1"",1042],[""Ending 1"",804],[""Intro 1"",305],[""Fill 2"",35],[""Fill 1"",33],[""Ending 3"",16],[""Break"",15],[""Intro 3"",1]]","{""cc:11"":8,""cc:7"":8,""cc:0"":8,""cc:32"":8,""cc:22"":6,""pb"":413,""cc:1"":173,""cc:8"":2,""cc:67"":2,""cc:100"":1,""cc:103"":1,""cc:5"":1,""cc:66"":1,""cc:110"":3,""cc:121"":1,""cc:6"":1,""cc:19"":1,""cc:87"":1,""cc:101"":1}","{""1"":{""n"":173,""ge64"":96,""zero"":16,""max"":127}}","{""n"":413,""nonzero"":387,""positive"":23,""negative"":364,""zero"":26,""max_abs"":8192,""summary"":{""min"":-8192.0,""p01"":-8192.0,""p05"":-8159.0,""p10"":-7879.0,""p25"":-6503.0,""p50"":-4064.0,""p75"":-1238.0,""p90"":0.0,""p95"":136.0,""p99"":4311.0,""max"":5348.0}}","{""n"":0,""ge90"":0,""summary"":{}}",[],[]
121,6,89,Dark Pad,15,"[[""ACC4"",1591],[""ACC5"",1317],[""ACC3"",594],[""ACC1"",143]]","[[""Intro 1"",1209],[""Ending 1"",1122],[""Ending 2"",269],[""Ending 3"",187],[""Fill 2"",171],[""Variation 4"",155],[""Variation 2"",108],[""Intro 2"",105],[""Variation 3"",103],[""Fill 1"",66],[""Variation 1"",62],[""Break"",62],[""Intro 3"",26]]","{""cc:11"":108,""cc:7"":108,""cc:0"":108,""cc:32"":106,""cc:22"":142,""pb"":29,""cc:1"":38}","{""1"":{""n"":38,""ge64"":20,""zero"":3,""max"":127}}","{""n"":29,""nonzero"":27,""positive"":27,""negative"":0,""zero"":2,""max_abs"":8191,""summary"":{""min"":0.0,""p01"":0.0,""p05"":50.8,""p10"":230.2,""p25"":640.0,""p50"":2816.0,""p75"":3840.0,""p90"":5862.2,""p95"":6962.2,""p99"":7975.96,""max"":8191.0}}","{""n"":0,""ge90"":0,""summary"":{}}",[],[]
120,0,67,i30 Perc. Kit,8,"[[""PERC"",8884]]","[[""Variation 4"",3086],[""Variation 3"",1396],[""Variation 2"",1162],[""Variation 1"",772],[""Ending 2"",601],[""Intro 1"",452],[""Intro 2"",395],[""Ending 1"",371],[""Ending 3"",211],[""Fill 2"",204],[""Fill 1"",138],[""Break"",64],[""Intro 3"",32]]","{""cc:11"":122,""cc:7"":122,""cc:0"":122,""cc:32"":122,""cc:22"":144}",{},"{""n"":0,""nonzero"":0,""positive"":0,""negative"":0,""zero"":0,""max_abs"":0,""summary"":{}}","{""n"":0,""ge90"":0,""summary"":{}}",[],[]
121,2,40,Violin Expr. 1,3,"[[""ACC5"",2901],[""ACC3"",546]]","[[""Variation 4"",1309],[""Ending 1"",871],[""Intro 2"",623],[""Fill 2"",190],[""Intro 1"",143],[""Ending 2"",98],[""Variation 3"",82],[""Variation 2"",59],[""Break"",31],[""Fill 1"",21],[""Ending 3"",14],[""Intro 3"",6]]","{""pb"":415,""cc:22"":28,""cc:11"":26,""cc:7"":26,""cc:0"":26,""cc:32"":26,""cc:1"":84}","{""1"":{""n"":84,""ge64"":5,""zero"":11,""max"":76}}","{""n"":415,""nonzero"":382,""positive"":22,""negative"":360,""zero"":33,""max_abs"":8192,""summary"":{""min"":-8192.0,""p01"":-8090.6,""p05"":-4902.4,""p10"":-4027.2,""p25"":-3226.5,""p50"":-1972.0,""p75"":-514.0,""p90"":0.0,""p95"":136.0,""p99"":5348.0,""max"":6264.0}}","{""n"":0,""ge90"":0,""summary"":{}}",[],[]
121,13,27,Clean Gtr Pro1,8,"[[""ACC3"",6882],[""ACC2"",3973],[""ACC1"",2790]]","[[""Variation 4"",4793],[""Intro 1"",1968],[""Variation 2"",1715],[""Ending 1"",1712],[""Variation 3"",1545],[""Variation 1"",512],[""Ending 2"",485],[""Fill 1"",369],[""Ending 3"",205],[""Intro 2"",149],[""Fill 2"",100],[""Break"",76],[""Intro 3"",16]]","{""cc:11"":74,""cc:7"":75,""cc:0"":74,""cc:32"":71,""cc:22"":110,""pb"":2,""cc:1"":149,""cc:8"":7,""cc:67"":8,""cc:116"":1,""cc:100"":4,""cc:103"":3,""cc:6"":2,""cc:66"":3,""cc:115"":1,""cc:110"":2,""cc:121"":2,""cc:13"":2,""cc:19"":2,""cc:101"":2,""cc:64"":23,""cc:5"":1,""cc:104"":1}","{""1"":{""n"":149,""ge64"":93,""zero"":13,""max"":127},""64"":{""n"":23,""ge64"":0,""zero"":23,""max"":0}}","{""n"":2,""nonzero"":1,""positive"":1,""negative"":0,""zero"":1,""max_abs"":8064,""summary"":{""min"":0.0,""p01"":80.64,""p05"":403.2,""p10"":806.4,""p25"":2016.0,""p50"":4032.0,""p75"":6048.0,""p90"":7257.6,""p95"":7660.8,""p99"":7983.36,""max"":8064.0}}","{""n"":0,""ge90"":0,""summary"":{}}",[],[]
121,19,4,Tine E.Piano,11,"[[""ACC1"",5816],[""ACC2"",832]]","[[""Variation 3"",1155],[""Intro 1"",1145],[""Variation 4"",1083],[""Ending 1"",953],[""Variation 1"",570],[""Variation 2"",561],[""Ending 2"",341],[""Fill 1"",230],[""Intro 2"",186],[""Fill 2"",171],[""Ending 3"",122],[""Break"",116],[""Intro 3"",15]]","{""cc:11"":108,""cc:7"":108,""cc:0"":108,""cc:32"":90,""cc:64"":76,""cc:22"":80,""cc:1"":46}","{""1"":{""n"":46,""ge64"":22,""zero"":1,""max"":127},""64"":{""n"":76,""ge64"":39,""zero"":37,""max"":127}}","{""n"":0,""nonzero"":0,""positive"":0,""negative"":0,""zero"":0,""max_abs"":0,""summary"":{}}","{""n"":0,""ge90"":0,""summary"":{}}",[],[]
121,14,25,Steel Slide Pro2,6,"[[""ACC2"",19626],[""ACC3"",8078]]","[[""Variation 4"",6368],[""Variation 3"",5760],[""Variation 2"",2692],[""Intro 1"",2631],[""Variation 1"",2382],[""Ending 1"",2175],[""Intro 2"",2048],[""Ending 2"",1227],[""Fill 2"",911],[""Fill 1"",682],[""Ending 3"",655],[""Break"",154],[""Intro 3"",19]]","{""cc:11"":127,""cc:7"":127,""cc:0"":127,""cc:32"":127,""cc:22"":90}",{},"{""n"":0,""nonzero"":0,""positive"":0,""negative"":0,""zero"":0,""max_abs"":0,""summary"":{}}","{""n"":0,""ge90"":0,""summary"":{}}",[],[]
121,28,61,Tight Brass Pro,7,"[[""ACC5"",3174],[""ACC3"",1621],[""PERC"",648],[""ACC4"",501]]","[[""Variation 4"",1645],[""Ending 1"",1328],[""Intro 1"",1144],[""Variation 3"",363],[""Variation 2"",289],[""Ending 2"",228],[""Ending 3"",203],[""Intro 2"",188],[""Fill 2"",174],[""Variation 1"",144],[""Break"",110],[""Fill 1"",106],[""Intro 3"",22]]","{""cc:22"":150,""cc:11"":68,""cc:7"":68,""cc:0"":68,""cc:32"":64,""pb"":50,""cc:1"":128}","{""1"":{""n"":128,""ge64"":0,""zero"":17,""max"":61}}","{""n"":50,""nonzero"":46,""positive"":0,""negative"":46,""zero"":4,""max_abs"":5488,""summary"":{""min"":-5488.0,""p01"":-5446.84,""p05"":-4814.15,""p10"":-4372.8,""p25"":-2657.0,""p50"":-1536.5,""p75"":-544.75,""p90"":-128.9,""p95"":0.0,""p99"":0.0,""max"":0.0}}","{""n"":0,""ge90"":0,""summary"":{}}",[],[]
121,13,28,Funk Stein RX2,9,"[[""ACC3"",5756],[""ACC2"",4507],[""ACC1"",2507],[""ACC4"",322]]","[[""Variation 4"",3631],[""Ending 1"",1953],[""Variation 3"",1876],[""Intro 1"",1445],[""Ending 2"",962],[""Variation 2"",702],[""Variation 1"",602],[""Intro 2"",591],[""Fill 2"",456],[""Ending 3"",408],[""Fill 1"",309],[""Break"",115],[""Intro 3"",42]]","{""cc:11"":122,""cc:7"":122,""cc:0"":122,""cc:32"":118,""cc:22"":96,""pb"":14}",{},"{""n"":14,""nonzero"":8,""positive"":2,""negative"":6,""zero"":6,""max_abs"":8192,""summary"":{""min"":-8192.0,""p01"":-8192.0,""p05"":-8192.0,""p10"":-5765.3,""p25"":-77.5,""p50"":0.0,""p75"":0.0,""p90"":2867.2,""p95"":5484.8,""p99"":7548.16,""max"":8064.0}}","{""n"":0,""ge90"":0,""summary"":{}}",[],[]
120,0,48,Orchestra Kit GM,7,"[[""DRUM"",11797],[""PERC"",3085]]","[[""Intro 1"",3094],[""Ending 1"",2662],[""Variation 4"",2085],[""Variation 3"",1634],[""Ending 2"",1225],[""Variation 2"",1210],[""Intro 2"",679],[""Variation 1"",588],[""Fill 2"",466],[""Fill 1"",375],[""Break"",375],[""Ending 3"",332],[""Intro 3"",157]]","{""cc:11"":131,""cc:7"":131,""cc:0"":128,""cc:32"":128,""cc:22"":64,""pb"":12}",{},"{""n"":12,""nonzero"":10,""positive"":10,""negative"":0,""zero"":2,""max_abs"":8190,""summary"":{""min"":0.0,""p01"":0.0,""p05"":0.0,""p10"":13.0,""p25"":130.0,""p50"":3380.0,""p75"":7410.0,""p90"":8112.0,""p95"":8190.0,""p99"":8190.0,""max"":8190.0}}","{""n"":0,""ge90"":0,""summary"":{}}",[],[]
121,7,27,New Stra.Guitar,7,"[[""ACC2"",4518],[""ACC3"",3654],[""ACC4"",273]]","[[""Variation 3"",2418],[""Variation 4"",1790],[""Variation 2"",1596],[""Ending 1"",897],[""Intro 1"",644],[""Fill 2"",239],[""Ending 2"",230],[""Fill 1"",202],[""Intro 2"",119],[""Ending 3"",115],[""Variation 1"",112],[""Break"",70],[""Intro 3"",13]]","{""cc:11"":76,""cc:7"":76,""cc:0"":76,""cc:32"":68,""cc:22"":71,""pb"":208}",{},"{""n"":208,""nonzero"":198,""positive"":198,""negative"":0,""zero"":10,""max_abs"":8191,""summary"":{""min"":0.0,""p01"":0.0,""p05"":170.0,""p10"":383.0,""p25"":1247.25,""p50"":3328.0,""p75"":5470.75,""p90"":7167.0,""p95"":7551.0,""p99"":8191.0,""max"":8191.0}}","{""n"":0,""ge90"":0,""summary"":{}}",[],[]
121,7,4,Studio EP,8,"[[""ACC4"",2484],[""ACC1"",2005],[""ACC3"",940]]","[[""Intro 1"",1504],[""Ending 1"",1350],[""Variation 4"",584],[""Variation 3"",565],[""Variation 1"",336],[""Variation 2"",299],[""Ending 2"",237],[""Intro 2"",131],[""Ending 3"",129],[""Fill 2"",124],[""Break"",84],[""Fill 1"",74],[""Intro 3"",12]]","{""cc:1"":33,""cc:11"":68,""cc:7"":69,""cc:0"":68,""pb"":7,""cc:32"":64,""cc:22"":49,""cc:64"":155,""cc:8"":6,""cc:67"":6,""cc:100"":4,""cc:103"":3,""cc:6"":3,""cc:66"":3,""cc:115"":1,""cc:110"":1,""cc:121"":1,""cc:19"":1,""cc:117"":1,""cc:111"":1,""cc:80"":1}","{""1"":{""n"":33,""ge64"":14,""zero"":3,""max"":127},""64"":{""n"":155,""ge64"":78,""zero"":77,""max"":127},""80"":{""n"":1,""ge64"":0,""zero"":0,""max"":32}}","{""n"":7,""nonzero"":6,""positive"":6,""negative"":0,""zero"":1,""max_abs"":6619,""summary"":{""min"":0.0,""p01"":64.08,""p05"":320.4,""p10"":640.8,""p25"":2408.5,""p50"":3812.0,""p75"":5813.0,""p90"":6292.6,""p95"":6455.8,""p99"":6586.36,""max"":6619.0}}","{""n"":0,""ge90"":0,""summary"":{}}",[],[]
121,9,24,Brazilian Guitar,6,"[[""ACC2"",10363],[""ACC4"",3669]]","[[""Variation 4"",2954],[""Variation 3"",2480],[""Variation 2"",2163],[""Variation 1"",1888],[""Intro 1"",1628],[""Ending 1"",1278],[""Ending 2"",500],[""Fill 1"",279],[""Fill 2"",271],[""Ending 3"",265],[""Intro 2"",230],[""Break"",79],[""Intro 3"",17]]","{""cc:11"":90,""cc:7"":90,""cc:0"":90,""cc:32"":89,""pb"":86,""cc:22"":95}",{},"{""n"":86,""nonzero"":76,""positive"":34,""negative"":42,""zero"":10,""max_abs"":8192,""summary"":{""min"":-8192.0,""p01"":-8192.0,""p05"":-8021.0,""p10"":-6116.0,""p25"":-3349.5,""p50"":0.0,""p75"":3805.25,""p90"":6432.0,""p95"":7791.0,""p99"":8011.0,""max"":8011.0}}","{""n"":0,""ge90"":0,""summary"":{}}",[],[]
121,5,71,Clarinet Ens.,3,"[[""ACC3"",919],[""ACC4"",372],[""ACC1"",115]]","[[""Ending 2"",435],[""Intro 1"",268],[""Intro 2"",201],[""Ending 1"",155],[""Fill 1"",152],[""Break"",107],[""Variation 4"",24],[""Fill 2"",23],[""Variation 3"",20],[""Ending 3"",15],[""Intro 3"",6]]","{""cc:22"":20,""cc:11"":23,""cc:7"":23,""cc:0"":23,""cc:32"":21,""pb"":30,""cc:1"":378,""cc:8"":4,""cc:67"":4,""cc:100"":2,""cc:103"":2,""cc:6"":2,""cc:66"":2}","{""1"":{""n"":378,""ge64"":84,""zero"":11,""max"":127}}","{""n"":30,""nonzero"":26,""positive"":0,""negative"":26,""zero"":4,""max_abs"":4864,""summary"":{""min"":-4864.0,""p01"":-4789.76,""p05"":-4435.2,""p10"":-3763.2,""p25"":-2720.0,""p50"":-1536.0,""p75"":-704.0,""p90"":0.0,""p95"":0.0,""p99"":0.0,""max"":0.0}}","{""n"":0,""ge90"":0,""summary"":{}}",[],[]
121,9,61,Trumpet Ens.,3,"[[""ACC5"",1474],[""ACC3"",1101]]","[[""Intro 1"",763],[""Ending 1"",497],[""Variation 4"",466],[""Variation 3"",300],[""Variation 2"",200],[""Intro 2"",100],[""Ending 2"",77],[""Fill 1"",71],[""Ending 3"",45],[""Fill 2"",44],[""Intro 3"",6],[""Break"",6]]","{""cc:11"":31,""cc:7"":31,""cc:0"":31,""cc:22"":35,""cc:32"":29,""cc:1"":247,""pb"":125}","{""1"":{""n"":247,""ge64"":68,""zero"":22,""max"":102}}","{""n"":125,""nonzero"":105,""positive"":0,""negative"":105,""zero"":20,""max_abs"":6720,""summary"":{""min"":-6720.0,""p01"":-6643.2,""p05"":-5333.0,""p10"":-4800.0,""p25"":-3968.0,""p50"":-2549.0,""p75"":-1019.0,""p90"":0.0,""p95"":0.0,""p99"":0.0,""max"":0.0}}","{""n"":0,""ge90"":0,""summary"":{}}",[],[]
121,1,58,Oberkr. Tuba,5,"[[""BASS"",2984]]","[[""Intro 1"",414],[""Ending 1"",406],[""Variation 4"",390],[""Variation 3"",380],[""Variation 2"",304],[""Intro 2"",245],[""Variation 1"",212],[""Fill 1"",159],[""Fill 2"",137],[""Ending 2"",117],[""Break"",85],[""Ending 3"",85],[""Intro 3"",50]]","{""cc:11"":107,""cc:7"":107,""cc:0"":107,""cc:32"":107,""cc:22"":76,""pb"":24}",{},"{""n"":24,""nonzero"":12,""positive"":12,""negative"":0,""zero"":12,""max_abs"":8128,""summary"":{""min"":0.0,""p01"":0.0,""p05"":0.0,""p10"":0.0,""p25"":0.0,""p50"":4032.0,""p75"":8064.0,""p90"":8064.0,""p95"":8118.4,""p99"":8128.0,""max"":8128.0}}","{""n"":0,""ge90"":0,""summary"":{}}",[],[]
121,0,34,Picked E.Bass GM,4,"[[""BASS"",4333]]","[[""Variation 4"",904],[""Variation 3"",838],[""Ending 1"",823],[""Variation 2"",686],[""Variation 1"",290],[""Intro 1"",260],[""Intro 2"",192],[""Fill 1"",102],[""Fill 2"",102],[""Ending 3"",60],[""Break"",32],[""Ending 2"",32],[""Intro 3"",12]]","{""cc:11"":65,""cc:7"":65,""cc:0"":65,""cc:32"":65,""cc:22"":63,""pb"":204}",{},"{""n"":204,""nonzero"":181,""positive"":44,""negative"":137,""zero"":23,""max_abs"":8192,""summary"":{""min"":-8192.0,""p01"":-8192.0,""p05"":-8192.0,""p10"":-8092.0,""p25"":-6912.0,""p50"":-3840.0,""p75"":0.0,""p90"":2515.0,""p95"":5348.0,""p99"":6643.0,""max"":6643.0}}","{""n"":0,""ge90"":0,""summary"":{}}",[],[]
121,15,56,Trumpet Expr.1,3,"[[""ACC4"",1190],[""ACC3"",504]]","[[""Ending 1"",479],[""Intro 1"",465],[""Variation 4"",296],[""Variation 2"",117],[""Variation 3"",117],[""Variation 1"",64],[""Fill 2"",50],[""Ending 2"",43],[""Intro 2"",16],[""Ending 3"",16],[""Break"",14],[""Fill 1"",12],[""Intro 3"",5]]","{""cc:11"":32,""cc:7"":32,""cc:0"":32,""cc:32"":29,""cc:1"":232,""pb"":141,""cc:22"":28}","{""1"":{""n"":232,""ge64"":120,""zero"":16,""max"":119}}","{""n"":141,""nonzero"":117,""positive"":0,""negative"":117,""zero"":24,""max_abs"":4480,""summary"":{""min"":-4480.0,""p01"":-4480.0,""p05"":-4224.0,""p10"":-3328.0,""p25"":-2176.0,""p50"":-1472.0,""p75"":-384.0,""p90"":0.0,""p95"":0.0,""p99"":0.0,""max"":0.0}}","{""n"":0,""ge90"":0,""summary"":{}}",[],[]
121,6,57,Trombone Expr. 1,3,"[[""ACC4"",1073],[""ACC3"",1013],[""ACC1"",78]]","[[""Intro 1"",947],[""Variation 4"",496],[""Variation 2"",312],[""Intro 2"",172],[""Fill 1"",74],[""Fill 2"",67],[""Ending 3"",39],[""Break"",18],[""Ending 2"",18],[""Ending 1"",11],[""Variation 3"",6],[""Intro 3"",4]]","{""cc:11"":18,""cc:7"":18,""cc:0"":18,""pb"":437,""cc:32"":7,""cc:22"":24}",{},"{""n"":437,""nonzero"":401,""positive"":0,""negative"":401,""zero"":36,""max_abs"":7169,""summary"":{""min"":-7169.0,""p01"":-5761.0,""p05"":-4403.2,""p10"":-3841.0,""p25"":-2731.0,""p50"":-1674.0,""p75"":-639.0,""p90"":-14.2,""p95"":0.0,""p99"":0.0,""max"":0.0}}","{""n"":0,""ge90"":0,""summary"":{}}",[],[]
121,25,25,Pop SteelGtr RX2,3,"[[""ACC2"",8649]]","[[""Variation 4"",1545],[""Ending 1"",1162],[""Variation 3"",1159],[""Variation 2"",1156],[""Intro 1"",1142],[""Variation 1"",766],[""Intro 2"",505],[""Ending 2"",486],[""Fill 2"",276],[""Ending 3"",184],[""Fill 1"",180],[""Break"",81],[""Intro 3"",7]]","{""cc:11"":49,""cc:7"":49,""cc:0"":49,""cc:32"":49,""cc:22"":30,""pb"":291}",{},"{""n"":291,""nonzero"":250,""positive"":249,""negative"":1,""zero"":41,""max_abs"":8064,""summary"":{""min"":-128.0,""p01"":0.0,""p05"":0.0,""p10"":0.0,""p25"":255.0,""p50"":383.0,""p75"":447.5,""p90"":512.0,""p95"":639.0,""p99"":4096.0,""max"":8064.0}}","{""n"":0,""ge90"":0,""summary"":{}}",[],[]
121,2,64,Soprano Pro,1,"[[""ACC5"",608]]","[[""Ending 1"",306],[""Intro 1"",289],[""Intro 2"",2],[""Intro 3"",2],[""Fill 1"",2],[""Fill 2"",2],[""Break"",2],[""Ending 3"",2],[""Ending 2"",1]]","{""pb"":262,""cc:1"":224,""cc:22"":14,""cc:11"":2,""cc:7"":2,""cc:0"":2,""cc:32"":2,""cc:8"":2,""cc:67"":2,""cc:100"":1,""cc:103"":1,""cc:6"":1,""cc:66"":1}","{""1"":{""n"":224,""ge64"":116,""zero"":8,""max"":127}}","{""n"":262,""nonzero"":250,""positive"":0,""negative"":250,""zero"":12,""max_abs"":8192,""summary"":{""min"":-8192.0,""p01"":-8192.0,""p05"":-7680.0,""p10"":-6785.0,""p25"":-4704.75,""p50"":-2816.0,""p75"":-1438.0,""p90"":-417.0,""p95"":-128.05,""p99"":0.0,""max"":0.0}}","{""n"":0,""ge90"":0,""summary"":{}}",[],[]
121,4,52,Take Voices 1,2,"[[""ACC5"",1452]]","[[""Ending 1"",424],[""Intro 1"",282],[""Variation 4"",278],[""Ending 2"",180],[""Ending 3"",88],[""Intro 2"",82],[""Fill 2"",60],[""Fill 1"",18],[""Variation 2"",16],[""Variation 3"",16],[""Intro 3"",4],[""Break"",4]]","{""cc:11"":25,""cc:7"":25,""cc:0"":25,""cc:32"":25,""cc:22"":14,""pb"":122,""cc:1"":276}","{""1"":{""n"":276,""ge64"":102,""zero"":12,""max"":125}}","{""n"":122,""nonzero"":106,""positive"":106,""negative"":0,""zero"":16,""max_abs"":235,""summary"":{""min"":0.0,""p01"":0.0,""p05"":0.0,""p10"":0.0,""p25"":157.0,""p50"":157.0,""p75"":235.0,""p90"":235.0,""p95"":235.0,""p99"":235.0,""max"":235.0}}","{""n"":0,""ge90"":0,""summary"":{}}",[],[]
121,17,24,Real Nylon Gtr,7,"[[""ACC3"",8240],[""ACC2"",7365],[""ACC4"",2629]]","[[""Variation 4"",3088],[""Ending 1"",3064],[""Variation 3"",2852],[""Intro 1"",2099],[""Variation 2"",1904],[""Variation 1"",1822],[""Ending 2"",1445],[""Intro 2"",663],[""Fill 1"",352],[""Ending 3"",323],[""Fill 2"",304],[""Break"",200],[""Intro 3"",118]]","{""cc:11"":107,""cc:7"":107,""cc:0"":107,""cc:32"":105,""cc:64"":5,""cc:22"":61,""cc:8"":2,""cc:67"":2,""cc:100"":1,""cc:103"":1,""cc:6"":1,""cc:66"":1,""cc:115"":1,""cc:72"":1,""cc:110"":1,""cc:121"":1,""cc:17"":1,""cc:19"":1,""cc:97"":1,""cc:78"":1,""cc:111"":1,""cc:71"":1}","{""64"":{""n"":5,""ge64"":1,""zero"":4,""max"":127}}","{""n"":0,""nonzero"":0,""positive"":0,""negative"":0,""zero"":0,""max_abs"":0,""summary"":{}}","{""n"":0,""ge90"":0,""summary"":{}}",[],[]
121,1,66,Tenor Sax Noise1,5,"[[""ACC1"",5516],[""ACC4"",1004]]","[[""Ending 1"",1697],[""Intro 1"",902],[""Variation 4"",779],[""Variation 1"",614],[""Variation 3"",568],[""Variation 2"",550],[""Ending 2"",482],[""Ending 3"",268],[""Intro 2"",249],[""Fill 2"",239],[""Fill 1"",134],[""Break"",30],[""Intro 3"",8]]","{""cc:11"":42,""cc:7"":42,""cc:0"":42,""cc:32"":42,""cc:22"":47,""pb"":37,""cc:1"":256}","{""1"":{""n"":256,""ge64"":0,""zero"":29,""max"":36}}","{""n"":37,""nonzero"":20,""positive"":1,""negative"":19,""zero"":17,""max_abs"":8192,""summary"":{""min"":-8192.0,""p01"":-8192.0,""p05"":-8192.0,""p10"":-4147.2,""p25"":-4096.0,""p50"":-4096.0,""p75"":0.0,""p90"":0.0,""p95"":0.0,""p99"":2621.44,""max"":4096.0}}","{""n"":0,""ge90"":0,""summary"":{}}",[],[]
121,27,61,Tight Brass 1,9,"[[""ACC2"",3152],[""ACC3"",1377],[""ACC5"",824]]","[[""Ending 1"",1269],[""Intro 1"",1082],[""Ending 2"",597],[""Variation 4"",484],[""Intro 2"",431],[""Variation 3"",344],[""Variation 2"",340],[""Ending 3"",330],[""Variation 1"",136],[""Break"",113],[""Fill 1"",108],[""Fill 2"",108],[""Intro 3"",11]]","{""cc:22"":62,""cc:11"":64,""cc:7"":64,""cc:0"":64,""cc:32"":56,""pb"":40,""cc:1"":151}","{""1"":{""n"":151,""ge64"":91,""zero"":10,""max"":127}}","{""n"":40,""nonzero"":20,""positive"":0,""negative"":20,""zero"":20,""max_abs"":4096,""summary"":{""min"":-4096.0,""p01"":-4096.0,""p05"":-4096.0,""p10"":-4096.0,""p25"":-4096.0,""p50"":-2048.0,""p75"":0.0,""p90"":0.0,""p95"":0.0,""p99"":0.0,""max"":0.0}}","{""n"":0,""ge90"":0,""summary"":{}}",[],[]
121,20,27,Clean Guitar 2,8,"[[""ACC2"",7465],[""ACC4"",3910],[""ACC1"",1007],[""ACC3"",753]]","[[""Variation 4"",3481],[""Variation 3"",2451],[""Ending 1"",1883],[""Variation 2"",1470],[""Intro 1"",1294],[""Variation 1"",648],[""Fill 2"",504],[""Ending 2"",368],[""Fill 1"",360],[""Ending 3"",297],[""Intro 2"",274],[""Break"",89],[""Intro 3"",16]]","{""cc:11"":93,""cc:7"":93,""cc:0"":93,""cc:32"":86,""cc:22"":74,""cc:64"":62}","{""64"":{""n"":62,""ge64"":26,""zero"":36,""max"":127}}","{""n"":0,""nonzero"":0,""positive"":0,""negative"":0,""zero"":0,""max_abs"":0,""summary"":{}}","{""n"":0,""ge90"":0,""summary"":{}}",[],[]
121,29,25,RealFolk Gtr ST1,6,"[[""ACC1"",4250],[""ACC3"",3886],[""ACC4"",1735],[""ACC5"",1177]]","[[""Ending 1"",3275],[""Intro 1"",2241],[""Variation 4"",1055],[""Variation 3"",846],[""Ending 2"",786],[""Variation 2"",632],[""Variation 1"",614],[""Intro 2"",405],[""Fill 2"",377],[""Ending 3"",300],[""Break"",227],[""Fill 1"",201],[""Intro 3"",89]]","{""cc:11"":71,""cc:7"":71,""cc:0"":71,""cc:32"":69,""cc:22"":94,""pb"":54,""cc:1"":48}","{""1"":{""n"":48,""ge64"":12,""zero"":5,""max"":100}}","{""n"":54,""nonzero"":50,""positive"":0,""negative"":50,""zero"":4,""max_abs"":8192,""summary"":{""min"":-8192.0,""p01"":-8192.0,""p05"":-8192.0,""p10"":-8125.0,""p25"":-7496.0,""p50"":-5084.0,""p75"":-1743.0,""p90"":-229.0,""p95"":0.0,""p99"":0.0,""max"":0.0}}","{""n"":0,""ge90"":0,""summary"":{}}",[],[]
121,13,24,Nylon Gtr RX2,8,"[[""ACC2"",12401],[""ACC3"",4658],[""ACC1"",1569]]","[[""Intro 1"",3265],[""Variation 4"",2948],[""Variation 3"",2620],[""Ending 1"",2599],[""Variation 2"",1824],[""Variation 1"",1532],[""Ending 2"",1238],[""Intro 2"",907],[""Ending 3"",507],[""Fill 2"",503],[""Fill 1"",373],[""Break"",243],[""Intro 3"",69]]","{""cc:11"":103,""cc:7"":103,""cc:0"":103,""cc:32"":103,""cc:22"":64,""pb"":2}",{},"{""n"":2,""nonzero"":1,""positive"":1,""negative"":0,""zero"":1,""max_abs"":8064,""summary"":{""min"":0.0,""p01"":80.64,""p05"":403.2,""p10"":806.4,""p25"":2016.0,""p50"":4032.0,""p75"":6048.0,""p90"":7257.6,""p95"":7660.8,""p99"":7983.36,""max"":8064.0}}","{""n"":0,""ge90"":0,""summary"":{}}",[],[]
121,15,24,Nylon Guitar 2,5,"[[""ACC1"",8554],[""ACC2"",2596]]","[[""Variation 4"",2260],[""Variation 3"",2252],[""Variation 2"",1622],[""Intro 1"",1256],[""Ending 1"",1101],[""Variation 1"",942],[""Ending 2"",675],[""Intro 2"",458],[""Ending 3"",184],[""Fill 2"",169],[""Fill 1"",139],[""Break"",78],[""Intro 3"",14]]","{""cc:11"":91,""cc:7"":91,""cc:0"":91,""cc:22"":70,""cc:32"":90,""pb"":43}",{},"{""n"":43,""nonzero"":29,""positive"":12,""negative"":17,""zero"":14,""max_abs"":8192,""summary"":{""min"":-8192.0,""p01"":-8192.0,""p05"":-8192.0,""p10"":-8192.0,""p25"":-4096.0,""p50"":0.0,""p75"":128.0,""p90"":384.0,""p95"":4096.0,""p99"":8064.0,""max"":8064.0}}","{""n"":0,""ge90"":0,""summary"":{}}",[],[]
121,3,90,Synth Sweeper,1,"[[""ACC3"",816]]","[[""Ending 1"",354],[""Ending 2"",189],[""Intro 1"",140],[""Fill 2"",46],[""Break"",46],[""Ending 3"",35],[""Intro 2"",2],[""Intro 3"",2],[""Fill 1"",2]]","{""cc:22"":10,""cc:11"":6,""cc:7"":6,""cc:0"":6,""cc:32"":6,""pb"":440}",{},"{""n"":440,""nonzero"":419,""positive"":5,""negative"":414,""zero"":21,""max_abs"":8192,""summary"":{""min"":-8192.0,""p01"":-8192.0,""p05"":-7925.0,""p10"":-7447.0,""p25"":-5958.0,""p50"":-3724.0,""p75"":-2234.0,""p90"":-745.0,""p95"":0.0,""p99"":14.03,""max"":23.0}}","{""n"":0,""ge90"":0,""summary"":{}}",[],[]
121,8,24,Nylon Gtr Pro1,8,"[[""ACC1"",13205],[""ACC2"",1601],[""ACC5"",778]]","[[""Intro 1"",3101],[""Variation 1"",2866],[""Variation 4"",1759],[""Ending 1"",1726],[""Variation 2"",1584],[""Intro 2"",1260],[""Ending 2"",1006],[""Variation 3"",882],[""Fill 1"",503],[""Fill 2"",360],[""Ending 3"",331],[""Break"",187],[""Intro 3"",19]]","{""cc:11"":95,""cc:7"":95,""cc:0"":95,""cc:32"":90,""cc:22"":57,""pb"":38}",{},"{""n"":38,""nonzero"":22,""positive"":0,""negative"":22,""zero"":16,""max_abs"":8192,""summary"":{""min"":-8192.0,""p01"":-8192.0,""p05"":-8192.0,""p10"":-8192.0,""p25"":-4096.0,""p50"":-4096.0,""p75"":0.0,""p90"":0.0,""p95"":0.0,""p99"":0.0,""max"":0.0}}","{""n"":0,""ge90"":0,""summary"":{}}",[],[]
121,0,1,Bright Piano GM,7,"[[""ACC1"",3427],[""ACC5"",1534],[""ACC4"",917]]","[[""Intro 1"",1126],[""Ending 1"",1092],[""Variation 2"",874],[""Variation 4"",648],[""Variation 3"",586],[""Ending 2"",475],[""Intro 2"",248],[""Ending 3"",241],[""Variation 1"",164],[""Fill 2"",162],[""Fill 1"",149],[""Break"",96],[""Intro 3"",17]]","{""cc:11"":83,""cc:7"":83,""cc:0"":83,""cc:32"":83,""cc:64"":48,""cc:22"":88}","{""64"":{""n"":48,""ge64"":22,""zero"":26,""max"":127}}","{""n"":0,""nonzero"":0,""positive"":0,""negative"":0,""zero"":0,""max_abs"":0,""summary"":{}}","{""n"":0,""ge90"":0,""summary"":{}}",[],[]
121,1,34,Picked E.Bass 2,4,"[[""BASS"",4141]]","[[""Variation 3"",850],[""Variation 2"",820],[""Ending 1"",673],[""Variation 4"",402],[""Intro 1"",301],[""Ending 2"",274],[""Intro 2"",247],[""Variation 1"",224],[""Fill 2"",125],[""Fill 1"",97],[""Ending 3"",84],[""Break"",35],[""Intro 3"",9]]","{""cc:11"":57,""cc:7"":57,""cc:0"":57,""cc:32"":53,""pb"":199,""cc:22"":24}",{},"{""n"":199,""nonzero"":180,""positive"":18,""negative"":162,""zero"":19,""max_abs"":8192,""summary"":{""min"":-8192.0,""p01"":-7483.0,""p05"":-6732.0,""p10"":-6458.2,""p25"":-5038.0,""p50"":-2508.0,""p75"":-364.0,""p90"":0.0,""p95"":903.0,""p99"":982.0,""max"":982.0}}","{""n"":0,""ge90"":0,""summary"":{}}",[],[]
121,2,21,Akordeon,4,"[[""ACC2"",10163]]","[[""Variation 4"",2290],[""Variation 3"",1946],[""Variation 2"",1208],[""Variation 1"",976],[""Intro 2"",974],[""Intro 1"",962],[""Ending 1"",878],[""Fill 2"",254],[""Fill 1"",198],[""Ending 2"",186],[""Break"",149],[""Ending 3"",128],[""Intro 3"",14]]","{""cc:11"":90,""cc:7"":90,""cc:0"":90,""cc:32"":90,""cc:22"":71}",{},"{""n"":0,""nonzero"":0,""positive"":0,""negative"":0,""zero"":0,""max_abs"":0,""summary"":{}}","{""n"":0,""ge90"":0,""summary"":{}}",[],[]
121,4,48,Legato Strings,7,"[[""ACC4"",2253],[""ACC1"",389],[""ACC3"",282]]","[[""Ending 1"",758],[""Intro 1"",702],[""Ending 2"",298],[""Variation 3"",284],[""Variation 4"",271],[""Ending 3"",145],[""Fill 2"",126],[""Intro 2"",93],[""Variation 2"",92],[""Break"",78],[""Variation 1"",32],[""Fill 1"",25],[""Intro 3"",20]]","{""cc:11"":67,""cc:7"":67,""cc:0"":67,""cc:32"":63,""cc:22"":102,""cc:1"":60}","{""1"":{""n"":60,""ge64"":0,""zero"":3,""max"":49}}","{""n"":0,""nonzero"":0,""positive"":0,""negative"":0,""zero"":0,""max_abs"":0,""summary"":{}}","{""n"":0,""ge90"":0,""summary"":{}}",[],[]
120,0,31,House Kit RX2,7,"[[""PERC"",12807],[""DRUM"",4238]]","[[""Ending 1"",5682],[""Intro 1"",3104],[""Variation 4"",2094],[""Variation 3"",1526],[""Ending 2"",999],[""Variation 2"",974],[""Fill 2"",531],[""Variation 1"",524],[""Intro 2"",468],[""Ending 3"",385],[""Fill 1"",269],[""Break"",267],[""Intro 3"",222]]","{""cc:11"":90,""cc:7"":90,""cc:0"":90,""cc:32"":90,""cc:22"":51}",{},"{""n"":0,""nonzero"":0,""positive"":0,""negative"":0,""zero"":0,""max_abs"":0,""summary"":{}}","{""n"":0,""ge90"":0,""summary"":{}}",[],[]
121,0,,,123,"[[""BASS"",135],[""ACC4"",78],[""ACC1"",67],[""ACC5"",65],[""ACC3"",42],[""ACC2"",20],[""PERC"",2]]","[[""Variation 1"",195],[""Intro 1"",69],[""Variation 2"",62],[""Variation 3"",44],[""Variation 4"",32],[""Ending 1"",4],[""Break"",2],[""Fill 2"",1]]","{""cc:32"":409}",{},"{""n"":0,""nonzero"":0,""positive"":0,""negative"":0,""zero"":0,""max_abs"":0,""summary"":{}}","{""n"":0,""ge90"":0,""summary"":{}}",[],[]
121,2,65,Sax Ensemble,5,"[[""ACC2"",1384],[""ACC4"",1088],[""ACC5"",441]]","[[""Ending 1"",733],[""Variation 4"",650],[""Intro 1"",508],[""Variation 3"",418],[""Ending 2"",201],[""Ending 3"",121],[""Fill 2"",104],[""Intro 2"",64],[""Variation 2"",52],[""Fill 1"",31],[""Break"",18],[""Intro 3"",13]]","{""cc:11"":41,""cc:7"":41,""cc:0"":41,""cc:32"":41,""cc:22"":81,""cc:1"":22,""pb"":142}","{""1"":{""n"":22,""ge64"":0,""zero"":1,""max"":21}}","{""n"":142,""nonzero"":132,""positive"":0,""negative"":132,""zero"":10,""max_abs"":4864,""summary"":{""min"":-4864.0,""p01"":-4706.97,""p05"":-4473.6,""p10"":-4096.0,""p25"":-3680.0,""p50"":-2048.0,""p75"":-768.0,""p90"":-128.0,""p95"":0.0,""p99"":0.0,""max"":0.0}}","{""n"":0,""ge90"":0,""summary"":{}}",[],[]
121,3,,,124,"[[""ACC1"",147],[""BASS"",93],[""ACC3"",54],[""ACC2"",43],[""ACC4"",37],[""ACC5"",26],[""PERC"",8]]","[[""Variation 1"",211],[""Intro 1"",58],[""Variation 2"",53],[""Variation 3"",46],[""Variation 4"",36],[""Ending 1"",2],[""Break"",1],[""Fill 2"",1]]","{""cc:32"":408}",{},"{""n"":0,""nonzero"":0,""positive"":0,""negative"":0,""zero"":0,""max_abs"":0,""summary"":{}}","{""n"":0,""ge90"":0,""summary"":{}}",[],[]
121,5,28,Stra. Chime,2,"[[""ACC4"",3686]]","[[""Variation 4"",1750],[""Ending 1"",480],[""Intro 1"",372],[""Ending 2"",232],[""Variation 3"",164],[""Ending 3"",136],[""Fill 2"",120],[""Intro 2"",115],[""Variation 2"",112],[""Fill 1"",101],[""Variation 1"",96],[""Intro 3"",4],[""Break"",4]]","{""cc:11"":30,""cc:7"":30,""cc:0"":30,""cc:32"":30,""cc:22"":12,""cc:1"":276}","{""1"":{""n"":276,""ge64"":102,""zero"":12,""max"":125}}","{""n"":0,""nonzero"":0,""positive"":0,""negative"":0,""zero"":0,""max_abs"":0,""summary"":{}}","{""n"":0,""ge90"":0,""summary"":{}}",[],[]
121,6,27,Single Coil,5,"[[""ACC3"",2549],[""ACC4"",990],[""ACC1"",636],[""ACC5"",198]]","[[""Variation 4"",2396],[""Ending 1"",641],[""Intro 1"",375],[""Fill 2"",263],[""Ending 3"",196],[""Variation 3"",160],[""Break"",134],[""Fill 1"",125],[""Ending 2"",65],[""Intro 2"",9],[""Intro 3"",9]]","{""cc:11"":31,""cc:7"":31,""cc:0"":31,""cc:32"":22,""cc:22"":64,""pb"":118,""cc:1"":110}","{""1"":{""n"":110,""ge64"":27,""zero"":11,""max"":104}}","{""n"":118,""nonzero"":104,""positive"":95,""negative"":9,""zero"":14,""max_abs"":8192,""summary"":{""min"":-8192.0,""p01"":-6171.52,""p05"":-1990.4,""p10"":0.0,""p25"":694.25,""p50"":3449.0,""p75"":5951.0,""p90"":7282.2,""p95"":7800.6,""p99"":8191.0,""max"":8191.0}}","{""n"":0,""ge90"":0,""summary"":{}}",[],[]
121,0,3,Honky-Tonk GM,2,"[[""ACC1"",4107]]","[[""Variation 4"",1164],[""Variation 3"",1154],[""Intro 1"",576],[""Ending 1"",569],[""Ending 2"",231],[""Fill 2"",137],[""Intro 2"",94],[""Ending 3"",87],[""Fill 1"",67],[""Break"",23],[""Intro 3"",5]]","{""cc:11"":22,""cc:7"":22,""cc:0"":22,""cc:32"":22,""cc:22"":24,""cc:64"":12,""pb"":133,""cc:1"":134}","{""1"":{""n"":134,""ge64"":69,""zero"":4,""max"":127},""64"":{""n"":12,""ge64"":4,""zero"":8,""max"":127}}","{""n"":133,""nonzero"":128,""positive"":1,""negative"":127,""zero"":5,""max_abs"":8192,""summary"":{""min"":-8192.0,""p01"":-8065.0,""p05"":-7603.2,""p10"":-7142.6,""p25"":-5693.0,""p50"":-3712.0,""p75"":-1665.0,""p90"":-436.2,""p95"":-1.0,""p99"":0.0,""max"":277.0}}","{""n"":0,""ge90"":0,""summary"":{}}",[],[]
121,0,12,Marimba GM,7,"[[""ACC5"",5489],[""ACC4"",4757]]","[[""Variation 1"",2482],[""Variation 4"",1620],[""Intro 1"",1384],[""Ending 1"",1143],[""Variation 3"",968],[""Ending 2"",671],[""Variation 2"",564],[""Intro 2"",442],[""Ending 3"",373],[""Fill 2"",313],[""Fill 1"",146],[""Break"",119],[""Intro 3"",21]]","{""cc:11"":78,""cc:7"":78,""cc:0"":78,""cc:32"":78,""cc:22"":77}",{},"{""n"":0,""nonzero"":0,""positive"":0,""negative"":0,""zero"":0,""max_abs"":0,""summary"":{}}","{""n"":0,""ge90"":0,""summary"":{}}",[],[]
121,5,0,Jazz Piano,7,"[[""ACC1"",4603],[""ACC2"",684]]","[[""Ending 1"",1715],[""Variation 4"",605],[""Variation 2"",592],[""Variation 3"",534],[""Intro 1"",489],[""Ending 2"",442],[""Variation 1"",372],[""Ending 3"",159],[""Fill 2"",116],[""Intro 2"",107],[""Fill 1"",74],[""Break"",72],[""Intro 3"",10]]","{""cc:11"":72,""cc:7"":72,""cc:0"":72,""cc:32"":66,""cc:22"":53,""cc:64"":38,""cc:8"":2,""cc:67"":2,""cc:100"":1,""cc:103"":1,""cc:6"":1,""cc:66"":1,""pb"":2}","{""64"":{""n"":38,""ge64"":19,""zero"":19,""max"":127}}","{""n"":2,""nonzero"":1,""positive"":1,""negative"":0,""zero"":1,""max_abs"":62,""summary"":{""min"":0.0,""p01"":0.62,""p05"":3.1,""p10"":6.2,""p25"":15.5,""p50"":31.0,""p75"":46.5,""p90"":55.8,""p95"":58.9,""p99"":61.38,""max"":62.0}}","{""n"":0,""ge90"":0,""summary"":{}}",[],[]
121,18,4,Tine E.Piano RX,13,"[[""ACC1"",7036],[""ACC4"",178],[""ACC5"",15]]","[[""Ending 1"",2457],[""Variation 4"",921],[""Intro 1"",879],[""Variation 2"",781],[""Variation 3"",654],[""Variation 1"",594],[""Ending 2"",262],[""Ending 3"",185],[""Fill 2"",147],[""Fill 1"",134],[""Intro 2"",127],[""Break"",79],[""Intro 3"",9]]","{""cc:11"":85,""cc:7"":85,""cc:0"":85,""cc:32"":55,""cc:22"":61,""cc:64"":10}","{""64"":{""n"":10,""ge64"":5,""zero"":5,""max"":127}}","{""n"":0,""nonzero"":0,""positive"":0,""negative"":0,""zero"":0,""max_abs"":0,""summary"":{}}","{""n"":0,""ge90"":0,""summary"":{}}",[],[]
121,1,0,Ac. Piano Wide,5,"[[""ACC1"",4357],[""ACC5"",1885]]","[[""Variation 2"",1104],[""Intro 1"",1091],[""Variation 4"",1064],[""Variation 1"",978],[""Variation 3"",946],[""Ending 1"",579],[""Ending 2"",154],[""Fill 2"",92],[""Intro 2"",78],[""Ending 3"",67],[""Fill 1"",57],[""Break"",21],[""Intro 3"",11]]","{""cc:64"":38,""cc:11"":64,""cc:7"":64,""cc:0"":64,""cc:22"":60,""cc:32"":62,""pb"":20,""cc:1"":6}","{""1"":{""n"":6,""ge64"":3,""zero"":1,""max"":127},""64"":{""n"":38,""ge64"":18,""zero"":20,""max"":127}}","{""n"":20,""nonzero"":18,""positive"":0,""negative"":18,""zero"":2,""max_abs"":8192,""summary"":{""min"":-8192.0,""p01"":-8192.0,""p05"":-8192.0,""p10"":-7962.5,""p25"":-7137.0,""p50"":-4544.5,""p75"":-1249.0,""p90"":-115.2,""p95"":0.0,""p99"":0.0,""max"":0.0}}","{""n"":0,""ge90"":0,""summary"":{}}",[],[]
121,23,61,Sforzato Brass,8,"[[""ACC2"",2552],[""ACC4"",1105],[""ACC5"",1062],[""ACC3"",466]]","[[""Variation 1"",1406],[""Ending 1"",1056],[""Intro 1"",927],[""Variation 4"",378],[""Variation 3"",309],[""Ending 2"",211],[""Intro 2"",195],[""Fill 1"",182],[""Ending 3"",177],[""Fill 2"",139],[""Variation 2"",128],[""Break"",61],[""Intro 3"",16]]","{""cc:11"":69,""cc:7"":69,""cc:0"":69,""cc:32"":64,""cc:22"":96,""pb"":6}",{},"{""n"":6,""nonzero"":4,""positive"":1,""negative"":3,""zero"":2,""max_abs"":8192,""summary"":{""min"":-8192.0,""p01"":-8186.6,""p05"":-8165.0,""p10"":-8138.0,""p25"":-7721.0,""p50"":-3316.0,""p75"":0.0,""p90"":64.0,""p95"":96.0,""p99"":121.6,""max"":128.0}}","{""n"":0,""ge90"":0,""summary"":{}}",[],[]
121,4,35,Dark R&B Bass1,6,"[[""BASS"",3021]]","[[""Ending 1"",629],[""Intro 1"",582],[""Variation 4"",378],[""Variation 2"",300],[""Ending 2"",289],[""Variation 1"",268],[""Variation 3"",184],[""Fill 1"",91],[""Ending 3"",90],[""Fill 2"",88],[""Break"",56],[""Intro 2"",38],[""Intro 3"",28]]","{""cc:11"":77,""cc:7"":77,""cc:0"":77,""cc:32"":77,""cc:22"":58,""cc:64"":3}","{""64"":{""n"":3,""ge64"":0,""zero"":3,""max"":0}}","{""n"":0,""nonzero"":0,""positive"":0,""negative"":0,""zero"":0,""max_abs"":0,""summary"":{}}","{""n"":0,""ge90"":0,""summary"":{}}",[],[]
120,0,0,Standard Kit GM,6,"[[""DRUM"",8453],[""PERC"",297]]","[[""Variation 3"",2074],[""Ending 1"",1842],[""Variation 4"",1157],[""Intro 1"",838],[""Variation 2"",792],[""Intro 2"",530],[""Variation 1"",426],[""Fill 1"",310],[""Fill 2"",292],[""Ending 2"",160],[""Ending 3"",143],[""Break"",103],[""Intro 3"",83]]","{""cc:11"":71,""cc:7"":71,""cc:0"":71,""cc:32"":71,""cc:22"":82}",{},"{""n"":0,""nonzero"":0,""positive"":0,""negative"":0,""zero"":0,""max_abs"":0,""summary"":{}}","{""n"":0,""ge90"":0,""summary"":{}}",[],[]
121,31,27,Real El. Guitar2,1,"[[""ACC4"",4263]]","[[""Ending 1"",1137],[""Variation 1"",766],[""Variation 2"",585],[""Ending 2"",500],[""Intro 1"",333],[""Variation 4"",297],[""Variation 3"",263],[""Ending 3"",162],[""Intro 2"",108],[""Fill 2"",42],[""Break"",34],[""Intro 3"",18],[""Fill 1"",18]]","{""cc:11"":17,""cc:7"":17,""cc:0"":17,""cc:32"":17,""pb"":276,""cc:22"":19}",{},"{""n"":276,""nonzero"":254,""positive"":0,""negative"":254,""zero"":22,""max_abs"":3712,""summary"":{""min"":-3712.0,""p01"":-3712.0,""p05"":-3200.0,""p10"":-2944.0,""p25"":-2304.0,""p50"":-1600.0,""p75"":-768.0,""p90"":-384.0,""p95"":0.0,""p99"":0.0,""max"":0.0}}","{""n"":0,""ge90"":0,""summary"":{}}",[],[]
121,11,24,Nylon Gtr Pro2,5,"[[""ACC4"",5396],[""ACC3"",4679],[""ACC2"",1960],[""ACC1"",151]]","[[""Ending 1"",3101],[""Variation 4"",1806],[""Variation 3"",1790],[""Intro 1"",1531],[""Variation 2"",1170],[""Variation 1"",754],[""Ending 2"",680],[""Intro 2"",350],[""Fill 2"",330],[""Break"",221],[""Ending 3"",211],[""Fill 1"",182],[""Intro 3"",60]]","{""cc:11"":72,""cc:7"":71,""cc:0"":71,""cc:32"":71,""cc:22"":62,""cc:64"":1,""cc:8"":2,""cc:67"":2,""cc:100"":1,""cc:103"":1,""cc:6"":1,""cc:66"":1,""cc:115"":1,""cc:127"":1,""cc:110"":1,""cc:121"":1,""cc:19"":1,""cc:108"":1}","{""64"":{""n"":1,""ge64"":0,""zero"":1,""max"":0}}","{""n"":0,""nonzero"":0,""positive"":0,""negative"":0,""zero"":0,""max_abs"":0,""summary"":{}}","{""n"":0,""ge90"":0,""summary"":{}}",[],[]
121,3,27,Chorus Guitar,3,"[[""ACC2"",5287],[""ACC5"",1427],[""ACC3"",456]]","[[""Variation 4"",1470],[""Variation 2"",1098],[""Variation 1"",1086],[""Variation 3"",979],[""Ending 1"",977],[""Ending 2"",404],[""Intro 2"",370],[""Ending 3"",253],[""Intro 1"",241],[""Fill 1"",138],[""Fill 2"",121],[""Break"",25],[""Intro 3"",8]]","{""cc:11"":40,""cc:7"":40,""cc:0"":40,""cc:32"":37,""pb"":162,""cc:22"":36,""cc:64"":3}","{""64"":{""n"":3,""ge64"":0,""zero"":3,""max"":0}}","{""n"":162,""nonzero"":156,""positive"":124,""negative"":32,""zero"":6,""max_abs"":8191,""summary"":{""min"":-4288.0,""p01"":-4209.92,""p05"":-3207.0,""p10"":-1737.0,""p25"":383.0,""p50"":3433.0,""p75"":6248.0,""p90"":7483.0,""p95"":7829.0,""p99"":8122.68,""max"":8191.0}}","{""n"":0,""ge90"":0,""summary"":{}}",[],[]
121,0,11,Vibraphone 1 GM,7,"[[""ACC3"",2184],[""ACC2"",527],[""ACC1"",315]]","[[""Ending 1"",544],[""Variation 4"",543],[""Intro 1"",411],[""Variation 3"",397],[""Variation 2"",308],[""Ending 2"",182],[""Fill 2"",161],[""Intro 2"",123],[""Ending 3"",96],[""Variation 1"",96],[""Fill 1"",89],[""Break"",62],[""Intro 3"",14]]","{""cc:11"":73,""cc:7"":73,""cc:0"":73,""cc:32"":64,""cc:22"":73}",{},"{""n"":0,""nonzero"":0,""positive"":0,""negative"":0,""zero"":0,""max_abs"":0,""summary"":{}}","{""n"":0,""ge90"":0,""summary"":{}}",[],[]
121,4,32,Acous. Bass Pro2,2,"[[""BASS"",2383]]","[[""Intro 1"",541],[""Ending 1"",535],[""Variation 4"",472],[""Variation 3"",248],[""Variation 2"",152],[""Variation 1"",136],[""Intro 2"",71],[""Ending 2"",69],[""Fill 2"",54],[""Fill 1"",48],[""Ending 3"",33],[""Break"",19],[""Intro 3"",5]]","{""cc:11"":33,""cc:7"":33,""cc:0"":33,""cc:32"":33,""cc:22"":23,""pb"":200}",{},"{""n"":200,""nonzero"":188,""positive"":188,""negative"":0,""zero"":12,""max_abs"":5070,""summary"":{""min"":0.0,""p01"":0.0,""p05"":0.0,""p10"":130.0,""p25"":650.0,""p50"":1431.0,""p75"":2599.0,""p90"":4042.9,""p95"":4563.95,""p99"":4941.29,""max"":5070.0}}","{""n"":0,""ge90"":0,""summary"":{}}",[],[]
121,11,61,Trombones,5,"[[""ACC4"",3567],[""ACC3"",873],[""ACC2"",190]]","[[""Ending 1"",789],[""Variation 4"",680],[""Variation 3"",612],[""Variation 2"",602],[""Intro 1"",371],[""Variation 1"",336],[""Ending 3"",330],[""Ending 2"",327],[""Intro 2"",283],[""Fill 1"",186],[""Fill 2"",90],[""Intro 3"",12],[""Break"",12]]","{""cc:11"":59,""cc:7"":59,""cc:0"":59,""cc:32"":53,""cc:22"":66,""pb"":32,""cc:1"":24}","{""1"":{""n"":24,""ge64"":0,""zero"":6,""max"":22}}","{""n"":32,""nonzero"":16,""positive"":0,""negative"":16,""zero"":16,""max_abs"":4096,""summary"":{""min"":-4096.0,""p01"":-4096.0,""p05"":-4096.0,""p10"":-4096.0,""p25"":-4096.0,""p50"":-2048.0,""p75"":0.0,""p90"":0.0,""p95"":0.0,""p99"":0.0,""max"":0.0}}","{""n"":0,""ge90"":0,""summary"":{}}",[],[]
120,0,27,House Kit 2,6,"[[""DRUM"",9985],[""PERC"",8532]]","[[""Ending 1"",6390],[""Variation 4"",2674],[""Ending 2"",2451],[""Intro 1"",2244],[""Variation 3"",1274],[""Ending 3"",723],[""Variation 2"",722],[""Fill 2"",523],[""Variation 1"",522],[""Fill 1"",303],[""Intro 2"",291],[""Break"",257],[""Intro 3"",143]]","{""cc:11"":77,""cc:7"":77,""cc:0"":77,""cc:32"":77,""cc:22"":39}",{},"{""n"":0,""nonzero"":0,""positive"":0,""negative"":0,""zero"":0,""max_abs"":0,""summary"":{}}","{""n"":0,""ge90"":0,""summary"":{}}",[],[]
121,18,25,12 Strings RX,4,"[[""ACC3"",12710],[""ACC1"",3122]]","[[""Variation 1"",3664],[""Variation 4"",2716],[""Ending 1"",2224],[""Variation 3"",1746],[""Variation 2"",1533],[""Intro 1"",1239],[""Ending 2"",821],[""Fill 2"",561],[""Intro 2"",490],[""Fill 1"",347],[""Ending 3"",302],[""Break"",128],[""Intro 3"",61]]","{""cc:11"":71,""cc:7"":71,""cc:0"":71,""cc:32"":71,""cc:22"":63}",{},"{""n"":0,""nonzero"":0,""positive"":0,""negative"":0,""zero"":0,""max_abs"":0,""summary"":{}}","{""n"":0,""ge90"":0,""summary"":{}}",[],[]
120,0,13,HipHop Kit 2,6,"[[""PERC"",3940],[""DRUM"",3662]]","[[""Ending 1"",2536],[""Intro 1"",1568],[""Variation 4"",738],[""Ending 2"",462],[""Variation 3"",413],[""Variation 2"",388],[""Variation 1"",344],[""Fill 2"",264],[""Ending 3"",234],[""Intro 2"",229],[""Intro 3"",174],[""Fill 1"",133],[""Break"",119]]","{""cc:11"":74,""cc:7"":74,""cc:0"":74,""cc:32"":74,""cc:22"":48}",{},"{""n"":0,""nonzero"":0,""positive"":0,""negative"":0,""zero"":0,""max_abs"":0,""summary"":{}}","{""n"":0,""ge90"":0,""summary"":{}}",[],[]
121,5,50,Analog Strings 1,17,"[[""ACC5"",1480],[""ACC4"",286],[""ACC1"",28],[""ACC3"",11],[""ACC2"",7]]","[[""Ending 1"",753],[""Intro 1"",169],[""Variation 4"",155],[""Ending 2"",140],[""Ending 3"",119],[""Break"",115],[""Variation 3"",106],[""Fill 2"",85],[""Variation 1"",52],[""Variation 2"",51],[""Intro 2"",27],[""Fill 1"",26],[""Intro 3"",14]]","{""cc:11"":63,""cc:7"":63,""cc:0"":63,""cc:32"":55,""cc:22"":92}",{},"{""n"":0,""nonzero"":0,""positive"":0,""negative"":0,""zero"":0,""max_abs"":0,""summary"":{}}","{""n"":0,""ge90"":0,""summary"":{}}",[],[]
121,21,28,5th Mute Gtr,5,"[[""ACC3"",6984],[""ACC1"",1114],[""ACC2"",333]]","[[""Variation 2"",2212],[""Variation 4"",1700],[""Variation 3"",1585],[""Variation 1"",1556],[""Ending 1"",442],[""Intro 1"",305],[""Intro 2"",167],[""Ending 2"",154],[""Fill 1"",103],[""Fill 2"",92],[""Ending 3"",86],[""Break"",19],[""Intro 3"",10]]","{""cc:11"":52,""cc:7"":52,""cc:0"":52,""cc:22"":62,""cc:32"":45,""pb"":72}",{},"{""n"":72,""nonzero"":60,""positive"":0,""negative"":60,""zero"":12,""max_abs"":6144,""summary"":{""min"":-6144.0,""p01"":-6144.0,""p05"":-6144.0,""p10"":-4096.0,""p25"":-1542.5,""p50"":-1061.5,""p75"":-559.5,""p90"":0.0,""p95"":0.0,""p99"":0.0,""max"":0.0}}","{""n"":0,""ge90"":0,""summary"":{}}",[],[]
121,8,89,Analog Pad 1,9,"[[""ACC3"",1405],[""ACC4"",569],[""ACC5"",495]]","[[""Variation 4"",585],[""Ending 1"",541],[""Variation 3"",457],[""Fill 2"",224],[""Intro 1"",172],[""Ending 3"",144],[""Ending 2"",131],[""Fill 1"",100],[""Break"",42],[""Variation 2"",32],[""Intro 2"",26],[""Intro 3"",15]]","{""cc:11"":56,""cc:7"":56,""cc:0"":56,""cc:32"":49,""cc:22"":108,""pb"":10}",{},"{""n"":10,""nonzero"":9,""positive"":6,""negative"":3,""zero"":1,""max_abs"":5348,""summary"":{""min"":-3993.0,""p01"":-3771.33,""p05"":-2884.65,""p10"":-1776.3,""p25"":-1005.75,""p50"":99.0,""p75"":2324.25,""p90"":4395.8,""p95"":4871.9,""p99"":5252.78,""max"":5348.0}}","{""n"":0,""ge90"":0,""summary"":{}}",[],[]
120,0,26,House Kit 1,6,"[[""DRUM"",11280],[""PERC"",4501]]","[[""Intro 1"",3489],[""Ending 1"",3161],[""Variation 4"",1952],[""Variation 3"",1596],[""Variation 2"",1490],[""Variation 1"",1046],[""Ending 2"",950],[""Ending 3"",608],[""Intro 2"",544],[""Fill 2"",464],[""Fill 1"",190],[""Break"",176],[""Intro 3"",115]]","{""cc:11"":73,""cc:7"":73,""cc:0"":73,""cc:32"":73,""cc:22"":42}",{},"{""n"":0,""nonzero"":0,""positive"":0,""negative"":0,""zero"":0,""max_abs"":0,""summary"":{}}","{""n"":0,""ge90"":0,""summary"":{}}",[],[]
121,3,50,Analog Velve,7,"[[""ACC3"",531],[""ACC4"",437],[""ACC1"",397],[""ACC5"",364]]","[[""Ending 1"",572],[""Intro 1"",375],[""Variation 4"",184],[""Ending 2"",135],[""Variation 3"",118],[""Fill 2"",94],[""Ending 3"",74],[""Variation 2"",64],[""Fill 1"",34],[""Break"",34],[""Intro 2"",29],[""Intro 3"",16]]","{""cc:22"":96,""cc:11"":56,""cc:7"":56,""cc:0"":56,""cc:32"":56,""cc:64"":5}","{""64"":{""n"":5,""ge64"":0,""zero"":5,""max"":0}}","{""n"":0,""nonzero"":0,""positive"":0,""negative"":0,""zero"":0,""max_abs"":0,""summary"":{}}","{""n"":0,""ge90"":0,""summary"":{}}",[],[]
121,7,2,Grand&FM Stack,8,"[[""ACC1"",10058],[""ACC2"",926]]","[[""Variation 4"",3229],[""Variation 3"",2953],[""Variation 1"",1368],[""Variation 2"",1224],[""Ending 1"",858],[""Intro 1"",803],[""Fill 2"",312],[""Intro 2"",114],[""Ending 3"",48],[""Break"",26],[""Fill 1"",22],[""Ending 2"",15],[""Intro 3"",12]]","{""cc:11"":61,""cc:7"":62,""cc:0"":61,""cc:32"":35,""cc:22"":77,""cc:64"":11,""cc:8"":2,""cc:67"":2,""cc:100"":2,""cc:103"":1,""cc:6"":1,""cc:66"":1,""cc:115"":1,""cc:110"":1,""cc:121"":1,""cc:19"":1,""cc:97"":1,""cc:38"":1}","{""64"":{""n"":11,""ge64"":0,""zero"":11,""max"":0}}","{""n"":0,""nonzero"":0,""positive"":0,""negative"":0,""zero"":0,""max_abs"":0,""summary"":{}}","{""n"":0,""ge90"":0,""summary"":{}}",[],[]
121,2,81,Lead Saw Pulse,1,"[[""ACC5"",611]]","[[""Ending 1"",607],[""Ending 2"",2],[""Ending 3"",2]]","{""pb"":279,""cc:1"":34,""cc:22"":4}","{""1"":{""n"":34,""ge64"":12,""zero"":15,""max"":127}}","{""n"":279,""nonzero"":251,""positive"":172,""negative"":79,""zero"":28,""max_abs"":8192,""summary"":{""min"":-8192.0,""p01"":-8192.0,""p05"":-7792.0,""p10"":-6604.0,""p25"":-370.0,""p50"":2078.0,""p75"":6246.5,""p90"":7883.0,""p95"":8091.1,""p99"":8191.0,""max"":8191.0}}","{""n"":0,""ge90"":0,""summary"":{}}",[],[]
121,0,48,Strings Ens.1 GM,8,"[[""ACC4"",2422],[""ACC3"",291],[""ACC2"",184],[""ACC5"",30]]","[[""Intro 1"",856],[""Ending 1"",789],[""Ending 2"",315],[""Variation 4"",242],[""Intro 2"",225],[""Variation 3"",108],[""Variation 2"",103],[""Ending 3"",96],[""Break"",73],[""Fill 2"",58],[""Fill 1"",42],[""Intro 3"",12],[""Variation 1"",8]]","{""cc:22"":66,""cc:11"":61,""cc:7"":61,""cc:0"":61,""cc:32"":60,""cc:64"":8}","{""64"":{""n"":8,""ge64"":4,""zero"":4,""max"":127}}","{""n"":0,""nonzero"":0,""positive"":0,""negative"":0,""zero"":0,""max_abs"":0,""summary"":{}}","{""n"":0,""ge90"":0,""summary"":{}}",[],[]
121,7,30,Solo Dist.Guitar,1,"[[""ACC5"",2489]]","[[""Intro 1"",836],[""Ending 1"",568],[""Intro 2"",293],[""Ending 2"",175],[""Ending 3"",139],[""Break"",131],[""Intro 3"",117],[""Fill 2"",77],[""Fill 1"",49],[""Variation 4"",48],[""Variation 3"",34],[""Variation 2"",22]]","{""cc:11"":12,""cc:7"":12,""cc:0"":12,""cc:32"":12,""pb"":240,""cc:64"":16,""cc:22"":7}","{""64"":{""n"":16,""ge64"":0,""zero"":16,""max"":0}}","{""n"":240,""nonzero"":235,""positive"":0,""negative"":235,""zero"":5,""max_abs"":8192,""summary"":{""min"":-8192.0,""p01"":-8192.0,""p05"":-7571.0,""p10"":-6452.0,""p25"":-4609.0,""p50"":-3276.0,""p75"":-1842.25,""p90"":-439.0,""p95"":-219.0,""p99"":0.0,""max"":0.0}}","{""n"":0,""ge90"":0,""summary"":{}}",[],[]
121,9,30,Dist. Guitar RX1,5,"[[""ACC1"",1708],[""ACC4"",1689],[""ACC2"",1633]]","[[""Ending 1"",1039],[""Intro 1"",1003],[""Variation 4"",640],[""Variation 3"",618],[""Variation 2"",428],[""Variation 1"",392],[""Ending 2"",356],[""Intro 2"",134],[""Ending 3"",134],[""Fill 2"",123],[""Fill 1"",84],[""Break"",55],[""Intro 3"",24]]","{""cc:11"":65,""cc:7"":65,""cc:0"":65,""cc:32"":64,""cc:22"":49}",{},"{""n"":0,""nonzero"":0,""positive"":0,""negative"":0,""zero"":0,""max_abs"":0,""summary"":{}}","{""n"":0,""ge90"":0,""summary"":{}}",[],[]
121,5,37,The Other Slap,2,"[[""BASS"",1944]]","[[""Ending 1"",711],[""Intro 1"",681],[""Intro 2"",142],[""Fill 2"",142],[""Ending 2"",110],[""Fill 1"",92],[""Ending 3"",44],[""Break"",18],[""Intro 3"",4]]","{""pb"":214,""cc:11"":20,""cc:7"":20,""cc:0"":20,""cc:32"":20,""cc:22"":12}",{},"{""n"":214,""nonzero"":206,""positive"":93,""negative"":113,""zero"":8,""max_abs"":8192,""summary"":{""min"":-8192.0,""p01"":-7806.44,""p05"":-5596.2,""p10"":-5306.1,""p25"":-3480.0,""p50"":-375.5,""p75"":1917.5,""p90"":3120.0,""p95"":3991.0,""p99"":5183.1,""max"":5330.0}}","{""n"":0,""ge90"":0,""summary"":{}}",[],[]
121,2,28,Mute Vel. Gtr,3,"[[""ACC3"",2589],[""ACC2"",939]]","[[""Variation 2"",740],[""Variation 4"",740],[""Variation 3"",677],[""Variation 1"",442],[""Ending 1"",267],[""Intro 1"",245],[""Ending 3"",98],[""Fill 1"",88],[""Ending 2"",67],[""Fill 2"",65],[""Intro 2"",59],[""Break"",35],[""Intro 3"",5]]","{""cc:11"":35,""cc:7"":35,""cc:0"":35,""cc:32"":34,""pb"":132,""cc:1"":8,""cc:22"":23}","{""1"":{""n"":8,""ge64"":0,""zero"":4,""max"":60}}","{""n"":132,""nonzero"":102,""positive"":92,""negative"":10,""zero"":30,""max_abs"":8064,""summary"":{""min"":-7853.0,""p01"":-7853.0,""p05"":-2688.0,""p10"":0.0,""p25"":0.0,""p50"":2048.0,""p75"":4096.0,""p90"":8064.0,""p95"":8064.0,""p99"":8064.0,""max"":8064.0}}","{""n"":0,""ge90"":0,""summary"":{}}",[],[]
121,0,67,Baritone Sax GM,1,"[[""ACC4"",731]]","[[""Variation 3"",236],[""Ending 2"",136],[""Ending 3"",108],[""Ending 1"",72],[""Fill 2"",60],[""Variation 2"",48],[""Intro 1"",40],[""Break"",16],[""Variation 4"",9],[""Intro 2"",2],[""Intro 3"",2],[""Fill 1"",2]]","{""cc:11"":16,""cc:7"":16,""cc:0"":16,""cc:32"":13,""pb"":234,""cc:22"":6}",{},"{""n"":234,""nonzero"":219,""positive"":97,""negative"":122,""zero"":15,""max_abs"":7680,""summary"":{""min"":-7680.0,""p01"":-7296.67,""p05"":-4352.0,""p10"":-3968.0,""p25"":-2560.0,""p50"":-257.0,""p75"":1663.0,""p90"":3327.0,""p95"":3839.0,""p99"":3968.0,""max"":3968.0}}","{""n"":0,""ge90"":0,""summary"":{}}",[],[]
120,0,35,Jazz Kit RX3,5,"[[""DRUM"",13313]]","[[""Intro 1"",2369],[""Variation 4"",2350],[""Variation 3"",1916],[""Ending 1"",1837],[""Variation 2"",1506],[""Variation 1"",942],[""Ending 2"",867],[""Intro 2"",628],[""Ending 3"",275],[""Break"",197],[""Fill 2"",196],[""Fill 1"",152],[""Intro 3"",78]]","{""cc:11"":64,""cc:7"":64,""cc:0"":64,""cc:32"":64,""cc:22"":39}",{},"{""n"":0,""nonzero"":0,""positive"":0,""negative"":0,""zero"":0,""max_abs"":0,""summary"":{}}","{""n"":0,""ge90"":0,""summary"":{}}",[],[]
121,5,2,Chorus Piano,5,"[[""ACC1"",3542]]","[[""Intro 1"",958],[""Ending 1"",909],[""Variation 4"",289],[""Variation 3"",260],[""Variation 2"",215],[""Intro 2"",190],[""Ending 2"",181],[""Variation 1"",152],[""Break"",124],[""Fill 1"",98],[""Fill 2"",80],[""Ending 3"",65],[""Intro 3"",21]]","{""cc:11"":48,""cc:7"":48,""cc:0"":48,""cc:32"":47,""cc:22"":32,""cc:64"":57,""cc:8"":2,""cc:67"":2,""cc:100"":1,""cc:103"":1,""cc:5"":1,""cc:66"":1}","{""64"":{""n"":57,""ge64"":28,""zero"":29,""max"":127}}","{""n"":0,""nonzero"":0,""positive"":0,""negative"":0,""zero"":0,""max_abs"":0,""summary"":{}}","{""n"":0,""ge90"":0,""summary"":{}}",[],[]
0,32,0,AcousticPiano GM,2,"[[""ACC5"",369],[""ACC4"",180]]","[[""Variation 2"",369],[""Ending 1"",180]]","{""cc:32"":5,""cc:1"":194,""pb"":37,""cc:8"":4,""cc:67"":8,""cc:11"":2,""cc:114"":2,""cc:116"":6,""cc:110"":6,""cc:6"":2,""cc:66"":2,""cc:115"":2,""cc:100"":2,""cc:121"":2,""cc:0"":2,""cc:19"":2,""cc:111"":2,""cc:80"":2,""cc:71"":2,""cc:7"":2,""cc:22"":1}","{""1"":{""n"":194,""ge64"":63,""zero"":15,""max"":127},""80"":{""n"":2,""ge64"":2,""zero"":0,""max"":105}}","{""n"":37,""nonzero"":35,""positive"":0,""negative"":35,""zero"":2,""max_abs"":8192,""summary"":{""min"":-8192.0,""p01"":-8192.0,""p05"":-8166.4,""p10"":-7926.4,""p25"":-6176.0,""p50"":-3056.0,""p75"":-1232.0,""p90"":-211.2,""p95"":-76.8,""p99"":0.0,""max"":0.0}}","{""n"":0,""ge90"":0,""summary"":{}}",[],[]
121,1,45,Pizz. Ensemble,5,"[[""ACC1"",2782],[""PERC"",775],[""ACC3"",615],[""ACC4"",536]]","[[""Variation 3"",958],[""Intro 1"",913],[""Ending 1"",687],[""Variation 4"",526],[""Variation 2"",406],[""Variation 1"",272],[""Ending 2"",253],[""Intro 2"",179],[""Fill 2"",154],[""Fill 1"",142],[""Ending 3"",141],[""Break"",68],[""Intro 3"",9]]","{""cc:11"":60,""cc:7"":60,""cc:0"":60,""cc:32"":57,""cc:22"":43,""cc:64"":6}","{""64"":{""n"":6,""ge64"":3,""zero"":3,""max"":127}}","{""n"":0,""nonzero"":0,""positive"":0,""negative"":0,""zero"":0,""max_abs"":0,""summary"":{}}","{""n"":0,""ge90"":0,""summary"":{}}",[],[]
121,5,39,Jungle Rez,4,"[[""BASS"",1083],[""ACC2"",754],[""ACC1"",19]]","[[""Intro 1"",597],[""Ending 1"",512],[""Variation 4"",166],[""Variation 3"",122],[""Ending 2"",117],[""Ending 3"",73],[""Fill 2"",67],[""Variation 2"",62],[""Variation 1"",50],[""Break"",33],[""Intro 3"",31],[""Fill 1"",20],[""Intro 2"",6]]","{""cc:11"":36,""cc:7"":36,""cc:0"":36,""cc:32"":35,""cc:22"":27,""pb"":110,""cc:1"":4}","{""1"":{""n"":4,""ge64"":0,""zero"":2,""max"":8}}","{""n"":110,""nonzero"":99,""positive"":43,""negative"":56,""zero"":11,""max_abs"":8192,""summary"":{""min"":-8192.0,""p01"":-8170.94,""p05"":-7263.15,""p10"":-6488.0,""p25"":-2938.75,""p50"":-60.0,""p75"":3793.75,""p90"":6984.6,""p95"":7633.65,""p99"":8187.22,""max"":8191.0}}","{""n"":0,""ge90"":0,""summary"":{}}",[],[]
121,17,28,Clean Guitar RX4,4,"[[""ACC2"",3309],[""ACC3"",3270],[""ACC4"",2894]]","[[""Variation 4"",1988],[""Variation 3"",1847],[""Ending 1"",1191],[""Variation 2"",1066],[""Intro 2"",737],[""Intro 1"",663],[""Variation 1"",548],[""Ending 2"",391],[""Ending 3"",320],[""Fill 2"",285],[""Fill 1"",216],[""Break"",212],[""Intro 3"",9]]","{""cc:11"":60,""cc:7"":60,""cc:0"":60,""cc:32"":56,""cc:22"":40,""pb"":6}",{},"{""n"":6,""nonzero"":3,""positive"":3,""negative"":0,""zero"":3,""max_abs"":8064,""summary"":{""min"":0.0,""p01"":0.0,""p05"":0.0,""p10"":0.0,""p25"":0.0,""p50"":4032.0,""p75"":8064.0,""p90"":8064.0,""p95"":8064.0,""p99"":8064.0,""max"":8064.0}}","{""n"":0,""ge90"":0,""summary"":{}}",[],[]
121,2,,,101,"[[""ACC5"",68],[""ACC2"",60],[""ACC4"",47],[""ACC3"",46],[""BASS"",40],[""ACC1"",17]]","[[""Variation 1"",98],[""Variation 3"",54],[""Intro 1"",47],[""Variation 2"",39],[""Variation 4"",30],[""Ending 1"",9],[""Fill 2"",1]]","{""cc:32"":278}",{},"{""n"":0,""nonzero"":0,""positive"":0,""negative"":0,""zero"":0,""max_abs"":0,""summary"":{}}","{""n"":0,""ge90"":0,""summary"":{}}",[],[]
121,10,34,Picked Bass RX,4,"[[""BASS"",2418]]","[[""Variation 4"",461],[""Variation 3"",449],[""Ending 1"",409],[""Variation 2"",312],[""Intro 1"",179],[""Variation 1"",148],[""Ending 2"",147],[""Fill 1"",74],[""Ending 3"",71],[""Fill 2"",67],[""Intro 2"",62],[""Break"",30],[""Intro 3"",9]]","{""cc:11"":51,""cc:7"":51,""cc:0"":51,""cc:32"":50,""pb"":42,""cc:22"":31}",{},"{""n"":42,""nonzero"":28,""positive"":3,""negative"":25,""zero"":14,""max_abs"":8192,""summary"":{""min"":-8192.0,""p01"":-8192.0,""p05"":-8192.0,""p10"":-8179.3,""p25"":-8064.0,""p50"":-4032.5,""p75"":0.0,""p90"":0.0,""p95"":120.65,""p99"":128.0,""max"":128.0}}","{""n"":0,""ge90"":0,""summary"":{}}",[],[]
121,0,46,Harp GM,6,"[[""ACC2"",2551],[""ACC5"",1308],[""ACC1"",636],[""ACC3"",511]]","[[""Intro 1"",1317],[""Ending 1"",1299],[""Ending 2"",569],[""Variation 3"",492],[""Variation 1"",310],[""Variation 2"",281],[""Variation 4"",214],[""Intro 2"",208],[""Fill 1"",119],[""Ending 3"",75],[""Break"",59],[""Fill 2"",54],[""Intro 3"",9]]","{""cc:11"":47,""cc:7"":47,""cc:0"":47,""cc:32"":40,""cc:22"":49,""cc:64"":36}","{""64"":{""n"":36,""ge64"":18,""zero"":18,""max"":127}}","{""n"":0,""nonzero"":0,""positive"":0,""negative"":0,""zero"":0,""max_abs"":0,""summary"":{}}","{""n"":0,""ge90"":0,""summary"":{}}",[],[]
120,0,6,Standard Kit RX4,6,"[[""DRUM"",6210],[""PERC"",3606]]","[[""Intro 1"",2516],[""Variation 3"",2132],[""Variation 1"",1188],[""Variation 2"",1026],[""Variation 4"",997],[""Ending 1"",940],[""Fill 1"",352],[""Ending 2"",182],[""Intro 2"",144],[""Fill 2"",111],[""Break"",92],[""Ending 3"",85],[""Intro 3"",51]]","{""cc:11"":59,""cc:7"":59,""cc:0"":59,""cc:32"":59,""cc:22"":28}",{},"{""n"":0,""nonzero"":0,""positive"":0,""negative"":0,""zero"":0,""max_abs"":0,""summary"":{}}","{""n"":0,""ge90"":0,""summary"":{}}",[],[]
121,3,45,Double Strings,3,"[[""ACC3"",3438]]","[[""Intro 1"",591],[""Variation 3"",429],[""Ending 1"",381],[""Variation 4"",365],[""Ending 2"",348],[""Intro 2"",329],[""Variation 2"",250],[""Fill 2"",225],[""Ending 3"",218],[""Variation 1"",190],[""Fill 1"",98],[""Intro 3"",7],[""Break"",7]]","{""cc:11"":57,""cc:7"":57,""cc:0"":57,""cc:32"":57,""cc:22"":26,""pb"":10}",{},"{""n"":10,""nonzero"":6,""positive"":0,""negative"":6,""zero"":4,""max_abs"":8192,""summary"":{""min"":-8192.0,""p01"":-8192.0,""p05"":-8192.0,""p10"":-8192.0,""p25"":-4096.0,""p50"":-4096.0,""p75"":0.0,""p90"":0.0,""p95"":0.0,""p99"":0.0,""max"":0.0}}","{""n"":0,""ge90"":0,""summary"":{}}",[],[]
121,2,49,Full Strings,6,"[[""ACC5"",1507],[""ACC4"",226]]","[[""Intro 1"",363],[""Ending 1"",315],[""Variation 3"",255],[""Variation 4"",196],[""Variation 2"",176],[""Fill 1"",79],[""Fill 2"",71],[""Intro 2"",69],[""Variation 1"",58],[""Ending 2"",52],[""Break"",50],[""Ending 3"",41],[""Intro 3"",8]]","{""cc:11"":59,""cc:7"":59,""cc:0"":59,""cc:32"":51,""cc:22"":29,""pb"":4}",{},"{""n"":4,""nonzero"":2,""positive"":2,""negative"":0,""zero"":2,""max_abs"":8064,""summary"":{""min"":0.0,""p01"":0.0,""p05"":0.0,""p10"":0.0,""p25"":0.0,""p50"":4032.0,""p75"":8064.0,""p90"":8064.0,""p95"":8064.0,""p99"":8064.0,""max"":8064.0}}","{""n"":0,""ge90"":0,""summary"":{}}",[],[]
120,0,28,House Kit 3,7,"[[""PERC"",8356],[""DRUM"",2670]]","[[""Ending 1"",2929],[""Intro 1"",2320],[""Variation 4"",1230],[""Variation 2"",1000],[""Ending 2"",975],[""Intro 2"",696],[""Variation 3"",478],[""Variation 1"",394],[""Fill 2"",360],[""Fill 1"",228],[""Ending 3"",209],[""Break"",141],[""Intro 3"",66]]","{""cc:11"":57,""cc:7"":57,""cc:0"":57,""cc:32"":57,""cc:22"":32}",{},"{""n"":0,""nonzero"":0,""positive"":0,""negative"":0,""zero"":0,""max_abs"":0,""summary"":{}}","{""n"":0,""ge90"":0,""summary"":{}}",[],[]
120,0,117,Arabian Kit 2,2,"[[""PERC"",7650],[""DRUM"",4654]]","[[""Variation 4"",2802],[""Variation 3"",2030],[""Ending 1"",1966],[""Variation 2"",1938],[""Ending 2"",811],[""Variation 1"",646],[""Ending 3"",539],[""Intro 1"",510],[""Fill 2"",482],[""Intro 2"",166],[""Fill 1"",154],[""Break"",151],[""Intro 3"",109]]","{""cc:11"":55,""cc:7"":55,""cc:0"":55,""cc:32"":55,""cc:22"":38}",{},"{""n"":0,""nonzero"":0,""positive"":0,""negative"":0,""zero"":0,""max_abs"":0,""summary"":{}}","{""n"":0,""ge90"":0,""summary"":{}}",[],[]
121,4,0,Classic Piano,4,"[[""ACC2"",1854],[""ACC1"",1718]]","[[""Intro 1"",1087],[""Ending 1"",821],[""Variation 3"",269],[""Variation 4"",265],[""Variation 2"",236],[""Intro 2"",224],[""Variation 1"",158],[""Ending 2"",140],[""Fill 1"",116],[""Ending 3"",107],[""Intro 3"",78],[""Fill 2"",48],[""Break"",23]]","{""cc:11"":31,""cc:7"":31,""cc:0"":31,""cc:32"":29,""cc:64"":79,""cc:22"":37,""cc:8"":2,""cc:67"":2,""cc:100"":2,""cc:103"":1,""cc:6"":1,""cc:66"":1,""cc:115"":1,""cc:110"":2,""cc:121"":1,""cc:4"":1,""cc:19"":1,""cc:97"":1,""cc:105"":1,""cc:80"":1}","{""64"":{""n"":79,""ge64"":38,""zero"":41,""max"":127},""80"":{""n"":1,""ge64"":1,""zero"":0,""max"":105}}","{""n"":0,""nonzero"":0,""positive"":0,""negative"":0,""zero"":0,""max_abs"":0,""summary"":{}}","{""n"":0,""ge90"":0,""summary"":{}}",[],[]
121,9,52,Oh-Ah Voices,5,"[[""ACC5"",2305],[""ACC2"",636],[""ACC3"",11]]","[[""Variation 4"",800],[""Variation 3"",458],[""Variation 2"",350],[""Ending 1"",349],[""Intro 1"",323],[""Variation 1"",196],[""Fill 2"",164],[""Intro 2"",90],[""Fill 1"",63],[""Ending 2"",63],[""Ending 3"",55],[""Break"",30],[""Intro 3"",11]]","{""cc:11"":49,""cc:7"":49,""cc:0"":49,""cc:32"":45,""cc:22"":62}",{},"{""n"":0,""nonzero"":0,""positive"":0,""negative"":0,""zero"":0,""max_abs"":0,""summary"":{}}","{""n"":0,""ge90"":0,""summary"":{}}",[],[]
121,0,66,Tenor Sax GM,1,"[[""ACC4"",1272]]","[[""Variation 3"",595],[""Intro 1"",277],[""Variation 2"",240],[""Fill 2"",78],[""Intro 2"",64],[""Variation 4"",6],[""Intro 3"",2],[""Fill 1"",2],[""Break"",2],[""Ending 1"",2],[""Ending 2"",2],[""Ending 3"",2]]","{""cc:11"":7,""cc:7"":7,""cc:0"":7,""cc:32"":5,""pb"":211,""cc:22"":13}",{},"{""n"":211,""nonzero"":199,""positive"":0,""negative"":199,""zero"":12,""max_abs"":4974,""summary"":{""min"":-4974.0,""p01"":-4974.0,""p05"":-4974.0,""p10"":-4888.0,""p25"":-4588.0,""p50"":-2916.0,""p75"":-1908.0,""p90"":-428.0,""p95"":0.0,""p99"":0.0,""max"":0.0}}","{""n"":0,""ge90"":0,""summary"":{}}",[],[]
121,10,90,Tecno Phonic,3,"[[""ACC2"",1138],[""PERC"",879]]","[[""Ending 1"",486],[""Intro 1"",329],[""Variation 3"",320],[""Variation 4"",251],[""Ending 2"",107],[""Variation 1"",100],[""Variation 2"",90],[""Intro 2"",77],[""Ending 3"",75],[""Fill 2"",72],[""Fill 1"",58],[""Break"",44],[""Intro 3"",8]]","{""cc:11"":43,""cc:7"":43,""cc:0"":43,""cc:32"":43,""cc:22"":43,""cc:64"":32}","{""64"":{""n"":32,""ge64"":0,""zero"":32,""max"":0}}","{""n"":0,""nonzero"":0,""positive"":0,""negative"":0,""zero"":0,""max_abs"":0,""summary"":{}}","{""n"":0,""ge90"":0,""summary"":{}}",[],[]
121,4,60,Horns & Ensemble,4,"[[""ACC3"",1607],[""ACC4"",348]]","[[""Intro 1"",535],[""Variation 4"",312],[""Ending 1"",265],[""Variation 3"",236],[""Variation 1"",120],[""Ending 3"",115],[""Variation 2"",108],[""Ending 2"",101],[""Fill 2"",63],[""Fill 1"",61],[""Break"",29],[""Intro 2"",5],[""Intro 3"",5]]","{""cc:11"":42,""cc:7"":42,""cc:0"":42,""cc:32"":42,""cc:22"":37,""pb"":42}",{},"{""n"":42,""nonzero"":37,""positive"":8,""negative"":29,""zero"":5,""max_abs"":8192,""summary"":{""min"":-8192.0,""p01"":-8192.0,""p05"":-6912.0,""p10"":-5376.0,""p25"":-3072.0,""p50"":-1536.0,""p75"":0.0,""p90"":1159.0,""p95"":2883.0,""p99"":6516.0,""max"":6516.0}}","{""n"":0,""ge90"":0,""summary"":{}}",[],[]
121,16,28,Clean Guitar RX3,7,"[[""ACC2"",2546],[""ACC4"",1312],[""ACC3"",1262],[""ACC1"",811]]","[[""Variation 3"",1892],[""Variation 4"",830],[""Variation 2"",829],[""Variation 1"",694],[""Ending 1"",508],[""Intro 1"",289],[""Fill 2"",209],[""Fill 1"",208],[""Ending 2"",200],[""Ending 3"",155],[""Intro 2"",81],[""Break"",28],[""Intro 3"",8]]","{""cc:22"":55,""cc:11"":45,""cc:7"":45,""cc:0"":45,""cc:32"":37,""pb"":18}",{},"{""n"":18,""nonzero"":9,""positive"":9,""negative"":0,""zero"":9,""max_abs"":8064,""summary"":{""min"":0.0,""p01"":0.0,""p05"":0.0,""p10"":0.0,""p25"":0.0,""p50"":4032.0,""p75"":8064.0,""p90"":8064.0,""p95"":8064.0,""p99"":8064.0,""max"":8064.0}}","{""n"":0,""ge90"":0,""summary"":{}}",[],[]
120,0,50,Bdrum&Sdrum Kit,4,"[[""PERC"",4163],[""DRUM"",719]]","[[""Ending 1"",1364],[""Intro 1"",766],[""Variation 4"",672],[""Ending 2"",572],[""Variation 3"",312],[""Variation 2"",284],[""Ending 3"",279],[""Fill 2"",185],[""Variation 1"",142],[""Intro 2"",111],[""Fill 1"",95],[""Break"",55],[""Intro 3"",45]]","{""cc:11"":54,""cc:7"":54,""cc:0"":54,""cc:32"":54,""cc:22"":28}",{},"{""n"":0,""nonzero"":0,""positive"":0,""negative"":0,""zero"":0,""max_abs"":0,""summary"":{}}","{""n"":0,""ge90"":0,""summary"":{}}",[],[]
121,11,65,Cool Sax Ens.,3,"[[""ACC3"",2327],[""ACC4"",435]]","[[""Variation 3"",822],[""Variation 4"",534],[""Intro 1"",374],[""Variation 2"",204],[""Ending 1"",203],[""Variation 1"",144],[""Fill 1"",137],[""Ending 3"",112],[""Intro 2"",80],[""Ending 2"",74],[""Fill 2"",57],[""Break"",16],[""Intro 3"",5]]","{""cc:11"":36,""cc:7"":36,""cc:0"":36,""pb"":9,""cc:32"":30,""cc:22"":26,""cc:1"":71}","{""1"":{""n"":71,""ge64"":30,""zero"":3,""max"":124}}","{""n"":9,""nonzero"":6,""positive"":0,""negative"":6,""zero"":3,""max_abs"":4096,""summary"":{""min"":-4096.0,""p01"":-4096.0,""p05"":-4096.0,""p10"":-4096.0,""p25"":-4096.0,""p50"":-2176.0,""p75"":0.0,""p90"":0.0,""p95"":0.0,""p99"":0.0,""max"":0.0}}","{""n"":0,""ge90"":0,""summary"":{}}",[],[]
121,6,,,85,"[[""BASS"",127],[""ACC4"",41],[""ACC5"",26],[""ACC3"",26],[""ACC2"",16],[""ACC1"",7]]","[[""Variation 1"",120],[""Intro 1"",53],[""Variation 2"",27],[""Variation 3"",26],[""Variation 4"",13],[""Ending 1"",4]]","{""cc:32"":243}",{},"{""n"":0,""nonzero"":0,""positive"":0,""negative"":0,""zero"":0,""max_abs"":0,""summary"":{}}","{""n"":0,""ge90"":0,""summary"":{}}",[],[]
121,10,25,Mandolin Key Off,3,"[[""ACC4"",7244],[""ACC2"",3050]]","[[""Ending 1"",2696],[""Variation 4"",1344],[""Intro 1"",1156],[""Variation 3"",1080],[""Ending 2"",980],[""Intro 2"",631],[""Ending 3"",602],[""Variation 2"",580],[""Variation 1"",516],[""Fill 2"",380],[""Fill 1"",208],[""Break"",73],[""Intro 3"",48]]","{""cc:11"":56,""cc:7"":56,""cc:0"":56,""cc:32"":56,""cc:22"":12}",{},"{""n"":0,""nonzero"":0,""positive"":0,""negative"":0,""zero"":0,""max_abs"":0,""summary"":{}}","{""n"":0,""ge90"":0,""summary"":{}}",[],[]
121,18,21,French Musette,3,"[[""ACC4"",4188],[""ACC3"",685]]","[[""Variation 4"",954],[""Variation 3"",768],[""Intro 1"",733],[""Variation 2"",688],[""Ending 1"",493],[""Variation 1"",426],[""Intro 2"",241],[""Ending 2"",175],[""Fill 2"",136],[""Fill 1"",113],[""Ending 3"",75],[""Break"",62],[""Intro 3"",9]]","{""cc:11"":47,""cc:7"":47,""cc:0"":47,""cc:32"":47,""cc:22"":47}",{},"{""n"":0,""nonzero"":0,""positive"":0,""negative"":0,""zero"":0,""max_abs"":0,""summary"":{}}","{""n"":0,""ge90"":0,""summary"":{}}",[],[]
121,7,61,Trpts & Brass,4,"[[""ACC4"",2379],[""ACC2"",44],[""ACC5"",15]]","[[""Variation 4"",627],[""Intro 1"",388],[""Variation 3"",384],[""Variation 2"",348],[""Ending 1"",275],[""Intro 2"",117],[""Fill 2"",79],[""Ending 2"",71],[""Variation 1"",48],[""Ending 3"",41],[""Fill 1"",29],[""Break"",28],[""Intro 3"",3]]","{""cc:11"":28,""cc:7"":28,""cc:0"":28,""cc:32"":24,""cc:22"":16,""cc:1"":6,""pb"":102}","{""1"":{""n"":6,""ge64"":0,""zero"":2,""max"":16}}","{""n"":102,""nonzero"":92,""positive"":2,""negative"":90,""zero"":10,""max_abs"":8192,""summary"":{""min"":-8192.0,""p01"":-8192.0,""p05"":-8051.25,""p10"":-7539.2,""p25"":-5440.0,""p50"":-3392.5,""p75"":-832.0,""p90"":0.0,""p95"":0.0,""p99"":505.89,""max"":895.0}}","{""n"":0,""ge90"":0,""summary"":{}}",[],[]
121,5,18,BX3 Rock 3 V.,4,"[[""ACC4"",2610],[""ACC5"",1109]]","[[""Variation 4"",1533],[""Ending 1"",829],[""Variation 3"",282],[""Ending 2"",232],[""Break"",202],[""Fill 2"",190],[""Intro 2"",172],[""Intro 1"",148],[""Ending 3"",75],[""Fill 1"",27],[""Variation 2"",20],[""Intro 3"",9]]","{""cc:11"":30,""cc:7"":30,""cc:0"":30,""cc:32"":27,""cc:22"":74,""cc:1"":14,""cc:8"":4,""cc:67"":4,""cc:100"":2,""cc:103"":2,""cc:6"":2,""cc:66"":2,""cc:115"":1,""cc:127"":1,""cc:110"":1,""cc:121"":1,""cc:5"":1,""cc:19"":1,""cc:51"":1,""cc:111"":1}","{""1"":{""n"":14,""ge64"":7,""zero"":7,""max"":127}}","{""n"":0,""nonzero"":0,""positive"":0,""negative"":0,""zero"":0,""max_abs"":0,""summary"":{}}","{""n"":0,""ge90"":0,""summary"":{}}",[],[]
120,0,32,Jazz Kit GM,3,"[[""DRUM"",3947]]","[[""Variation 4"",580],[""Variation 3"",564],[""Intro 1"",561],[""Ending 1"",473],[""Variation 2"",340],[""Variation 1"",296],[""Intro 2"",279],[""Ending 2"",196],[""Fill 2"",188],[""Fill 1"",172],[""Ending 3"",120],[""Intro 3"",92],[""Break"",86]]","{""cc:11"":51,""cc:7"":51,""cc:0"":51,""cc:32"":51,""cc:22"":25}",{},"{""n"":0,""nonzero"":0,""positive"":0,""negative"":0,""zero"":0,""max_abs"":0,""summary"":{}}","{""n"":0,""ge90"":0,""summary"":{}}",[],[]
121,15,28,Clean Guitar RX2,3,"[[""ACC1"",1931],[""ACC3"",585]]","[[""Ending 1"",540],[""Variation 2"",427],[""Intro 1"",381],[""Variation 4"",302],[""Variation 3"",216],[""Variation 1"",144],[""Ending 2"",142],[""Intro 2"",108],[""Fill 2"",95],[""Ending 3"",73],[""Break"",44],[""Fill 1"",36],[""Intro 3"",8]]","{""cc:11"":48,""cc:7"":48,""cc:0"":48,""cc:32"":47,""cc:22"":36}",{},"{""n"":0,""nonzero"":0,""positive"":0,""negative"":0,""zero"":0,""max_abs"":0,""summary"":{}}","{""n"":0,""ge90"":0,""summary"":{}}",[],[]
121,8,33,Chorus Fing.Bass,1,"[[""BASS"",1818]]","[[""Variation 4"",866],[""Variation 3"",180],[""Variation 2"",152],[""Intro 1"",119],[""Fill 1"",119],[""Ending 1"",119],[""Fill 2"",69],[""Variation 1"",68],[""Ending 3"",63],[""Ending 2"",28],[""Break"",18],[""Intro 2"",12],[""Intro 3"",5]]","{""cc:11"":20,""cc:7"":20,""cc:0"":20,""cc:32"":20,""cc:22"":33,""pb"":111}",{},"{""n"":111,""nonzero"":105,""positive"":0,""negative"":105,""zero"":6,""max_abs"":7808,""summary"":{""min"":-7808.0,""p01"":-7808.0,""p05"":-7425.0,""p10"":-7041.0,""p25"":-5814.0,""p50"":-3841.0,""p75"":-1793.0,""p90"":-384.0,""p95"":-64.0,""p99"":0.0,""max"":0.0}}","{""n"":0,""ge90"":0,""summary"":{}}",[],[]
121,5,4,Pro Dyno EP,6,"[[""ACC1"",3465],[""ACC2"",711],[""ACC4"",114]]","[[""Variation 4"",1620],[""Ending 1"",535],[""Intro 1"",514],[""Variation 2"",476],[""Variation 3"",350],[""Fill 2"",193],[""Ending 3"",142],[""Fill 1"",139],[""Ending 2"",120],[""Variation 1"",108],[""Intro 2"",52],[""Break"",32],[""Intro 3"",9]]","{""cc:11"":37,""cc:7"":37,""cc:0"":37,""cc:22"":54,""cc:64"":19,""cc:8"":2,""cc:67"":2,""cc:100"":1,""cc:103"":1,""cc:6"":1,""cc:66"":1,""cc:32"":30}","{""64"":{""n"":19,""ge64"":6,""zero"":13,""max"":127}}","{""n"":0,""nonzero"":0,""positive"":0,""negative"":0,""zero"":0,""max_abs"":0,""summary"":{}}","{""n"":0,""ge90"":0,""summary"":{}}",[],[]
121,4,,,83,"[[""ACC3"",64],[""BASS"",48],[""ACC1"",44],[""ACC5"",32],[""ACC4"",25],[""ACC2"",9]]","[[""Variation 1"",80],[""Intro 1"",47],[""Variation 2"",41],[""Variation 3"",33],[""Variation 4"",18],[""Ending 1"",3]]","{""cc:32"":222}",{},"{""n"":0,""nonzero"":0,""positive"":0,""negative"":0,""zero"":0,""max_abs"":0,""summary"":{}}","{""n"":0,""ge90"":0,""summary"":{}}",[],[]
121,10,56,Trumpet Pro 1,6,"[[""ACC5"",1310],[""ACC4"",830],[""ACC1"",366],[""ACC3"",202]]","[[""Intro 1"",1074],[""Ending 1"",964],[""Variation 4"",304],[""Intro 2"",143],[""Ending 2"",87],[""Variation 3"",44],[""Break"",27],[""Fill 2"",21],[""Ending 3"",16],[""Intro 3"",14],[""Fill 1"",14]]","{""cc:11"":29,""cc:7"":29,""cc:0"":29,""cc:32"":26,""cc:22"":89,""pb"":20}",{},"{""n"":20,""nonzero"":18,""positive"":2,""negative"":16,""zero"":2,""max_abs"":1325,""summary"":{""min"":-1325.0,""p01"":-1315.69,""p05"":-1278.45,""p10"":-1187.8,""p25"":-1006.5,""p50"":-319.5,""p75"":-86.75,""p90"":4.8,""p95"":50.45,""p99"":87.69,""max"":97.0}}","{""n"":0,""ge90"":0,""summary"":{}}",[],[]
121,8,90,Noisy Stabb,2,"[[""ACC3"",756]]","[[""Variation 3"",274],[""Intro 2"",132],[""Variation 4"",102],[""Ending 2"",52],[""Variation 2"",50],[""Variation 1"",46],[""Fill 1"",36],[""Fill 2"",36],[""Ending 3"",16],[""Break"",6],[""Intro 1"",4],[""Intro 3"",1],[""Ending 1"",1]]","{""pb"":176,""cc:11"":11,""cc:7"":11,""cc:0"":11,""cc:32"":10,""cc:22"":3}",{},"{""n"":176,""nonzero"":168,""positive"":1,""negative"":167,""zero"":8,""max_abs"":8192,""summary"":{""min"":-8192.0,""p01"":-8192.0,""p05"":-7925.0,""p10"":-7447.0,""p25"":-5958.0,""p50"":-4032.5,""p75"":-2234.0,""p90"":-745.0,""p95"":-558.75,""p99"":0.0,""max"":23.0}}","{""n"":0,""ge90"":0,""summary"":{}}",[],[]
121,1,93,Cosmic,1,"[[""ACC2"",394]]","[[""Variation 4"",132],[""Intro 1"",87],[""Ending 1"",87],[""Ending 2"",28],[""Fill 2"",23],[""Variation 3"",12],[""Intro 2"",5],[""Intro 3"",5],[""Fill 1"",5],[""Break"",5],[""Ending 3"",5]]","{""cc:11"":10,""cc:7"":10,""cc:0"":10,""cc:32"":10,""pb"":144,""cc:22"":38}",{},"{""n"":144,""nonzero"":142,""positive"":142,""negative"":0,""zero"":2,""max_abs"":4219,""summary"":{""min"":0.0,""p01"":110.08,""p05"":415.5,""p10"":686.0,""p25"":1308.25,""p50"":2669.5,""p75"":3512.5,""p90"":4080.0,""p95"":4147.6,""p99"":4209.11,""max"":4219.0}}","{""n"":0,""ge90"":0,""summary"":{}}",[],[]
121,4,28,R&R Guitar,3,"[[""ACC3"",7378]]","[[""Variation 4"",3000],[""Variation 3"",1184],[""Intro 1"",634],[""Ending 1"",634],[""Variation 2"",570],[""Ending 2"",394],[""Variation 1"",324],[""Fill 2"",233],[""Fill 1"",148],[""Ending 3"",112],[""Intro 2"",93],[""Break"",44],[""Intro 3"",8]]","{""cc:11"":43,""cc:7"":43,""cc:0"":43,""cc:32"":39,""cc:22"":52}",{},"{""n"":0,""nonzero"":0,""positive"":0,""negative"":0,""zero"":0,""max_abs"":0,""summary"":{}}","{""n"":0,""ge90"":0,""summary"":{}}",[],[]
121,10,0,Grand Piano RX,6,"[[""ACC1"",5748],[""ACC4"",406]]","[[""Variation 1"",4316],[""Ending 1"",1006],[""Intro 1"",355],[""Variation 4"",112],[""Variation 3"",107],[""Ending 2"",74],[""Ending 3"",51],[""Fill 1"",33],[""Fill 2"",33],[""Break"",27],[""Variation 2"",26],[""Intro 2"",7],[""Intro 3"",7]]","{""cc:11"":29,""cc:7"":29,""cc:0"":29,""cc:22"":49,""cc:32"":22,""cc:64"":52,""cc:8"":2,""cc:67"":2,""cc:100"":1,""cc:103"":1,""cc:6"":1,""cc:66"":1}","{""64"":{""n"":52,""ge64"":26,""zero"":26,""max"":127}}","{""n"":0,""nonzero"":0,""positive"":0,""negative"":0,""zero"":0,""max_abs"":0,""summary"":{}}","{""n"":0,""ge90"":0,""summary"":{}}",[],[]
121,13,25,Steel Slide Pro1,3,"[[""ACC1"",7025],[""ACC2"",723]]","[[""Variation 3"",1362],[""Variation 4"",1281],[""Intro 1"",1256],[""Ending 1"",988],[""Intro 2"",683],[""Variation 2"",677],[""Variation 1"",576],[""Fill 1"",296],[""Fill 2"",208],[""Ending 2"",204],[""Ending 3"",174],[""Break"",35],[""Intro 3"",8]]","{""cc:11"":43,""cc:7"":43,""cc:0"":43,""cc:32"":43,""cc:22"":46}",{},"{""n"":0,""nonzero"":0,""positive"":0,""negative"":0,""zero"":0,""max_abs"":0,""summary"":{}}","{""n"":0,""ge90"":0,""summary"":{}}",[],[]
121,1,,,68,"[[""BASS"",53],[""ACC3"",37],[""ACC5"",36],[""ACC4"",35],[""ACC2"",27],[""ACC1"",24],[""PERC"",5]]","[[""Variation 1"",83],[""Variation 3"",46],[""Variation 2"",38],[""Intro 1"",23],[""Variation 4"",19],[""Ending 1"",5],[""Fill 2"",2],[""Ending 3"",1]]","{""cc:32"":217}",{},"{""n"":0,""nonzero"":0,""positive"":0,""negative"":0,""zero"":0,""max_abs"":0,""summary"":{}}","{""n"":0,""ge90"":0,""summary"":{}}",[],[]
121,29,61,Tight Brass 2,5,"[[""ACC3"",975],[""ACC2"",692],[""ACC5"",689]]","[[""Variation 4"",1107],[""Variation 1"",340],[""Variation 2"",241],[""Ending 1"",198],[""Intro 1"",178],[""Break"",125],[""Intro 2"",41],[""Ending 3"",34],[""Ending 2"",30],[""Fill 2"",29],[""Fill 1"",16],[""Intro 3"",10],[""Variation 3"",7]]","{""cc:22"":62,""cc:11"":22,""cc:7"":22,""cc:0"":22,""cc:32"":10,""pb"":78}",{},"{""n"":78,""nonzero"":71,""positive"":0,""negative"":71,""zero"":7,""max_abs"":8192,""summary"":{""min"":-8192.0,""p01"":-8088.82,""p05"":-7541.1,""p10"":-6930.4,""p25"":-5204.5,""p50"":-3022.5,""p75"":-974.5,""p90"":-94.8,""p95"":0.0,""p99"":0.0,""max"":0.0}}","{""n"":0,""ge90"":0,""summary"":{}}",[],[]
121,12,25,Reso. Guitar,1,"[[""ACC3"",1370]]","[[""Variation 4"",372],[""Variation 3"",364],[""Intro 1"",243],[""Variation 2"",135],[""Ending 1"",80],[""Fill 2"",57],[""Fill 1"",48],[""Ending 3"",31],[""Intro 2"",18],[""Ending 2"",16],[""Intro 3"",3],[""Break"",3]]","{""pb"":120,""cc:11"":17,""cc:7"":17,""cc:0"":17,""cc:32"":17,""cc:1"":12,""cc:22"":16}","{""1"":{""n"":12,""ge64"":8,""zero"":4,""max"":127}}","{""n"":120,""nonzero"":103,""positive"":85,""negative"":18,""zero"":17,""max_abs"":6826,""summary"":{""min"":-5440.0,""p01"":-5440.0,""p05"":-4745.6,""p10"":-3801.6,""p25"":0.0,""p50"":959.0,""p75"":2815.0,""p90"":4031.0,""p95"":4607.0,""p99"":6501.67,""max"":6826.0}}","{""n"":0,""ge90"":0,""summary"":{}}",[],[]
121,0,50,Synth Strings1GM,9,"[[""ACC4"",1953],[""ACC5"",757]]","[[""Ending 1"",1377],[""Variation 4"",326],[""Intro 2"",289],[""Intro 1"",239],[""Fill 2"",106],[""Variation 3"",88],[""Ending 2"",62],[""Variation 2"",61],[""Ending 3"",56],[""Fill 1"",43],[""Break"",38],[""Variation 1"",16],[""Intro 3"",9]]","{""cc:22"":60,""cc:11"":34,""cc:7"":34,""cc:0"":34,""cc:32"":28,""pb"":24}",{},"{""n"":24,""nonzero"":12,""positive"":0,""negative"":12,""zero"":12,""max_abs"":8192,""summary"":{""min"":-8192.0,""p01"":-8192.0,""p05"":-8192.0,""p10"":-8192.0,""p25"":-8192.0,""p50"":-4096.0,""p75"":0.0,""p90"":0.0,""p95"":0.0,""p99"":0.0,""max"":0.0}}","{""n"":0,""ge90"":0,""summary"":{}}",[],[]
121,4,59,Mute Ensemble 2,3,"[[""ACC3"",1925]]","[[""Intro 1"",513],[""Variation 4"",321],[""Ending 1"",321],[""Variation 3"",236],[""Variation 2"",172],[""Ending 2"",105],[""Ending 3"",67],[""Intro 2"",60],[""Variation 1"",54],[""Fill 2"",39],[""Fill 1"",16],[""Break"",16],[""Intro 3"",5]]","{""cc:11"":32,""cc:7"":32,""cc:0"":32,""cc:32"":28,""pb"":59,""cc:22"":27,""cc:64"":1}","{""64"":{""n"":1,""ge64"":0,""zero"":1,""max"":0}}","{""n"":59,""nonzero"":56,""positive"":56,""negative"":0,""zero"":3,""max_abs"":8191,""summary"":{""min"":0.0,""p01"":0.0,""p05"":114.3,""p10"":613.4,""p25"":2175.0,""p50"":4351.0,""p75"":6719.0,""p90"":7755.8,""p95"":8075.8,""p99"":8191.0,""max"":8191.0}}","{""n"":0,""ge90"":0,""summary"":{}}",[],[]
121,6,26,JazzGtr SlidePro,2,"[[""ACC2"",4076],[""ACC5"",757]]","[[""Variation 3"",1240],[""Variation 4"",1220],[""Variation 2"",908],[""Intro 1"",347],[""Intro 2"",318],[""Ending 1"",239],[""Fill 1"",183],[""Fill 2"",131],[""Ending 3"",124],[""Variation 1"",52],[""Break"",39],[""Ending 2"",25],[""Intro 3"",7]]","{""cc:11"":43,""cc:7"":43,""cc:0"":43,""cc:32"":43,""cc:22"":35}",{},"{""n"":0,""nonzero"":0,""positive"":0,""negative"":0,""zero"":0,""max_abs"":0,""summary"":{}}","{""n"":0,""ge90"":0,""summary"":{}}",[],[]
121,5,35,Dark R&B Bass2,3,"[[""BASS"",1163]]","[[""Ending 1"",257],[""Intro 1"",225],[""Variation 4"",117],[""Ending 2"",107],[""Variation 3"",78],[""Fill 1"",74],[""Fill 2"",74],[""Variation 2"",58],[""Ending 3"",46],[""Variation 1"",44],[""Break"",40],[""Intro 2"",27],[""Intro 3"",16]]","{""cc:11"":43,""cc:7"":43,""cc:0"":43,""cc:32"":43,""cc:22"":33,""cc:64"":2}","{""64"":{""n"":2,""ge64"":1,""zero"":1,""max"":127}}","{""n"":0,""nonzero"":0,""positive"":0,""negative"":0,""zero"":0,""max_abs"":0,""summary"":{}}","{""n"":0,""ge90"":0,""summary"":{}}",[],[]
121,4,71,Section Winds 2,2,"[[""ACC1"",1511],[""ACC5"",1046]]","[[""Variation 4"",584],[""Ending 1"",470],[""Intro 1"",250],[""Variation 2"",242],[""Ending 2"",183],[""Variation 3"",166],[""Variation 1"",160],[""Intro 2"",154],[""Fill 2"",148],[""Ending 3"",123],[""Fill 1"",58],[""Break"",15],[""Intro 3"",4]]","{""pb"":58,""cc:11"":33,""cc:7"":33,""cc:0"":33,""cc:32"":33,""cc:22"":15}",{},"{""n"":58,""nonzero"":29,""positive"":0,""negative"":29,""zero"":29,""max_abs"":4096,""summary"":{""min"":-4096.0,""p01"":-4096.0,""p05"":-4096.0,""p10"":-4096.0,""p25"":-4096.0,""p50"":-2048.0,""p75"":0.0,""p90"":0.0,""p95"":0.0,""p99"":0.0,""max"":0.0}}","{""n"":0,""ge90"":0,""summary"":{}}",[],[]
121,4,30,Power Chords,3,"[[""ACC3"",1725],[""ACC1"",11]]","[[""Variation 4"",476],[""Variation 3"",402],[""Ending 1"",191],[""Variation 2"",138],[""Intro 1"",122],[""Ending 2"",105],[""Intro 2"",98],[""Fill 2"",86],[""Ending 3"",45],[""Fill 1"",42],[""Break"",23],[""Intro 3"",8]]","{""cc:11"":32,""cc:7"":32,""cc:0"":32,""cc:32"":31,""cc:22"":51,""pb"":24}",{},"{""n"":24,""nonzero"":12,""positive"":0,""negative"":12,""zero"":12,""max_abs"":2112,""summary"":{""min"":-2112.0,""p01"":-2112.0,""p05"":-2112.0,""p10"":-2112.0,""p25"":-2112.0,""p50"":-1056.0,""p75"":0.0,""p90"":0.0,""p95"":0.0,""p99"":0.0,""max"":0.0}}","{""n"":0,""ge90"":0,""summary"":{}}",[],[]
121,16,24,RealNylon Gtr ST,5,"[[""ACC3"",3252],[""ACC2"",2720],[""ACC4"",419]]","[[""Intro 1"",1415],[""Variation 4"",1276],[""Ending 1"",1202],[""Variation 3"",588],[""Variation 2"",492],[""Variation 1"",416],[""Ending 2"",255],[""Intro 2"",228],[""Fill 2"",151],[""Ending 3"",109],[""Fill 1"",107],[""Break"",103],[""Intro 3"",49]]","{""cc:11"":45,""cc:7"":45,""cc:0"":45,""cc:32"":42,""cc:22"":24}",{},"{""n"":0,""nonzero"":0,""positive"":0,""negative"":0,""zero"":0,""max_abs"":0,""summary"":{}}","{""n"":0,""ge90"":0,""summary"":{}}",[],[]
121,10,4,Dyno Tine EP 1,5,"[[""ACC2"",2551],[""ACC1"",689]]","[[""Intro 1"",715],[""Ending 1"",619],[""Variation 4"",584],[""Variation 3"",300],[""Ending 2"",230],[""Ending 3"",198],[""Intro 2"",172],[""Variation 2"",136],[""Variation 1"",128],[""Fill 2"",56],[""Fill 1"",49],[""Break"",44],[""Intro 3"",9]]","{""cc:11"":42,""cc:7"":42,""cc:0"":42,""cc:32"":39,""cc:22"":35}",{},"{""n"":0,""nonzero"":0,""positive"":0,""negative"":0,""zero"":0,""max_abs"":0,""summary"":{}}","{""n"":0,""ge90"":0,""summary"":{}}",[],[]
121,21,4,Suit E.Piano 2,9,"[[""ACC1"",2529],[""ACC4"",213],[""ACC2"",93]]","[[""Variation 2"",750],[""Intro 1"",482],[""Variation 4"",404],[""Variation 1"",244],[""Ending 2"",222],[""Intro 2"",166],[""Ending 1"",122],[""Variation 3"",117],[""Ending 3"",111],[""Fill 1"",93],[""Fill 2"",87],[""Break"",30],[""Intro 3"",7]]","{""cc:22"":41,""cc:11"":43,""cc:7"":43,""cc:0"":43,""cc:32"":27}",{},"{""n"":0,""nonzero"":0,""positive"":0,""negative"":0,""zero"":0,""max_abs"":0,""summary"":{}}","{""n"":0,""ge90"":0,""summary"":{}}",[],[]
121,3,67,Baritone Sax Pro,2,"[[""ACC4"",594],[""ACC3"",352]]","[[""Variation 4"",588],[""Variation 1"",88],[""Intro 2"",88],[""Ending 2"",80],[""Fill 1"",42],[""Ending 3"",40],[""Variation 2"",6],[""Fill 2"",6],[""Intro 1"",6],[""Intro 3"",2]]","{""cc:11"":10,""cc:7"":10,""cc:0"":10,""cc:22"":2,""cc:32"":4,""pb"":158}",{},"{""n"":158,""nonzero"":148,""positive"":0,""negative"":148,""zero"":10,""max_abs"":4974,""summary"":{""min"":-4974.0,""p01"":-4974.0,""p05"":-4900.9,""p10"":-4813.1,""p25"":-4507.75,""p50"":-2658.0,""p75"":-1312.0,""p90"":-428.0,""p95"":0.0,""p99"":0.0,""max"":0.0}}","{""n"":0,""ge90"":0,""summary"":{}}",[],[]
120,0,96,Elektro Kit 1,2,"[[""DRUM"",4438],[""PERC"",1703]]","[[""Intro 1"",1376],[""Ending 1"",840],[""Variation 4"",718],[""Variation 2"",698],[""Variation 3"",654],[""Variation 1"",546],[""Ending 2"",309],[""Ending 3"",219],[""Intro 2"",201],[""Fill 1"",173],[""Fill 2"",167],[""Break"",123],[""Intro 3"",117]]","{""cc:11"":43,""cc:7"":43,""cc:0"":43,""cc:32"":43,""cc:22"":21}",{},"{""n"":0,""nonzero"":0,""positive"":0,""negative"":0,""zero"":0,""max_abs"":0,""summary"":{}}","{""n"":0,""ge90"":0,""summary"":{}}",[],[]
121,3,4,60's E. Piano,4,"[[""ACC1"",5857]]","[[""Ending 1"",1831],[""Variation 1"",1366],[""Intro 1"",790],[""Variation 4"",483],[""Ending 2"",394],[""Ending 3"",272],[""Variation 2"",264],[""Variation 3"",144],[""Intro 2"",97],[""Fill 1"",90],[""Fill 2"",66],[""Break"",52],[""Intro 3"",8]]","{""cc:11"":33,""cc:7"":33,""cc:0"":33,""cc:32"":33,""cc:22"":50,""cc:64"":11}","{""64"":{""n"":11,""ge64"":2,""zero"":9,""max"":76}}","{""n"":0,""nonzero"":0,""positive"":0,""negative"":0,""zero"":0,""max_abs"":0,""summary"":{}}","{""n"":0,""ge90"":0,""summary"":{}}",[],[]
121,23,21,Master Accordion,6,"[[""ACC5"",1561],[""ACC3"",1182]]","[[""Intro 1"",952],[""Ending 1"",800],[""Variation 3"",256],[""Ending 2"",253],[""Ending 3"",220],[""Intro 2"",192],[""Break"",31],[""Fill 1"",14],[""Intro 3"",12],[""Fill 2"",11],[""Variation 4"",2]]","{""cc:22"":66,""cc:11"":32,""cc:7"":32,""cc:0"":32,""cc:32"":31}",{},"{""n"":0,""nonzero"":0,""positive"":0,""negative"":0,""zero"":0,""max_abs"":0,""summary"":{}}","{""n"":0,""ge90"":0,""summary"":{}}",[],[]
121,2,84,Synchro City,1,"[[""ACC2"",264]]","[[""Ending 1"",128],[""Intro 1"",124],[""Intro 2"",4],[""Ending 2"",2],[""Ending 3"",2],[""Intro 3"",1],[""Fill 1"",1],[""Fill 2"",1],[""Break"",1]]","{""pb"":128,""cc:1"":48,""cc:11"":2,""cc:7"":2,""cc:0"":2,""cc:22"":9,""cc:32"":1}","{""1"":{""n"":48,""ge64"":24,""zero"":8,""max"":127}}","{""n"":128,""nonzero"":116,""positive"":0,""negative"":116,""zero"":12,""max_abs"":8192,""summary"":{""min"":-8192.0,""p01"":-8192.0,""p05"":-8192.0,""p10"":-8192.0,""p25"":-6875.5,""p50"":-3538.0,""p75"":-1294.0,""p90"":-61.0,""p95"":0.0,""p99"":0.0,""max"":0.0}}","{""n"":0,""ge90"":0,""summary"":{}}",[],[]
121,6,25,Hackbrett,3,"[[""ACC2"",2388]]","[[""Intro 1"",462],[""Ending 1"",392],[""Variation 4"",388],[""Ending 2"",248],[""Variation 3"",204],[""Intro 2"",156],[""Ending 3"",137],[""Variation 2"",118],[""Fill 2"",118],[""Variation 1"",68],[""Fill 1"",55],[""Break"",36],[""Intro 3"",6]]","{""cc:11"":42,""cc:7"":42,""cc:0"":42,""cc:32"":42,""cc:22"":20}",{},"{""n"":0,""nonzero"":0,""positive"":0,""negative"":0,""zero"":0,""max_abs"":0,""summary"":{}}","{""n"":0,""ge90"":0,""summary"":{}}",[],[]
120,0,11,Techno Kit 1,4,"[[""DRUM"",8162],[""PERC"",701]]","[[""Intro 1"",1788],[""Ending 1"",1769],[""Variation 4"",932],[""Variation 3"",844],[""Variation 2"",716],[""Variation 1"",680],[""Ending 2"",456],[""Intro 2"",416],[""Fill 2"",365],[""Ending 3"",301],[""Intro 3"",272],[""Fill 1"",180],[""Break"",144]]","{""cc:11"":39,""cc:7"":39,""cc:0"":39,""cc:32"":39,""cc:22"":31}",{},"{""n"":0,""nonzero"":0,""positive"":0,""negative"":0,""zero"":0,""max_abs"":0,""summary"":{}}","{""n"":0,""ge90"":0,""summary"":{}}",[],[]
120,0,15,Techno Kit 3,3,"[[""PERC"",6376],[""DRUM"",2353]]","[[""Ending 1"",2564],[""Intro 1"",1796],[""Variation 4"",1146],[""Variation 3"",718],[""Ending 2"",489],[""Variation 2"",458],[""Intro 2"",425],[""Variation 1"",360],[""Fill 2"",243],[""Fill 1"",163],[""Ending 3"",157],[""Intro 3"",110],[""Break"",100]]","{""cc:11"":41,""cc:7"":41,""cc:0"":41,""cc:32"":41,""cc:22"":23}",{},"{""n"":0,""nonzero"":0,""positive"":0,""negative"":0,""zero"":0,""max_abs"":0,""summary"":{}}","{""n"":0,""ge90"":0,""summary"":{}}",[],[]
121,32,26,Pedal Steel Gtr1,1,"[[""ACC3"",333]]","[[""Variation 3"",333]]","{""cc:32"":3,""pb"":137,""cc:1"":28,""cc:8"":3,""cc:67"":6,""cc:7"":3,""cc:116"":3}","{""1"":{""n"":28,""ge64"":9,""zero"":11,""max"":127}}","{""n"":137,""nonzero"":126,""positive"":34,""negative"":92,""zero"":11,""max_abs"":8192,""summary"":{""min"":-8192.0,""p01"":-8192.0,""p05"":-7744.0,""p10"":-5888.0,""p25"":-3904.0,""p50"":-1472.0,""p75"":0.0,""p90"":4773.4,""p95"":6808.6,""p99"":8191.0,""max"":8191.0}}","{""n"":0,""ge90"":0,""summary"":{}}",[],[]
121,0,4,E. Piano 1 GM,4,"[[""ACC1"",2407]]","[[""Ending 1"",829],[""Variation 4"",408],[""Variation 2"",288],[""Intro 2"",173],[""Intro 1"",146],[""Variation 3"",140],[""Ending 3"",100],[""Ending 2"",99],[""Variation 1"",86],[""Fill 2"",61],[""Break"",46],[""Fill 1"",27],[""Intro 3"",4]]","{""cc:11"":34,""cc:7"":34,""cc:0"":34,""cc:22"":20,""cc:32"":29,""cc:64"":24,""cc:8"":2,""cc:67"":2,""cc:100"":1,""cc:103"":1,""cc:6"":1,""cc:66"":1}","{""64"":{""n"":24,""ge64"":12,""zero"":12,""max"":127}}","{""n"":0,""nonzero"":0,""positive"":0,""negative"":0,""zero"":0,""max_abs"":0,""summary"":{}}","{""n"":0,""ge90"":0,""summary"":{}}",[],[]
121,11,33,More mid! Bass,3,"[[""BASS"",2576]]","[[""Ending 1"",510],[""Variation 4"",422],[""Variation 3"",386],[""Intro 1"",378],[""Variation 2"",254],[""Variation 1"",152],[""Ending 2"",149],[""Intro 2"",75],[""Fill 2"",61],[""Fill 1"",59],[""Ending 3"",59],[""Break"",41],[""Intro 3"",30]]","{""cc:11"":40,""cc:7"":40,""cc:0"":40,""cc:32"":40,""cc:22"":22}",{},"{""n"":0,""nonzero"":0,""positive"":0,""negative"":0,""zero"":0,""max_abs"":0,""summary"":{}}","{""n"":0,""ge90"":0,""summary"":{}}",[],[]
121,13,,,62,"[[""ACC3"",45],[""ACC4"",35],[""ACC2"",32],[""BASS"",25],[""ACC5"",22],[""ACC1"",18]]","[[""Variation 1"",66],[""Variation 2"",44],[""Intro 1"",27],[""Variation 3"",17],[""Variation 4"",12],[""Ending 1"",5],[""Fill 1"",2],[""Ending 2"",2],[""Fill 2"",2]]","{""cc:32"":177}",{},"{""n"":0,""nonzero"":0,""positive"":0,""negative"":0,""zero"":0,""max_abs"":0,""summary"":{}}","{""n"":0,""ge90"":0,""summary"":{}}",[],[]
120,0,73,Techno Kit RX,3,"[[""DRUM"",7820]]","[[""Ending 1"",2030],[""Intro 1"",1824],[""Variation 4"",666],[""Ending 2"",633],[""Variation 3"",564],[""Variation 2"",452],[""Variation 1"",414],[""Intro 2"",244],[""Ending 3"",243],[""Fill 2"",237],[""Fill 1"",227],[""Break"",163],[""Intro 3"",123]]","{""cc:11"":38,""cc:7"":38,""cc:0"":38,""cc:32"":38,""cc:22"":22}",{},"{""n"":0,""nonzero"":0,""positive"":0,""negative"":0,""zero"":0,""max_abs"":0,""summary"":{}}","{""n"":0,""ge90"":0,""summary"":{}}",[],[]
121,1,28,Funky Cut Gtr,1,"[[""ACC1"",3994]]","[[""Variation 4"",1058],[""Variation 3"",850],[""Variation 2"",646],[""Ending 1"",312],[""Intro 1"",223],[""Ending 2"",189],[""Variation 1"",176],[""Fill 2"",171],[""Intro 2"",161],[""Ending 3"",89],[""Fill 1"",79],[""Break"",37],[""Intro 3"",3]]","{""cc:11"":25,""cc:7"":25,""cc:0"":25,""cc:32"":25,""pb"":63,""cc:22"":11}",{},"{""n"":63,""nonzero"":39,""positive"":23,""negative"":16,""zero"":24,""max_abs"":8192,""summary"":{""min"":-8192.0,""p01"":-8192.0,""p05"":-8192.0,""p10"":-8192.0,""p25"":-2048.0,""p50"":0.0,""p75"":2112.0,""p90"":4096.0,""p95"":4096.0,""p99"":4096.0,""max"":4096.0}}","{""n"":0,""ge90"":0,""summary"":{}}",[],[]
121,9,25,Steel Folk Gtr,2,"[[""ACC2"",4704],[""ACC4"",569]]","[[""Variation 4"",1286],[""Variation 3"",1268],[""Ending 1"",699],[""Variation 2"",454],[""Variation 1"",384],[""Intro 1"",285],[""Intro 2"",270],[""Ending 2"",230],[""Ending 3"",122],[""Fill 2"",93],[""Break"",90],[""Fill 1"",76],[""Intro 3"",16]]","{""cc:11"":36,""cc:7"":36,""cc:0"":36,""cc:32"":36,""cc:22"":20,""pb"":6,""cc:64"":3}","{""64"":{""n"":3,""ge64"":0,""zero"":3,""max"":0}}","{""n"":6,""nonzero"":5,""positive"":5,""negative"":0,""zero"":1,""max_abs"":8191,""summary"":{""min"":0.0,""p01"":31.95,""p05"":159.75,""p10"":319.5,""p25"":1247.25,""p50"":3967.5,""p75"":5823.75,""p90"":7167.5,""p95"":7679.25,""p99"":8088.65,""max"":8191.0}}","{""n"":0,""ge90"":0,""summary"":{}}",[],[]
121,5,,,67,"[[""ACC5"",43],[""ACC1"",31],[""ACC3"",30],[""ACC2"",28],[""ACC4"",23],[""BASS"",15]]","[[""Variation 1"",64],[""Intro 1"",34],[""Variation 3"",28],[""Variation 2"",19],[""Variation 4"",15],[""Ending 1"",7],[""Ending 3"",2],[""Fill 2"",1]]","{""cc:32"":170}",{},"{""n"":0,""nonzero"":0,""positive"":0,""negative"":0,""zero"":0,""max_abs"":0,""summary"":{}}","{""n"":0,""ge90"":0,""summary"":{}}",[],[]
121,0,9,Glockenspiel GM,4,"[[""ACC3"",1443],[""ACC5"",898],[""ACC1"",222],[""ACC4"",196]]","[[""Intro 1"",609],[""Variation 3"",592],[""Ending 1"",421],[""Variation 4"",410],[""Ending 2"",199],[""Intro 2"",193],[""Fill 2"",127],[""Ending 3"",101],[""Variation 2"",64],[""Fill 1"",29],[""Intro 3"",7],[""Break"",7]]","{""cc:11"":32,""cc:7"":32,""cc:0"":32,""cc:32"":30,""cc:22"":39}",{},"{""n"":0,""nonzero"":0,""positive"":0,""negative"":0,""zero"":0,""max_abs"":0,""summary"":{}}","{""n"":0,""ge90"":0,""summary"":{}}",[],[]
121,3,7,Clav Snap,2,"[[""ACC2"",1617]]","[[""Intro 1"",448],[""Variation 4"",416],[""Intro 2"",150],[""Variation 1"",128],[""Ending 2"",110],[""Variation 2"",101],[""Ending 1"",84],[""Ending 3"",62],[""Break"",52],[""Fill 1"",49],[""Fill 2"",12],[""Intro 3"",3],[""Variation 3"",2]]","{""cc:22"":19,""cc:11"":16,""cc:7"":16,""cc:0"":16,""cc:32"":14,""pb"":62,""cc:1"":22}","{""1"":{""n"":22,""ge64"":14,""zero"":2,""max"":127}}","{""n"":62,""nonzero"":52,""positive"":52,""negative"":0,""zero"":10,""max_abs"":8191,""summary"":{""min"":0.0,""p01"":0.0,""p05"":0.0,""p10"":0.0,""p25"":895.0,""p50"":3776.0,""p75"":5861.75,""p90"":7325.5,""p95"":8098.7,""p99"":8191.0,""max"":8191.0}}","{""n"":0,""ge90"":0,""summary"":{}}",[],[]
121,3,5,EP Legend,1,"[[""ACC2"",929]]","[[""Intro 1"",399],[""Ending 1"",294],[""Ending 2"",84],[""Variation 4"",58],[""Ending 3"",31],[""Fill 2"",17],[""Variation 3"",16],[""Fill 1"",13],[""Break"",13],[""Intro 2"",2],[""Intro 3"",2]]","{""cc:11"":9,""cc:7"":9,""cc:0"":9,""cc:32"":9,""cc:64"":112,""cc:22"":9,""cc:8"":2,""cc:67"":2,""cc:100"":1,""cc:103"":1,""cc:6"":1,""cc:66"":1}","{""64"":{""n"":112,""ge64"":56,""zero"":55,""max"":127}}","{""n"":0,""nonzero"":0,""positive"":0,""negative"":0,""zero"":0,""max_abs"":0,""summary"":{}}","{""n"":0,""ge90"":0,""summary"":{}}",[],[]
121,10,61,Trombone Ens.,2,"[[""ACC4"",1708],[""ACC2"",94]]","[[""Variation 2"",288],[""Variation 4"",272],[""Intro 1"",236],[""Ending 2"",214],[""Ending 1"",208],[""Intro 2"",162],[""Variation 1"",142],[""Variation 3"",104],[""Ending 3"",74],[""Fill 1"",49],[""Fill 2"",49],[""Intro 3"",2],[""Break"",2]]","{""cc:11"":19,""cc:7"":19,""cc:0"":19,""cc:32"":17,""cc:1"":71,""cc:22"":10,""pb"":7}","{""1"":{""n"":71,""ge64"":0,""zero"":13,""max"":61}}","{""n"":7,""nonzero"":6,""positive"":0,""negative"":6,""zero"":1,""max_abs"":5488,""summary"":{""min"":-5488.0,""p01"":-5482.96,""p05"":-5462.8,""p10"":-5437.6,""p25"":-5193.0,""p50"":-4560.0,""p75"":-1179.0,""p90"":-304.2,""p95"":-152.1,""p99"":-30.42,""max"":0.0}}","{""n"":0,""ge90"":0,""summary"":{}}",[],[]
121,4,23,"Acc.16,8' & Bass",2,"[[""ACC5"",3581]]","[[""Variation 3"",536],[""Variation 4"",536],[""Variation 2"",526],[""Ending 1"",478],[""Intro 1"",474],[""Variation 1"",388],[""Intro 2"",304],[""Ending 2"",84],[""Ending 3"",84],[""Fill 1"",60],[""Fill 2"",60],[""Break"",45],[""Intro 3"",6]]","{""cc:11"":30,""cc:7"":30,""cc:0"":30,""cc:32"":30,""pb"":8,""cc:22"":33}",{},"{""n"":8,""nonzero"":4,""positive"":4,""negative"":0,""zero"":4,""max_abs"":8064,""summary"":{""min"":0.0,""p01"":0.0,""p05"":0.0,""p10"":0.0,""p25"":0.0,""p50"":4032.0,""p75"":8064.0,""p90"":8064.0,""p95"":8064.0,""p99"":8064.0,""max"":8064.0}}","{""n"":0,""ge90"":0,""summary"":{}}",[],[]
120,0,18,Power Kit RX1,3,"[[""DRUM"",2277]]","[[""Ending 1"",389],[""Variation 4"",351],[""Variation 3"",256],[""Intro 1"",233],[""Variation 2"",196],[""Ending 2"",184],[""Fill 1"",171],[""Fill 2"",153],[""Variation 1"",138],[""Intro 2"",61],[""Break"",61],[""Ending 3"",59],[""Intro 3"",25]]","{""cc:11"":34,""cc:7"":34,""cc:0"":34,""cc:32"":34,""cc:22"":23}",{},"{""n"":0,""nonzero"":0,""positive"":0,""negative"":0,""zero"":0,""max_abs"":0,""summary"":{}}","{""n"":0,""ge90"":0,""summary"":{}}",[],[]
121,4,16,Organ Low 1 V.,6,"[[""BASS"",622],[""ACC3"",518],[""ACC2"",386],[""ACC4"",134]]","[[""Variation 1"",582],[""Variation 3"",216],[""Intro 1"",142],[""Fill 1"",117],[""Variation 4"",116],[""Ending 1"",110],[""Variation 2"",103],[""Intro 2"",78],[""Ending 2"",70],[""Fill 2"",48],[""Ending 3"",44],[""Break"",25],[""Intro 3"",9]]","{""cc:11"":39,""cc:7"":39,""cc:0"":39,""cc:32"":29,""cc:22"":12}",{},"{""n"":0,""nonzero"":0,""positive"":0,""negative"":0,""zero"":0,""max_abs"":0,""summary"":{}}","{""n"":0,""ge90"":0,""summary"":{}}",[],[]
121,32,26,Pedal Steel Gtr2,1,"[[""ACC3"",274]]","[[""Ending 1"",274]]","{""cc:32"":4,""pb"":72,""cc:1"":52,""cc:8"":4,""cc:67"":4,""cc:100"":6,""cc:103"":2,""cc:6"":2,""cc:66"":2,""cc:115"":2,""cc:110"":2,""cc:121"":2,""cc:4"":2,""cc:19"":2}","{""1"":{""n"":52,""ge64"":22,""zero"":14,""max"":127}}","{""n"":72,""nonzero"":60,""positive"":9,""negative"":51,""zero"":12,""max_abs"":8192,""summary"":{""min"":-8192.0,""p01"":-8192.0,""p05"":-8192.0,""p10"":-8192.0,""p25"":-6839.0,""p50"":-3631.0,""p75"":0.0,""p90"":1336.0,""p95"":4095.0,""p99"":6863.3,""max"":8191.0}}","{""n"":0,""ge90"":0,""summary"":{}}",[],"[[101,105,6,50,2]]"
121,19,56,Concert Trumpet,2,"[[""ACC3"",1795]]","[[""Ending 1"",370],[""Intro 1"",350],[""Variation 4"",320],[""Variation 3"",144],[""Ending 2"",136],[""Fill 1"",132],[""Fill 2"",122],[""Variation 2"",76],[""Intro 2"",46],[""Ending 3"",36],[""Variation 1"",36],[""Break"",21],[""Intro 3"",6]]","{""cc:11"":31,""cc:7"":31,""cc:0"":31,""cc:32"":31,""cc:22"":31}",{},"{""n"":0,""nonzero"":0,""positive"":0,""negative"":0,""zero"":0,""max_abs"":0,""summary"":{}}","{""n"":0,""ge90"":0,""summary"":{}}",[],[]
121,30,25,RealFolk Gtr ST2,5,"[[""ACC5"",4849],[""ACC4"",656],[""ACC1"",122]]","[[""Intro 1"",1755],[""Ending 1"",1198],[""Variation 4"",888],[""Variation 2"",334],[""Variation 3"",332],[""Variation 1"",306],[""Fill 1"",210],[""Ending 2"",194],[""Intro 2"",128],[""Fill 2"",104],[""Ending 3"",100],[""Break"",40],[""Intro 3"",38]]","{""cc:11"":36,""cc:7"":36,""cc:0"":36,""cc:32"":31,""cc:22"":14}",{},"{""n"":0,""nonzero"":0,""positive"":0,""negative"":0,""zero"":0,""max_abs"":0,""summary"":{}}","{""n"":0,""ge90"":0,""summary"":{}}",[],[]
121,10,5,Phantom Tine,2,"[[""ACC1"",866],[""ACC3"",141]]","[[""Ending 1"",354],[""Intro 1"",298],[""Variation 4"",112],[""Variation 3"",81],[""Ending 2"",64],[""Ending 3"",48],[""Fill 2"",25],[""Break"",16],[""Intro 2"",3],[""Intro 3"",3],[""Fill 1"",3]]","{""cc:64"":95,""cc:11"":10,""cc:7"":10,""cc:0"":10,""cc:32"":10,""cc:22"":18}","{""64"":{""n"":95,""ge64"":46,""zero"":49,""max"":127}}","{""n"":0,""nonzero"":0,""positive"":0,""negative"":0,""zero"":0,""max_abs"":0,""summary"":{}}","{""n"":0,""ge90"":0,""summary"":{}}",[],[]
121,18,56,Trumpet Shake Y+,3,"[[""ACC5"",857],[""ACC3"",47]]","[[""Intro 1"",556],[""Ending 1"",83],[""Variation 3"",64],[""Fill 1"",46],[""Ending 2"",35],[""Intro 2"",29],[""Variation 4"",27],[""Fill 2"",23],[""Break"",20],[""Ending 3"",15],[""Intro 3"",6]]","{""cc:11"":14,""cc:7"":14,""cc:0"":14,""cc:32"":10,""cc:22"":14,""cc:1"":71,""pb"":15}","{""1"":{""n"":71,""ge64"":37,""zero"":3,""max"":127}}","{""n"":15,""nonzero"":14,""positive"":1,""negative"":13,""zero"":1,""max_abs"":7552,""summary"":{""min"":-7552.0,""p01"":-7498.24,""p05"":-7283.2,""p10"":-6707.6,""p25"":-4288.5,""p50"":-1153.0,""p75"":-192.0,""p90"":-0.4,""p95"":652.8,""p99"":1871.36,""max"":2176.0}}","{""n"":0,""ge90"":0,""summary"":{}}",[],[]
121,34,61,Trpts &Trombs,3,"[[""ACC3"",803],[""ACC2"",246],[""ACC5"",175]]","[[""Intro 1"",292],[""Variation 2"",240],[""Ending 1"",206],[""Intro 2"",152],[""Ending 2"",95],[""Fill 2"",88],[""Fill 1"",59],[""Ending 3"",48],[""Break"",32],[""Intro 3"",6],[""Variation 3"",6]]","{""pb"":81,""cc:11"":17,""cc:7"":17,""cc:0"":17,""cc:32"":13,""cc:22"":7}",{},"{""n"":81,""nonzero"":72,""positive"":0,""negative"":72,""zero"":9,""max_abs"":4800,""summary"":{""min"":-4800.0,""p01"":-4800.0,""p05"":-4800.0,""p10"":-4498.0,""p25"":-3840.0,""p50"":-2089.0,""p75"":-832.0,""p90"":0.0,""p95"":0.0,""p99"":0.0,""max"":0.0}}","{""n"":0,""ge90"":0,""summary"":{}}",[],[]
121,9,4,Thin E. Piano,4,"[[""ACC1"",2519]]","[[""Intro 1"",1072],[""Ending 1"",515],[""Variation 3"",425],[""Ending 2"",155],[""Variation 4"",129],[""Ending 3"",57],[""Variation 2"",48],[""Intro 2"",41],[""Fill 2"",35],[""Fill 1"",27],[""Break"",13],[""Intro 3"",2]]","{""cc:11"":17,""cc:7"":17,""cc:0"":17,""cc:32"":12,""cc:64"":76,""cc:22"":10}","{""64"":{""n"":76,""ge64"":37,""zero"":38,""max"":127}}","{""n"":0,""nonzero"":0,""positive"":0,""negative"":0,""zero"":0,""max_abs"":0,""summary"":{}}","{""n"":0,""ge90"":0,""summary"":{}}",[],[]
121,33,25,Real 12 Strings,2,"[[""ACC3"",1146],[""ACC1"",795]]","[[""Variation 4"",550],[""Variation 3"",542],[""Ending 1"",258],[""Intro 1"",250],[""Ending 2"",122],[""Ending 3"",60],[""Intro 2"",56],[""Fill 1"",31],[""Fill 2"",26],[""Break"",18],[""Variation 2"",16],[""Variation 1"",8],[""Intro 3"",4]]","{""cc:11"":29,""cc:7"":29,""cc:0"":29,""cc:32"":29,""cc:22"":15,""pb"":16}",{},"{""n"":16,""nonzero"":10,""positive"":8,""negative"":2,""zero"":6,""max_abs"":4085,""summary"":{""min"":-4085.0,""p01"":-4085.0,""p05"":-4085.0,""p10"":-2042.5,""p25"":0.0,""p50"":5.5,""p75"":11.0,""p90"":11.0,""p95"":11.0,""p99"":11.0,""max"":11.0}}","{""n"":0,""ge90"":0,""summary"":{}}",[],[]
121,0,105,Banjo GM,2,"[[""ACC3"",3258],[""ACC4"",589]]","[[""Variation 4"",696],[""Variation 3"",684],[""Variation 2"",588],[""Variation 1"",572],[""Ending 1"",364],[""Intro 1"",344],[""Ending 2"",187],[""Intro 2"",146],[""Ending 3"",95],[""Fill 2"",79],[""Fill 1"",75],[""Break"",13],[""Intro 3"",4]]","{""cc:11"":33,""cc:7"":33,""cc:0"":33,""cc:32"":33,""cc:22"":13}",{},"{""n"":0,""nonzero"":0,""positive"":0,""negative"":0,""zero"":0,""max_abs"":0,""summary"":{}}","{""n"":0,""ge90"":0,""summary"":{}}",[],[]
121,32,61,Big Band Brass 1,1,"[[""ACC5"",1629]]","[[""Variation 4"",744],[""Variation 2"",136],[""Variation 3"",136],[""Variation 1"",120],[""Ending 3"",104],[""Ending 1"",90],[""Fill 2"",84],[""Intro 1"",78],[""Ending 2"",55],[""Fill 1"",50],[""Intro 2"",15],[""Break"",13],[""Intro 3"",4]]","{""cc:11"":25,""cc:7"":25,""cc:0"":25,""cc:32"":25,""cc:22"":23,""cc:1"":20}","{""1"":{""n"":20,""ge64"":8,""zero"":4,""max"":100}}","{""n"":0,""nonzero"":0,""positive"":0,""negative"":0,""zero"":0,""max_abs"":0,""summary"":{}}","{""n"":0,""ge90"":0,""summary"":{}}",[],[]
121,0,26,Jazz Guitar GM,2,"[[""ACC1"",2695],[""ACC4"",618]]","[[""Variation 3"",656],[""Variation 4"",624],[""Variation 2"",606],[""Intro 1"",419],[""Ending 1"",349],[""Variation 1"",300],[""Intro 2"",104],[""Ending 2"",83],[""Fill 2"",59],[""Ending 3"",57],[""Fill 1"",37],[""Break"",14],[""Intro 3"",5]]","{""cc:11"":29,""cc:7"":29,""cc:0"":29,""cc:32"":29,""cc:22"":27}",{},"{""n"":0,""nonzero"":0,""positive"":0,""negative"":0,""zero"":0,""max_abs"":0,""summary"":{}}","{""n"":0,""ge90"":0,""summary"":{}}",[],[]
121,11,,,57,"[[""ACC4"",35],[""ACC2"",32],[""ACC3"",29],[""ACC1"",22],[""BASS"",15],[""ACC5"",9]]","[[""Variation 1"",78],[""Intro 1"",26],[""Variation 3"",16],[""Variation 2"",9],[""Variation 4"",9],[""Ending 1"",3],[""Intro 2"",1]]","{""cc:32"":142}",{},"{""n"":0,""nonzero"":0,""positive"":0,""negative"":0,""zero"":0,""max_abs"":0,""summary"":{}}","{""n"":0,""ge90"":0,""summary"":{}}",[],[]
121,9,32,Jazz Bass,1,"[[""BASS"",1240]]","[[""Variation 4"",248],[""Variation 2"",240],[""Variation 3"",240],[""Variation 1"",224],[""Intro 1"",110],[""Ending 1"",62],[""Fill 1"",22],[""Ending 3"",22],[""Ending 2"",21],[""Intro 2"",20],[""Fill 2"",18],[""Break"",9],[""Intro 3"",4]]","{""cc:11"":25,""cc:7"":25,""cc:0"":25,""cc:32"":25,""pb"":19,""cc:22"":23}",{},"{""n"":19,""nonzero"":14,""positive"":4,""negative"":10,""zero"":5,""max_abs"":8064,""summary"":{""min"":-4992.0,""p01"":-4865.28,""p05"":-4358.4,""p10"":-3673.6,""p25"":-2336.0,""p50"":-384.0,""p75"":0.0,""p90"":8064.0,""p95"":8064.0,""p99"":8064.0,""max"":8064.0}}","{""n"":0,""ge90"":0,""summary"":{}}",[],[]
121,6,48,N Strings,1,"[[""ACC5"",1459],[""ACC1"",529]]","[[""Ending 1"",609],[""Intro 1"",585],[""Ending 2"",281],[""Intro 2"",122],[""Variation 2"",108],[""Ending 3"",89],[""Variation 3"",57],[""Fill 1"",47],[""Fill 2"",23],[""Break"",23],[""Variation 4"",21],[""Variation 1"",18],[""Intro 3"",5]]","{""cc:11"":30,""cc:7"":30,""cc:0"":30,""cc:32"":27,""cc:22"":25}",{},"{""n"":0,""nonzero"":0,""positive"":0,""negative"":0,""zero"":0,""max_abs"":0,""summary"":{}}","{""n"":0,""ge90"":0,""summary"":{}}",[],[]
121,1,60,French Horn 2,2,"[[""ACC1"",1488],[""ACC5"",245]]","[[""Variation 4"",374],[""Ending 1"",263],[""Intro 1"",245],[""Variation 3"",222],[""Variation 1"",196],[""Fill 2"",114],[""Ending 2"",109],[""Variation 2"",72],[""Intro 2"",49],[""Ending 3"",37],[""Fill 1"",25],[""Break"",22],[""Intro 3"",5]]","{""cc:11"":29,""cc:7"":29,""cc:0"":29,""cc:32"":29,""cc:22"":25}",{},"{""n"":0,""nonzero"":0,""positive"":0,""negative"":0,""zero"":0,""max_abs"":0,""summary"":{}}","{""n"":0,""ge90"":0,""summary"":{}}",[],[]
121,20,4,Suit E.Piano 1,6,"[[""ACC1"",3683],[""ACC2"",19]]","[[""Intro 1"",1200],[""Ending 1"",1016],[""Variation 4"",575],[""Variation 3"",372],[""Variation 2"",184],[""Ending 2"",104],[""Variation 1"",90],[""Intro 2"",53],[""Break"",37],[""Ending 3"",25],[""Fill 1"",24],[""Fill 2"",18],[""Intro 3"",4]]","{""cc:64"":6,""cc:11"":32,""cc:7"":32,""cc:0"":32,""cc:32"":22,""cc:22"":16}","{""64"":{""n"":6,""ge64"":3,""zero"":3,""max"":127}}","{""n"":0,""nonzero"":0,""positive"":0,""negative"":0,""zero"":0,""max_abs"":0,""summary"":{}}","{""n"":0,""ge90"":0,""summary"":{}}",[],[]
121,0,45,Pizzicato Str.GM,3,"[[""BASS"",670],[""ACC3"",661]]","[[""Ending 1"",191],[""Variation 4"",189],[""Intro 1"",187],[""Ending 3"",179],[""Fill 2"",142],[""Variation 2"",116],[""Variation 3"",97],[""Variation 1"",72],[""Ending 2"",59],[""Intro 2"",51],[""Fill 1"",31],[""Break"",12],[""Intro 3"",5]]","{""cc:11"":28,""cc:7"":28,""cc:0"":28,""cc:32"":26,""cc:22"":29}",{},"{""n"":0,""nonzero"":0,""positive"":0,""negative"":0,""zero"":0,""max_abs"":0,""summary"":{}}","{""n"":0,""ge90"":0,""summary"":{}}",[],[]
121,1,81,Lead Saw 2,1,"[[""ACC3"",790]]","[[""Intro 1"",330],[""Ending 1"",184],[""Variation 4"",68],[""Variation 1"",42],[""Variation 3"",42],[""Ending 2"",37],[""Fill 1"",25],[""Fill 2"",21],[""Ending 3"",21],[""Break"",13],[""Variation 2"",3],[""Intro 2"",2],[""Intro 3"",2]]","{""cc:11"":10,""cc:7"":10,""cc:0"":10,""cc:32"":9,""pb"":90,""cc:22"":9}",{},"{""n"":90,""nonzero"":78,""positive"":0,""negative"":78,""zero"":12,""max_abs"":7664,""summary"":{""min"":-7664.0,""p01"":-7664.0,""p05"":-7136.0,""p10"":-6369.4,""p25"":-5286.0,""p50"":-2776.0,""p75"":-794.0,""p90"":0.0,""p95"":0.0,""p99"":0.0,""max"":0.0}}","{""n"":0,""ge90"":0,""summary"":{}}",[],[]
121,10,48,Symphonic Bows,2,"[[""ACC4"",1326],[""ACC2"",446]]","[[""Intro 1"",607],[""Ending 1"",415],[""Variation 1"",202],[""Variation 3"",156],[""Variation 4"",118],[""Variation 2"",60],[""Ending 2"",59],[""Fill 1"",51],[""Intro 2"",43],[""Ending 3"",25],[""Fill 2"",20],[""Break"",11],[""Intro 3"",5]]","{""cc:11"":29,""cc:7"":29,""cc:0"":29,""cc:32"":27,""cc:22"":24}",{},"{""n"":0,""nonzero"":0,""positive"":0,""negative"":0,""zero"":0,""max_abs"":0,""summary"":{}}","{""n"":0,""ge90"":0,""summary"":{}}",[],[]
121,2,89,Master Pad,3,"[[""ACC5"",919]]","[[""Ending 1"",318],[""Intro 1"",258],[""Variation 3"",80],[""Ending 2"",71],[""Variation 4"",52],[""Fill 1"",31],[""Break"",26],[""Variation 2"",26],[""Intro 2"",17],[""Ending 3"",17],[""Fill 2"",13],[""Intro 3"",6],[""Variation 1"",4]]","{""cc:11"":26,""cc:7"":26,""cc:0"":26,""cc:32"":26,""cc:22"":31}",{},"{""n"":0,""nonzero"":0,""positive"":0,""negative"":0,""zero"":0,""max_abs"":0,""summary"":{}}","{""n"":0,""ge90"":0,""summary"":{}}",[],[]
121,4,81,Seq. Analog,2,"[[""ACC5"",958],[""ACC3"",327]]","[[""Intro 1"",316],[""Ending 1"",266],[""Variation 4"",164],[""Variation 3"",160],[""Variation 2"",116],[""Intro 2"",115],[""Ending 2"",74],[""Ending 3"",34],[""Variation 1"",16],[""Intro 3"",6],[""Fill 1"",6],[""Fill 2"",6],[""Break"",6]]","{""cc:11"":24,""cc:7"":24,""cc:0"":24,""cc:32"":24,""cc:22"":39}",{},"{""n"":0,""nonzero"":0,""positive"":0,""negative"":0,""zero"":0,""max_abs"":0,""summary"":{}}","{""n"":0,""ge90"":0,""summary"":{}}",[],[]
121,2,4,EP1 Veloc.sw,3,"[[""ACC1"",1224]]","[[""Intro 1"",256],[""Variation 4"",190],[""Intro 2"",171],[""Ending 2"",155],[""Ending 1"",112],[""Variation 3"",80],[""Fill 2"",69],[""Variation 2"",56],[""Fill 1"",49],[""Ending 3"",40],[""Break"",26],[""Variation 1"",16],[""Intro 3"",4]]","{""cc:11"":32,""cc:7"":32,""cc:0"":32,""cc:32"":24,""cc:22"":14}",{},"{""n"":0,""nonzero"":0,""positive"":0,""negative"":0,""zero"":0,""max_abs"":0,""summary"":{}}","{""n"":0,""ge90"":0,""summary"":{}}",[],[]
120,0,72,Hip Hop Kit RX,2,"[[""DRUM"",4328]]","[[""Ending 1"",1322],[""Intro 1"",648],[""Variation 4"",532],[""Ending 2"",408],[""Variation 3"",276],[""Variation 2"",272],[""Variation 1"",230],[""Fill 2"",164],[""Ending 3"",132],[""Intro 2"",102],[""Fill 1"",94],[""Intro 3"",76],[""Break"",72]]","{""cc:11"":30,""cc:7"":30,""cc:0"":30,""cc:32"":30,""cc:22"":14}",{},"{""n"":0,""nonzero"":0,""positive"":0,""negative"":0,""zero"":0,""max_abs"":0,""summary"":{}}","{""n"":0,""ge90"":0,""summary"":{}}",[],[]
121,6,28,Clean Mute Gtr,2,"[[""ACC2"",1630]]","[[""Variation 4"",288],[""Variation 3"",248],[""Variation 2"",240],[""Variation 1"",192],[""Ending 1"",185],[""Intro 1"",143],[""Ending 3"",71],[""Intro 2"",60],[""Fill 1"",51],[""Fill 2"",51],[""Ending 2"",48],[""Break"",29],[""Intro 3"",24]]","{""cc:11"":25,""cc:7"":25,""cc:0"":25,""cc:32"":25,""cc:22"":30,""cc:64"":4}","{""64"":{""n"":4,""ge64"":0,""zero"":4,""max"":0}}","{""n"":0,""nonzero"":0,""positive"":0,""negative"":0,""zero"":0,""max_abs"":0,""summary"":{}}","{""n"":0,""ge90"":0,""summary"":{}}",[],[]
121,5,5,Syn Piano X,3,"[[""ACC1"",1547]]","[[""Intro 1"",608],[""Variation 1"",444],[""Variation 4"",123],[""Variation 3"",98],[""Ending 1"",60],[""Fill 1"",56],[""Ending 2"",45],[""Fill 2"",35],[""Intro 2"",27],[""Break"",24],[""Ending 3"",15],[""Variation 2"",6],[""Intro 3"",6]]","{""cc:11"":25,""cc:7"":25,""cc:0"":25,""cc:22"":37,""cc:32"":19}",{},"{""n"":0,""nonzero"":0,""positive"":0,""negative"":0,""zero"":0,""max_abs"":0,""summary"":{}}","{""n"":0,""ge90"":0,""summary"":{}}",[],[]
121,11,89,Vintage Pad,1,"[[""ACC3"",997]]","[[""Ending 2"",201],[""Variation 3"",192],[""Variation 4"",174],[""Ending 1"",91],[""Intro 1"",85],[""Ending 3"",85],[""Fill 1"",53],[""Variation 2"",36],[""Fill 2"",33],[""Variation 1"",24],[""Intro 2"",17],[""Intro 3"",3],[""Break"",3]]","{""cc:11"":23,""cc:7"":23,""cc:0"":23,""cc:32"":23,""pb"":26,""cc:22"":13}",{},"{""n"":26,""nonzero"":13,""positive"":0,""negative"":13,""zero"":13,""max_abs"":4096,""summary"":{""min"":-4096.0,""p01"":-4096.0,""p05"":-4096.0,""p10"":-4096.0,""p25"":-4096.0,""p50"":-2048.0,""p75"":0.0,""p90"":0.0,""p95"":0.0,""p99"":0.0,""max"":0.0}}","{""n"":0,""ge90"":0,""summary"":{}}",[],[]
121,2,87,Electro Lead,2,"[[""ACC4"",1883],[""ACC1"",545]]","[[""Variation 3"",519],[""Intro 1"",498],[""Ending 1"",440],[""Variation 4"",397],[""Variation 2"",140],[""Ending 2"",120],[""Intro 2"",110],[""Fill 2"",83],[""Ending 3"",72],[""Fill 1"",24],[""Break"",11],[""Variation 1"",8],[""Intro 3"",6]]","{""cc:11"":24,""cc:7"":24,""cc:0"":24,""cc:32"":23,""cc:22"":35}",{},"{""n"":0,""nonzero"":0,""positive"":0,""negative"":0,""zero"":0,""max_abs"":0,""summary"":{}}","{""n"":0,""ge90"":0,""summary"":{}}",[],[]
121,1,11,Vibrap. Wide,5,"[[""ACC2"",930],[""ACC3"",272],[""ACC4"",165]]","[[""Intro 1"",392],[""Ending 1"",385],[""Variation 1"",126],[""Variation 4"",106],[""Variation 3"",99],[""Ending 2"",74],[""Break"",66],[""Fill 2"",62],[""Fill 1"",22],[""Ending 3"",15],[""Variation 2"",12],[""Intro 2"",4],[""Intro 3"",4]]","{""cc:11"":28,""cc:7"":28,""cc:0"":28,""cc:32"":18,""cc:22"":27}",{},"{""n"":0,""nonzero"":0,""positive"":0,""negative"":0,""zero"":0,""max_abs"":0,""summary"":{}}","{""n"":0,""ge90"":0,""summary"":{}}",[],[]
121,7,,,56,"[[""BASS"",44],[""ACC3"",25],[""ACC1"",21],[""ACC2"",15],[""ACC5"",12],[""ACC4"",11]]","[[""Variation 1"",64],[""Intro 1"",26],[""Variation 2"",26],[""Variation 3"",8],[""Ending 2"",2],[""Ending 1"",2]]","{""cc:32"":128}",{},"{""n"":0,""nonzero"":0,""positive"":0,""negative"":0,""zero"":0,""max_abs"":0,""summary"":{}}","{""n"":0,""ge90"":0,""summary"":{}}",[],[]
121,3,39,Attack Pulse,2,"[[""BASS"",1334]]","[[""Intro 1"",404],[""Ending 1"",348],[""Variation 4"",114],[""Variation 1"",96],[""Variation 2"",94],[""Variation 3"",88],[""Ending 2"",46],[""Intro 2"",40],[""Fill 1"",36],[""Ending 3"",28],[""Fill 2"",20],[""Break"",16],[""Intro 3"",4]]","{""pb"":16,""cc:11"":24,""cc:7"":24,""cc:0"":24,""cc:32"":24,""cc:22"":16}",{},"{""n"":16,""nonzero"":14,""positive"":0,""negative"":14,""zero"":2,""max_abs"":5674,""summary"":{""min"":-5674.0,""p01"":-5674.0,""p05"":-5674.0,""p10"":-5548.0,""p25"":-4760.5,""p50"":-3658.0,""p75"":-2020.0,""p90"":-821.0,""p95"":0.0,""p99"":0.0,""max"":0.0}}","{""n"":0,""ge90"":0,""summary"":{}}",[],[]
121,1,29,Guitar Pinch,1,"[[""ACC1"",729]]","[[""Ending 1"",196],[""Intro 1"",142],[""Variation 2"",54],[""Variation 3"",54],[""Variation 4"",54],[""Intro 2"",54],[""Ending 2"",52],[""Variation 1"",42],[""Fill 1"",27],[""Ending 3"",25],[""Fill 2"",23],[""Break"",4],[""Intro 3"",2]]","{""cc:11"":11,""cc:7"":11,""cc:0"":11,""cc:32"":10,""pb"":72,""cc:22"":8}",{},"{""n"":72,""nonzero"":66,""positive"":24,""negative"":42,""zero"":6,""max_abs"":8064,""summary"":{""min"":-5376.0,""p01"":-5376.0,""p05"":-4608.0,""p10"":-3840.0,""p25"":-2496.0,""p50"":-768.0,""p75"":2304.0,""p90"":6067.2,""p95"":6835.2,""p99"":8064.0,""max"":8064.0}}","{""n"":0,""ge90"":0,""summary"":{}}",[],[]
120,0,3,Ambient Kit RX,2,"[[""DRUM"",3548]]","[[""Ending 1"",1044],[""Intro 1"",924],[""Ending 2"",457],[""Variation 4"",247],[""Variation 3"",211],[""Ending 3"",163],[""Fill 2"",116],[""Variation 1"",75],[""Intro 2"",69],[""Fill 1"",68],[""Break"",66],[""Variation 2"",58],[""Intro 3"",50]]","{""cc:22"":13,""cc:11"":27,""cc:7"":27,""cc:0"":27,""cc:32"":27}",{},"{""n"":0,""nonzero"":0,""positive"":0,""negative"":0,""zero"":0,""max_abs"":0,""summary"":{}}","{""n"":0,""ge90"":0,""summary"":{}}",[],[]
121,16,61,Brass & Sax,3,"[[""ACC5"",2816]]","[[""Intro 1"",1433],[""Ending 1"",875],[""Variation 4"",284],[""Variation 3"",68],[""Ending 2"",49],[""Ending 3"",41],[""Fill 1"",29],[""Break"",16],[""Intro 2"",7],[""Intro 3"",7],[""Fill 2"",7]]","{""cc:11"":19,""cc:7"":19,""cc:0"":19,""cc:32"":19,""cc:22"":44}",{},"{""n"":0,""nonzero"":0,""positive"":0,""negative"":0,""zero"":0,""max_abs"":0,""summary"":{}}","{""n"":0,""ge90"":0,""summary"":{}}",[],[]
121,5,25,Steel 12 String,2,"[[""ACC3"",5753]]","[[""Variation 2"",2054],[""Ending 1"",1032],[""Ending 2"",968],[""Variation 4"",472],[""Intro 1"",404],[""Variation 3"",260],[""Fill 2"",149],[""Fill 1"",138],[""Variation 1"",128],[""Intro 2"",83],[""Ending 3"",46],[""Break"",15],[""Intro 3"",4]]","{""cc:11"":26,""cc:7"":26,""cc:0"":26,""cc:32"":26,""cc:22"":15}",{},"{""n"":0,""nonzero"":0,""positive"":0,""negative"":0,""zero"":0,""max_abs"":0,""summary"":{}}","{""n"":0,""ge90"":0,""summary"":{}}",[],[]
121,2,59,Wah Trumpet,5,"[[""ACC3"",1025],[""ACC2"",574],[""ACC1"",33]]","[[""Variation 2"",325],[""Variation 1"",324],[""Intro 1"",268],[""Ending 1"",261],[""Fill 1"",94],[""Intro 2"",89],[""Fill 2"",85],[""Variation 3"",60],[""Variation 4"",56],[""Ending 2"",35],[""Break"",13],[""Intro 3"",11],[""Ending 3"",11]]","{""cc:11"":25,""cc:7"":25,""cc:0"":25,""cc:32"":15,""cc:22"":12,""pb"":16}",{},"{""n"":16,""nonzero"":8,""positive"":0,""negative"":8,""zero"":8,""max_abs"":4096,""summary"":{""min"":-4096.0,""p01"":-4096.0,""p05"":-4096.0,""p10"":-4096.0,""p25"":-4096.0,""p50"":-2048.0,""p75"":0.0,""p90"":0.0,""p95"":0.0,""p99"":0.0,""max"":0.0}}","{""n"":0,""ge90"":0,""summary"":{}}",[],[]
121,2,7,Clav Wah RX,1,"[[""ACC3"",1339]]","[[""Intro 1"",436],[""Variation 2"",184],[""Variation 3"",161],[""Variation 1"",144],[""Intro 2"",139],[""Ending 1"",80],[""Fill 1"",64],[""Ending 3"",55],[""Break"",41],[""Fill 2"",23],[""Variation 4"",6],[""Ending 2"",4],[""Intro 3"",2]]","{""cc:11"":13,""cc:7"":13,""cc:0"":13,""cc:32"":10,""pb"":51,""cc:1"":9,""cc:22"":8}","{""1"":{""n"":9,""ge64"":7,""zero"":1,""max"":127}}","{""n"":51,""nonzero"":46,""positive"":46,""negative"":0,""zero"":5,""max_abs"":6922,""summary"":{""min"":0.0,""p01"":0.0,""p05"":0.0,""p10"":128.0,""p25"":2136.0,""p50"":4178.0,""p75"":5415.0,""p90"":6423.0,""p95"":6695.5,""p99"":6912.0,""max"":6922.0}}","{""n"":0,""ge90"":0,""summary"":{}}",[],[]
121,11,21,Sweet Musette,2,"[[""ACC3"",737],[""ACC4"",642]]","[[""Ending 1"",313],[""Intro 1"",290],[""Variation 3"",272],[""Variation 4"",264],[""Ending 3"",55],[""Ending 2"",46],[""Variation 2"",44],[""Fill 2"",34],[""Fill 1"",26],[""Break"",18],[""Intro 2"",13],[""Intro 3"",4]]","{""cc:11"":19,""cc:7"":18,""cc:0"":18,""cc:32"":19,""cc:22"":17,""cc:1"":13,""cc:8"":2,""cc:67"":2,""cc:100"":2,""cc:103"":1,""cc:5"":1,""cc:66"":1,""cc:110"":1,""cc:121"":1,""cc:19"":1,""cc:101"":1}","{""1"":{""n"":13,""ge64"":1,""zero"":2,""max"":65}}","{""n"":0,""nonzero"":0,""positive"":0,""negative"":0,""zero"":0,""max_abs"":0,""summary"":{}}","{""n"":0,""ge90"":0,""summary"":{}}",[],[]
121,16,21,2 Voices Musette,1,"[[""ACC1"",2956]]","[[""Variation 4"",876],[""Variation 2"",576],[""Variation 3"",520],[""Variation 1"",304],[""Ending 1"",226],[""Intro 1"",216],[""Fill 1"",58],[""Fill 2"",58],[""Ending 2"",49],[""Ending 3"",37],[""Break"",28],[""Intro 2"",4],[""Intro 3"",4]]","{""cc:11"":23,""cc:7"":23,""cc:0"":23,""cc:32"":23,""cc:22"":24}",{},"{""n"":0,""nonzero"":0,""positive"":0,""negative"":0,""zero"":0,""max_abs"":0,""summary"":{}}","{""n"":0,""ge90"":0,""summary"":{}}",[],[]
121,8,65,Alto Sax Pro,1,"[[""ACC3"",1078]]","[[""Variation 4"",374],[""Variation 3"",244],[""Variation 2"",146],[""Intro 1"",144],[""Fill 2"",80],[""Break"",40],[""Ending 1"",38],[""Intro 2"",6],[""Ending 2"",6]]","{""pb"":24,""cc:11"":14,""cc:7"":14,""cc:0"":14,""cc:32"":10,""cc:1"":40}","{""1"":{""n"":40,""ge64"":0,""zero"":4,""max"":35}}","{""n"":24,""nonzero"":20,""positive"":0,""negative"":20,""zero"":4,""max_abs"":8192,""summary"":{""min"":-8192.0,""p01"":-8192.0,""p05"":-7577.6,""p10"":-4096.0,""p25"":-1696.0,""p50"":-1152.0,""p75"":-544.0,""p90"":0.0,""p95"":0.0,""p99"":0.0,""max"":0.0}}","{""n"":0,""ge90"":0,""summary"":{}}",[],[]
121,9,81,Glide Lead,1,"[[""ACC4"",257]]","[[""Ending 1"",91],[""Intro 1"",73],[""Variation 4"",20],[""Ending 2"",18],[""Variation 3"",16],[""Fill 2"",9],[""Ending 3"",9],[""Variation 2"",8],[""Fill 1"",7],[""Intro 2"",2],[""Intro 3"",2],[""Break"",2]]","{""cc:11"":9,""cc:7"":9,""cc:0"":9,""cc:32"":9,""cc:22"":9,""pb"":70}",{},"{""n"":70,""nonzero"":68,""positive"":5,""negative"":63,""zero"":2,""max_abs"":8192,""summary"":{""min"":-8192.0,""p01"":-8192.0,""p05"":-8112.1,""p10"":-7757.0,""p25"":-6947.5,""p50"":-4085.0,""p75"":-1778.5,""p90"":-92.7,""p95"":417.6,""p99"":4617.98,""max"":5348.0}}","{""n"":0,""ge90"":0,""summary"":{}}",[],[]
121,5,27,Proces.E.Guitar,2,"[[""ACC5"",1090]]","[[""Ending 1"",476],[""Intro 1"",264],[""Ending 2"",112],[""Variation 3"",60],[""Ending 3"",42],[""Variation 4"",40],[""Fill 2"",34],[""Variation 2"",24],[""Fill 1"",15],[""Break"",15],[""Intro 2"",4],[""Intro 3"",4]]","{""cc:64"":16,""cc:22"":18,""cc:11"":20,""cc:7"":20,""cc:0"":20,""cc:32"":20}","{""64"":{""n"":16,""ge64"":8,""zero"":8,""max"":127}}","{""n"":0,""nonzero"":0,""positive"":0,""negative"":0,""zero"":0,""max_abs"":0,""summary"":{}}","{""n"":0,""ge90"":0,""summary"":{}}",[],[]
121,1,4,Detuned EP 1,4,"[[""ACC1"",1257]]","[[""Variation 4"",350],[""Intro 1"",265],[""Ending 2"",163],[""Intro 2"",146],[""Variation 2"",70],[""Variation 3"",68],[""Ending 3"",60],[""Ending 1"",52],[""Variation 1"",38],[""Fill 1"",18],[""Fill 2"",12],[""Break"",12],[""Intro 3"",3]]","{""cc:11"":16,""cc:7"":16,""cc:0"":16,""cc:32"":11,""cc:22"":4,""cc:64"":32,""cc:8"":2,""cc:67"":2,""cc:100"":1,""cc:103"":1,""cc:6"":1,""cc:66"":1,""cc:115"":1,""cc:90"":1,""cc:110"":1,""cc:121"":1,""cc:1"":1,""cc:19"":1,""cc:116"":1,""cc:101"":1,""cc:69"":1,""cc:49"":1}","{""1"":{""n"":1,""ge64"":0,""zero"":1,""max"":0},""64"":{""n"":32,""ge64"":13,""zero"":19,""max"":127}}","{""n"":0,""nonzero"":0,""positive"":0,""negative"":0,""zero"":0,""max_abs"":0,""summary"":{}}","{""n"":0,""ge90"":0,""summary"":{}}",[],[]
121,30,61,Brass of Power,4,"[[""ACC4"",1139],[""ACC5"",18]]","[[""Ending 1"",344],[""Intro 1"",304],[""Variation 4"",212],[""Ending 2"",88],[""Ending 3"",64],[""Variation 3"",60],[""Break"",26],[""Fill 2"",22],[""Variation 2"",18],[""Fill 1"",11],[""Intro 2"",4],[""Intro 3"",4]]","{""cc:11"":24,""cc:7"":24,""cc:0"":24,""cc:32"":22,""cc:22"":19}",{},"{""n"":0,""nonzero"":0,""positive"":0,""negative"":0,""zero"":0,""max_abs"":0,""summary"":{}}","{""n"":0,""ge90"":0,""summary"":{}}",[],[]
121,26,21,Steirisch.Akk.2,2,"[[""ACC3"",2044],[""ACC5"",604]]","[[""Intro 1"",700],[""Variation 3"",344],[""Variation 4"",344],[""Ending 1"",344],[""Intro 2"",184],[""Ending 2"",138],[""Variation 1"",118],[""Variation 2"",116],[""Fill 2"",106],[""Ending 3"",106],[""Fill 1"",92],[""Break"",52],[""Intro 3"",4]]","{""cc:11"":24,""cc:7"":24,""cc:0"":24,""cc:32"":24,""cc:22"":16}",{},"{""n"":0,""nonzero"":0,""positive"":0,""negative"":0,""zero"":0,""max_abs"":0,""summary"":{}}","{""n"":0,""ge90"":0,""summary"":{}}",[],[]
120,0,74,Dance Kit RX,1,"[[""DRUM"",1437],[""PERC"",999]]","[[""Intro 1"",760],[""Ending 1"",468],[""Variation 4"",168],[""Intro 2"",146],[""Variation 2"",136],[""Variation 3"",136],[""Fill 1"",132],[""Fill 2"",120],[""Intro 3"",114],[""Ending 2"",114],[""Variation 1"",64],[""Ending 3"",43],[""Break"",35]]","{""cc:11"":24,""cc:7"":24,""cc:0"":24,""cc:32"":24,""cc:22"":16}",{},"{""n"":0,""nonzero"":0,""positive"":0,""negative"":0,""zero"":0,""max_abs"":0,""summary"":{}}","{""n"":0,""ge90"":0,""summary"":{}}",[],[]
121,7,91,Fresh Breath,3,"[[""ACC5"",316],[""ACC3"",271]]","[[""Ending 1"",118],[""Intro 1"",86],[""Variation 4"",70],[""Variation 3"",64],[""Ending 2"",59],[""Ending 3"",53],[""Fill 2"",47],[""Variation 2"",44],[""Break"",23],[""Intro 2"",15],[""Intro 3"",4],[""Fill 1"",4]]","{""cc:11"":23,""cc:7"":23,""cc:0"":23,""cc:32"":23,""cc:22"":19}",{},"{""n"":0,""nonzero"":0,""positive"":0,""negative"":0,""zero"":0,""max_abs"":0,""summary"":{}}","{""n"":0,""ge90"":0,""summary"":{}}",[],[]
121,4,67,Baritone Sax 2,1,"[[""ACC4"",331]]","[[""Variation 4"",316],[""Intro 1"",7],[""Intro 2"",1],[""Intro 3"",1],[""Fill 1"",1],[""Fill 2"",1],[""Break"",1],[""Ending 1"",1],[""Ending 2"",1],[""Ending 3"",1]]","{""pb"":96,""cc:11"":2,""cc:7"":2,""cc:0"":2,""cc:22"":9}",{},"{""n"":96,""nonzero"":90,""positive"":51,""negative"":39,""zero"":6,""max_abs"":4352,""summary"":{""min"":-4352.0,""p01"":-4352.0,""p05"":-4225.0,""p10"":-3712.0,""p25"":-1536.75,""p50"":191.5,""p75"":2176.0,""p90"":3456.0,""p95"":3840.0,""p99"":3968.0,""max"":3968.0}}","{""n"":0,""ge90"":0,""summary"":{}}",[],[]
121,10,,,42,"[[""ACC2"",34],[""ACC1"",28],[""ACC4"",18],[""ACC3"",12],[""ACC5"",7],[""BASS"",7],[""PERC"",4]]","[[""Variation 1"",56],[""Intro 1"",26],[""Variation 3"",15],[""Variation 2"",9],[""Variation 4"",4]]","{""cc:32"":110}",{},"{""n"":0,""nonzero"":0,""positive"":0,""negative"":0,""zero"":0,""max_abs"":0,""summary"":{}}","{""n"":0,""ge90"":0,""summary"":{}}",[],[]
121,1,73,Jazz Flute Expr.,3,"[[""ACC3"",1076],[""ACC1"",174]]","[[""Variation 4"",345],[""Variation 2"",256],[""Variation 3"",235],[""Intro 2"",100],[""Intro 1"",73],[""Ending 1"",72],[""Ending 2"",58],[""Ending 3"",42],[""Fill 2"",41],[""Break"",22],[""Intro 3"",3],[""Fill 1"",3]]","{""pb"":14,""cc:11"":21,""cc:7"":21,""cc:0"":21,""cc:22"":18,""cc:32"":15}",{},"{""n"":14,""nonzero"":9,""positive"":1,""negative"":8,""zero"":5,""max_abs"":8192,""summary"":{""min"":-8192.0,""p01"":-8192.0,""p05"":-8192.0,""p10"":-8192.0,""p25"":-7168.0,""p50"":-4096.0,""p75"":0.0,""p90"":0.0,""p95"":2822.4,""p99"":7015.68,""max"":8064.0}}","{""n"":0,""ge90"":0,""summary"":{}}",[],[]
121,15,,,40,"[[""ACC2"",44],[""ACC1"",24],[""ACC3"",23],[""ACC4"",16],[""ACC5"",2]]","[[""Variation 1"",74],[""Variation 2"",14],[""Intro 1"",12],[""Variation 3"",4],[""Variation 4"",4],[""Ending 1"",1]]","{""cc:32"":109}",{},"{""n"":0,""nonzero"":0,""positive"":0,""negative"":0,""zero"":0,""max_abs"":0,""summary"":{}}","{""n"":0,""ge90"":0,""summary"":{}}",[],[]
120,0,9,HipHop Kit 1,2,"[[""PERC"",3686],[""DRUM"",1610]]","[[""Intro 1"",1564],[""Ending 1"",1180],[""Intro 2"",522],[""Variation 4"",520],[""Variation 3"",516],[""Variation 2"",268],[""Variation 1"",216],[""Fill 2"",162],[""Fill 1"",144],[""Ending 3"",104],[""Intro 3"",48],[""Break"",48],[""Ending 2"",4]]","{""cc:11"":23,""cc:7"":23,""cc:0"":23,""cc:32"":23,""cc:22"":16}",{},"{""n"":0,""nonzero"":0,""positive"":0,""negative"":0,""zero"":0,""max_abs"":0,""summary"":{}}","{""n"":0,""ge90"":0,""summary"":{}}",[],[]
121,4,25,Steel Guitar 2,2,"[[""ACC1"",1083],[""ACC3"",545]]","[[""Ending 1"",554],[""Variation 4"",238],[""Intro 1"",226],[""Variation 3"",180],[""Variation 2"",166],[""Ending 2"",96],[""Ending 3"",70],[""Fill 2"",51],[""Intro 2"",19],[""Fill 1"",13],[""Break"",11],[""Intro 3"",4]]","{""cc:11"":21,""cc:7"":21,""cc:0"":21,""cc:32"":20,""cc:22"":19,""pb"":6}",{},"{""n"":6,""nonzero"":5,""positive"":5,""negative"":0,""zero"":1,""max_abs"":8191,""summary"":{""min"":0.0,""p01"":31.95,""p05"":159.75,""p10"":319.5,""p25"":1247.25,""p50"":3967.5,""p75"":5823.75,""p90"":7167.5,""p95"":7679.25,""p99"":8088.65,""max"":8191.0}}","{""n"":0,""ge90"":0,""summary"":{}}",[],[]
121,13,5,White Pad EP,6,"[[""ACC1"",2296],[""ACC4"",471],[""ACC3"",77]]","[[""Intro 1"",616],[""Ending 1"",508],[""Variation 4"",470],[""Variation 2"",394],[""Ending 2"",189],[""Variation 3"",178],[""Ending 3"",133],[""Intro 2"",125],[""Fill 2"",121],[""Fill 1"",69],[""Break"",38],[""Intro 3"",3]]","{""cc:11"":26,""cc:7"":26,""cc:0"":26,""cc:32"":20,""cc:22"":10}",{},"{""n"":0,""nonzero"":0,""positive"":0,""negative"":0,""zero"":0,""max_abs"":0,""summary"":{}}","{""n"":0,""ge90"":0,""summary"":{}}",[],[]
121,5,36,SlapPick Bass RX,2,"[[""BASS"",1825]]","[[""Ending 1"",365],[""Variation 3"",297],[""Variation 4"",296],[""Intro 1"",292],[""Variation 2"",192],[""Intro 2"",109],[""Variation 1"",108],[""Fill 2"",88],[""Break"",48],[""Intro 3"",9],[""Ending 2"",9],[""Fill 1"",6],[""Ending 3"",6]]","{""cc:11"":21,""cc:7"":21,""cc:0"":21,""cc:32"":14,""pb"":27,""cc:22"":3}",{},"{""n"":27,""nonzero"":17,""positive"":3,""negative"":14,""zero"":10,""max_abs"":8192,""summary"":{""min"":-8192.0,""p01"":-8192.0,""p05"":-8192.0,""p10"":-8192.0,""p25"":-6144.0,""p50"":-4096.0,""p75"":0.0,""p90"":2355.2,""p95"":5888.0,""p99"":5888.0,""max"":5888.0}}","{""n"":0,""ge90"":0,""summary"":{}}",[],[]
121,3,23,"Accordion16,8,4'",2,"[[""ACC3"",2165]]","[[""Ending 1"",532],[""Variation 2"",448],[""Variation 4"",349],[""Variation 3"",282],[""Fill 1"",122],[""Ending 3"",114],[""Intro 1"",105],[""Ending 2"",74],[""Fill 2"",60],[""Break"",40],[""Intro 2"",35],[""Intro 3"",4]]","{""cc:11"":22,""cc:7"":22,""cc:0"":22,""cc:32"":22,""cc:22"":19}",{},"{""n"":0,""nonzero"":0,""positive"":0,""negative"":0,""zero"":0,""max_abs"":0,""summary"":{}}","{""n"":0,""ge90"":0,""summary"":{}}",[],[]
120,0,17,Power Kit 2,1,"[[""PERC"",3614]]","[[""Ending 1"",1004],[""Variation 3"",968],[""Intro 1"",360],[""Variation 4"",313],[""Ending 2"",284],[""Variation 2"",168],[""Variation 1"",160],[""Intro 2"",119],[""Fill 2"",99],[""Fill 1"",63],[""Break"",47],[""Intro 3"",25],[""Ending 3"",4]]","{""cc:11"":15,""cc:7"":15,""cc:0"":15,""cc:32"":15,""cc:22"":46}",{},"{""n"":0,""nonzero"":0,""positive"":0,""negative"":0,""zero"":0,""max_abs"":0,""summary"":{}}","{""n"":0,""ge90"":0,""summary"":{}}",[],[]
121,0,81,Lead Saw GM,1,"[[""ACC2"",2198]]","[[""Ending 1"",476],[""Variation 3"",380],[""Variation 1"",360],[""Variation 4"",325],[""Intro 1"",286],[""Variation 2"",94],[""Ending 2"",83],[""Fill 2"",60],[""Intro 2"",51],[""Ending 3"",31],[""Break"",26],[""Fill 1"",22],[""Intro 3"",4]]","{""cc:11"":20,""cc:7"":20,""cc:0"":20,""cc:32"":20,""cc:22"":26}",{},"{""n"":0,""nonzero"":0,""positive"":0,""negative"":0,""zero"":0,""max_abs"":0,""summary"":{}}","{""n"":0,""ge90"":0,""summary"":{}}",[],[]
121,2,58,Tuba Gold,1,"[[""BASS"",1089]]","[[""Ending 1"",237],[""Intro 1"",183],[""Variation 4"",156],[""Variation 3"",144],[""Variation 2"",132],[""Variation 1"",54],[""Ending 2"",40],[""Fill 1"",33],[""Fill 2"",33],[""Intro 2"",26],[""Break"",21],[""Ending 3"",18],[""Intro 3"",12]]","{""cc:11"":23,""cc:7"":23,""cc:0"":23,""cc:32"":23,""cc:22"":13}",{},"{""n"":0,""nonzero"":0,""positive"":0,""negative"":0,""zero"":0,""max_abs"":0,""summary"":{}}","{""n"":0,""ge90"":0,""summary"":{}}",[],[]
121,24,25,Pop SteelGtr RX1,2,"[[""ACC4"",2013]]","[[""Intro 1"",456],[""Ending 1"",356],[""Variation 3"",240],[""Variation 4"",240],[""Ending 3"",164],[""Ending 2"",156],[""Variation 2"",92],[""Intro 2"",87],[""Fill 2"",68],[""Variation 1"",64],[""Fill 1"",62],[""Break"",24],[""Intro 3"",4]]","{""cc:11"":22,""cc:7"":22,""cc:0"":22,""cc:32"":22,""cc:22"":17}",{},"{""n"":0,""nonzero"":0,""positive"":0,""negative"":0,""zero"":0,""max_abs"":0,""summary"":{}}","{""n"":0,""ge90"":0,""summary"":{}}",[],[]
121,8,4,R&B E. Piano,3,"[[""ACC1"",1265],[""ACC5"",197],[""ACC2"",62]]","[[""Variation 4"",356],[""Ending 1"",336],[""Intro 1"",324],[""Variation 3"",176],[""Variation 2"",100],[""Ending 2"",85],[""Ending 3"",44],[""Fill 2"",37],[""Break"",26],[""Variation 1"",20],[""Fill 1"",14],[""Intro 2"",3],[""Intro 3"",3]]","{""cc:11"":23,""cc:7"":23,""cc:0"":23,""cc:32"":20,""cc:22"":15}",{},"{""n"":0,""nonzero"":0,""positive"":0,""negative"":0,""zero"":0,""max_abs"":0,""summary"":{}}","{""n"":0,""ge90"":0,""summary"":{}}",[],[]
121,2,102,Echo Pan,2,"[[""ACC5"",2679],[""ACC3"",45]]","[[""Variation 4"",972],[""Variation 3"",483],[""Intro 1"",353],[""Ending 1"",281],[""Variation 2"",198],[""Variation 1"",96],[""Intro 2"",90],[""Ending 2"",89],[""Fill 2"",65],[""Break"",34],[""Fill 1"",30],[""Ending 3"",30],[""Intro 3"",3]]","{""cc:11"":22,""cc:7"":22,""cc:0"":22,""cc:32"":21,""cc:22"":15}",{},"{""n"":0,""nonzero"":0,""positive"":0,""negative"":0,""zero"":0,""max_abs"":0,""summary"":{}}","{""n"":0,""ge90"":0,""summary"":{}}",[],[]
121,5,57,Pitch Trombone,1,"[[""ACC2"",2842]]","[[""Variation 3"",576],[""Variation 4"",498],[""Variation 2"",408],[""Ending 1"",405],[""Intro 1"",347],[""Ending 2"",134],[""Variation 1"",122],[""Fill 1"",105],[""Fill 2"",95],[""Intro 2"",78],[""Ending 3"",46],[""Break"",25],[""Intro 3"",3]]","{""cc:11"":22,""cc:7"":22,""cc:0"":22,""cc:32"":22,""cc:22"":14}",{},"{""n"":0,""nonzero"":0,""positive"":0,""negative"":0,""zero"":0,""max_abs"":0,""summary"":{}}","{""n"":0,""ge90"":0,""summary"":{}}",[],[]
120,0,97,Elektro Kit 2,1,"[[""DRUM"",2716]]","[[""Variation 4"",516],[""Variation 3"",474],[""Variation 2"",438],[""Variation 1"",348],[""Intro 1"",269],[""Ending 1"",229],[""Ending 2"",113],[""Fill 2"",93],[""Intro 2"",72],[""Ending 3"",50],[""Fill 1"",48],[""Intro 3"",34],[""Break"",32]]","{""cc:11"":22,""cc:7"":22,""cc:0"":22,""cc:32"":22,""cc:22"":14}",{},"{""n"":0,""nonzero"":0,""positive"":0,""negative"":0,""zero"":0,""max_abs"":0,""summary"":{}}","{""n"":0,""ge90"":0,""summary"":{}}",[],[]
121,18,16,Drawbars Fast V.,5,"[[""ACC5"",903],[""ACC4"",380],[""ACC2"",279]]","[[""Variation 4"",979],[""Variation 2"",214],[""Variation 3"",162],[""Ending 1"",120],[""Ending 2"",23],[""Ending 3"",15],[""Fill 1"",14],[""Intro 1"",8],[""Intro 2"",8],[""Intro 3"",8],[""Fill 2"",7],[""Break"",4]]","{""cc:22"":48,""cc:11"":16,""cc:7"":16,""cc:0"":16,""cc:32"":6}",{},"{""n"":0,""nonzero"":0,""positive"":0,""negative"":0,""zero"":0,""max_abs"":0,""summary"":{}}","{""n"":0,""ge90"":0,""summary"":{}}",[],[]
121,1,115,Castanets,1,"[[""PERC"",3890]]","[[""Intro 1"",1111],[""Ending 1"",637],[""Variation 3"",372],[""Variation 2"",360],[""Variation 4"",344],[""Variation 1"",294],[""Intro 2"",186],[""Fill 2"",155],[""Fill 1"",117],[""Ending 2"",102],[""Break"",78],[""Ending 3"",76],[""Intro 3"",58]]","{""cc:11"":22,""cc:7"":22,""cc:0"":22,""cc:32"":22,""cc:22"":14}",{},"{""n"":0,""nonzero"":0,""positive"":0,""negative"":0,""zero"":0,""max_abs"":0,""summary"":{}}","{""n"":0,""ge90"":0,""summary"":{}}",[],[]
121,16,56,Trumpet Pro 3,3,"[[""ACC5"",359],[""ACC3"",304],[""ACC4"",7]]","[[""Ending 1"",174],[""Ending 2"",118],[""Variation 4"",116],[""Ending 3"",68],[""Variation 3"",58],[""Fill 2"",45],[""Fill 1"",31],[""Intro 1"",29],[""Break"",25],[""Intro 2"",3],[""Intro 3"",3]]","{""cc:11"":21,""cc:7"":21,""cc:0"":21,""cc:32"":20,""cc:22"":17}",{},"{""n"":0,""nonzero"":0,""positive"":0,""negative"":0,""zero"":0,""max_abs"":0,""summary"":{}}","{""n"":0,""ge90"":0,""summary"":{}}",[],[]
120,0,12,Room Kit 2,2,"[[""DRUM"",1333],[""PERC"",1000]]","[[""Variation 3"",520],[""Variation 4"",472],[""Ending 1"",290],[""Variation 2"",270],[""Intro 1"",245],[""Ending 2"",115],[""Ending 3"",94],[""Fill 1"",67],[""Fill 2"",65],[""Intro 3"",59],[""Variation 1"",56],[""Intro 2"",49],[""Break"",31]]","{""cc:11"":22,""cc:7"":22,""cc:0"":22,""cc:32"":22,""cc:22"":11}",{},"{""n"":0,""nonzero"":0,""positive"":0,""negative"":0,""zero"":0,""max_abs"":0,""summary"":{}}","{""n"":0,""ge90"":0,""summary"":{}}",[],[]
121,0,60,French Horn GM,3,"[[""ACC2"",699],[""ACC5"",73],[""ACC4"",19]]","[[""Intro 1"",512],[""Ending 1"",109],[""Ending 2"",42],[""Intro 2"",34],[""Variation 4"",34],[""Variation 2"",16],[""Ending 3"",14],[""Break"",9],[""Fill 2"",8],[""Intro 3"",5],[""Fill 1"",5],[""Variation 3"",3]]","{""cc:22"":33,""cc:11"":16,""cc:7"":16,""cc:0"":16,""cc:32"":13,""cc:64"":5}","{""64"":{""n"":5,""ge64"":2,""zero"":3,""max"":127}}","{""n"":0,""nonzero"":0,""positive"":0,""negative"":0,""zero"":0,""max_abs"":0,""summary"":{}}","{""n"":0,""ge90"":0,""summary"":{}}",[],[]
121,2,52,Ooh Voices,5,"[[""ACC3"",489],[""ACC2"",243],[""ACC4"",240],[""ACC5"",82]]","[[""Variation 2"",320],[""Ending 1"",243],[""Variation 3"",146],[""Intro 1"",127],[""Variation 1"",72],[""Ending 2"",54],[""Variation 4"",36],[""Ending 3"",35],[""Fill 2"",6],[""Intro 2"",4],[""Intro 3"",4],[""Fill 1"",4],[""Break"",3]]","{""cc:11"":20,""cc:7"":20,""cc:0"":20,""cc:32"":8,""cc:22"":28,""pb"":2}",{},"{""n"":2,""nonzero"":1,""positive"":1,""negative"":0,""zero"":1,""max_abs"":8064,""summary"":{""min"":0.0,""p01"":80.64,""p05"":403.2,""p10"":806.4,""p25"":2016.0,""p50"":4032.0,""p75"":6048.0,""p90"":7257.6,""p95"":7660.8,""p99"":7983.36,""max"":8064.0}}","{""n"":0,""ge90"":0,""summary"":{}}",[],[]
121,28,21,Steirisch.Akk.4,2,"[[""ACC5"",1244]]","[[""Intro 1"",344],[""Ending 1"",300],[""Ending 2"",130],[""Intro 2"",87],[""Variation 3"",74],[""Variation 4"",74],[""Ending 3"",74],[""Variation 2"",66],[""Fill 2"",54],[""Break"",22],[""Fill 1"",15],[""Intro 3"",4]]","{""cc:11"":20,""cc:7"":20,""cc:0"":20,""cc:32"":20,""cc:22"":18}",{},"{""n"":0,""nonzero"":0,""positive"":0,""negative"":0,""zero"":0,""max_abs"":0,""summary"":{}}","{""n"":0,""ge90"":0,""summary"":{}}",[],[]
121,9,,,37,"[[""BASS"",23],[""ACC2"",23],[""ACC4"",18],[""ACC5"",16],[""ACC1"",14],[""ACC3"",3]]","[[""Variation 1"",48],[""Intro 1"",16],[""Variation 2"",15],[""Variation 3"",10],[""Variation 4"",5],[""Ending 1"",2],[""Fill 2"",1]]","{""cc:32"":97}",{},"{""n"":0,""nonzero"":0,""positive"":0,""negative"":0,""zero"":0,""max_abs"":0,""summary"":{}}","{""n"":0,""ge90"":0,""summary"":{}}",[],[]
121,14,,,38,"[[""ACC2"",43],[""ACC3"",29],[""ACC5"",11],[""ACC1"",9],[""ACC4"",5]]","[[""Variation 1"",55],[""Variation 3"",15],[""Intro 1"",13],[""Variation 2"",7],[""Variation 4"",3],[""Ending 1"",3],[""Fill 2"",1]]","{""cc:32"":97}",{},"{""n"":0,""nonzero"":0,""positive"":0,""negative"":0,""zero"":0,""max_abs"":0,""summary"":{}}","{""n"":0,""ge90"":0,""summary"":{}}",[],[]
121,24,61,Double Brass,1,"[[""ACC2"",616]]","[[""Variation 3"",186],[""Variation 4"",156],[""Fill 2"",132],[""Variation 2"",60],[""Variation 1"",52],[""Fill 1"",16],[""Intro 1"",6],[""Ending 1"",6],[""Break"",2]]","{""pb"":16,""cc:11"":12,""cc:7"":12,""cc:0"":12,""cc:32"":8,""cc:1"":34,""cc:22"":2}","{""1"":{""n"":34,""ge64"":0,""zero"":2,""max"":51}}","{""n"":16,""nonzero"":8,""positive"":0,""negative"":8,""zero"":8,""max_abs"":4096,""summary"":{""min"":-4096.0,""p01"":-4096.0,""p05"":-4096.0,""p10"":-4096.0,""p25"":-4096.0,""p50"":-2048.0,""p75"":0.0,""p90"":0.0,""p95"":0.0,""p99"":0.0,""max"":0.0}}","{""n"":0,""ge90"":0,""summary"":{}}",[],[]
121,14,61,Dyna Brass 1,3,"[[""ACC5"",1207]]","[[""Intro 1"",348],[""Ending 1"",336],[""Ending 2"",153],[""Variation 4"",136],[""Fill 2"",84],[""Variation 3"",64],[""Ending 3"",45],[""Intro 2"",23],[""Break"",10],[""Intro 3"",4],[""Fill 1"",4]]","{""cc:22"":25,""cc:11"":17,""cc:7"":17,""cc:0"":17,""cc:32"":17}",{},"{""n"":0,""nonzero"":0,""positive"":0,""negative"":0,""zero"":0,""max_abs"":0,""summary"":{}}","{""n"":0,""ge90"":0,""summary"":{}}",[],[]
121,2,105,Oud 2,1,"[[""ACC2"",1139]]","[[""Variation 4"",240],[""Ending 1"",189],[""Intro 1"",169],[""Variation 1"",120],[""Variation 2"",108],[""Variation 3"",108],[""Fill 2"",97],[""Ending 2"",46],[""Fill 1"",27],[""Ending 3"",26],[""Intro 2"",3],[""Intro 3"",3],[""Break"",3]]","{""cc:11"":19,""cc:7"":19,""cc:0"":19,""cc:32"":19,""cc:22"":17}",{},"{""n"":0,""nonzero"":0,""positive"":0,""negative"":0,""zero"":0,""max_abs"":0,""summary"":{}}","{""n"":0,""ge90"":0,""summary"":{}}",[],[]
121,2,101,Digi Ice Pad,1,"[[""ACC3"",339]]","[[""Ending 1"",53],[""Variation 2"",48],[""Variation 3"",48],[""Variation 4"",48],[""Variation 1"",36],[""Fill 1"",21],[""Fill 2"",21],[""Ending 2"",20],[""Ending 3"",14],[""Intro 2"",12],[""Break"",12],[""Intro 1"",3],[""Intro 3"",3]]","{""cc:11"":19,""cc:7"":19,""cc:0"":19,""cc:32"":19,""cc:22"":17}",{},"{""n"":0,""nonzero"":0,""positive"":0,""negative"":0,""zero"":0,""max_abs"":0,""summary"":{}}","{""n"":0,""ge90"":0,""summary"":{}}",[],[]
121,0,28,AcousticPiano GM,1,"[[""ACC4"",551]]","[[""Variation 1"",543],[""Intro 2"",1],[""Intro 3"",1],[""Fill 1"",1],[""Fill 2"",1],[""Break"",1],[""Ending 1"",1],[""Ending 2"",1],[""Ending 3"",1]]","{""pb"":75,""cc:11"":2,""cc:7"":2,""cc:0"":2,""cc:32"":2,""cc:22"":9}",{},"{""n"":75,""nonzero"":68,""positive"":30,""negative"":38,""zero"":7,""max_abs"":8192,""summary"":{""min"":-8192.0,""p01"":-8192.0,""p05"":-8192.0,""p10"":-8176.0,""p25"":-7680.0,""p50"":-1469.0,""p75"":665.5,""p90"":4325.0,""p95"":5364.0,""p99"":6761.0,""max"":6761.0}}","{""n"":0,""ge90"":0,""summary"":{}}",[],[]
121,4,5,EP Phase,2,"[[""ACC1"",364],[""ACC3"",39]]","[[""Ending 1"",208],[""Ending 2"",103],[""Variation 2"",26],[""Ending 3"",23],[""Variation 1"",16],[""Variation 3"",13],[""Break"",8],[""Variation 4"",1],[""Intro 1"",1],[""Intro 2"",1],[""Intro 3"",1],[""Fill 1"",1],[""Fill 2"",1]]","{""cc:11"":6,""cc:7"":6,""cc:0"":6,""cc:32"":6,""cc:22"":6,""cc:64"":34,""cc:8"":4,""cc:67"":4,""cc:100"":2,""cc:103"":2,""cc:6"":1,""cc:66"":2,""cc:115"":1,""cc:116"":1,""cc:110"":3,""cc:121"":2,""cc:4"":2,""cc:19"":2,""cc:5"":1}","{""64"":{""n"":34,""ge64"":17,""zero"":17,""max"":127}}","{""n"":0,""nonzero"":0,""positive"":0,""negative"":0,""zero"":0,""max_abs"":0,""summary"":{}}","{""n"":0,""ge90"":0,""summary"":{}}",[],[]
121,1,65,Alto Breath,1,"[[""ACC2"",1907]]","[[""Variation 4"",516],[""Variation 3"",337],[""Intro 1"",281],[""Variation 2"",261],[""Ending 2"",217],[""Intro 2"",134],[""Ending 1"",49],[""Fill 1"",38],[""Ending 3"",38],[""Fill 2"",30],[""Intro 3"",3],[""Break"",3]]","{""cc:11"":16,""cc:7"":16,""cc:0"":16,""cc:32"":16,""cc:22"":17,""pb"":10}",{},"{""n"":10,""nonzero"":8,""positive"":0,""negative"":8,""zero"":2,""max_abs"":2560,""summary"":{""min"":-2560.0,""p01"":-2560.0,""p05"":-2560.0,""p10"":-2560.0,""p25"":-1920.0,""p50"":-1280.0,""p75"":-640.0,""p90"":0.0,""p95"":0.0,""p99"":0.0,""max"":0.0}}","{""n"":0,""ge90"":0,""summary"":{}}",[],[]
121,3,71,Section Winds 1,1,"[[""ACC4"",1328]]","[[""Ending 1"",303],[""Variation 4"",272],[""Variation 3"",212],[""Intro 1"",177],[""Ending 2"",76],[""Intro 2"",74],[""Variation 2"",72],[""Fill 2"",57],[""Ending 3"",36],[""Fill 1"",33],[""Break"",13],[""Intro 3"",3]]","{""cc:11"":19,""cc:7"":19,""cc:0"":19,""cc:32"":19,""cc:22"":14}",{},"{""n"":0,""nonzero"":0,""positive"":0,""negative"":0,""zero"":0,""max_abs"":0,""summary"":{}}","{""n"":0,""ge90"":0,""summary"":{}}",[],[]
121,5,81,Power Saw,2,"[[""ACC3"",1730],[""ACC4"",210]]","[[""Intro 1"",371],[""Ending 1"",299],[""Ending 2"",224],[""Variation 4"",208],[""Variation 2"",200],[""Variation 3"",200],[""Variation 1"",192],[""Intro 2"",104],[""Ending 3"",57],[""Fill 2"",56],[""Break"",25],[""Intro 3"",2],[""Fill 1"",2]]","{""cc:11"":21,""cc:7"":21,""cc:0"":21,""cc:32"":19,""cc:22"":6}",{},"{""n"":0,""nonzero"":0,""positive"":0,""negative"":0,""zero"":0,""max_abs"":0,""summary"":{}}","{""n"":0,""ge90"":0,""summary"":{}}",[],[]
121,0,100,Brightness GM,1,"[[""ACC3"",1283]]","[[""Variation 4"",348],[""Variation 3"",300],[""Ending 1"",241],[""Variation 2"",144],[""Intro 1"",121],[""Ending 2"",33],[""Intro 2"",30],[""Fill 2"",21],[""Ending 3"",18],[""Fill 1"",12],[""Break"",12],[""Intro 3"",3]]","{""cc:11"":18,""cc:7"":18,""cc:0"":18,""cc:32"":18,""cc:22"":15}",{},"{""n"":0,""nonzero"":0,""positive"":0,""negative"":0,""zero"":0,""max_abs"":0,""summary"":{}}","{""n"":0,""ge90"":0,""summary"":{}}",[],[]
121,1,52,Choir Aahs 2,3,"[[""ACC4"",685]]","[[""Variation 3"",252],[""Variation 4"",120],[""Intro 1"",113],[""Ending 1"",85],[""Ending 2"",33],[""Fill 2"",21],[""Ending 3"",18],[""Intro 2"",16],[""Fill 1"",12],[""Break"",12],[""Intro 3"",3]]","{""cc:11"":19,""cc:7"":19,""cc:0"":19,""cc:32"":15,""cc:22"":15}",{},"{""n"":0,""nonzero"":0,""positive"":0,""negative"":0,""zero"":0,""max_abs"":0,""summary"":{}}","{""n"":0,""ge90"":0,""summary"":{}}",[],[]
121,2,35,Fretless Bass 3,1,"[[""ACC4"",105]]","[[""Intro 1"",96],[""Ending 1"",4],[""Intro 2"",1],[""Intro 3"",1],[""Fill 1"",1],[""Fill 2"",1],[""Break"",1]]","{""pb"":51,""cc:1"":27,""cc:22"":5,""cc:11"":1,""cc:7"":1,""cc:0"":1,""cc:32"":1}","{""1"":{""n"":27,""ge64"":5,""zero"":2,""max"":88}}","{""n"":51,""nonzero"":47,""positive"":0,""negative"":47,""zero"":4,""max_abs"":5022,""summary"":{""min"":-5022.0,""p01"":-4890.0,""p05"":-4614.5,""p10"":-4229.0,""p25"":-3584.0,""p50"":-2176.0,""p75"":-926.0,""p90"":-266.0,""p95"":0.0,""p99"":0.0,""max"":0.0}}","{""n"":0,""ge90"":0,""summary"":{}}",[],[]
121,4,97,Pods In Pad,2,"[[""ACC5"",612]]","[[""Ending 1"",231],[""Intro 1"",182],[""Variation 4"",36],[""Fill 2"",30],[""Ending 3"",30],[""Break"",28],[""Ending 2"",25],[""Variation 3"",20],[""Intro 2"",17],[""Fill 1"",9],[""Intro 3"",4]]","{""cc:11"":17,""cc:7"":17,""cc:0"":17,""cc:32"":17,""cc:22"":18}",{},"{""n"":0,""nonzero"":0,""positive"":0,""negative"":0,""zero"":0,""max_abs"":0,""summary"":{}}","{""n"":0,""ge90"":0,""summary"":{}}",[],[]
121,2,60,French Section,2,"[[""ACC1"",1654],[""ACC2"",140]]","[[""Intro 1"",528],[""Intro 2"",365],[""Variation 2"",244],[""Variation 1"",230],[""Ending 1"",164],[""Fill 1"",80],[""Ending 2"",64],[""Variation 3"",44],[""Variation 4"",36],[""Fill 2"",20],[""Ending 3"",13],[""Intro 3"",4],[""Break"",2]]","{""cc:22"":8,""cc:11"":20,""cc:7"":20,""cc:0"":20,""cc:32"":18}",{},"{""n"":0,""nonzero"":0,""positive"":0,""negative"":0,""zero"":0,""max_abs"":0,""summary"":{}}","{""n"":0,""ge90"":0,""summary"":{}}",[],[]
121,4,1,Piano & Pad,4,"[[""ACC1"",1077]]","[[""Variation 1"",360],[""Variation 2"",159],[""Ending 1"",111],[""Fill 1"",83],[""Variation 3"",76],[""Variation 4"",70],[""Intro 1"",56],[""Ending 2"",53],[""Intro 2"",43],[""Fill 2"",29],[""Ending 3"",23],[""Break"",12],[""Intro 3"",2]]","{""cc:11"":21,""cc:7"":21,""cc:0"":21,""cc:32"":12,""cc:22"":8}",{},"{""n"":0,""nonzero"":0,""positive"":0,""negative"":0,""zero"":0,""max_abs"":0,""summary"":{}}","{""n"":0,""ge90"":0,""summary"":{}}",[],[]
121,8,0,Rock Piano,5,"[[""ACC2"",2196],[""ACC1"",586]]","[[""Variation 4"",2382],[""Ending 1"",172],[""Ending 2"",103],[""Ending 3"",32],[""Intro 1"",21],[""Variation 1"",20],[""Fill 2"",17],[""Break"",15],[""Fill 1"",11],[""Variation 2"",3],[""Intro 2"",3],[""Intro 3"",3]]","{""cc:64"":4,""cc:11"":13,""cc:7"":13,""cc:0"":13,""cc:32"":4,""cc:22"":29,""pb"":6}","{""64"":{""n"":4,""ge64"":2,""zero"":2,""max"":127}}","{""n"":6,""nonzero"":4,""positive"":2,""negative"":2,""zero"":2,""max_abs"":4625,""summary"":{""min"":-4625.0,""p01"":-4625.0,""p05"":-4625.0,""p10"":-4625.0,""p25"":-3468.75,""p50"":0.0,""p75"":98.25,""p90"":131.0,""p95"":131.0,""p99"":131.0,""max"":131.0}}","{""n"":0,""ge90"":0,""summary"":{}}",[],[]
121,4,61,Big Band Brass 2,2,"[[""ACC4"",501],[""ACC3"",299]]","[[""Intro 1"",290],[""Ending 1"",188],[""Ending 2"",96],[""Break"",57],[""Variation 4"",40],[""Intro 2"",36],[""Variation 3"",30],[""Fill 1"",22],[""Ending 3"",20],[""Fill 2"",18],[""Intro 3"",3]]","{""cc:11"":18,""cc:7"":18,""cc:0"":18,""cc:22"":12,""cc:32"":16}",{},"{""n"":0,""nonzero"":0,""positive"":0,""negative"":0,""zero"":0,""max_abs"":0,""summary"":{}}","{""n"":0,""ge90"":0,""summary"":{}}",[],[]
121,6,90,Cross Sweep,2,"[[""ACC4"",484]]","[[""Intro 1"",228],[""Ending 1"",117],[""Fill 2"",29],[""Ending 3"",24],[""Break"",22],[""Ending 2"",20],[""Variation 4"",15],[""Variation 3"",11],[""Variation 2"",6],[""Intro 2"",4],[""Intro 3"",4],[""Fill 1"",4]]","{""cc:22"":28,""cc:11"":14,""cc:7"":14,""cc:0"":14,""cc:32"":12}",{},"{""n"":0,""nonzero"":0,""positive"":0,""negative"":0,""zero"":0,""max_abs"":0,""summary"":{}}","{""n"":0,""ge90"":0,""summary"":{}}",[],[]
121,0,76,Blown Bottle GM,1,"[[""ACC5"",885]]","[[""Variation 3"",144],[""Variation 2"",140],[""Variation 4"",140],[""Variation 1"",136],[""Ending 1"",88],[""Intro 1"",80],[""Ending 2"",44],[""Fill 1"",32],[""Fill 2"",28],[""Ending 3"",28],[""Intro 2"",21],[""Intro 3"",2],[""Break"",2]]","{""cc:11"":19,""cc:7"":19,""cc:0"":19,""cc:32"":19,""cc:22"":5}",{},"{""n"":0,""nonzero"":0,""positive"":0,""negative"":0,""zero"":0,""max_abs"":0,""summary"":{}}","{""n"":0,""ge90"":0,""summary"":{}}",[],[]
121,8,81,Phat Saw Lead,1,"[[""ACC3"",1749]]","[[""Intro 1"",384],[""Variation 2"",200],[""Variation 3"",200],[""Variation 4"",200],[""Variation 1"",192],[""Ending 1"",168],[""Ending 2"",168],[""Intro 2"",104],[""Break"",48],[""Fill 2"",29],[""Ending 3"",29],[""Fill 1"",25],[""Intro 3"",2]]","{""cc:11"":19,""cc:7"":19,""cc:0"":19,""cc:32"":19,""cc:22"":5}",{},"{""n"":0,""nonzero"":0,""positive"":0,""negative"":0,""zero"":0,""max_abs"":0,""summary"":{}}","{""n"":0,""ge90"":0,""summary"":{}}",[],[]
121,0,59,Mute Trumpet GM,2,"[[""ACC3"",714]]","[[""Variation 2"",144],[""Variation 3"",138],[""Intro 1"",135],[""Variation 1"",128],[""Fill 2"",43],[""Fill 1"",39],[""Break"",33],[""Ending 1"",19],[""Ending 2"",11],[""Ending 3"",11],[""Variation 4"",9],[""Intro 2"",2],[""Intro 3"",2]]","{""cc:11"":18,""cc:7"":18,""cc:0"":18,""cc:32"":16,""cc:22"":10}",{},"{""n"":0,""nonzero"":0,""positive"":0,""negative"":0,""zero"":0,""max_abs"":0,""summary"":{}}","{""n"":0,""ge90"":0,""summary"":{}}",[],[]
121,4,17,Organ Low Pc. V.,7,"[[""ACC5"",858],[""ACC4"",194],[""ACC2"",141]]","[[""Variation 3"",748],[""Ending 3"",141],[""Variation 4"",102],[""Intro 1"",58],[""Ending 2"",58],[""Fill 1"",26],[""Fill 2"",22],[""Break"",15],[""Intro 2"",15],[""Ending 1"",6],[""Intro 3"",2]]","{""cc:11"":22,""cc:7"":22,""cc:0"":22,""cc:22"":7,""cc:32"":6}",{},"{""n"":0,""nonzero"":0,""positive"":0,""negative"":0,""zero"":0,""max_abs"":0,""summary"":{}}","{""n"":0,""ge90"":0,""summary"":{}}",[],[]
121,0,47,Timpani GM,4,"[[""ACC4"",312],[""BASS"",296],[""ACC3"",102],[""DRUM"",57]]","[[""Ending 1"",256],[""Intro 1"",228],[""Intro 2"",118],[""Ending 3"",67],[""Fill 2"",34],[""Break"",24],[""Fill 1"",20],[""Ending 2"",10],[""Intro 3"",5],[""Variation 1"",2],[""Variation 2"",1],[""Variation 3"",1],[""Variation 4"",1]]","{""cc:11"":16,""cc:7"":16,""cc:22"":19,""cc:0"":14,""cc:32"":14}",{},"{""n"":0,""nonzero"":0,""positive"":0,""negative"":0,""zero"":0,""max_abs"":0,""summary"":{}}","{""n"":0,""ge90"":0,""summary"":{}}",[],[]
121,12,91,Pop Synth Pad 2,2,"[[""ACC1"",1349],[""ACC3"",34]]","[[""Intro 1"",332],[""Variation 3"",287],[""Ending 1"",240],[""Variation 4"",163],[""Variation 2"",140],[""Variation 1"",56],[""Ending 3"",47],[""Break"",41],[""Ending 2"",27],[""Fill 2"",25],[""Fill 1"",21],[""Intro 2"",2],[""Intro 3"",2]]","{""cc:22"":10,""cc:11"":18,""cc:7"":18,""cc:0"":18,""cc:32"":15}",{},"{""n"":0,""nonzero"":0,""positive"":0,""negative"":0,""zero"":0,""max_abs"":0,""summary"":{}}","{""n"":0,""ge90"":0,""summary"":{}}",[],[]
121,19,,,33,"[[""ACC2"",39],[""ACC1"",20],[""ACC3"",15],[""ACC5"",2],[""ACC4"",2]]","[[""Variation 1"",46],[""Intro 1"",13],[""Variation 3"",10],[""Variation 2"",7],[""Variation 4"",2]]","{""cc:32"":78}",{},"{""n"":0,""nonzero"":0,""positive"":0,""negative"":0,""zero"":0,""max_abs"":0,""summary"":{}}","{""n"":0,""ge90"":0,""summary"":{}}",[],[]
121,2,120,Ac. Bass String,1,"[[""ACC5"",916]]","[[""Variation 4"",544],[""Variation 3"",264],[""Fill 1"",60],[""Intro 1"",6],[""Intro 2"",6],[""Intro 3"",6],[""Fill 2"",6],[""Break"",6],[""Ending 1"",6],[""Ending 2"",6],[""Ending 3"",6]]","{""cc:11"":6,""cc:7"":6,""cc:0"":6,""cc:32"":6,""cc:22"":52}",{},"{""n"":0,""nonzero"":0,""positive"":0,""negative"":0,""zero"":0,""max_abs"":0,""summary"":{}}","{""n"":0,""ge90"":0,""summary"":{}}",[],[]
121,11,48,Ensemble & Solo,2,"[[""ACC4"",690]]","[[""Ending 1"",179],[""Variation 3"",170],[""Variation 4"",166],[""Ending 2"",67],[""Intro 1"",55],[""Fill 2"",35],[""Intro 2"",8],[""Break"",4],[""Intro 3"",2],[""Fill 1"",2],[""Ending 3"",2]]","{""cc:11"":15,""cc:7"":15,""cc:0"":15,""cc:32"":11,""cc:22"":15,""pb"":5}",{},"{""n"":5,""nonzero"":4,""positive"":0,""negative"":4,""zero"":1,""max_abs"":2048,""summary"":{""min"":-2048.0,""p01"":-2042.88,""p05"":-2022.4,""p10"":-1996.8,""p25"":-1920.0,""p50"":-1536.0,""p75"":-768.0,""p90"":-307.2,""p95"":-153.6,""p99"":-30.72,""max"":0.0}}","{""n"":0,""ge90"":0,""summary"":{}}",[],[]
121,6,39,Nasty Bass,1,"[[""BASS"",1048]]","[[""Ending 1"",308],[""Intro 1"",292],[""Break"",93],[""Intro 2"",75],[""Variation 2"",44],[""Variation 3"",44],[""Fill 1"",41],[""Ending 3"",41],[""Variation 4"",40],[""Variation 1"",38],[""Fill 2"",15],[""Ending 2"",15],[""Intro 3"",2]]","{""cc:11"":12,""cc:7"":12,""cc:0"":12,""cc:32"":12,""cc:22"":8,""pb"":18}",{},"{""n"":18,""nonzero"":17,""positive"":0,""negative"":17,""zero"":1,""max_abs"":8192,""summary"":{""min"":-8192.0,""p01"":-8170.41,""p05"":-8084.05,""p10"":-7885.1,""p25"":-6880.75,""p50"":-4416.0,""p75"":-1857.0,""p90"":-358.7,""p95"":-0.85,""p99"":-0.17,""max"":0.0}}","{""n"":0,""ge90"":0,""summary"":{}}",[],[]
121,18,,,29,"[[""ACC4"",23],[""ACC3"",17],[""ACC1"",16],[""ACC5"",9],[""ACC2"",8]]","[[""Variation 1"",31],[""Variation 2"",12],[""Variation 4"",10],[""Intro 1"",9],[""Variation 3"",8],[""Ending 2"",2],[""Ending 1"",1]]","{""cc:32"":73}",{},"{""n"":0,""nonzero"":0,""positive"":0,""negative"":0,""zero"":0,""max_abs"":0,""summary"":{}}","{""n"":0,""ge90"":0,""summary"":{}}",[],[]
121,16,,,28,"[[""ACC3"",23],[""ACC2"",22],[""ACC1"",12],[""ACC5"",10],[""ACC4"",6]]","[[""Variation 1"",33],[""Intro 1"",13],[""Variation 3"",10],[""Variation 2"",7],[""Variation 4"",7],[""Ending 1"",2],[""Ending 2"",1]]","{""cc:32"":73}",{},"{""n"":0,""nonzero"":0,""positive"":0,""negative"":0,""zero"":0,""max_abs"":0,""summary"":{}}","{""n"":0,""ge90"":0,""summary"":{}}",[],[]
121,5,38,30303 Bass,1,"[[""ACC4"",1377]]","[[""Intro 1"",393],[""Variation 4"",296],[""Variation 2"",192],[""Intro 2"",102],[""Variation 3"",101],[""Ending 2"",90],[""Ending 1"",81],[""Fill 1"",43],[""Ending 3"",42],[""Break"",24],[""Fill 2"",10],[""Intro 3"",3]]","{""cc:11"":14,""cc:7"":14,""cc:0"":14,""cc:32"":14,""cc:22"":17}",{},"{""n"":0,""nonzero"":0,""positive"":0,""negative"":0,""zero"":0,""max_abs"":0,""summary"":{}}","{""n"":0,""ge90"":0,""summary"":{}}",[],[]
121,9,0,Grand&MovingPad,4,"[[""ACC1"",958]]","[[""Variation 4"",545],[""Variation 1"",178],[""Intro 1"",111],[""Ending 1"",77],[""Variation 2"",10],[""Fill 1"",7],[""Ending 2"",7],[""Intro 2"",5],[""Intro 3"",5],[""Fill 2"",4],[""Break"",4],[""Ending 3"",4],[""Variation 3"",1]]","{""cc:11"":10,""cc:7"":10,""cc:0"":10,""cc:22"":39,""cc:32"":1}",{},"{""n"":0,""nonzero"":0,""positive"":0,""negative"":0,""zero"":0,""max_abs"":0,""summary"":{}}","{""n"":0,""ge90"":0,""summary"":{}}",[],[]
121,1,17,Det. Perc. Organ,2,"[[""ACC2"",953],[""ACC3"",163]]","[[""Variation 3"",576],[""Intro 1"",220],[""Ending 1"",94],[""Ending 3"",70],[""Fill 2"",58],[""Break"",24],[""Variation 4"",21],[""Ending 2"",19],[""Intro 2"",17],[""Fill 1"",15],[""Intro 3"",2]]","{""cc:11"":18,""cc:7"":18,""cc:0"":18,""cc:32"":11,""cc:22"":5}",{},"{""n"":0,""nonzero"":0,""positive"":0,""negative"":0,""zero"":0,""max_abs"":0,""summary"":{}}","{""n"":0,""ge90"":0,""summary"":{}}",[],[]
121,2,56,Trumpet Overb.,1,"[[""ACC3"",1944]]","[[""Variation 3"",798],[""Variation 4"",580],[""Fill 2"",133],[""Ending 2"",131],[""Fill 1"",77],[""Variation 2"",76],[""Intro 2"",69],[""Ending 3"",35],[""Break"",29],[""Intro 1"",7],[""Ending 1"",7],[""Intro 3"",2]]","{""cc:11"":16,""cc:7"":16,""cc:0"":16,""cc:32"":12,""cc:22"":10}",{},"{""n"":0,""nonzero"":0,""positive"":0,""negative"":0,""zero"":0,""max_abs"":0,""summary"":{}}","{""n"":0,""ge90"":0,""summary"":{}}",[],[]
121,0,39,Synth Bass 2 GM,2,"[[""BASS"",582]]","[[""Intro 1"",100],[""Ending 1"",88],[""Variation 3"",84],[""Variation 2"",76],[""Variation 1"",68],[""Variation 4"",39],[""Intro 2"",23],[""Ending 2"",23],[""Intro 3"",21],[""Fill 1"",21],[""Fill 2"",21],[""Ending 3"",11],[""Break"",7]]","{""cc:11"":16,""cc:7"":16,""cc:0"":16,""cc:32"":15,""cc:22"":7}",{},"{""n"":0,""nonzero"":0,""positive"":0,""negative"":0,""zero"":0,""max_abs"":0,""summary"":{}}","{""n"":0,""ge90"":0,""summary"":{}}",[],[]
121,12,48,Chamber Strings,1,"[[""ACC3"",5120]]","[[""Intro 1"",1908],[""Ending 1"",1552],[""Variation 3"",748],[""Ending 2"",296],[""Variation 4"",240],[""Fill 2"",142],[""Intro 2"",121],[""Break"",38],[""Variation 2"",36],[""Ending 3"",35],[""Intro 3"",2],[""Fill 1"",2]]","{""cc:11"":16,""cc:7"":16,""cc:0"":16,""cc:32"":16,""cc:22"":6}",{},"{""n"":0,""nonzero"":0,""positive"":0,""negative"":0,""zero"":0,""max_abs"":0,""summary"":{}}","{""n"":0,""ge90"":0,""summary"":{}}",[],[]
121,5,65,Sweet Alto Sax 1,2,"[[""ACC4"",1044],[""ACC2"",243]]","[[""Variation 4"",498],[""Variation 3"",396],[""Ending 1"",207],[""Intro 1"",107],[""Ending 2"",29],[""Fill 2"",27],[""Break"",7],[""Ending 3"",7],[""Intro 2"",3],[""Intro 3"",3],[""Fill 1"",3]]","{""cc:11"":12,""cc:7"":12,""cc:0"":12,""cc:32"":8,""cc:22"":25}",{},"{""n"":0,""nonzero"":0,""positive"":0,""negative"":0,""zero"":0,""max_abs"":0,""summary"":{}}","{""n"":0,""ge90"":0,""summary"":{}}",[],[]
121,5,24,Ac.Guitar KeyOff,1,"[[""ACC2"",583]]","[[""Ending 1"",90],[""Variation 2"",76],[""Variation 3"",76],[""Variation 4"",76],[""Intro 1"",70],[""Variation 1"",68],[""Ending 2"",41],[""Intro 2"",31],[""Fill 1"",17],[""Fill 2"",17],[""Ending 3"",17],[""Intro 3"",2],[""Break"",2]]","{""cc:11"":15,""cc:7"":15,""cc:0"":15,""cc:32"":15,""cc:22"":9}",{},"{""n"":0,""nonzero"":0,""positive"":0,""negative"":0,""zero"":0,""max_abs"":0,""summary"":{}}","{""n"":0,""ge90"":0,""summary"":{}}",[],[]
121,10,16,BX3 Rock 1 V.,2,"[[""ACC3"",916],[""ACC4"",237]]","[[""Ending 1"",334],[""Intro 1"",320],[""Ending 2"",186],[""Ending 3"",100],[""Variation 1"",70],[""Variation 4"",58],[""Intro 2"",22],[""Fill 1"",20],[""Variation 3"",18],[""Break"",10],[""Variation 2"",6],[""Fill 2"",6],[""Intro 3"",3]]","{""cc:11"":14,""cc:7"":14,""cc:0"":14,""cc:32"":12,""cc:22"":15}",{},"{""n"":0,""nonzero"":0,""positive"":0,""negative"":0,""zero"":0,""max_abs"":0,""summary"":{}}","{""n"":0,""ge90"":0,""summary"":{}}",[],[]
121,1,7,Pulse Clav,2,"[[""ACC2"",1352],[""ACC5"",341]]","[[""Intro 1"",441],[""Ending 1"",352],[""Ending 2"",146],[""Variation 2"",132],[""Variation 1"",128],[""Intro 2"",124],[""Variation 3"",124],[""Fill 1"",76],[""Variation 4"",73],[""Fill 2"",53],[""Ending 3"",36],[""Break"",5],[""Intro 3"",3]]","{""cc:22"":15,""cc:11"":14,""cc:7"":14,""cc:0"":14,""cc:32"":12}",{},"{""n"":0,""nonzero"":0,""positive"":0,""negative"":0,""zero"":0,""max_abs"":0,""summary"":{}}","{""n"":0,""ge90"":0,""summary"":{}}",[],[]
121,6,73,Flute Muted,1,"[[""ACC3"",2135]]","[[""Intro 1"",665],[""Ending 1"",417],[""Variation 3"",322],[""Variation 4"",290],[""Intro 2"",134],[""Fill 2"",117],[""Ending 2"",100],[""Ending 3"",74],[""Break"",10],[""Intro 3"",3],[""Fill 1"",3]]","{""cc:11"":13,""cc:7"":13,""cc:0"":13,""cc:32"":13,""cc:22"":17}",{},"{""n"":0,""nonzero"":0,""positive"":0,""negative"":0,""zero"":0,""max_abs"":0,""summary"":{}}","{""n"":0,""ge90"":0,""summary"":{}}",[],[]
121,9,48,Strings Quartet,1,"[[""ACC4"",572]]","[[""Intro 1"",128],[""Ending 1"",104],[""Variation 1"",64],[""Variation 3"",56],[""Variation 2"",46],[""Intro 2"",45],[""Variation 4"",31],[""Fill 2"",23],[""Ending 2"",21],[""Break"",15],[""Intro 3"",13],[""Fill 1"",13],[""Ending 3"",13]]","{""cc:11"":15,""cc:7"":15,""cc:0"":15,""cc:32"":15,""cc:22"":8}",{},"{""n"":0,""nonzero"":0,""positive"":0,""negative"":0,""zero"":0,""max_abs"":0,""summary"":{}}","{""n"":0,""ge90"":0,""summary"":{}}",[],[]
120,0,10,Jungle Kit,2,"[[""DRUM"",5047],[""PERC"",234]]","[[""Ending 1"",1424],[""Intro 1"",1420],[""Variation 4"",474],[""Variation 3"",386],[""Variation 2"",336],[""Variation 1"",332],[""Intro 2"",327],[""Intro 3"",179],[""Ending 2"",129],[""Fill 1"",95],[""Ending 3"",69],[""Fill 2"",63],[""Break"",47]]","{""cc:11"":15,""cc:7"":15,""cc:0"":15,""cc:32"":15,""cc:22"":7}",{},"{""n"":0,""nonzero"":0,""positive"":0,""negative"":0,""zero"":0,""max_abs"":0,""summary"":{}}","{""n"":0,""ge90"":0,""summary"":{}}",[],[]
121,0,24,Nylon Guitar GM,1,"[[""ACC2"",98]]","[[""Intro 2"",90],[""Fill 1"",6],[""Intro 3"",2]]","{""cc:1"":58,""cc:22"":2,""cc:11"":2,""cc:7"":2,""cc:0"":2}","{""1"":{""n"":58,""ge64"":24,""zero"":2,""max"":108}}","{""n"":0,""nonzero"":0,""positive"":0,""negative"":0,""zero"":0,""max_abs"":0,""summary"":{}}","{""n"":0,""ge90"":0,""summary"":{}}",[],[]
121,7,25,Finger Key Off,1,"[[""ACC2"",1276]]","[[""Ending 1"",260],[""Intro 1"",258],[""Variation 2"",126],[""Intro 2"",123],[""Ending 2"",119],[""Variation 1"",118],[""Variation 3"",63],[""Variation 4"",63],[""Ending 3"",55],[""Fill 1"",33],[""Break"",29],[""Fill 2"",27],[""Intro 3"",2]]","{""cc:11"":14,""cc:7"":14,""cc:0"":14,""cc:32"":14,""cc:22"":10}",{},"{""n"":0,""nonzero"":0,""positive"":0,""negative"":0,""zero"":0,""max_abs"":0,""summary"":{}}","{""n"":0,""ge90"":0,""summary"":{}}",[],[]
121,2,38,Syn Bass Reso,1,"[[""BASS"",320]]","[[""Ending 1"",106],[""Variation 4"",40],[""Variation 3"",32],[""Variation 2"",30],[""Intro 1"",28],[""Ending 2"",19],[""Intro 2"",17],[""Variation 1"",12],[""Ending 3"",11],[""Fill 1"",9],[""Fill 2"",7],[""Break"",7],[""Intro 3"",2]]","{""cc:11"":12,""cc:7"":12,""cc:0"":12,""cc:32"":12,""pb"":8,""cc:22"":8}",{},"{""n"":8,""nonzero"":7,""positive"":0,""negative"":7,""zero"":1,""max_abs"":8192,""summary"":{""min"":-8192.0,""p01"":-7993.55,""p05"":-7199.75,""p10"":-6207.5,""p25"":-4412.0,""p50"":-2678.5,""p75"":-867.25,""p90"":-441.7,""p95"":-220.85,""p99"":-44.17,""max"":0.0}}","{""n"":0,""ge90"":0,""summary"":{}}",[],[]
121,8,,,30,"[[""ACC5"",20],[""ACC1"",14],[""ACC3"",12],[""BASS"",7],[""ACC4"",6],[""ACC2"",4]]","[[""Variation 1"",20],[""Intro 1"",12],[""Variation 3"",11],[""Variation 2"",10],[""Variation 4"",8],[""Ending 1"",2]]","{""cc:32"":63}",{},"{""n"":0,""nonzero"":0,""positive"":0,""negative"":0,""zero"":0,""max_abs"":0,""summary"":{}}","{""n"":0,""ge90"":0,""summary"":{}}",[],[]
121,0,106,Shamisen GM,2,"[[""ACC2"",1468],[""ACC5"",177]]","[[""Ending 1"",432],[""Variation 4"",392],[""Variation 3"",264],[""Variation 2"",256],[""Ending 2"",153],[""Fill 2"",72],[""Fill 1"",46],[""Ending 3"",22],[""Intro 1"",2],[""Intro 2"",2],[""Intro 3"",2],[""Break"",2]]","{""cc:11"":13,""cc:7"":13,""cc:0"":13,""cc:22"":12,""cc:32"":12}",{},"{""n"":0,""nonzero"":0,""positive"":0,""negative"":0,""zero"":0,""max_abs"":0,""summary"":{}}","{""n"":0,""ge90"":0,""summary"":{}}",[],[]
121,0,17,Perc. Organ GM,2,"[[""ACC1"",1379],[""ACC4"",473],[""ACC5"",175]]","[[""Intro 1"",597],[""Ending 1"",497],[""Ending 2"",248],[""Variation 4"",176],[""Intro 3"",176],[""Intro 2"",166],[""Variation 3"",64],[""Fill 2"",48],[""Ending 3"",43],[""Fill 1"",9],[""Break"",3]]","{""cc:11"":11,""cc:7"":11,""cc:0"":11,""cc:32"":9,""cc:22"":21}",{},"{""n"":0,""nonzero"":0,""positive"":0,""negative"":0,""zero"":0,""max_abs"":0,""summary"":{}}","{""n"":0,""ge90"":0,""summary"":{}}",[],[]
121,13,56,Flugel Horn Pro,2,"[[""ACC5"",193],[""ACC2"",171]]","[[""Ending 1"",215],[""Intro 1"",98],[""Ending 2"",17],[""Variation 4"",10],[""Ending 3"",9],[""Intro 2"",3],[""Intro 3"",3],[""Fill 1"",3],[""Fill 2"",3],[""Break"",3]]","{""cc:11"":6,""cc:7"":6,""cc:0"":6,""cc:32"":6,""cc:22"":21,""cc:1"":17}","{""1"":{""n"":17,""ge64"":0,""zero"":2,""max"":51}}","{""n"":0,""nonzero"":0,""positive"":0,""negative"":0,""zero"":0,""max_abs"":0,""summary"":{}}","{""n"":0,""ge90"":0,""summary"":{}}",[],[]
121,6,98,Bell Pad,1,"[[""ACC3"",412]]","[[""Ending 1"",120],[""Ending 2"",102],[""Intro 2"",48],[""Intro 1"",36],[""Ending 3"",35],[""Fill 1"",11],[""Fill 2"",11],[""Break"",11],[""Variation 2"",10],[""Variation 3"",10],[""Variation 4"",10],[""Variation 1"",6],[""Intro 3"",2]]","{""cc:11"":14,""cc:7"":14,""cc:0"":14,""cc:32"":14,""cc:22"":6}",{},"{""n"":0,""nonzero"":0,""positive"":0,""negative"":0,""zero"":0,""max_abs"":0,""summary"":{}}","{""n"":0,""ge90"":0,""summary"":{}}",[],[]
121,0,116,Taiko Drum GM,1,"[[""ACC3"",120]]","[[""Ending 1"",22],[""Intro 1"",18],[""Fill 2"",13],[""Ending 2"",13],[""Ending 3"",13],[""Variation 1"",12],[""Variation 3"",8],[""Intro 2"",4],[""Intro 3"",4],[""Fill 1"",4],[""Break"",4],[""Variation 4"",3],[""Variation 2"",2]]","{""cc:22"":36,""cc:11"":6,""cc:7"":6,""cc:0"":6,""cc:32"":6}",{},"{""n"":0,""nonzero"":0,""positive"":0,""negative"":0,""zero"":0,""max_abs"":0,""summary"":{}}","{""n"":0,""ge90"":0,""summary"":{}}",[],[]
120,0,57,SFX Kit 2,1,"[[""PERC"",1903]]","[[""Ending 1"",472],[""Variation 4"",352],[""Intro 1"",328],[""Variation 3"",144],[""Variation 2"",112],[""Variation 1"",108],[""Ending 2"",99],[""Intro 2"",59],[""Ending 3"",59],[""Fill 2"",53],[""Break"",53],[""Intro 3"",35],[""Fill 1"",29]]","{""cc:11"":13,""cc:7"":13,""cc:0"":13,""cc:32"":13,""cc:22"":7}",{},"{""n"":0,""nonzero"":0,""positive"":0,""negative"":0,""zero"":0,""max_abs"":0,""summary"":{}}","{""n"":0,""ge90"":0,""summary"":{}}",[],[]
121,9,38,Digi Bass 1,1,"[[""BASS"",773]]","[[""Ending 1"",192],[""Intro 1"",136],[""Variation 4"",124],[""Variation 2"",64],[""Variation 3"",64],[""Variation 1"",60],[""Ending 2"",37],[""Fill 2"",21],[""Ending 3"",21],[""Fill 1"",19],[""Break"",13],[""Intro 2"",11],[""Intro 3"",11]]","{""cc:11"":13,""cc:7"":13,""cc:0"":13,""cc:32"":13,""cc:22"":7}",{},"{""n"":0,""nonzero"":0,""positive"":0,""negative"":0,""zero"":0,""max_abs"":0,""summary"":{}}","{""n"":0,""ge90"":0,""summary"":{}}",[],[]
120,0,56,SFX Kit GM,1,"[[""PERC"",1889]]","[[""Ending 1"",520],[""Intro 1"",454],[""Ending 2"",153],[""Variation 4"",150],[""Variation 3"",148],[""Variation 2"",116],[""Variation 1"",112],[""Intro 2"",61],[""Ending 3"",45],[""Fill 2"",37],[""Intro 3"",33],[""Fill 1"",33],[""Break"",27]]","{""cc:11"":13,""cc:7"":13,""cc:0"":13,""cc:32"":13,""cc:22"":7}",{},"{""n"":0,""nonzero"":0,""positive"":0,""negative"":0,""zero"":0,""max_abs"":0,""summary"":{}}","{""n"":0,""ge90"":0,""summary"":{}}",[],[]
120,0,19,Power Kit RX2,1,"[[""PERC"",2423]]","[[""Ending 1"",940],[""Variation 4"",404],[""Intro 1"",300],[""Variation 3"",244],[""Ending 2"",219],[""Fill 2"",67],[""Variation 2"",60],[""Variation 1"",48],[""Intro 2"",35],[""Fill 1"",35],[""Break"",29],[""Intro 3"",25],[""Ending 3"",17]]","{""cc:11"":13,""cc:7"":13,""cc:0"":13,""cc:32"":13,""cc:22"":7}",{},"{""n"":0,""nonzero"":0,""positive"":0,""negative"":0,""zero"":0,""max_abs"":0,""summary"":{}}","{""n"":0,""ge90"":0,""summary"":{}}",[],[]
121,12,,,27,"[[""ACC3"",18],[""ACC2"",16],[""ACC4"",13],[""ACC1"",9],[""ACC5"",2]]","[[""Variation 1"",23],[""Variation 2"",14],[""Intro 1"",11],[""Variation 3"",7],[""Variation 4"",3]]","{""cc:32"":58}",{},"{""n"":0,""nonzero"":0,""positive"":0,""negative"":0,""zero"":0,""max_abs"":0,""summary"":{}}","{""n"":0,""ge90"":0,""summary"":{}}",[],[]
121,0,28,Muted Guitar GM,1,"[[""ACC4"",344]]","[[""Ending 1"",92],[""Ending 2"",48],[""Fill 2"",44],[""Fill 1"",40],[""Intro 1"",36],[""Ending 3"",25],[""Variation 4"",22],[""Intro 2"",13],[""Variation 3"",12],[""Variation 2"",8],[""Intro 3"",2],[""Break"",2]]","{""cc:11"":13,""cc:7"":13,""cc:0"":13,""cc:32"":13,""cc:22"":6}",{},"{""n"":0,""nonzero"":0,""positive"":0,""negative"":0,""zero"":0,""max_abs"":0,""summary"":{}}","{""n"":0,""ge90"":0,""summary"":{}}",[],[]
121,1,50,Synth Strings 3,1,"[[""ACC4"",458]]","[[""Intro 1"",117],[""Ending 1"",107],[""Ending 2"",70],[""Variation 4"",52],[""Ending 3"",46],[""Fill 2"",41],[""Intro 2"",8],[""Variation 3"",8],[""Intro 3"",3],[""Fill 1"",3],[""Break"",3]]","{""cc:11"":10,""cc:7"":10,""cc:0"":10,""cc:32"":10,""cc:22"":18}",{},"{""n"":0,""nonzero"":0,""positive"":0,""negative"":0,""zero"":0,""max_abs"":0,""summary"":{}}","{""n"":0,""ge90"":0,""summary"":{}}",[],[]
121,4,55,Brass Impact,2,"[[""ACC4"",289]]","[[""Ending 1"",52],[""Ending 2"",45],[""Intro 2"",45],[""Ending 3"",34],[""Fill 1"",29],[""Intro 1"",20],[""Variation 3"",16],[""Variation 4"",16],[""Variation 2"",12],[""Fill 2"",9],[""Break"",9],[""Intro 3"",2]]","{""cc:11"":12,""cc:7"":12,""cc:0"":12,""cc:22"":10,""cc:32"":11}",{},"{""n"":0,""nonzero"":0,""positive"":0,""negative"":0,""zero"":0,""max_abs"":0,""summary"":{}}","{""n"":0,""ge90"":0,""summary"":{}}",[],[]
121,1,108,Kalimba 2,1,"[[""ACC2"",754]]","[[""Ending 1"",246],[""Intro 1"",104],[""Variation 2"",68],[""Variation 3"",68],[""Variation 4"",68],[""Variation 1"",64],[""Intro 2"",55],[""Ending 3"",27],[""Fill 2"",25],[""Ending 2"",13],[""Fill 1"",7],[""Break"",7],[""Intro 3"",2]]","{""cc:11"":12,""cc:7"":12,""cc:0"":12,""cc:32"":12,""cc:22"":8}",{},"{""n"":0,""nonzero"":0,""positive"":0,""negative"":0,""zero"":0,""max_abs"":0,""summary"":{}}","{""n"":0,""ge90"":0,""summary"":{}}",[],[]
121,2,90,Sky Watcher,2,"[[""ACC1"",994]]","[[""Ending 1"",412],[""Intro 1"",246],[""Ending 2"",109],[""Ending 3"",61],[""Fill 2"",53],[""Break"",53],[""Variation 3"",20],[""Variation 2"",16],[""Fill 1"",9],[""Variation 4"",7],[""Variation 1"",4],[""Intro 2"",2],[""Intro 3"",2]]","{""cc:11"":12,""cc:7"":12,""cc:0"":12,""cc:32"":11,""cc:22"":9}",{},"{""n"":0,""nonzero"":0,""positive"":0,""negative"":0,""zero"":0,""max_abs"":0,""summary"":{}}","{""n"":0,""ge90"":0,""summary"":{}}",[],[]
121,0,5,E. Piano 2 GM,3,"[[""ACC1"",1402],[""ACC5"",30]]","[[""Ending 2"",360],[""Variation 4"",312],[""Variation 3"",298],[""Ending 3"",150],[""Intro 2"",119],[""Intro 1"",77],[""Fill 2"",64],[""Fill 1"",46],[""Break"",6]]","{""cc:11"":11,""cc:7"":12,""cc:0"":11,""cc:32"":7,""cc:22"":3,""cc:64"":8,""cc:8"":1,""cc:67"":2,""cc:116"":1}","{""64"":{""n"":8,""ge64"":4,""zero"":4,""max"":127}}","{""n"":0,""nonzero"":0,""positive"":0,""negative"":0,""zero"":0,""max_abs"":0,""summary"":{}}","{""n"":0,""ge90"":0,""summary"":{}}",[],[]
121,24,27,'54 E. Guitar,1,"[[""ACC1"",1310]]","[[""Ending 1"",278],[""Intro 1"",258],[""Ending 2"",139],[""Variation 3"",132],[""Variation 4"",132],[""Fill 2"",69],[""Variation 2"",68],[""Ending 3"",67],[""Variation 1"",64],[""Fill 1"",53],[""Intro 2"",37],[""Break"",11],[""Intro 3"",2]]","{""cc:11"":12,""cc:7"":12,""cc:0"":12,""cc:32"":12,""cc:22"":8}",{},"{""n"":0,""nonzero"":0,""positive"":0,""negative"":0,""zero"":0,""max_abs"":0,""summary"":{}}","{""n"":0,""ge90"":0,""summary"":{}}",[],[]
121,3,89,Power Synth,1,"[[""ACC5"",566]]","[[""Intro 1"",164],[""Ending 1"",144],[""Variation 2"",36],[""Variation 3"",36],[""Variation 4"",36],[""Variation 1"",32],[""Ending 2"",29],[""Intro 2"",23],[""Fill 1"",21],[""Fill 2"",19],[""Ending 3"",15],[""Break"",9],[""Intro 3"",2]]","{""cc:11"":12,""cc:7"":12,""cc:0"":12,""cc:32"":12,""cc:22"":8}",{},"{""n"":0,""nonzero"":0,""positive"":0,""negative"":0,""zero"":0,""max_abs"":0,""summary"":{}}","{""n"":0,""ge90"":0,""summary"":{}}",[],[]
121,18,48,Strings & Glock.,1,"[[""ACC3"",316]]","[[""Intro 1"",100],[""Ending 1"",80],[""Ending 2"",44],[""Fill 1"",24],[""Variation 3"",12],[""Variation 4"",12],[""Intro 2"",11],[""Ending 3"",11],[""Variation 2"",10],[""Variation 1"",6],[""Intro 3"",2],[""Fill 2"",2],[""Break"",2]]","{""cc:11"":12,""cc:7"":12,""cc:0"":12,""cc:32"":12,""cc:22"":8}",{},"{""n"":0,""nonzero"":0,""positive"":0,""negative"":0,""zero"":0,""max_abs"":0,""summary"":{}}","{""n"":0,""ge90"":0,""summary"":{}}",[],[]
121,4,56,Trumpet Expr.2,1,"[[""ACC5"",535]]","[[""Ending 1"",144],[""Intro 1"",120],[""Variation 3"",84],[""Variation 2"",72],[""Ending 3"",41],[""Ending 2"",40],[""Fill 2"",17],[""Variation 4"",9],[""Intro 2"",2],[""Intro 3"",2],[""Fill 1"",2],[""Break"",2]]","{""cc:11"":12,""cc:7"":12,""cc:0"":12,""cc:32"":9,""cc:22"":10}",{},"{""n"":0,""nonzero"":0,""positive"":0,""negative"":0,""zero"":0,""max_abs"":0,""summary"":{}}","{""n"":0,""ge90"":0,""summary"":{}}",[],[]
120,0,51,Arabian Kit 1,1,"[[""PERC"",2055]]","[[""Ending 1"",892],[""Intro 1"",514],[""Ending 2"",161],[""Variation 4"",124],[""Ending 3"",89],[""Fill 2"",65],[""Fill 1"",45],[""Intro 2"",37],[""Variation 2"",36],[""Variation 3"",36],[""Variation 1"",32],[""Intro 3"",19],[""Break"",5]]","{""cc:11"":12,""cc:7"":12,""cc:0"":12,""cc:32"":12,""cc:22"":7}",{},"{""n"":0,""nonzero"":0,""positive"":0,""negative"":0,""zero"":0,""max_abs"":0,""summary"":{}}","{""n"":0,""ge90"":0,""summary"":{}}",[],[]
121,17,,,24,"[[""ACC3"",16],[""ACC2"",16],[""ACC1"",13],[""ACC4"",6],[""ACC5"",3]]","[[""Variation 1"",35],[""Intro 1"",9],[""Variation 3"",4],[""Variation 2"",4],[""Fill 1"",1],[""Variation 4"",1]]","{""cc:32"":54}",{},"{""n"":0,""nonzero"":0,""positive"":0,""negative"":0,""zero"":0,""max_abs"":0,""summary"":{}}","{""n"":0,""ge90"":0,""summary"":{}}",[],[]
121,0,120,Gtr FretNoise GM,1,"[[""ACC4"",457]]","[[""Ending 1"",230],[""Intro 1"",76],[""Variation 4"",32],[""Ending 2"",21],[""Variation 2"",18],[""Variation 3"",18],[""Variation 1"",14],[""Ending 3"",13],[""Fill 1"",11],[""Fill 2"",11],[""Break"",9],[""Intro 2"",2],[""Intro 3"",2]]","{""cc:11"":11,""cc:7"":11,""cc:0"":11,""cc:32"":11,""cc:22"":9}",{},"{""n"":0,""nonzero"":0,""positive"":0,""negative"":0,""zero"":0,""max_abs"":0,""summary"":{}}","{""n"":0,""ge90"":0,""summary"":{}}",[],[]
121,0,98,Crystal GM,1,"[[""ACC2"",207]]","[[""Intro 1"",60],[""Variation 4"",36],[""Ending 1"",36],[""Ending 3"",13],[""Variation 3"",12],[""Fill 1"",9],[""Fill 2"",9],[""Break"",9],[""Ending 2"",9],[""Intro 2"",7],[""Variation 1"",4],[""Intro 3"",2],[""Variation 2"",1]]","{""cc:22"":9,""cc:11"":11,""cc:7"":11,""cc:0"":11,""cc:32"":11}",{},"{""n"":0,""nonzero"":0,""positive"":0,""negative"":0,""zero"":0,""max_abs"":0,""summary"":{}}","{""n"":0,""ge90"":0,""summary"":{}}",[],[]
121,2,31,E.Gtr Harmonics,1,"[[""ACC2"",973]]","[[""Ending 1"",232],[""Intro 1"",228],[""Ending 2"",117],[""Variation 4"",116],[""Variation 2"",60],[""Variation 3"",60],[""Variation 1"",56],[""Intro 2"",33],[""Ending 3"",33],[""Fill 1"",19],[""Break"",15],[""Intro 3"",2],[""Fill 2"",2]]","{""cc:11"":11,""cc:7"":11,""cc:0"":11,""cc:32"":11,""cc:22"":9}",{},"{""n"":0,""nonzero"":0,""positive"":0,""negative"":0,""zero"":0,""max_abs"":0,""summary"":{}}","{""n"":0,""ge90"":0,""summary"":{}}",[],[]
121,3,107,Kanoun Trem. 2,1,"[[""ACC1"",1199]]","[[""Ending 1"",454],[""Intro 1"",450],[""Variation 4"",98],[""Variation 3"",68],[""Ending 2"",31],[""Variation 2"",20],[""Ending 3"",17],[""Variation 1"",16],[""Fill 2"",15],[""Intro 2"",13],[""Fill 1"",13],[""Intro 3"",2],[""Break"",2]]","{""cc:11"":11,""cc:7"":11,""cc:0"":11,""cc:32"":11,""cc:22"":9}",{},"{""n"":0,""nonzero"":0,""positive"":0,""negative"":0,""zero"":0,""max_abs"":0,""summary"":{}}","{""n"":0,""ge90"":0,""summary"":{}}",[],[]
121,9,18,BX3 Jazz Pc. V.,2,"[[""ACC5"",542],[""ACC2"",413]]","[[""Intro 1"",288],[""Ending 1"",246],[""Variation 2"",156],[""Ending 2"",112],[""Fill 2"",86],[""Fill 1"",34],[""Break"",15],[""Variation 3"",9],[""Ending 3"",5],[""Intro 2"",2],[""Intro 3"",2]]","{""cc:22"":15,""cc:11"":11,""cc:7"":11,""cc:0"":11,""cc:32"":5}",{},"{""n"":0,""nonzero"":0,""positive"":0,""negative"":0,""zero"":0,""max_abs"":0,""summary"":{}}","{""n"":0,""ge90"":0,""summary"":{}}",[],[]
121,12,56,Sweet FlugelHorn,1,"[[""ACC2"",427]]","[[""Variation 4"",104],[""Ending 1"",88],[""Variation 3"",80],[""Intro 1"",68],[""Fill 1"",17],[""Fill 2"",17],[""Break"",17],[""Ending 3"",17],[""Ending 2"",15],[""Intro 2"",2],[""Intro 3"",2]]","{""cc:11"":11,""cc:7"":11,""cc:0"":11,""cc:32"":11,""cc:22"":9}",{},"{""n"":0,""nonzero"":0,""positive"":0,""negative"":0,""zero"":0,""max_abs"":0,""summary"":{}}","{""n"":0,""ge90"":0,""summary"":{}}",[],[]
121,17,56,Alp Trumpet,1,"[[""ACC5"",435]]","[[""Variation 4"",104],[""Ending 1"",88],[""Variation 3"",80],[""Intro 1"",68],[""Ending 2"",32],[""Ending 3"",23],[""Fill 1"",17],[""Fill 2"",17],[""Intro 2"",2],[""Intro 3"",2],[""Break"",2]]","{""cc:11"":11,""cc:7"":11,""cc:0"":11,""cc:32"":11,""cc:22"":9}",{},"{""n"":0,""nonzero"":0,""positive"":0,""negative"":0,""zero"":0,""max_abs"":0,""summary"":{}}","{""n"":0,""ge90"":0,""summary"":{}}",[],[]
121,8,34,Pick Bass 2,1,"[[""BASS"",447]]","[[""Variation 4"",114],[""Intro 1"",84],[""Variation 2"",54],[""Variation 1"",50],[""Ending 1"",44],[""Ending 2"",31],[""Fill 1"",23],[""Fill 2"",13],[""Break"",13],[""Ending 3"",11],[""Intro 2"",7],[""Intro 3"",2],[""Variation 3"",1]]","{""cc:11"":11,""cc:7"":11,""cc:0"":11,""cc:32"":11,""cc:22"":9}",{},"{""n"":0,""nonzero"":0,""positive"":0,""negative"":0,""zero"":0,""max_abs"":0,""summary"":{}}","{""n"":0,""ge90"":0,""summary"":{}}",[],[]
121,5,98,Moving Bell,1,"[[""ACC5"",135]]","[[""Ending 1"",36],[""Intro 1"",26],[""Variation 3"",12],[""Ending 2"",11],[""Ending 3"",9],[""Variation 4"",8],[""Intro 2"",7],[""Intro 3"",7],[""Fill 2"",7],[""Variation 2"",6],[""Variation 1"",2],[""Fill 1"",2],[""Break"",2]]","{""cc:11"":11,""cc:7"":11,""cc:0"":11,""cc:32"":11,""cc:22"":9}",{},"{""n"":0,""nonzero"":0,""positive"":0,""negative"":0,""zero"":0,""max_abs"":0,""summary"":{}}","{""n"":0,""ge90"":0,""summary"":{}}",[],[]
121,0,27,Clean Guitar GM,1,"[[""ACC2"",1397]]","[[""Ending 1"",420],[""Intro 1"",212],[""Variation 2"",132],[""Variation 3"",132],[""Variation 4"",132],[""Variation 1"",128],[""Ending 2"",111],[""Ending 3"",41],[""Fill 2"",37],[""Fill 1"",31],[""Break"",17],[""Intro 2"",2],[""Intro 3"",2]]","{""cc:11"":11,""cc:7"":11,""cc:0"":11,""cc:32"":11,""cc:22"":9}",{},"{""n"":0,""nonzero"":0,""positive"":0,""negative"":0,""zero"":0,""max_abs"":0,""summary"":{}}","{""n"":0,""ge90"":0,""summary"":{}}",[],[]
121,12,89,OB Pad,1,"[[""ACC1"",712]]","[[""Variation 4"",274],[""Variation 3"",138],[""Ending 2"",71],[""Ending 1"",60],[""Intro 1"",56],[""Ending 3"",39],[""Fill 2"",37],[""Fill 1"",13],[""Variation 2"",8],[""Intro 2"",7],[""Break"",7],[""Intro 3"",2]]","{""cc:11"":11,""cc:7"":11,""cc:0"":11,""cc:32"":11,""cc:22"":8}",{},"{""n"":0,""nonzero"":0,""positive"":0,""negative"":0,""zero"":0,""max_abs"":0,""summary"":{}}","{""n"":0,""ge90"":0,""summary"":{}}",[],[]
121,1,23,Fisa Tango!,1,"[[""ACC3"",1766]]","[[""Ending 1"",738],[""Intro 1"",676],[""Variation 3"",108],[""Variation 4"",64],[""Ending 2"",51],[""Intro 2"",37],[""Fill 2"",25],[""Ending 3"",19],[""Fill 1"",17],[""Variation 2"",16],[""Break"",13],[""Intro 3"",2]]","{""cc:11"":11,""cc:7"":11,""cc:0"":11,""cc:32"":11,""cc:22"":8}",{},"{""n"":0,""nonzero"":0,""positive"":0,""negative"":0,""zero"":0,""max_abs"":0,""summary"":{}}","{""n"":0,""ge90"":0,""summary"":{}}",[],[]
121,10,81,Fire Wave,1,"[[""ACC2"",676]]","[[""Intro 1"",166],[""Ending 1"",126],[""Ending 2"",101],[""Variation 4"",98],[""Ending 3"",53],[""Fill 2"",51],[""Break"",29],[""Variation 3"",22],[""Intro 2"",11],[""Fill 1"",11],[""Variation 2"",6],[""Intro 3"",2]]","{""cc:11"":11,""cc:7"":11,""cc:0"":11,""cc:32"":11,""cc:22"":8}",{},"{""n"":0,""nonzero"":0,""positive"":0,""negative"":0,""zero"":0,""max_abs"":0,""summary"":{}}","{""n"":0,""ge90"":0,""summary"":{}}",[],[]
121,2,73,Flute Switch,2,"[[""ACC5"",809],[""ACC3"",317]]","[[""Intro 1"",500],[""Ending 1"",438],[""Ending 2"",84],[""Fill 2"",37],[""Ending 3"",32],[""Variation 2"",24],[""Break"",3],[""Intro 2"",2],[""Intro 3"",2],[""Fill 1"",2],[""Variation 3"",1],[""Variation 4"",1]]","{""cc:22"":16,""cc:11"":9,""cc:7"":9,""cc:0"":9,""cc:32"":9}",{},"{""n"":0,""nonzero"":0,""positive"":0,""negative"":0,""zero"":0,""max_abs"":0,""summary"":{}}","{""n"":0,""ge90"":0,""summary"":{}}",[],[]
120,0,122,Electro Kit,2,"[[""PERC"",1817]]","[[""Ending 1"",660],[""Variation 4"",328],[""Intro 1"",260],[""Variation 2"",132],[""Variation 3"",132],[""Variation 1"",128],[""Break"",60],[""Fill 1"",37],[""Fill 2"",37],[""Ending 3"",37],[""Intro 2"",2],[""Intro 3"",2],[""Ending 2"",2]]","{""cc:11"":10,""cc:7"":10,""cc:0"":10,""cc:32"":10,""cc:22"":11}",{},"{""n"":0,""nonzero"":0,""positive"":0,""negative"":0,""zero"":0,""max_abs"":0,""summary"":{}}","{""n"":0,""ge90"":0,""summary"":{}}",[],[]
121,32,0,Grand Piano,4,"[[""ACC1"",269]]","[[""Ending 1"",260],[""Ending 3"",9]]","{""cc:32"":15,""cc:11"":3,""cc:7"":3,""cc:0"":3,""cc:64"":13,""cc:8"":2,""cc:67"":2,""cc:100"":1,""cc:103"":1,""cc:5"":1,""cc:66"":1,""cc:115"":1,""cc:110"":1,""cc:121"":1,""cc:3"":1,""cc:19"":1,""cc:97"":1}","{""64"":{""n"":13,""ge64"":6,""zero"":7,""max"":127}}","{""n"":0,""nonzero"":0,""positive"":0,""negative"":0,""zero"":0,""max_abs"":0,""summary"":{}}","{""n"":0,""ge90"":0,""summary"":{}}",[],[]
121,1,61,Brass Section 2,1,"[[""ACC3"",202]]","[[""Variation 4"",40],[""Ending 3"",37],[""Ending 1"",32],[""Variation 3"",24],[""Ending 2"",21],[""Break"",17],[""Intro 1"",11],[""Intro 2"",9],[""Fill 2"",7],[""Intro 3"",2],[""Fill 1"",2]]","{""cc:11"":10,""cc:7"":10,""cc:0"":10,""cc:32"":10,""cc:22"":10}",{},"{""n"":0,""nonzero"":0,""positive"":0,""negative"":0,""zero"":0,""max_abs"":0,""summary"":{}}","{""n"":0,""ge90"":0,""summary"":{}}",[],[]
121,4,84,Metallic Rez,1,"[[""ACC3"",616]]","[[""Ending 1"",188],[""Intro 1"",168],[""Variation 4"",78],[""Variation 3"",54],[""Variation 1"",38],[""Variation 2"",30],[""Ending 2"",15],[""Fill 1"",13],[""Fill 2"",13],[""Ending 3"",13],[""Intro 2"",2],[""Intro 3"",2],[""Break"",2]]","{""cc:11"":10,""cc:7"":10,""cc:0"":10,""cc:32"":10,""cc:22"":10}",{},"{""n"":0,""nonzero"":0,""positive"":0,""negative"":0,""zero"":0,""max_abs"":0,""summary"":{}}","{""n"":0,""ge90"":0,""summary"":{}}",[],[]
121,1,49,Sweeper Strings,1,"[[""ACC2"",390]]","[[""Intro 1"",104],[""Ending 1"",102],[""Variation 4"",88],[""Ending 2"",30],[""Fill 2"",21],[""Ending 3"",21],[""Variation 3"",16],[""Intro 2"",2],[""Intro 3"",2],[""Fill 1"",2],[""Break"",2]]","{""cc:11"":10,""cc:7"":10,""cc:0"":10,""cc:32"":10,""cc:22"":10}",{},"{""n"":0,""nonzero"":0,""positive"":0,""negative"":0,""zero"":0,""max_abs"":0,""summary"":{}}","{""n"":0,""ge90"":0,""summary"":{}}",[],[]
121,4,80,Dance Lead,2,"[[""ACC4"",311],[""ACC2"",20]]","[[""Ending 1"",122],[""Intro 1"",117],[""Variation 4"",55],[""Variation 3"",16],[""Intro 2"",3],[""Intro 3"",3],[""Fill 1"",3],[""Fill 2"",3],[""Break"",3],[""Ending 2"",3],[""Ending 3"",3]]","{""cc:11"":6,""cc:7"":6,""cc:0"":6,""cc:32"":5,""cc:22"":21,""cc:1"":5}","{""1"":{""n"":5,""ge64"":2,""zero"":1,""max"":127}}","{""n"":0,""nonzero"":0,""positive"":0,""negative"":0,""zero"":0,""max_abs"":0,""summary"":{}}","{""n"":0,""ge90"":0,""summary"":{}}",[],[]
121,8,28,Clean Funk,3,"[[""ACC2"",1182],[""ACC5"",461],[""ACC1"",91]]","[[""Variation 2"",1172],[""Ending 1"",136],[""Fill 1"",109],[""Intro 1"",93],[""Ending 2"",71],[""Variation 4"",65],[""Fill 2"",38],[""Ending 3"",37],[""Variation 3"",7],[""Intro 2"",2],[""Intro 3"",2],[""Break"",2]]","{""cc:11"":10,""cc:7"":10,""cc:0"":10,""cc:22"":12,""cc:32"":6}",{},"{""n"":0,""nonzero"":0,""positive"":0,""negative"":0,""zero"":0,""max_abs"":0,""summary"":{}}","{""n"":0,""ge90"":0,""summary"":{}}",[],[]
121,1,1,Bright PianoWide,2,"[[""ACC1"",2710]]","[[""Intro 1"",861],[""Ending 1"",764],[""Variation 4"",340],[""Variation 3"",300],[""Ending 2"",195],[""Fill 2"",83],[""Ending 3"",77],[""Fill 1"",69],[""Break"",17],[""Intro 2"",2],[""Intro 3"",2]]","{""cc:11"":10,""cc:7"":10,""cc:0"":10,""cc:32"":9,""cc:22"":9}",{},"{""n"":0,""nonzero"":0,""positive"":0,""negative"":0,""zero"":0,""max_abs"":0,""summary"":{}}","{""n"":0,""ge90"":0,""summary"":{}}",[],[]
121,5,66,Folk Sax,2,"[[""ACC4"",376]]","[[""Ending 1"",168],[""Intro 1"",126],[""Ending 2"",32],[""Ending 3"",26],[""Fill 1"",10],[""Fill 2"",5],[""Intro 2"",4],[""Intro 3"",4],[""Break"",1]]","{""cc:22"":16,""cc:11"":8,""cc:7"":8,""cc:0"":8,""cc:32"":8}",{},"{""n"":0,""nonzero"":0,""positive"":0,""negative"":0,""zero"":0,""max_abs"":0,""summary"":{}}","{""n"":0,""ge90"":0,""summary"":{}}",[],[]
121,10,52,Slow Choir,1,"[[""ACC2"",659]]","[[""Ending 1"",264],[""Intro 1"",260],[""Variation 4"",52],[""Variation 3"",28],[""Ending 2"",17],[""Fill 2"",11],[""Ending 3"",11],[""Break"",7],[""Variation 1"",2],[""Intro 2"",2],[""Intro 3"",2],[""Fill 1"",2],[""Variation 2"",1]]","{""cc:22"":11,""cc:11"":9,""cc:7"":9,""cc:0"":9,""cc:32"":9}",{},"{""n"":0,""nonzero"":0,""positive"":0,""negative"":0,""zero"":0,""max_abs"":0,""summary"":{}}","{""n"":0,""ge90"":0,""summary"":{}}",[],[]
121,0,88,New Age Pad GM,1,"[[""ACC3"",299]]","[[""Ending 1"",130],[""Intro 1"",60],[""Ending 2"",21],[""Variation 4"",20],[""Variation 3"",14],[""Fill 2"",13],[""Ending 3"",13],[""Variation 2"",12],[""Variation 1"",8],[""Intro 2"",2],[""Intro 3"",2],[""Fill 1"",2],[""Break"",2]]","{""cc:11"":9,""cc:7"":9,""cc:0"":9,""cc:32"":9,""cc:22"":11}",{},"{""n"":0,""nonzero"":0,""positive"":0,""negative"":0,""zero"":0,""max_abs"":0,""summary"":{}}","{""n"":0,""ge90"":0,""summary"":{}}",[],[]
121,5,56,Trumpet Pitch,1,"[[""ACC4"",347]]","[[""Ending 1"",140],[""Intro 1"",108],[""Ending 2"",25],[""Variation 4"",24],[""Ending 3"",13],[""Fill 2"",9],[""Variation 2"",8],[""Variation 3"",8],[""Variation 1"",4],[""Intro 2"",2],[""Intro 3"",2],[""Fill 1"",2],[""Break"",2]]","{""cc:11"":9,""cc:7"":9,""cc:0"":9,""cc:32"":9,""cc:22"":11}",{},"{""n"":0,""nonzero"":0,""positive"":0,""negative"":0,""zero"":0,""max_abs"":0,""summary"":{}}","{""n"":0,""ge90"":0,""summary"":{}}",[],[]
121,10,18,Jimmy Organ V.,3,"[[""ACC2"",164],[""ACC3"",102],[""ACC4"",44]]","[[""Variation 4"",146],[""Variation 3"",32],[""Fill 1"",30],[""Ending 3"",26],[""Fill 2"",24],[""Variation 1"",24],[""Intro 1"",8],[""Break"",6],[""Variation 2"",6],[""Intro 2"",2],[""Intro 3"",2],[""Ending 1"",2],[""Ending 2"",2]]","{""cc:11"":9,""cc:7"":9,""cc:0"":9,""cc:22"":18,""cc:32"":1}",{},"{""n"":0,""nonzero"":0,""positive"":0,""negative"":0,""zero"":0,""max_abs"":0,""summary"":{}}","{""n"":0,""ge90"":0,""summary"":{}}",[],[]
121,25,,,16,"[[""ACC1"",22],[""ACC2"",17],[""ACC4"",5],[""ACC3"",2]]","[[""Variation 1"",33],[""Intro 1"",5],[""Variation 2"",5],[""Variation 3"",3]]","{""cc:32"":46}",{},"{""n"":0,""nonzero"":0,""positive"":0,""negative"":0,""zero"":0,""max_abs"":0,""summary"":{}}","{""n"":0,""ge90"":0,""summary"":{}}",[],[]
121,0,25,Steel Guitar GM,2,"[[""ACC3"",703],[""ACC4"",329]]","[[""Variation 4"",388],[""Ending 1"",368],[""Ending 2"",168],[""Variation 3"",66],[""Fill 2"",17],[""Break"",11],[""Ending 3"",6],[""Intro 1"",2],[""Intro 2"",2],[""Intro 3"",2],[""Fill 1"",2]]","{""cc:11"":8,""cc:7"":8,""cc:0"":8,""cc:32"":7,""cc:22"":15}",{},"{""n"":0,""nonzero"":0,""positive"":0,""negative"":0,""zero"":0,""max_abs"":0,""summary"":{}}","{""n"":0,""ge90"":0,""summary"":{}}",[],[]
121,4,73,Flute Frullato,1,"[[""ACC3"",576]]","[[""Ending 1"",142],[""Intro 1"",102],[""Variation 3"",74],[""Variation 4"",74],[""Ending 2"",61],[""Ending 3"",53],[""Fill 2"",27],[""Break"",21],[""Variation 2"",16],[""Intro 2"",2],[""Intro 3"",2],[""Fill 1"",2]]","{""cc:11"":9,""cc:7"":9,""cc:0"":9,""cc:32"":9,""cc:22"":10}",{},"{""n"":0,""nonzero"":0,""positive"":0,""negative"":0,""zero"":0,""max_abs"":0,""summary"":{}}","{""n"":0,""ge90"":0,""summary"":{}}",[],[]
121,4,20,Pipe Flute 1,1,"[[""ACC4"",459],[""ACC5"",314]]","[[""Variation 4"",242],[""Intro 1"",134],[""Fill 2"",118],[""Intro 2"",100],[""Ending 1"",98],[""Fill 1"",34],[""Break"",32],[""Intro 3"",10],[""Ending 2"",4],[""Ending 3"",1]]","{""cc:11"":12,""cc:7"":12,""cc:0"":12,""cc:22"":4,""cc:32"":5}",{},"{""n"":0,""nonzero"":0,""positive"":0,""negative"":0,""zero"":0,""max_abs"":0,""summary"":{}}","{""n"":0,""ge90"":0,""summary"":{}}",[],[]
121,2,91,Fresh Air 1,3,"[[""ACC5"",73],[""ACC3"",29],[""ACC1"",27]]","[[""Fill 2"",33],[""Variation 3"",30],[""Variation 4"",15],[""Ending 2"",13],[""Variation 2"",10],[""Intro 2"",7],[""Break"",7],[""Variation 1"",6],[""Intro 3"",2],[""Fill 1"",2],[""Ending 3"",2],[""Intro 1"",1],[""Ending 1"",1]]","{""cc:11"":9,""cc:7"":9,""cc:0"":9,""cc:32"":5,""cc:22"":13}",{},"{""n"":0,""nonzero"":0,""positive"":0,""negative"":0,""zero"":0,""max_abs"":0,""summary"":{}}","{""n"":0,""ge90"":0,""summary"":{}}",[],[]
121,5,84,Brian Sync,1,"[[""ACC5"",377]]","[[""Variation 4"",166],[""Ending 1"",105],[""Ending 2"",46],[""Fill 2"",33],[""Fill 1"",12],[""Intro 1"",3],[""Intro 2"",3],[""Intro 3"",3],[""Break"",3],[""Ending 3"",3]]","{""cc:22"":21,""cc:11"":6,""cc:7"":6,""cc:0"":6,""cc:32"":6}",{},"{""n"":0,""nonzero"":0,""positive"":0,""negative"":0,""zero"":0,""max_abs"":0,""summary"":{}}","{""n"":0,""ge90"":0,""summary"":{}}",[],[]
121,4,107,Kanoun Mix,1,"[[""ACC3"",683]]","[[""Ending 1"",276],[""Intro 1"",128],[""Variation 4"",100],[""Ending 2"",55],[""Ending 3"",33],[""Fill 2"",29],[""Variation 3"",28],[""Break"",19],[""Intro 2"",11],[""Intro 3"",2],[""Fill 1"",2]]","{""cc:11"":9,""cc:7"":9,""cc:0"":9,""cc:32"":9,""cc:22"":9}",{},"{""n"":0,""nonzero"":0,""positive"":0,""negative"":0,""zero"":0,""max_abs"":0,""summary"":{}}","{""n"":0,""ge90"":0,""summary"":{}}",[],[]
121,6,16,BX3 Full V.,1,"[[""ACC5"",764],[""ACC2"",109]]","[[""Ending 1"",312],[""Intro 1"",182],[""Ending 2"",85],[""Intro 2"",77],[""Variation 4"",59],[""Variation 3"",58],[""Variation 2"",48],[""Fill 1"",25],[""Fill 2"",17],[""Intro 3"",4],[""Ending 3"",4],[""Break"",2]]","{""cc:11"":10,""cc:7"":10,""cc:0"":10,""cc:32"":7,""cc:22"":8}",{},"{""n"":0,""nonzero"":0,""positive"":0,""negative"":0,""zero"":0,""max_abs"":0,""summary"":{}}","{""n"":0,""ge90"":0,""summary"":{}}",[],[]
121,4,2,2000's Piano,1,"[[""ACC1"",741]]","[[""Intro 1"",244],[""Ending 1"",212],[""Variation 4"",64],[""Variation 3"",60],[""Ending 2"",47],[""Intro 2"",41],[""Fill 2"",35],[""Ending 3"",23],[""Break"",11],[""Intro 3"",2],[""Fill 1"",2]]","{""cc:11"":9,""cc:7"":9,""cc:0"":9,""cc:32"":9,""cc:22"":9}",{},"{""n"":0,""nonzero"":0,""positive"":0,""negative"":0,""zero"":0,""max_abs"":0,""summary"":{}}","{""n"":0,""ge90"":0,""summary"":{}}",[],[]
121,7,19,Positive Organ,1,"[[""ACC1"",551]]","[[""Intro 1"",180],[""Fill 2"",116],[""Intro 2"",101],[""Fill 1"",88],[""Break"",36],[""Ending 1"",24],[""Intro 3"",2],[""Ending 2"",2],[""Ending 3"",2]]","{""cc:11"":9,""cc:7"":9,""cc:0"":9,""cc:32"":9,""cc:22"":7}",{},"{""n"":0,""nonzero"":0,""positive"":0,""negative"":0,""zero"":0,""max_abs"":0,""summary"":{}}","{""n"":0,""ge90"":0,""summary"":{}}",[],[]
121,5,7,Clav RX,1,"[[""ACC2"",919]]","[[""Variation 4"",298],[""Variation 3"",286],[""Ending 2"",109],[""Fill 2"",95],[""Ending 3"",67],[""Fill 1"",45],[""Intro 1"",7],[""Ending 1"",7],[""Break"",3],[""Intro 2"",1],[""Intro 3"",1]]","{""cc:11"":9,""cc:7"":9,""cc:0"":9,""cc:32"":5,""cc:22"":11}",{},"{""n"":0,""nonzero"":0,""positive"":0,""negative"":0,""zero"":0,""max_abs"":0,""summary"":{}}","{""n"":0,""ge90"":0,""summary"":{}}",[],[]
121,2,0,Ac. Piano Dark,2,"[[""ACC1"",821]]","[[""Intro 1"",187],[""Variation 4"",152],[""Intro 2"",134],[""Variation 3"",132],[""Variation 2"",128],[""Fill 1"",40],[""Fill 2"",37],[""Ending 1"",4],[""Intro 3"",3],[""Break"",2],[""Ending 2"",1],[""Ending 3"",1]]","{""cc:11"":8,""cc:7"":8,""cc:0"":8,""cc:32"":6,""cc:22"":13}",{},"{""n"":0,""nonzero"":0,""positive"":0,""negative"":0,""zero"":0,""max_abs"":0,""summary"":{}}","{""n"":0,""ge90"":0,""summary"":{}}",[],[]
121,1,126,Laughing,1,"[[""ACC3"",213]]","[[""Intro 1"",50],[""Ending 1"",40],[""Ending 2"",31],[""Variation 3"",22],[""Fill 1"",17],[""Fill 2"",17],[""Ending 3"",13],[""Break"",11],[""Intro 3"",7],[""Variation 4"",3],[""Intro 2"",2]]","{""cc:11"":9,""cc:7"":9,""cc:0"":9,""cc:22"":8,""cc:32"":8}",{},"{""n"":0,""nonzero"":0,""positive"":0,""negative"":0,""zero"":0,""max_abs"":0,""summary"":{}}","{""n"":0,""ge90"":0,""summary"":{}}",[],[]
121,1,57,Trombone 2,1,"[[""ACC4"",332]]","[[""Ending 1"",138],[""Intro 1"",128],[""Ending 2"",19],[""Variation 4"",16],[""Ending 3"",11],[""Intro 3"",7],[""Break"",7],[""Intro 2"",2],[""Fill 1"",2],[""Fill 2"",2]]","{""cc:11"":8,""cc:7"":8,""cc:0"":8,""cc:32"":8,""cc:22"":10}",{},"{""n"":0,""nonzero"":0,""positive"":0,""negative"":0,""zero"":0,""max_abs"":0,""summary"":{}}","{""n"":0,""ge90"":0,""summary"":{}}",[],[]
121,14,38,Auto Pilot 1,1,"[[""ACC4"",976]]","[[""Ending 1"",264],[""Intro 1"",213],[""Ending 2"",135],[""Variation 4"",132],[""Ending 3"",104],[""Break"",55],[""Fill 2"",37],[""Variation 3"",30],[""Intro 2"",2],[""Intro 3"",2],[""Fill 1"",2]]","{""cc:11"":8,""cc:7"":8,""cc:0"":8,""cc:32"":8,""cc:22"":10}",{},"{""n"":0,""nonzero"":0,""positive"":0,""negative"":0,""zero"":0,""max_abs"":0,""summary"":{}}","{""n"":0,""ge90"":0,""summary"":{}}",[],[]
121,2,1,Piano Pad 1,1,"[[""ACC1"",904]]","[[""Ending 1"",356],[""Intro 2"",168],[""Ending 2"",136],[""Ending 3"",100],[""Fill 2"",84],[""Intro 1"",48],[""Fill 1"",6],[""Break"",4],[""Intro 3"",2]]","{""cc:11"":10,""cc:7"":10,""cc:0"":10,""cc:32"":7,""cc:22"":3}",{},"{""n"":0,""nonzero"":0,""positive"":0,""negative"":0,""zero"":0,""max_abs"":0,""summary"":{}}","{""n"":0,""ge90"":0,""summary"":{}}",[],[]
121,2,93,80's Pop Synth,1,"[[""ACC4"",482]]","[[""Ending 1"",168],[""Intro 1"",152],[""Ending 2"",57],[""Intro 2"",27],[""Fill 2"",27],[""Ending 3"",25],[""Break"",13],[""Fill 1"",11],[""Intro 3"",2]]","{""cc:11"":8,""cc:7"":8,""cc:0"":8,""cc:32"":8,""cc:22"":8}",{},"{""n"":0,""nonzero"":0,""positive"":0,""negative"":0,""zero"":0,""max_abs"":0,""summary"":{}}","{""n"":0,""ge90"":0,""summary"":{}}",[],[]
121,2,54,Vocalesque,2,"[[""ACC4"",300],[""ACC5"",22]]","[[""Intro 1"",140],[""Ending 1"",104],[""Ending 2"",33],[""Variation 4"",16],[""Fill 2"",15],[""Ending 3"",6],[""Intro 2"",2],[""Intro 3"",2],[""Fill 1"",2],[""Break"",2]]","{""cc:11"":7,""cc:7"":7,""cc:0"":7,""cc:32"":7,""cc:22"":12}",{},"{""n"":0,""nonzero"":0,""positive"":0,""negative"":0,""zero"":0,""max_abs"":0,""summary"":{}}","{""n"":0,""ge90"":0,""summary"":{}}",[],[]
121,31,25,Real Steel Gtr,3,"[[""ACC3"",1828],[""ACC2"",402]]","[[""Variation 2"",947],[""Ending 1"",500],[""Variation 1"",332],[""Ending 2"",309],[""Fill 2"",40],[""Intro 1"",32],[""Intro 2"",25],[""Ending 3"",21],[""Break"",14],[""Fill 1"",7],[""Intro 3"",3]]","{""cc:22"":8,""cc:11"":9,""cc:7"":9,""cc:0"":9,""cc:32"":5}",{},"{""n"":0,""nonzero"":0,""positive"":0,""negative"":0,""zero"":0,""max_abs"":0,""summary"":{}}","{""n"":0,""ge90"":0,""summary"":{}}",[],[]
121,14,21,Cassotto NorTune,1,"[[""ACC3"",438]]","[[""Ending 1"",176],[""Intro 1"",174],[""Fill 2"",23],[""Variation 2"",22],[""Variation 4"",16],[""Ending 2"",9],[""Ending 3"",9],[""Intro 2"",2],[""Intro 3"",2],[""Fill 1"",2],[""Break"",2],[""Variation 3"",1]]","{""cc:22"":12,""cc:11"":7,""cc:7"":7,""cc:0"":7,""cc:32"":7}",{},"{""n"":0,""nonzero"":0,""positive"":0,""negative"":0,""zero"":0,""max_abs"":0,""summary"":{}}","{""n"":0,""ge90"":0,""summary"":{}}",[],[]
121,25,61,Brass Hit,1,"[[""ACC4"",348]]","[[""Ending 1"",162],[""Intro 1"",82],[""Ending 2"",25],[""Variation 2"",24],[""Variation 4"",24],[""Fill 2"",13],[""Break"",9],[""Intro 2"",2],[""Intro 3"",2],[""Fill 1"",2],[""Ending 3"",2],[""Variation 3"",1]]","{""cc:22"":12,""cc:11"":7,""cc:7"":7,""cc:0"":7,""cc:32"":7}",{},"{""n"":0,""nonzero"":0,""positive"":0,""negative"":0,""zero"":0,""max_abs"":0,""summary"":{}}","{""n"":0,""ge90"":0,""summary"":{}}",[],[]
121,12,52,Choir Light,1,"[[""ACC3"",277]]","[[""Ending 1"",100],[""Intro 1"",96],[""Variation 4"",26],[""Variation 3"",18],[""Ending 2"",11],[""Ending 3"",11],[""Fill 2"",7],[""Intro 2"",2],[""Intro 3"",2],[""Fill 1"",2],[""Break"",2]]","{""cc:11"":7,""cc:7"":7,""cc:0"":7,""cc:32"":7,""cc:22"":11}",{},"{""n"":0,""nonzero"":0,""positive"":0,""negative"":0,""zero"":0,""max_abs"":0,""summary"":{}}","{""n"":0,""ge90"":0,""summary"":{}}",[],[]
121,21,,,15,"[[""ACC2"",16],[""ACC3"",12],[""ACC1"",10]]","[[""Variation 1"",21],[""Variation 2"",10],[""Intro 1"",5],[""Variation 4"",1],[""Ending 1"",1]]","{""cc:32"":38}",{},"{""n"":0,""nonzero"":0,""positive"":0,""negative"":0,""zero"":0,""max_abs"":0,""summary"":{}}","{""n"":0,""ge90"":0,""summary"":{}}",[],[]
121,32,,,15,"[[""ACC2"",23],[""ACC1"",5],[""ACC5"",4],[""ACC4"",4],[""ACC3"",2]]","[[""Variation 1"",27],[""Intro 1"",6],[""Variation 3"",4],[""Variation 4"",1]]","{""cc:32"":38}",{},"{""n"":0,""nonzero"":0,""positive"":0,""negative"":0,""zero"":0,""max_abs"":0,""summary"":{}}","{""n"":0,""ge90"":0,""summary"":{}}",[],[]
121,29,,,15,"[[""ACC3"",18],[""ACC2"",8],[""ACC5"",5],[""ACC4"",5],[""ACC1"",2]]","[[""Variation 1"",13],[""Variation 3"",8],[""Intro 1"",7],[""Variation 4"",6],[""Variation 2"",4]]","{""cc:32"":38}",{},"{""n"":0,""nonzero"":0,""positive"":0,""negative"":0,""zero"":0,""max_abs"":0,""summary"":{}}","{""n"":0,""ge90"":0,""summary"":{}}",[],[]
121,20,,,16,"[[""ACC2"",15],[""ACC1"",14],[""ACC3"",7],[""ACC4"",2]]","[[""Variation 1"",15],[""Variation 2"",10],[""Variation 4"",7],[""Intro 1"",5],[""Ending 1"",1]]","{""cc:32"":38}",{},"{""n"":0,""nonzero"":0,""positive"":0,""negative"":0,""zero"":0,""max_abs"":0,""summary"":{}}","{""n"":0,""ge90"":0,""summary"":{}}",[],[]
121,0,95,Sweep Pad GM,1,"[[""ACC4"",278]]","[[""Intro 1"",170],[""Ending 1"",60],[""Variation 3"",14],[""Variation 4"",11],[""Ending 2"",11],[""Intro 2"",2],[""Intro 3"",2],[""Fill 1"",2],[""Fill 2"",2],[""Break"",2],[""Ending 3"",2]]","{""cc:22"":14,""cc:11"":6,""cc:7"":6,""cc:0"":6,""cc:32"":6}",{},"{""n"":0,""nonzero"":0,""positive"":0,""negative"":0,""zero"":0,""max_abs"":0,""summary"":{}}","{""n"":0,""ge90"":0,""summary"":{}}",[],[]
121,7,73,Wooden Flute,1,"[[""ACC3"",671]]","[[""Ending 1"",312],[""Intro 1"",182],[""Ending 2"",75],[""Intro 2"",39],[""Variation 3"",28],[""Variation 2"",24],[""Intro 3"",2],[""Fill 1"",2],[""Fill 2"",2],[""Break"",2],[""Ending 3"",2],[""Variation 4"",1]]","{""cc:11"":6,""cc:7"":6,""cc:0"":6,""cc:32"":6,""cc:22"":13}",{},"{""n"":0,""nonzero"":0,""positive"":0,""negative"":0,""zero"":0,""max_abs"":0,""summary"":{}}","{""n"":0,""ge90"":0,""summary"":{}}",[],[]
121,0,52,Choir Aahs GM,2,"[[""ACC4"",329],[""ACC2"",39]]","[[""Intro 1"",143],[""Ending 1"",106],[""Variation 4"",68],[""Variation 3"",28],[""Ending 2"",11],[""Intro 2"",2],[""Intro 3"",2],[""Fill 1"",2],[""Fill 2"",2],[""Break"",2],[""Ending 3"",2]]","{""cc:11"":6,""cc:7"":6,""cc:0"":6,""cc:32"":5,""cc:22"":13}",{},"{""n"":0,""nonzero"":0,""positive"":0,""negative"":0,""zero"":0,""max_abs"":0,""summary"":{}}","{""n"":0,""ge90"":0,""summary"":{}}",[],[]
121,32,27,Chorus Gtr Pro,1,"[[""ACC5"",68]]","[[""Ending 1"",65],[""Ending 3"",3]]","{""cc:32"":2,""cc:1"":31,""cc:11"":1,""cc:7"":1,""cc:0"":1}","{""1"":{""n"":31,""ge64"":13,""zero"":4,""max"":127}}","{""n"":0,""nonzero"":0,""positive"":0,""negative"":0,""zero"":0,""max_abs"":0,""summary"":{}}","{""n"":0,""ge90"":0,""summary"":{}}",[],[]
121,5,52,Take Voices 2,1,"[[""ACC1"",410]]","[[""Ending 1"",140],[""Ending 2"",107],[""Variation 4"",90],[""Ending 3"",39],[""Intro 3"",28],[""Intro 1"",3],[""Fill 1"",3]]","{""cc:11"":4,""cc:7"":4,""cc:0"":4,""cc:1"":20,""cc:32"":2,""cc:22"":2}","{""1"":{""n"":20,""ge64"":0,""zero"":1,""max"":49}}","{""n"":0,""nonzero"":0,""positive"":0,""negative"":0,""zero"":0,""max_abs"":0,""summary"":{}}","{""n"":0,""ge90"":0,""summary"":{}}",[],[]
121,0,94,Halo Pad GM,1,"[[""ACC4"",212]]","[[""Ending 1"",80],[""Intro 1"",57],[""Ending 2"",17],[""Variation 4"",16],[""Variation 3"",12],[""Fill 2"",11],[""Ending 3"",11],[""Intro 2"",2],[""Intro 3"",2],[""Fill 1"",2],[""Break"",2]]","{""cc:11"":6,""cc:7"":6,""cc:0"":6,""cc:32"":6,""cc:22"":12}",{},"{""n"":0,""nonzero"":0,""positive"":0,""negative"":0,""zero"":0,""max_abs"":0,""summary"":{}}","{""n"":0,""ge90"":0,""summary"":{}}",[],[]
121,2,2,M1 Piano,1,"[[""ACC1"",655]]","[[""Ending 1"",314],[""Intro 1"",248],[""Variation 2"",50],[""Break"",15],[""Ending 2"",9],[""Variation 3"",6],[""Variation 4"",3],[""Intro 2"",2],[""Intro 3"",2],[""Fill 1"",2],[""Fill 2"",2],[""Ending 3"",2]]","{""cc:11"":6,""cc:7"":6,""cc:0"":6,""cc:32"":5,""cc:22"":12}",{},"{""n"":0,""nonzero"":0,""positive"":0,""negative"":0,""zero"":0,""max_abs"":0,""summary"":{}}","{""n"":0,""ge90"":0,""summary"":{}}",[],[]
121,9,57,Trombone Vel. 2,1,"[[""ACC2"",163]]","[[""Variation 1"",48],[""Ending 2"",21],[""Ending 3"",21],[""Ending 1"",20],[""Variation 3"",18],[""Variation 4"",10],[""Fill 1"",10],[""Break"",10],[""Variation 2"",1],[""Intro 1"",1],[""Intro 2"",1],[""Intro 3"",1],[""Fill 2"",1]]","{""cc:22"":7,""cc:11"":7,""cc:7"":7,""cc:0"":7,""cc:32"":7}",{},"{""n"":0,""nonzero"":0,""positive"":0,""negative"":0,""zero"":0,""max_abs"":0,""summary"":{}}","{""n"":0,""ge90"":0,""summary"":{}}",[],[]
120,0,8,Room Kit GM,2,"[[""DRUM"",858]]","[[""Intro 1"",614],[""Variation 1"",210],[""Intro 2"",10],[""Variation 2"",8],[""Ending 1"",8],[""Intro 3"",2],[""Fill 1"",2],[""Fill 2"",2],[""Break"",2]]","{""cc:11"":6,""cc:7"":6,""cc:0"":6,""cc:32"":6,""cc:22"":10}",{},"{""n"":0,""nonzero"":0,""positive"":0,""negative"":0,""zero"":0,""max_abs"":0,""summary"":{}}","{""n"":0,""ge90"":0,""summary"":{}}",[],[]
121,5,33,Stick Bass,1,"[[""BASS"",618]]","[[""Ending 1"",236],[""Intro 1"",210],[""Variation 4"",72],[""Ending 2"",39],[""Ending 3"",23],[""Fill 2"",21],[""Break"",11],[""Intro 2"",4],[""Intro 3"",1],[""Fill 1"",1]]","{""cc:11"":7,""cc:7"":7,""cc:0"":7,""cc:32"":6,""cc:22"":7}",{},"{""n"":0,""nonzero"":0,""positive"":0,""negative"":0,""zero"":0,""max_abs"":0,""summary"":{}}","{""n"":0,""ge90"":0,""summary"":{}}",[],[]
121,9,91,Full Vox Pad,1,"[[""ACC2"",296]]","[[""Ending 1"",176],[""Variation 3"",30],[""Ending 2"",29],[""Intro 1"",20],[""Fill 2"",17],[""Fill 1"",13],[""Variation 4"",3],[""Intro 2"",2],[""Intro 3"",2],[""Break"",2],[""Ending 3"",2]]","{""cc:11"":6,""cc:7"":6,""cc:0"":6,""cc:22"":11,""cc:32"":5}",{},"{""n"":0,""nonzero"":0,""positive"":0,""negative"":0,""zero"":0,""max_abs"":0,""summary"":{}}","{""n"":0,""ge90"":0,""summary"":{}}",[],[]
121,16,5,FM Stack E.P.,1,"[[""ACC1"",145]]","[[""Variation 2"",40],[""Variation 3"",40],[""Variation 1"",32],[""Intro 2"",16],[""Variation 4"",6],[""Fill 1"",4],[""Ending 1"",3],[""Intro 3"",2],[""Fill 2"",1],[""Break"",1]]","{""cc:11"":8,""cc:7"":8,""cc:0"":8,""cc:32"":4,""cc:22"":5}",{},"{""n"":0,""nonzero"":0,""positive"":0,""negative"":0,""zero"":0,""max_abs"":0,""summary"":{}}","{""n"":0,""ge90"":0,""summary"":{}}",[],[]
121,23,,,16,"[[""ACC5"",12],[""ACC4"",7],[""ACC3"",7],[""ACC2"",6]]","[[""Intro 1"",13],[""Variation 3"",8],[""Variation 4"",5],[""Variation 1"",3],[""Variation 2"",2],[""Ending 1"",1]]","{""cc:32"":32}",{},"{""n"":0,""nonzero"":0,""positive"":0,""negative"":0,""zero"":0,""max_abs"":0,""summary"":{}}","{""n"":0,""ge90"":0,""summary"":{}}",[],[]
121,15,5,FM Pad E.P.,3,"[[""ACC2"",374],[""ACC1"",162]]","[[""Ending 1"",286],[""Intro 1"",180],[""Variation 2"",36],[""Ending 2"",10],[""Ending 3"",7],[""Variation 3"",6],[""Fill 2"",4],[""Intro 2"",2],[""Intro 3"",2],[""Fill 1"",2],[""Break"",1]]","{""cc:22"":10,""cc:11"":7,""cc:7"":7,""cc:0"":7,""cc:32"":1}",{},"{""n"":0,""nonzero"":0,""positive"":0,""negative"":0,""zero"":0,""max_abs"":0,""summary"":{}}","{""n"":0,""ge90"":0,""summary"":{}}",[],[]
121,9,90,Mega Synth,1,"[[""ACC4"",729]]","[[""Ending 1"",465],[""Ending 2"",165],[""Variation 3"",42],[""Ending 3"",42],[""Intro 1"",7],[""Variation 4"",3],[""Intro 2"",1],[""Intro 3"",1],[""Fill 1"",1],[""Fill 2"",1],[""Break"",1]]","{""cc:22"":13,""cc:11"":5,""cc:7"":5,""cc:0"":5,""cc:32"":3}",{},"{""n"":0,""nonzero"":0,""positive"":0,""negative"":0,""zero"":0,""max_abs"":0,""summary"":{}}","{""n"":0,""ge90"":0,""summary"":{}}",[],[]
121,11,81,Rezbo,1,"[[""ACC3"",577]]","[[""Ending 2"",134],[""Variation 4"",132],[""Intro 2"",100],[""Variation 3"",84],[""Variation 2"",40],[""Fill 2"",36],[""Fill 1"",24],[""Break"",10],[""Ending 3"",10],[""Intro 1"",3],[""Ending 1"",3],[""Intro 3"",1]]","{""cc:11"":8,""cc:7"":8,""cc:0"":8,""cc:32"":6,""cc:22"":1}",{},"{""n"":0,""nonzero"":0,""positive"":0,""negative"":0,""zero"":0,""max_abs"":0,""summary"":{}}","{""n"":0,""ge90"":0,""summary"":{}}",[],[]
121,4,57,Soft Trombone,2,"[[""ACC5"",380],[""ACC3"",115]]","[[""Intro 2"",144],[""Variation 4"",112],[""Ending 2"",96],[""Fill 1"",76],[""Ending 3"",56],[""Fill 2"",6],[""Intro 1"",3],[""Intro 3"",2]]","{""cc:11"":7,""cc:7"":7,""cc:0"":7,""cc:22"":2,""cc:32"":4,""pb"":4}",{},"{""n"":4,""nonzero"":2,""positive"":0,""negative"":2,""zero"":2,""max_abs"":4096,""summary"":{""min"":-4096.0,""p01"":-4096.0,""p05"":-4096.0,""p10"":-4096.0,""p25"":-4096.0,""p50"":-2048.0,""p75"":0.0,""p90"":0.0,""p95"":0.0,""p99"":0.0,""max"":0.0}}","{""n"":0,""ge90"":0,""summary"":{}}",[],[]
121,4,98,Digi Bell,1,"[[""ACC5"",125]]","[[""Ending 1"",40],[""Intro 1"",30],[""Variation 3"",22],[""Variation 2"",18],[""Intro 2"",2],[""Intro 3"",2],[""Fill 1"",2],[""Fill 2"",2],[""Break"",2],[""Ending 2"",2],[""Ending 3"",2],[""Variation 4"",1]]","{""cc:11"":4,""cc:7"":4,""cc:0"":4,""cc:32"":4,""cc:22"":15}",{},"{""n"":0,""nonzero"":0,""positive"":0,""negative"":0,""zero"":0,""max_abs"":0,""summary"":{}}","{""n"":0,""ge90"":0,""summary"":{}}",[],[]
121,15,48,Strings & Horns,2,"[[""ACC5"",207],[""ACC1"",156]]","[[""Ending 1"",190],[""Intro 1"",144],[""Ending 2"",17],[""Intro 2"",2],[""Intro 3"",2],[""Fill 1"",2],[""Fill 2"",2],[""Break"",2],[""Ending 3"",2]]","{""cc:22"":13,""cc:11"":5,""cc:7"":5,""cc:0"":5,""cc:32"":3}",{},"{""n"":0,""nonzero"":0,""positive"":0,""negative"":0,""zero"":0,""max_abs"":0,""summary"":{}}","{""n"":0,""ge90"":0,""summary"":{}}",[],[]
121,6,81,Octo Lead,2,"[[""ACC4"",605],[""ACC3"",65]]","[[""Ending 1"",297],[""Intro 1"",293],[""Variation 4"",56],[""Break"",5],[""Ending 2"",5],[""Intro 2"",3],[""Intro 3"",3],[""Fill 1"",3],[""Fill 2"",3],[""Ending 3"",2]]","{""cc:22"":20,""cc:11"":3,""cc:7"":3,""cc:0"":3,""cc:32"":1}",{},"{""n"":0,""nonzero"":0,""positive"":0,""negative"":0,""zero"":0,""max_abs"":0,""summary"":{}}","{""n"":0,""ge90"":0,""summary"":{}}",[],[]
121,8,21,Fisa Master,1,"[[""ACC5"",324]]","[[""Intro 2"",126],[""Intro 1"",92],[""Ending 1"",92],[""Ending 3"",4],[""Intro 3"",2],[""Fill 1"",2],[""Fill 2"",2],[""Break"",2],[""Ending 2"",2]]","{""cc:11"":5,""cc:7"":5,""cc:0"":5,""cc:32"":4,""cc:22"":11}",{},"{""n"":0,""nonzero"":0,""positive"":0,""negative"":0,""zero"":0,""max_abs"":0,""summary"":{}}","{""n"":0,""ge90"":0,""summary"":{}}",[],[]
121,2,11,Vibraphone 2,1,"[[""ACC4"",190]]","[[""Ending 1"",60],[""Intro 1"",40],[""Variation 3"",29],[""Variation 2"",21],[""Variation 4"",20],[""Ending 2"",13],[""Ending 3"",2],[""Intro 2"",1],[""Intro 3"",1],[""Fill 1"",1],[""Fill 2"",1],[""Break"",1]]","{""cc:64"":2,""cc:11"":5,""cc:7"":5,""cc:0"":5,""cc:32"":5,""cc:22"":8}","{""64"":{""n"":2,""ge64"":0,""zero"":2,""max"":0}}","{""n"":0,""nonzero"":0,""positive"":0,""negative"":0,""zero"":0,""max_abs"":0,""summary"":{}}","{""n"":0,""ge90"":0,""summary"":{}}",[],[]
121,28,,,9,"[[""ACC5"",20],[""PERC"",4],[""ACC4"",3],[""ACC3"",2]]","[[""Variation 4"",11],[""Variation 3"",6],[""Variation 2"",5],[""Intro 1"",4],[""Variation 1"",2],[""Ending 3"",1]]","{""cc:32"":29}",{},"{""n"":0,""nonzero"":0,""positive"":0,""negative"":0,""zero"":0,""max_abs"":0,""summary"":{}}","{""n"":0,""ge90"":0,""summary"":{}}",[],[]
121,27,25,Mandolin Ens. 2,1,"[[""ACC4"",304]]","[[""Intro 1"",206],[""Intro 2"",45],[""Variation 2"",30],[""Variation 3"",9],[""Ending 1"",6],[""Intro 3"",2],[""Fill 1"",2],[""Fill 2"",2],[""Break"",2]]","{""cc:11"":6,""cc:7"":6,""cc:0"":6,""cc:32"":1,""cc:22"":9}",{},"{""n"":0,""nonzero"":0,""positive"":0,""negative"":0,""zero"":0,""max_abs"":0,""summary"":{}}","{""n"":0,""ge90"":0,""summary"":{}}",[],[]
121,4,63,Big Panner,1,"[[""ACC3"",68]]","[[""Variation 4"",32],[""Fill 2"",10],[""Intro 1"",8],[""Ending 1"",5],[""Break"",3],[""Intro 2"",2],[""Intro 3"",2],[""Fill 1"",2],[""Ending 2"",2],[""Ending 3"",2]]","{""cc:11"":3,""cc:7"":3,""cc:0"":3,""cc:22"":19}",{},"{""n"":0,""nonzero"":0,""positive"":0,""negative"":0,""zero"":0,""max_abs"":0,""summary"":{}}","{""n"":0,""ge90"":0,""summary"":{}}",[],[]
121,2,97,Reso Down,1,"[[""ACC5"",64]]","[[""Fill 2"",13],[""Break"",13],[""Ending 3"",12],[""Ending 2"",8],[""Intro 1"",6],[""Ending 1"",6],[""Intro 2"",2],[""Intro 3"",2],[""Fill 1"",2]]","{""cc:22"":8,""cc:11"":5,""cc:7"":5,""cc:0"":5,""cc:32"":3}",{},"{""n"":0,""nonzero"":0,""positive"":0,""negative"":0,""zero"":0,""max_abs"":0,""summary"":{}}","{""n"":0,""ge90"":0,""summary"":{}}",[],[]
121,6,126,Stadium,2,"[[""ACC1"",650]]","[[""Intro 1"",326],[""Ending 1"",298],[""Intro 2"",8],[""Ending 2"",8],[""Fill 1"",6],[""Intro 3"",2],[""Ending 3"",2]]","{""cc:11"":6,""cc:7"":6,""cc:0"":6,""cc:22"":8}",{},"{""n"":0,""nonzero"":0,""positive"":0,""negative"":0,""zero"":0,""max_abs"":0,""summary"":{}}","{""n"":0,""ge90"":0,""summary"":{}}",[],[]
121,4,102,Pan Reso,1,"[[""ACC2"",32]]","[[""Intro 2"",25],[""Ending 1"",3],[""Intro 3"",1],[""Fill 1"",1],[""Fill 2"",1],[""Break"",1]]","{""pb"":13,""cc:1"":6,""cc:22"":4,""cc:11"":1,""cc:7"":1,""cc:0"":1}","{""1"":{""n"":6,""ge64"":2,""zero"":1,""max"":127}}","{""n"":13,""nonzero"":12,""positive"":0,""negative"":12,""zero"":1,""max_abs"":8192,""summary"":{""min"":-8192.0,""p01"":-8152.16,""p05"":-7992.8,""p10"":-7715.6,""p25"":-5096.0,""p50"":-3012.0,""p75"":-1444.0,""p90"":-242.6,""p95"":-36.6,""p99"":-7.32,""max"":0.0}}","{""n"":0,""ge90"":0,""summary"":{}}",[],[]
121,9,19,Pipe Tutti 3,1,"[[""ACC2"",843]]","[[""Intro 1"",352],[""Ending 1"",156],[""Ending 2"",145],[""Intro 2"",117],[""Ending 3"",63],[""Fill 2"",6],[""Intro 3"",2],[""Fill 1"",2]]","{""cc:11"":5,""cc:7"":5,""cc:0"":5,""cc:32"":3,""cc:22"":7}",{},"{""n"":0,""nonzero"":0,""positive"":0,""negative"":0,""zero"":0,""max_abs"":0,""summary"":{}}","{""n"":0,""ge90"":0,""summary"":{}}",[],[]
121,11,25,Mandolin Trem.,1,"[[""ACC5"",141]]","[[""Ending 1"",56],[""Intro 1"",52],[""Variation 4"",16],[""Break"",5],[""Intro 2"",4],[""Ending 2"",4],[""Intro 3"",1],[""Fill 1"",1],[""Fill 2"",1],[""Ending 3"",1]]","{""cc:11"":5,""cc:7"":5,""cc:0"":5,""cc:32"":3,""cc:22"":7}",{},"{""n"":0,""nonzero"":0,""positive"":0,""negative"":0,""zero"":0,""max_abs"":0,""summary"":{}}","{""n"":0,""ge90"":0,""summary"":{}}",[],[]
121,20,16,BX3 Jazz V.,3,"[[""ACC3"",666]]","[[""Ending 1"",444],[""Intro 1"",174],[""Variation 2"",24],[""Ending 2"",8],[""Variation 3"",6],[""Intro 2"",4],[""Fill 1"",3],[""Ending 3"",2],[""Intro 3"",1]]","{""cc:11"":6,""cc:7"":6,""cc:0"":6,""cc:22"":6}",{},"{""n"":0,""nonzero"":0,""positive"":0,""negative"":0,""zero"":0,""max_abs"":0,""summary"":{}}","{""n"":0,""ge90"":0,""summary"":{}}",[],[]
121,0,70,Bassoon GM,1,"[[""ACC3"",167]]","[[""Variation 4"",120],[""Fill 1"",25],[""Fill 2"",9],[""Intro 1"",7],[""Intro 2"",1],[""Intro 3"",1],[""Break"",1],[""Ending 1"",1],[""Ending 2"",1],[""Ending 3"",1]]","{""cc:11"":4,""cc:7"":4,""cc:0"":4,""cc:32"":2,""cc:22"":9}",{},"{""n"":0,""nonzero"":0,""positive"":0,""negative"":0,""zero"":0,""max_abs"":0,""summary"":{}}","{""n"":0,""ge90"":0,""summary"":{}}",[],[]
121,3,2,Grand&FM Stack,7,"[[""ACC1"",16],[""ACC2"",6]]","[[""Variation 2"",6],[""Fill 1"",5],[""Intro 1"",4],[""Ending 2"",2],[""Break"",2],[""Ending 1"",2],[""Intro 2"",1]]","{""cc:32"":22}",{},"{""n"":0,""nonzero"":0,""positive"":0,""negative"":0,""zero"":0,""max_abs"":0,""summary"":{}}","{""n"":0,""ge90"":0,""summary"":{}}",[],[]
121,20,56,Concert Trp.Pro,2,"[[""ACC4"",27],[""ACC5"",7]]","[[""Ending 3"",27],[""Break"",4],[""Ending 1"",3]]","{""pb"":2,""cc:1"":17,""cc:11"":1,""cc:7"":1,""cc:0"":1}","{""1"":{""n"":17,""ge64"":9,""zero"":1,""max"":119}}","{""n"":2,""nonzero"":1,""positive"":0,""negative"":1,""zero"":1,""max_abs"":1344,""summary"":{""min"":-1344.0,""p01"":-1330.56,""p05"":-1276.8,""p10"":-1209.6,""p25"":-1008.0,""p50"":-672.0,""p75"":-336.0,""p90"":-134.4,""p95"":-67.2,""p99"":-13.44,""max"":0.0}}","{""n"":0,""ge90"":0,""summary"":{}}",[],[]
121,1,105,Banjo Key Off,1,"[[""ACC5"",340]]","[[""Ending 1"",170],[""Intro 1"",156],[""Intro 2"",2],[""Intro 3"",2],[""Fill 1"",2],[""Fill 2"",2],[""Break"",2],[""Ending 2"",2],[""Ending 3"",2]]","{""cc:22"":14,""cc:11"":2,""cc:7"":2,""cc:0"":2,""cc:32"":2}",{},"{""n"":0,""nonzero"":0,""positive"":0,""negative"":0,""zero"":0,""max_abs"":0,""summary"":{}}","{""n"":0,""ge90"":0,""summary"":{}}",[],[]
121,23,4,Bell E. Piano 1,1,"[[""ACC5"",70]]","[[""Variation 3"",48],[""Ending 2"",6],[""Variation 4"",2],[""Intro 1"",2],[""Intro 2"",2],[""Intro 3"",2],[""Fill 1"",2],[""Fill 2"",2],[""Break"",2],[""Ending 1"",2]]","{""cc:22"":16,""cc:11"":2,""cc:7"":2,""cc:0"":2}",{},"{""n"":0,""nonzero"":0,""positive"":0,""negative"":0,""zero"":0,""max_abs"":0,""summary"":{}}","{""n"":0,""ge90"":0,""summary"":{}}",[],[]
121,4,64,Sweet Soprano 2,1,"[[""ACC5"",183]]","[[""Intro 1"",90],[""Ending 1"",76],[""Ending 2"",5],[""Fill 2"",4],[""Intro 2"",2],[""Intro 3"",2],[""Fill 1"",2],[""Break"",1],[""Ending 3"",1]]","{""cc:22"":10,""cc:11"":3,""cc:7"":3,""cc:0"":3,""cc:32"":2}",{},"{""n"":0,""nonzero"":0,""positive"":0,""negative"":0,""zero"":0,""max_abs"":0,""summary"":{}}","{""n"":0,""ge90"":0,""summary"":{}}",[],[]
0,0,0,AcousticPiano GM,2,"[[""ACC5"",14],[""ACC4"",7]]","[[""Variation 2"",14],[""Ending 1"",7]]","{""cc:0"":3,""cc:19"":3,""cc:111"":3,""cc:116"":3,""cc:80"":3,""cc:110"":3,""cc:71"":3}","{""80"":{""n"":3,""ge64"":3,""zero"":0,""max"":105}}","{""n"":0,""nonzero"":0,""positive"":0,""negative"":0,""zero"":0,""max_abs"":0,""summary"":{}}","{""n"":0,""ge90"":0,""summary"":{}}",[],[]
121,50,0,AcousticPiano GM,2,"[[""ACC4"",21]]","[[""Fill 1"",7],[""Intro 1"",6],[""Intro 3"",3],[""Ending 1"",3],[""Fill 2"",1],[""Break"",1]]","{""cc:32"":3,""cc:22"":9,""cc:11"":3,""cc:7"":3,""cc:0"":3}",{},"{""n"":0,""nonzero"":0,""positive"":0,""negative"":0,""zero"":0,""max_abs"":0,""summary"":{}}","{""n"":0,""ge90"":0,""summary"":{}}",[],[]
121,1,5,Detuned EP 2,2,"[[""ACC1"",41],[""ACC5"",12]]","[[""Variation 4"",24],[""Intro 1"",9],[""Variation 1"",8],[""Variation 3"",3],[""Variation 2"",1],[""Intro 2"",1],[""Intro 3"",1],[""Fill 1"",1],[""Fill 2"",1],[""Break"",1],[""Ending 1"",1],[""Ending 2"",1],[""Ending 3"",1]]","{""cc:22"":10,""cc:11"":3,""cc:7"":3,""cc:0"":3,""cc:32"":2}",{},"{""n"":0,""nonzero"":0,""positive"":0,""negative"":0,""zero"":0,""max_abs"":0,""summary"":{}}","{""n"":0,""ge90"":0,""summary"":{}}",[],[]
121,12,33,Finger Slap 1,1,"[[""BASS"",431]]","[[""Intro 1"",382],[""Break"",25],[""Intro 2"",12],[""Ending 1"",6],[""Intro 3"",4],[""Fill 1"",1],[""Fill 2"",1]]","{""cc:11"":5,""cc:7"":5,""cc:0"":5,""cc:32"":2,""cc:22"":4}",{},"{""n"":0,""nonzero"":0,""positive"":0,""negative"":0,""zero"":0,""max_abs"":0,""summary"":{}}","{""n"":0,""ge90"":0,""summary"":{}}",[],[]
121,32,24,Nylon Gtr Pro2,1,"[[""ACC4"",265]]","[[""Ending 1"",265]]","{""cc:32"":4,""cc:64"":2,""cc:8"":2,""cc:67"":2,""cc:100"":1,""cc:103"":1,""cc:6"":1,""cc:66"":1,""cc:115"":1,""cc:127"":1,""cc:110"":1,""cc:121"":1,""cc:11"":1,""cc:19"":1,""cc:108"":1}","{""64"":{""n"":2,""ge64"":0,""zero"":2,""max"":0}}","{""n"":0,""nonzero"":0,""positive"":0,""negative"":0,""zero"":0,""max_abs"":0,""summary"":{}}","{""n"":0,""ge90"":0,""summary"":{}}",[],[]
121,7,71,Folk Clarinet,2,"[[""ACC3"",242],[""ACC5"",10]]","[[""Intro 1"",110],[""Ending 1"",104],[""Ending 3"",19],[""Ending 2"",9],[""Fill 1"",6],[""Intro 2"",2],[""Intro 3"",2]]","{""cc:22"":6,""cc:11"":4,""cc:7"":4,""cc:0"":4,""cc:32"":2}",{},"{""n"":0,""nonzero"":0,""positive"":0,""negative"":0,""zero"":0,""max_abs"":0,""summary"":{}}","{""n"":0,""ge90"":0,""summary"":{}}",[],[]
121,32,61,Tight Brass 3,2,"[[""ACC3"",92]]","[[""Ending 1"",80],[""Ending 3"",12]]","{""cc:32"":8,""cc:11"":4,""cc:7"":4,""cc:0"":4}",{},"{""n"":0,""nonzero"":0,""positive"":0,""negative"":0,""zero"":0,""max_abs"":0,""summary"":{}}","{""n"":0,""ge90"":0,""summary"":{}}",[],[]
121,49,26,Pedal Steel Gtr1,1,"[[""ACC3"",18]]","[[""Variation 3"",10],[""Intro 2"",1],[""Intro 3"",1],[""Fill 1"",1],[""Fill 2"",1],[""Break"",1],[""Ending 1"",1],[""Ending 2"",1],[""Ending 3"",1]]","{""cc:32"":3,""cc:11"":2,""cc:7"":2,""cc:0"":2,""cc:22"":9}",{},"{""n"":0,""nonzero"":0,""positive"":0,""negative"":0,""zero"":0,""max_abs"":0,""summary"":{}}","{""n"":0,""ge90"":0,""summary"":{}}",[],[]
121,28,27,Real El. Gtr ST1,1,"[[""ACC2"",920]]","[[""Variation 4"",520],[""Variation 3"",380],[""Fill 2"",10],[""Intro 1"",6],[""Ending 1"",3],[""Break"",1]]","{""cc:11"":5,""cc:7"":5,""cc:0"":5,""cc:32"":2,""cc:22"":1}",{},"{""n"":0,""nonzero"":0,""positive"":0,""negative"":0,""zero"":0,""max_abs"":0,""summary"":{}}","{""n"":0,""ge90"":0,""summary"":{}}",[],[]
121,19,28,Muted Guitar 2,1,"[[""ACC4"",98]]","[[""Variation 4"",80],[""Ending 1"",4],[""Intro 1"",2],[""Intro 2"",2],[""Intro 3"",2],[""Fill 1"",2],[""Fill 2"",2],[""Break"",2],[""Ending 2"",1],[""Ending 3"",1]]","{""cc:22"":15,""cc:11"":1,""cc:7"":1,""cc:0"":1}",{},"{""n"":0,""nonzero"":0,""positive"":0,""negative"":0,""zero"":0,""max_abs"":0,""summary"":{}}","{""n"":0,""ge90"":0,""summary"":{}}",[],[]
121,7,0,Piano & Strings,4,"[[""ACC1"",320]]","[[""Variation 1"",162],[""Variation 4"",115],[""Variation 3"",20],[""Variation 2"",9],[""Break"",8],[""Intro 1"",3],[""Ending 1"",3]]","{""cc:11"":6,""cc:7"":6,""cc:0"":6}",{},"{""n"":0,""nonzero"":0,""positive"":0,""negative"":0,""zero"":0,""max_abs"":0,""summary"":{}}","{""n"":0,""ge90"":0,""summary"":{}}",[],[]
121,2,23,"Accordion 16,8'",1,"[[""ACC3"",742]]","[[""Variation 4"",296],[""Variation 2"",256],[""Variation 3"",116],[""Fill 2"",36],[""Fill 1"",32],[""Intro 1"",3],[""Break"",3]]","{""cc:11"":5,""cc:7"":5,""cc:0"":5,""cc:32"":3}",{},"{""n"":0,""nonzero"":0,""positive"":0,""negative"":0,""zero"":0,""max_abs"":0,""summary"":{}}","{""n"":0,""ge90"":0,""summary"":{}}",[],[]
121,11,56,Trumpet Pro 2,1,"[[""ACC5"",94]]","[[""Variation 4"",60],[""Break"",13],[""Intro 1"",7],[""Ending 3"",5],[""Ending 1"",4],[""Intro 2"",1],[""Intro 3"",1],[""Fill 1"",1],[""Fill 2"",1],[""Ending 2"",1]]","{""cc:11"":3,""cc:7"":3,""cc:0"":3,""cc:22"":9}",{},"{""n"":0,""nonzero"":0,""positive"":0,""negative"":0,""zero"":0,""max_abs"":0,""summary"":{}}","{""n"":0,""ge90"":0,""summary"":{}}",[],[]
121,3,2,90's Piano,1,"[[""ACC1"",184]]","[[""Ending 1"",140],[""Variation 2"",14],[""Break"",10],[""Fill 1"",8],[""Fill 2"",4],[""Ending 2"",4],[""Variation 3"",3],[""Ending 3"",1]]","{""cc:11"":4,""cc:7"":4,""cc:0"":4,""cc:32"":2,""cc:22"":2}",{},"{""n"":0,""nonzero"":0,""positive"":0,""negative"":0,""zero"":0,""max_abs"":0,""summary"":{}}","{""n"":0,""ge90"":0,""summary"":{}}",[],[]
121,3,19,Pipe Mixture,1,"[[""ACC4"",296]]","[[""Intro 1"",152],[""Ending 2"",88],[""Ending 3"",44],[""Fill 2"",6],[""Intro 2"",2],[""Intro 3"",2],[""Fill 1"",2]]","{""cc:22"":6,""cc:11"":3,""cc:7"":3,""cc:0"":3,""cc:32"":1}",{},"{""n"":0,""nonzero"":0,""positive"":0,""negative"":0,""zero"":0,""max_abs"":0,""summary"":{}}","{""n"":0,""ge90"":0,""summary"":{}}",[],[]
121,0,7,Clav GM,1,"[[""ACC2"",580]]","[[""Ending 1"",348],[""Intro 1"",216],[""Fill 1"",4],[""Ending 2"",4],[""Fill 2"",3],[""Intro 2"",2],[""Intro 3"",2],[""Ending 3"",1]]","{""cc:22"":7,""cc:11"":3,""cc:7"":3,""cc:0"":3}",{},"{""n"":0,""nonzero"":0,""positive"":0,""negative"":0,""zero"":0,""max_abs"":0,""summary"":{}}","{""n"":0,""ge90"":0,""summary"":{}}",[],[]
121,32,80,Sine Wave,1,"[[""ACC3"",24]]","[[""Ending 1"",24]]","{""cc:32"":3,""cc:1"":13}","{""1"":{""n"":13,""ge64"":10,""zero"":1,""max"":127}}","{""n"":0,""nonzero"":0,""positive"":0,""negative"":0,""zero"":0,""max_abs"":0,""summary"":{}}","{""n"":0,""ge90"":0,""summary"":{}}",[],[]
121,15,52,Femal Scat,1,"[[""ACC4"",220]]","[[""Intro 1"",204],[""Intro 2"",2],[""Intro 3"",2],[""Fill 1"",2],[""Fill 2"",2],[""Break"",2],[""Ending 1"",2],[""Ending 2"",2],[""Ending 3"",2]]","{""cc:22"":16}",{},"{""n"":0,""nonzero"":0,""positive"":0,""negative"":0,""zero"":0,""max_abs"":0,""summary"":{}}","{""n"":0,""ge90"":0,""summary"":{}}",[],[]
121,0,13,Xylophone GM,1,"[[""ACC2"",180]]","[[""Fill 1"",76],[""Ending 3"",52],[""Fill 2"",44],[""Ending 1"",6],[""Break"",2]]","{""cc:11"":4,""cc:7"":4,""cc:0"":4,""cc:32"":2,""cc:22"":2}",{},"{""n"":0,""nonzero"":0,""positive"":0,""negative"":0,""zero"":0,""max_abs"":0,""summary"":{}}","{""n"":0,""ge90"":0,""summary"":{}}",[],[]
121,2,48,60's Strings,1,"[[""ACC3"",45]]","[[""Ending 1"",32],[""Variation 3"",2],[""Ending 2"",2],[""Ending 3"",2],[""Variation 4"",1],[""Intro 1"",1],[""Intro 2"",1],[""Intro 3"",1],[""Fill 1"",1],[""Fill 2"",1],[""Break"",1]]","{""cc:22"":11,""cc:11"":1,""cc:7"":1,""cc:0"":1,""cc:32"":1}",{},"{""n"":0,""nonzero"":0,""positive"":0,""negative"":0,""zero"":0,""max_abs"":0,""summary"":{}}","{""n"":0,""ge90"":0,""summary"":{}}",[],[]
121,2,27,Club Jazz Gtr 1,1,"[[""ACC5"",31]]","[[""Ending 1"",28],[""Ending 3"",3]]","{""cc:1"":12,""cc:11"":1,""cc:7"":1,""cc:0"":1}","{""1"":{""n"":12,""ge64"":7,""zero"":1,""max"":113}}","{""n"":0,""nonzero"":0,""positive"":0,""negative"":0,""zero"":0,""max_abs"":0,""summary"":{}}","{""n"":0,""ge90"":0,""summary"":{}}",[],[]
121,2,17,Perc. Organ 2,1,"[[""ACC2"",189]]","[[""Variation 4"",174],[""Intro 1"",7],[""Intro 2"",1],[""Intro 3"",1],[""Fill 1"",1],[""Fill 2"",1],[""Break"",1],[""Ending 1"",1],[""Ending 2"",1],[""Ending 3"",1]]","{""cc:11"":2,""cc:7"":2,""cc:0"":2,""cc:22"":9}",{},"{""n"":0,""nonzero"":0,""positive"":0,""negative"":0,""zero"":0,""max_abs"":0,""summary"":{}}","{""n"":0,""ge90"":0,""summary"":{}}",[],[]
121,1,88,Virtual Traveler,1,"[[""ACC2"",253]]","[[""Ending 1"",132],[""Intro 1"",106],[""Intro 2"",4],[""Ending 2"",4],[""Fill 1"",3],[""Ending 3"",3],[""Intro 3"",1]]","{""cc:11"":4,""cc:7"":4,""cc:0"":4,""cc:22"":3}",{},"{""n"":0,""nonzero"":0,""positive"":0,""negative"":0,""zero"":0,""max_abs"":0,""summary"":{}}","{""n"":0,""ge90"":0,""summary"":{}}",[],[]
121,8,16,Jazz Organ,1,"[[""ACC3"",203]]","[[""Variation 4"",188],[""Intro 1"",7],[""Intro 2"",1],[""Intro 3"",1],[""Fill 1"",1],[""Fill 2"",1],[""Break"",1],[""Ending 1"",1],[""Ending 2"",1],[""Ending 3"",1]]","{""cc:11"":2,""cc:7"":2,""cc:0"":2,""cc:22"":9}",{},"{""n"":0,""nonzero"":0,""positive"":0,""negative"":0,""zero"":0,""max_abs"":0,""summary"":{}}","{""n"":0,""ge90"":0,""summary"":{}}",[],[]
121,6,5,Stereo Dig. EP,1,"[[""ACC3"",201]]","[[""Variation 4"",130],[""Ending 2"",36],[""Ending 3"",28],[""Intro 1"",1],[""Intro 2"",1],[""Intro 3"",1],[""Fill 1"",1],[""Fill 2"",1],[""Break"",1],[""Ending 1"",1]]","{""cc:22"":7,""cc:11"":2,""cc:7"":2,""cc:0"":2,""cc:32"":2}",{},"{""n"":0,""nonzero"":0,""positive"":0,""negative"":0,""zero"":0,""max_abs"":0,""summary"":{}}","{""n"":0,""ge90"":0,""summary"":{}}",[],[]
121,32,16,Tibia Vox Glock,1,"[[""ACC1"",430]]","[[""Variation 2"",280],[""Variation 1"",144],[""Variation 3"",6]]","{""cc:11"":4,""cc:7"":4,""cc:0"":4,""cc:32"":2}",{},"{""n"":0,""nonzero"":0,""positive"":0,""negative"":0,""zero"":0,""max_abs"":0,""summary"":{}}","{""n"":0,""ge90"":0,""summary"":{}}",[],[]
121,27,,,7,"[[""ACC2"",6],[""ACC5"",3],[""ACC4"",3],[""ACC3"",2]]","[[""Intro 1"",5],[""Variation 1"",5],[""Variation 2"",3],[""Variation 4"",1]]","{""cc:32"":14}",{},"{""n"":0,""nonzero"":0,""positive"":0,""negative"":0,""zero"":0,""max_abs"":0,""summary"":{}}","{""n"":0,""ge90"":0,""summary"":{}}",[],[]
121,23,16,Theatre Organ 2,1,"[[""ACC4"",214]]","[[""Fill 1"",104],[""Variation 4"",60],[""Fill 2"",34],[""Break"",10],[""Intro 1"",3],[""Ending 1"",3]]","{""cc:11"":4,""cc:7"":4,""cc:0"":4,""cc:32"":2}",{},"{""n"":0,""nonzero"":0,""positive"":0,""negative"":0,""zero"":0,""max_abs"":0,""summary"":{}}","{""n"":0,""ge90"":0,""summary"":{}}",[],[]
121,14,48,Orchestra Tutti1,1,"[[""ACC2"",442]]","[[""Ending 2"",332],[""Ending 1"",104],[""Ending 3"",6]]","{""cc:11"":4,""cc:7"":4,""cc:0"":4,""cc:32"":2}",{},"{""n"":0,""nonzero"":0,""positive"":0,""negative"":0,""zero"":0,""max_abs"":0,""summary"":{}}","{""n"":0,""ge90"":0,""summary"":{}}",[],[]
121,0,112,Tinkle Bell GM,1,"[[""ACC5"",422]]","[[""Ending 1"",200],[""Intro 1"",196],[""Ending 2"",20],[""Intro 2"",1],[""Intro 3"",1],[""Fill 1"",1],[""Fill 2"",1],[""Break"",1],[""Ending 3"",1]]","{""cc:22"":6,""cc:11"":2,""cc:7"":2,""cc:0"":2,""cc:32"":2}",{},"{""n"":0,""nonzero"":0,""positive"":0,""negative"":0,""zero"":0,""max_abs"":0,""summary"":{}}","{""n"":0,""ge90"":0,""summary"":{}}",[],[]
121,21,56,Cornet Expr.,1,"[[""ACC3"",633]]","[[""Ending 1"",312],[""Intro 1"",308],[""Intro 2"",4],[""Ending 2"",4],[""Fill 1"",3],[""Intro 3"",1],[""Ending 3"",1]]","{""cc:11"":3,""cc:7"":3,""cc:0"":3,""cc:22"":4}",{},"{""n"":0,""nonzero"":0,""positive"":0,""negative"":0,""zero"":0,""max_abs"":0,""summary"":{}}","{""n"":0,""ge90"":0,""summary"":{}}",[],[]
0,49,0,AcousticPiano GM,1,"[[""ACC5"",13]]","[[""Variation 2"",5],[""Intro 2"",1],[""Intro 3"",1],[""Fill 1"",1],[""Fill 2"",1],[""Break"",1],[""Ending 1"",1],[""Ending 2"",1],[""Ending 3"",1]]","{""cc:32"":2,""cc:11"":1,""cc:7"":1,""cc:22"":9}",{},"{""n"":0,""nonzero"":0,""positive"":0,""negative"":0,""zero"":0,""max_abs"":0,""summary"":{}}","{""n"":0,""ge90"":0,""summary"":{}}",[],[]
121,19,27,Vintage S.1,3,"[[""ACC3"",297]]","[[""Ending 1"",240],[""Fill 2"",50],[""Ending 2"",4],[""Break"",2],[""Ending 3"",1]]","{""cc:22"":4,""cc:11"":3,""cc:7"":3,""cc:0"":3}",{},"{""n"":0,""nonzero"":0,""positive"":0,""negative"":0,""zero"":0,""max_abs"":0,""summary"":{}}","{""n"":0,""ge90"":0,""summary"":{}}",[],[]
121,22,4,Dyno Tine EP 2,2,"[[""ACC1"",825]]","[[""Variation 1"",812],[""Variation 2"",10],[""Variation 3"",3]]","{""cc:11"":4,""cc:7"":4,""cc:0"":4,""cc:22"":1}",{},"{""n"":0,""nonzero"":0,""positive"":0,""negative"":0,""zero"":0,""max_abs"":0,""summary"":{}}","{""n"":0,""ge90"":0,""summary"":{}}",[],[]
120,0,68,Latin Perc. Kit2,1,"[[""PERC"",781]]","[[""Variation 4"",388],[""Variation 3"",384],[""Intro 1"",1],[""Intro 2"",1],[""Intro 3"",1],[""Fill 1"",1],[""Fill 2"",1],[""Break"",1],[""Ending 1"",1],[""Ending 2"",1],[""Ending 3"",1]]","{""cc:11"":1,""cc:7"":1,""cc:0"":1,""cc:32"":1,""cc:22"":9}",{},"{""n"":0,""nonzero"":0,""positive"":0,""negative"":0,""zero"":0,""max_abs"":0,""summary"":{}}","{""n"":0,""ge90"":0,""summary"":{}}",[],[]
121,5,61,Sax & Brass,2,"[[""ACC3"",34],[""ACC5"",24]]","[[""Variation 3"",28],[""Variation 4"",12],[""Ending 3"",12],[""Fill 1"",3],[""Intro 1"",1],[""Intro 2"",1],[""Intro 3"",1]]","{""cc:22"":3,""cc:11"":3,""cc:7"":3,""cc:0"":3}",{},"{""n"":0,""nonzero"":0,""positive"":0,""negative"":0,""zero"":0,""max_abs"":0,""summary"":{}}","{""n"":0,""ge90"":0,""summary"":{}}",[],[]
121,7,0,Grand Piano,6,"[[""ACC1"",12]]","[[""Ending 1"",4],[""Fill 2"",4],[""Variation 4"",4]]","{""cc:32"":12}",{},"{""n"":0,""nonzero"":0,""positive"":0,""negative"":0,""zero"":0,""max_abs"":0,""summary"":{}}","{""n"":0,""ge90"":0,""summary"":{}}",[],[]
121,8,0,Grand Piano,4,"[[""ACC1"",6],[""ACC2"",6]]","[[""Variation 4"",9],[""Break"",1],[""Ending 2"",1],[""Intro 3"",1]]","{""cc:32"":12}",{},"{""n"":0,""nonzero"":0,""positive"":0,""negative"":0,""zero"":0,""max_abs"":0,""summary"":{}}","{""n"":0,""ge90"":0,""summary"":{}}",[],[]
121,3,57,Mute Ensemble 1,1,"[[""ACC1"",368]]","[[""Variation 1"",368]]","{""pb"":12}",{},"{""n"":12,""nonzero"":6,""positive"":2,""negative"":4,""zero"":6,""max_abs"":4096,""summary"":{""min"":-4096.0,""p01"":-4096.0,""p05"":-4096.0,""p10"":-4096.0,""p25"":-4096.0,""p50"":0.0,""p75"":0.0,""p90"":3686.4,""p95"":4096.0,""p99"":4096.0,""max"":4096.0}}","{""n"":0,""ge90"":0,""summary"":{}}",[],[]
121,2,18,Killer B,1,"[[""ACC4"",114]]","[[""Fill 1"",72],[""Fill 2"",34],[""Ending 1"",6],[""Break"",2]]","{""cc:11"":3,""cc:7"":3,""cc:0"":3,""cc:32"":1,""cc:22"":2}",{},"{""n"":0,""nonzero"":0,""positive"":0,""negative"":0,""zero"":0,""max_abs"":0,""summary"":{}}","{""n"":0,""ge90"":0,""summary"":{}}",[],[]
121,6,34,Bass&Gtr Double,1,"[[""BASS"",242]]","[[""Intro 1"",122],[""Ending 1"",108],[""Intro 2"",6],[""Ending 2"",5],[""Ending 3"",1]]","{""cc:11"":3,""cc:7"":3,""cc:0"":3,""cc:32"":1,""cc:22"":2}",{},"{""n"":0,""nonzero"":0,""positive"":0,""negative"":0,""zero"":0,""max_abs"":0,""summary"":{}}","{""n"":0,""ge90"":0,""summary"":{}}",[],[]
121,3,63,Brass Pad,1,"[[""ACC4"",38]]","[[""Ending 2"",20],[""Variation 4"",10],[""Intro 1"",1],[""Intro 2"",1],[""Intro 3"",1],[""Fill 1"",1],[""Fill 2"",1],[""Break"",1],[""Ending 1"",1],[""Ending 3"",1]]","{""cc:22"":8,""cc:11"":1,""cc:7"":1,""cc:0"":1,""cc:32"":1}",{},"{""n"":0,""nonzero"":0,""positive"":0,""negative"":0,""zero"":0,""max_abs"":0,""summary"":{}}","{""n"":0,""ge90"":0,""summary"":{}}",[],[]
121,17,61,Film Brass,1,"[[""ACC5"",30]]","[[""Ending 2"",12],[""Variation 4"",10],[""Intro 1"",1],[""Intro 2"",1],[""Intro 3"",1],[""Fill 1"",1],[""Fill 2"",1],[""Break"",1],[""Ending 1"",1],[""Ending 3"",1]]","{""cc:22"":8,""cc:11"":1,""cc:7"":1,""cc:0"":1,""cc:32"":1}",{},"{""n"":0,""nonzero"":0,""positive"":0,""negative"":0,""zero"":0,""max_abs"":0,""summary"":{}}","{""n"":0,""ge90"":0,""summary"":{}}",[],[]
121,50,26,Pedal Steel Gtr1,1,"[[""ACC3"",11]]","[[""Variation 3"",6],[""Fill 2"",3],[""Intro 3"",1],[""Fill 1"",1]]","{""cc:32"":2,""cc:11"":2,""cc:7"":2,""cc:0"":2,""cc:22"":3}",{},"{""n"":0,""nonzero"":0,""positive"":0,""negative"":0,""zero"":0,""max_abs"":0,""summary"":{}}","{""n"":0,""ge90"":0,""summary"":{}}",[],[]
121,6,26,Soft Jazz Guitar,4,"[[""ACC3"",7],[""ACC2"",3],[""ACC5"",1]]","[[""Fill 1"",4],[""Ending 3"",3],[""Variation 2"",3],[""Ending 2"",1]]","{""cc:32"":11}",{},"{""n"":0,""nonzero"":0,""positive"":0,""negative"":0,""zero"":0,""max_abs"":0,""summary"":{}}","{""n"":0,""ge90"":0,""summary"":{}}",[],[]
121,4,33,Finger E.Bass3,1,"[[""BASS"",261]]","[[""Intro 1"",250],[""Intro 2"",4],[""Ending 1"",3],[""Intro 3"",1],[""Fill 1"",1],[""Fill 2"",1],[""Break"",1]]","{""cc:11"":2,""cc:7"":2,""cc:0"":2,""cc:22"":5}",{},"{""n"":0,""nonzero"":0,""positive"":0,""negative"":0,""zero"":0,""max_abs"":0,""summary"":{}}","{""n"":0,""ge90"":0,""summary"":{}}",[],[]
121,32,5,EP Phase,1,"[[""ACC1"",93]]","[[""Ending 1"",60],[""Ending 2"",30],[""Ending 3"",3]]","{""cc:32"":8,""cc:11"":1,""cc:7"":1,""cc:0"":1}",{},"{""n"":0,""nonzero"":0,""positive"":0,""negative"":0,""zero"":0,""max_abs"":0,""summary"":{}}","{""n"":0,""ge90"":0,""summary"":{}}",[],[]
121,0,86,Fifths Lead GM,1,"[[""ACC3"",157]]","[[""Variation 2"",60],[""Variation 3"",60],[""Variation 1"",34],[""Variation 4"",3]]","{""cc:11"":3,""cc:7"":3,""cc:0"":3,""cc:32"":2}",{},"{""n"":0,""nonzero"":0,""positive"":0,""negative"":0,""zero"":0,""max_abs"":0,""summary"":{}}","{""n"":0,""ge90"":0,""summary"":{}}",[],[]
121,3,109,HighlandBagPipes,1,"[[""ACC4"",51]]","[[""Ending 1"",24],[""Intro 1"",20],[""Intro 2"",1],[""Intro 3"",1],[""Fill 1"",1],[""Fill 2"",1],[""Break"",1],[""Ending 2"",1],[""Ending 3"",1]]","{""cc:22"":7,""cc:11"":1,""cc:7"":1,""cc:0"":1,""cc:32"":1}",{},"{""n"":0,""nonzero"":0,""positive"":0,""negative"":0,""zero"":0,""max_abs"":0,""summary"":{}}","{""n"":0,""ge90"":0,""summary"":{}}",[],[]
121,4,66,Tenor Growl,1,"[[""ACC4"",33]]","[[""Fill 2"",14],[""Fill 1"",10],[""Break"",6],[""Ending 1"",3]]","{""cc:11"":3,""cc:7"":3,""cc:0"":3,""cc:32"":2}",{},"{""n"":0,""nonzero"":0,""positive"":0,""negative"":0,""zero"":0,""max_abs"":0,""summary"":{}}","{""n"":0,""ge90"":0,""summary"":{}}",[],[]
121,1,20,Puff Organ,1,"[[""ACC5"",268]]","[[""Fill 2"",134],[""Ending 1"",124],[""Break"",6],[""Ending 2"",2],[""Ending 3"",2]]","{""cc:11"":2,""cc:7"":2,""cc:0"":2,""cc:22"":4}",{},"{""n"":0,""nonzero"":0,""positive"":0,""negative"":0,""zero"":0,""max_abs"":0,""summary"":{}}","{""n"":0,""ge90"":0,""summary"":{}}",[],[]
121,18,4,Vintage EP,4,"[[""ACC1"",10]]","[[""Ending 1"",6],[""Fill 1"",2],[""Ending 3"",2]]","{""cc:32"":10}",{},"{""n"":0,""nonzero"":0,""positive"":0,""negative"":0,""zero"":0,""max_abs"":0,""summary"":{}}","{""n"":0,""ge90"":0,""summary"":{}}",[],[]
121,4,35,Woofer Pusher B.,2,"[[""BASS"",10]]","[[""Variation 2"",2],[""Variation 4"",2],[""Intro 2"",2],[""Fill 2"",2],[""Ending 1"",2]]","{""cc:32"":10}",{},"{""n"":0,""nonzero"":0,""positive"":0,""negative"":0,""zero"":0,""max_abs"":0,""summary"":{}}","{""n"":0,""ge90"":0,""summary"":{}}",[],[]
121,2,45,Pizz. Section,1,"[[""ACC4"",48]]","[[""Variation 3"",38],[""Variation 4"",1],[""Intro 1"",1],[""Intro 2"",1],[""Intro 3"",1],[""Fill 1"",1],[""Fill 2"",1],[""Break"",1],[""Ending 1"",1],[""Ending 2"",1],[""Ending 3"",1]]","{""cc:22"":10}",{},"{""n"":0,""nonzero"":0,""positive"":0,""negative"":0,""zero"":0,""max_abs"":0,""summary"":{}}","{""n"":0,""ge90"":0,""summary"":{}}",[],[]
121,80,0,Grand Piano,4,"[[""ACC1"",10]]","[[""Ending 1"",10]]","{""cc:32"":5,""cc:97"":5}",{},"{""n"":0,""nonzero"":0,""positive"":0,""negative"":0,""zero"":0,""max_abs"":0,""summary"":{}}","{""n"":0,""ge90"":0,""summary"":{}}",[],[]
121,31,,,5,"[[""ACC2"",4],[""ACC4"",3],[""ACC3"",2]]","[[""Variation 1"",5],[""Variation 4"",2],[""Variation 2"",1],[""Ending 1"",1]]","{""cc:32"":9}",{},"{""n"":0,""nonzero"":0,""positive"":0,""negative"":0,""zero"":0,""max_abs"":0,""summary"":{}}","{""n"":0,""ge90"":0,""summary"":{}}",[],[]
121,29,16,Post Horn Trem.,1,"[[""ACC5"",521]]","[[""Variation 4"",512],[""Intro 1"",4],[""Fill 1"",3],[""Intro 2"",1],[""Intro 3"",1]]","{""cc:11"":2,""cc:7"":2,""cc:0"":2,""cc:22"":3}",{},"{""n"":0,""nonzero"":0,""positive"":0,""negative"":0,""zero"":0,""max_abs"":0,""summary"":{}}","{""n"":0,""ge90"":0,""summary"":{}}",[],[]
121,4,4,Tine E.Piano RX,5,"[[""ACC1"",9]]","[[""Intro 1"",4],[""Ending 2"",4],[""Ending 3"",1]]","{""cc:32"":9}",{},"{""n"":0,""nonzero"":0,""positive"":0,""negative"":0,""zero"":0,""max_abs"":0,""summary"":{}}","{""n"":0,""ge90"":0,""summary"":{}}",[],[]
121,8,5,Hybrid EP,1,"[[""ACC1"",87]]","[[""Variation 4"",64],[""Fill 2"",14],[""Intro 1"",6],[""Break"",3]]","{""cc:11"":3,""cc:7"":3,""cc:0"":3}",{},"{""n"":0,""nonzero"":0,""positive"":0,""negative"":0,""zero"":0,""max_abs"":0,""summary"":{}}","{""n"":0,""ge90"":0,""summary"":{}}",[],[]
121,0,0,Grand Piano,4,"[[""ACC1"",9]]","[[""Ending 1"",4],[""Variation 3"",2],[""Intro 1"",2],[""Intro 3"",1]]","{""cc:32"":9}",{},"{""n"":0,""nonzero"":0,""positive"":0,""negative"":0,""zero"":0,""max_abs"":0,""summary"":{}}","{""n"":0,""ge90"":0,""summary"":{}}",[],[]
121,30,,,5,"[[""ACC5"",5],[""ACC4"",4]]","[[""Variation 3"",3],[""Variation 1"",3],[""Intro 1"",2],[""Variation 2"",1]]","{""cc:32"":9}",{},"{""n"":0,""nonzero"":0,""positive"":0,""negative"":0,""zero"":0,""max_abs"":0,""summary"":{}}","{""n"":0,""ge90"":0,""summary"":{}}",[],[]
121,50,4,Vintage EP,1,"[[""ACC1"",9]]","[[""Ending 1"",3],[""Intro 1"",2],[""Intro 3"",1],[""Fill 1"",1],[""Fill 2"",1],[""Break"",1]]","{""cc:32"":1,""cc:22"":5,""cc:11"":1,""cc:7"":1,""cc:0"":1}",{},"{""n"":0,""nonzero"":0,""positive"":0,""negative"":0,""zero"":0,""max_abs"":0,""summary"":{}}","{""n"":0,""ge90"":0,""summary"":{}}",[],[]
121,50,28,Clean Guitar RX1,1,"[[""ACC3"",9]]","[[""Ending 1"",3],[""Intro 1"",2],[""Intro 3"",1],[""Fill 1"",1],[""Fill 2"",1],[""Break"",1]]","{""cc:32"":1,""cc:22"":5,""cc:11"":1,""cc:7"":1,""cc:0"":1}",{},"{""n"":0,""nonzero"":0,""positive"":0,""negative"":0,""zero"":0,""max_abs"":0,""summary"":{}}","{""n"":0,""ge90"":0,""summary"":{}}",[],[]
121,15,16,Organ Low 2 V.,1,"[[""ACC2"",235]]","[[""Variation 1"",226],[""Variation 2"",9]]","{""cc:11"":3,""cc:7"":3,""cc:0"":3}",{},"{""n"":0,""nonzero"":0,""positive"":0,""negative"":0,""zero"":0,""max_abs"":0,""summary"":{}}","{""n"":0,""ge90"":0,""summary"":{}}",[],[]
121,13,16,Organ Low 1 V.,4,"[[""ACC3"",6],[""ACC4"",2],[""ACC2"",1]]","[[""Variation 2"",6],[""Variation 4"",2],[""Fill 2"",1]]","{""cc:32"":9}",{},"{""n"":0,""nonzero"":0,""positive"":0,""negative"":0,""zero"":0,""max_abs"":0,""summary"":{}}","{""n"":0,""ge90"":0,""summary"":{}}",[],[]
121,21,4,Tine E.Piano RX,4,"[[""ACC1"",5],[""ACC4"",3]]","[[""Variation 4"",3],[""Ending 2"",2],[""Ending 3"",1],[""Variation 2"",1],[""Fill 1"",1]]","{""cc:32"":8}",{},"{""n"":0,""nonzero"":0,""positive"":0,""negative"":0,""zero"":0,""max_abs"":0,""summary"":{}}","{""n"":0,""ge90"":0,""summary"":{}}",[],[]
121,22,16,Theatre Organ 1,1,"[[""ACC1"",428]]","[[""Variation 3"",420],[""Intro 1"",6],[""Variation 4"",2]]","{""cc:22"":2,""cc:11"":2,""cc:7"":2,""cc:0"":2}",{},"{""n"":0,""nonzero"":0,""positive"":0,""negative"":0,""zero"":0,""max_abs"":0,""summary"":{}}","{""n"":0,""ge90"":0,""summary"":{}}",[],[]
121,2,20,Small Pipe,1,"[[""ACC2"",120]]","[[""Fill 2"",112],[""Ending 1"",6],[""Break"",2]]","{""cc:22"":2,""cc:11"":2,""cc:7"":2,""cc:0"":2}",{},"{""n"":0,""nonzero"":0,""positive"":0,""negative"":0,""zero"":0,""max_abs"":0,""summary"":{}}","{""n"":0,""ge90"":0,""summary"":{}}",[],[]
121,51,5,E. Piano 2 GM,1,"[[""ACC1"",8]]","[[""Ending 1"",3],[""Intro 2"",2],[""Fill 1"",1],[""Fill 2"",1],[""Break"",1]]","{""cc:32"":1,""cc:22"":4,""cc:11"":1,""cc:7"":1,""cc:0"":1}",{},"{""n"":0,""nonzero"":0,""positive"":0,""negative"":0,""zero"":0,""max_abs"":0,""summary"":{}}","{""n"":0,""ge90"":0,""summary"":{}}",[],[]
121,24,,,4,"[[""ACC4"",4],[""ACC2"",2],[""ACC1"",2]]","[[""Variation 1"",4],[""Intro 1"",3],[""Variation 2"",1]]","{""cc:32"":8}",{},"{""n"":0,""nonzero"":0,""positive"":0,""negative"":0,""zero"":0,""max_abs"":0,""summary"":{}}","{""n"":0,""ge90"":0,""summary"":{}}",[],[]
121,11,27,Country Nu,1,"[[""ACC1"",354]]","[[""Intro 1"",346],[""Intro 2"",1],[""Intro 3"",1],[""Fill 1"",1],[""Fill 2"",1],[""Break"",1],[""Ending 1"",1],[""Ending 2"",1],[""Ending 3"",1]]","{""cc:22"":8}",{},"{""n"":0,""nonzero"":0,""positive"":0,""negative"":0,""zero"":0,""max_abs"":0,""summary"":{}}","{""n"":0,""ge90"":0,""summary"":{}}",[],[]
121,18,4,Tine E.Piano,3,"[[""ACC1"",8]]","[[""Variation 4"",6],[""Ending 1"",1],[""Variation 2"",1]]","{""cc:32"":8}",{},"{""n"":0,""nonzero"":0,""positive"":0,""negative"":0,""zero"":0,""max_abs"":0,""summary"":{}}","{""n"":0,""ge90"":0,""summary"":{}}",[],[]
121,4,27,New Stra.Guitar,2,"[[""ACC3"",8]]","[[""Variation 3"",8]]","{""cc:32"":8}",{},"{""n"":0,""nonzero"":0,""positive"":0,""negative"":0,""zero"":0,""max_abs"":0,""summary"":{}}","{""n"":0,""ge90"":0,""summary"":{}}",[],[]
121,6,27,Vintage S.2,2,"[[""ACC3"",8]]","[[""Variation 4"",8]]","{""cc:32"":8}",{},"{""n"":0,""nonzero"":0,""positive"":0,""negative"":0,""zero"":0,""max_abs"":0,""summary"":{}}","{""n"":0,""ge90"":0,""summary"":{}}",[],[]
121,5,27,Single Coil,2,"[[""ACC3"",8]]","[[""Intro 1"",4],[""Ending 1"",4]]","{""cc:32"":8}",{},"{""n"":0,""nonzero"":0,""positive"":0,""negative"":0,""zero"":0,""max_abs"":0,""summary"":{}}","{""n"":0,""ge90"":0,""summary"":{}}",[],[]
121,0,38,Synth Bass 1 GM,1,"[[""BASS"",92]]","[[""Intro 2"",68],[""Fill 1"",20],[""Fill 2"",3],[""Intro 3"",1]]","{""cc:22"":1,""cc:11"":2,""cc:7"":2,""cc:0"":2,""cc:32"":1}",{},"{""n"":0,""nonzero"":0,""positive"":0,""negative"":0,""zero"":0,""max_abs"":0,""summary"":{}}","{""n"":0,""ge90"":0,""summary"":{}}",[],[]
120,0,7,Standard Kit 1,1,"[[""DRUM"",92]]","[[""Fill 1"",84],[""Fill 2"",8]]","{""cc:11"":2,""cc:7"":2,""cc:0"":2,""cc:32"":2}",{},"{""n"":0,""nonzero"":0,""positive"":0,""negative"":0,""zero"":0,""max_abs"":0,""summary"":{}}","{""n"":0,""ge90"":0,""summary"":{}}",[],[]
121,3,57,Hard Trombone,1,"[[""ACC1"",216]]","[[""Intro 2"",208],[""Fill 1"",6],[""Intro 3"",2]]","{""cc:22"":2,""cc:11"":2,""cc:7"":2,""cc:0"":2}",{},"{""n"":0,""nonzero"":0,""positive"":0,""negative"":0,""zero"":0,""max_abs"":0,""summary"":{}}","{""n"":0,""ge90"":0,""summary"":{}}",[],[]
121,66,61,Tight Brass 3,2,"[[""ACC3"",8]]","[[""Ending 1"",8]]","{""cc:32"":4,""cc:97"":4}",{},"{""n"":0,""nonzero"":0,""positive"":0,""negative"":0,""zero"":0,""max_abs"":0,""summary"":{}}","{""n"":0,""ge90"":0,""summary"":{}}",[],[]
121,83,26,Pedal Steel Gtr2,1,"[[""ACC3"",8]]","[[""Ending 1"",8]]","{""cc:32"":4,""cc:101"":4}",{},"{""n"":0,""nonzero"":0,""positive"":0,""negative"":0,""zero"":0,""max_abs"":0,""summary"":{}}","{""n"":0,""ge90"":0,""summary"":{}}",[],[]
121,71,26,Pedal Steel Gtr2,1,"[[""ACC3"",8]]","[[""Ending 1"",8]]","{""cc:32"":4,""cc:114"":4}",{},"{""n"":0,""nonzero"":0,""positive"":0,""negative"":0,""zero"":0,""max_abs"":0,""summary"":{}}","{""n"":0,""ge90"":0,""summary"":{}}",[],[]
121,22,61,Dyna Brass 2,1,"[[""ACC3"",232]]","[[""Intro 2"",224],[""Fill 1"",6],[""Intro 3"",2]]","{""cc:22"":2,""cc:11"":2,""cc:7"":2,""cc:0"":2}",{},"{""n"":0,""nonzero"":0,""positive"":0,""negative"":0,""zero"":0,""max_abs"":0,""summary"":{}}","{""n"":0,""ge90"":0,""summary"":{}}",[],[]
121,16,52,Male Scat,1,"[[""ACC4"",122]]","[[""Variation 3"",64],[""Variation 2"",54],[""Intro 1"",3],[""Variation 4"",1]]","{""cc:11"":2,""cc:7"":2,""cc:0"":2,""cc:32"":1,""cc:22"":1}",{},"{""n"":0,""nonzero"":0,""positive"":0,""negative"":0,""zero"":0,""max_abs"":0,""summary"":{}}","{""n"":0,""ge90"":0,""summary"":{}}",[],[]
121,32,2,Grand&FM Stack,1,"[[""ACC1"",76]]","[[""Ending 1"",73],[""Ending 3"",3]]","{""cc:32"":2,""cc:64"":3,""cc:11"":1,""cc:7"":1,""cc:0"":1}","{""64"":{""n"":3,""ge64"":0,""zero"":3,""max"":0}}","{""n"":0,""nonzero"":0,""positive"":0,""negative"":0,""zero"":0,""max_abs"":0,""summary"":{}}","{""n"":0,""ge90"":0,""summary"":{}}",[],[]
121,3,0,Grand Piano RX,4,"[[""ACC1"",5],[""ACC4"",2]]","[[""Ending 2"",2],[""Variation 2"",2],[""Intro 1"",2],[""Variation 3"",1]]","{""cc:32"":7}",{},"{""n"":0,""nonzero"":0,""positive"":0,""negative"":0,""zero"":0,""max_abs"":0,""summary"":{}}","{""n"":0,""ge90"":0,""summary"":{}}",[],[]
121,3,0,Rock Piano,3,"[[""ACC2"",4],[""ACC1"",3]]","[[""Intro 1"",6],[""Ending 1"",1]]","{""cc:32"":7}",{},"{""n"":0,""nonzero"":0,""positive"":0,""negative"":0,""zero"":0,""max_abs"":0,""summary"":{}}","{""n"":0,""ge90"":0,""summary"":{}}",[],[]
121,3,36,SlapFing Bass RX,3,"[[""BASS"",7]]","[[""Variation 4"",6],[""Fill 1"",1]]","{""cc:32"":7}",{},"{""n"":0,""nonzero"":0,""positive"":0,""negative"":0,""zero"":0,""max_abs"":0,""summary"":{}}","{""n"":0,""ge90"":0,""summary"":{}}",[],[]
121,9,80,Gliding Square,1,"[[""ACC3"",35]]","[[""Variation 1"",16],[""Variation 2"",16],[""Variation 3"",3]]","{""cc:11"":2,""cc:7"":2,""cc:0"":2,""cc:32"":1}",{},"{""n"":0,""nonzero"":0,""positive"":0,""negative"":0,""zero"":0,""max_abs"":0,""summary"":{}}","{""n"":0,""ge90"":0,""summary"":{}}",[],[]
121,1,15,Santur,1,"[[""ACC4"",199]]","[[""Variation 2"",100],[""Variation 1"",96],[""Variation 3"",3]]","{""cc:11"":2,""cc:7"":2,""cc:0"":2,""cc:32"":1}",{},"{""n"":0,""nonzero"":0,""positive"":0,""negative"":0,""zero"":0,""max_abs"":0,""summary"":{}}","{""n"":0,""ge90"":0,""summary"":{}}",[],[]
121,22,27,Clean Jazz 1,1,"[[""ACC4"",115]]","[[""Variation 3"",58],[""Variation 2"",54],[""Variation 4"",3]]","{""cc:11"":2,""cc:7"":2,""cc:0"":2,""cc:32"":1}",{},"{""n"":0,""nonzero"":0,""positive"":0,""negative"":0,""zero"":0,""max_abs"":0,""summary"":{}}","{""n"":0,""ge90"":0,""summary"":{}}",[],[]
121,32,27,Clean Gtr Pro1,2,"[[""ACC3"",150],[""ACC2"",109]]","[[""Break"",150],[""Ending 2"",109]]","{""cc:32"":4,""cc:64"":3}","{""64"":{""n"":3,""ge64"":0,""zero"":3,""max"":0}}","{""n"":0,""nonzero"":0,""positive"":0,""negative"":0,""zero"":0,""max_abs"":0,""summary"":{}}","{""n"":0,""ge90"":0,""summary"":{}}",[],[]
121,0,73,Flute GM,1,"[[""ACC1"",103]]","[[""Ending 3"",64],[""Fill 2"",32],[""Break"",4],[""Ending 1"",3]]","{""cc:11"":2,""cc:7"":2,""cc:0"":2,""cc:22"":1}",{},"{""n"":0,""nonzero"":0,""positive"":0,""negative"":0,""zero"":0,""max_abs"":0,""summary"":{}}","{""n"":0,""ge90"":0,""summary"":{}}",[],[]
121,32,0,Classic Piano,1,"[[""ACC1"",21]]","[[""Ending 1"",18],[""Ending 3"",3]]","{""cc:32"":2,""cc:64"":2,""cc:11"":1,""cc:7"":1,""cc:0"":1}","{""64"":{""n"":2,""ge64"":1,""zero"":1,""max"":127}}","{""n"":0,""nonzero"":0,""positive"":0,""negative"":0,""zero"":0,""max_abs"":0,""summary"":{}}","{""n"":0,""ge90"":0,""summary"":{}}",[],[]
121,6,4,Pro Stage EP,1,"[[""ACC1"",110]]","[[""Variation 4"",74],[""Ending 2"",30],[""Intro 1"",3],[""Ending 3"",3]]","{""cc:11"":2,""cc:7"":2,""cc:0"":2}",{},"{""n"":0,""nonzero"":0,""positive"":0,""negative"":0,""zero"":0,""max_abs"":0,""summary"":{}}","{""n"":0,""ge90"":0,""summary"":{}}",[],[]
121,31,16,Tibia & Kinura,1,"[[""ACC2"",248]]","[[""Variation 4"",242],[""Intro 1"",6]]","{""cc:11"":2,""cc:7"":2,""cc:0"":2}",{},"{""n"":0,""nonzero"":0,""positive"":0,""negative"":0,""zero"":0,""max_abs"":0,""summary"":{}}","{""n"":0,""ge90"":0,""summary"":{}}",[],[]
121,28,16,Tibia & Vox,1,"[[""ACC5"",240]]","[[""Variation 2"",234],[""Variation 3"",6]]","{""cc:11"":2,""cc:7"":2,""cc:0"":2}",{},"{""n"":0,""nonzero"":0,""positive"":0,""negative"":0,""zero"":0,""max_abs"":0,""summary"":{}}","{""n"":0,""ge90"":0,""summary"":{}}",[],[]
121,26,16,Tibia,1,"[[""ACC5"",454]]","[[""Variation 3"",448],[""Variation 4"",6]]","{""cc:11"":2,""cc:7"":2,""cc:0"":2}",{},"{""n"":0,""nonzero"":0,""positive"":0,""negative"":0,""zero"":0,""max_abs"":0,""summary"":{}}","{""n"":0,""ge90"":0,""summary"":{}}",[],[]
121,19,4,Tine E.Piano RX,3,"[[""ACC1"",6]]","[[""Variation 3"",3],[""Variation 4"",2],[""Break"",1]]","{""cc:32"":6}",{},"{""n"":0,""nonzero"":0,""positive"":0,""negative"":0,""zero"":0,""max_abs"":0,""summary"":{}}","{""n"":0,""ge90"":0,""summary"":{}}",[],[]
121,0,15,Dulcimer GM,2,"[[""ACC2"",19],[""ACC1"",11]]","[[""Fill 1"",16],[""Variation 1"",8],[""Variation 2"",3],[""Fill 2"",3]]","{""cc:11"":2,""cc:7"":2,""cc:0"":2}",{},"{""n"":0,""nonzero"":0,""positive"":0,""negative"":0,""zero"":0,""max_abs"":0,""summary"":{}}","{""n"":0,""ge90"":0,""summary"":{}}",[],[]
121,0,48,Orchestra Kit GM,1,"[[""DRUM"",6]]","[[""Intro 1"",4],[""Ending 3"",2]]","{""cc:0"":3,""cc:32"":3}",{},"{""n"":0,""nonzero"":0,""positive"":0,""negative"":0,""zero"":0,""max_abs"":0,""summary"":{}}","{""n"":0,""ge90"":0,""summary"":{}}",[],[]
121,5,16,Dark Organ 2 V.,1,"[[""ACC3"",150]]","[[""Variation 1"",144],[""Variation 2"",6]]","{""cc:11"":2,""cc:7"":2,""cc:0"":2}",{},"{""n"":0,""nonzero"":0,""positive"":0,""negative"":0,""zero"":0,""max_abs"":0,""summary"":{}}","{""n"":0,""ge90"":0,""summary"":{}}",[],[]
121,9,73,Flute 2,1,"[[""ACC1"",118]]","[[""Ending 1"",112],[""Ending 2"",6]]","{""cc:11"":2,""cc:7"":2,""cc:0"":2}",{},"{""n"":0,""nonzero"":0,""positive"":0,""negative"":0,""zero"":0,""max_abs"":0,""summary"":{}}","{""n"":0,""ge90"":0,""summary"":{}}",[],[]
121,0,99,Atmosphere GM,2,"[[""ACC1"",90]]","[[""Variation 1"",84],[""Variation 2"",6]]","{""cc:11"":2,""cc:7"":2,""cc:0"":2}",{},"{""n"":0,""nonzero"":0,""positive"":0,""negative"":0,""zero"":0,""max_abs"":0,""summary"":{}}","{""n"":0,""ge90"":0,""summary"":{}}",[],[]
121,83,26,Pedal Steel Gtr1,1,"[[""ACC3"",6]]","[[""Variation 3"",6]]","{""cc:32"":3,""cc:101"":3}",{},"{""n"":0,""nonzero"":0,""positive"":0,""negative"":0,""zero"":0,""max_abs"":0,""summary"":{}}","{""n"":0,""ge90"":0,""summary"":{}}",[],[]
121,71,26,Pedal Steel Gtr1,1,"[[""ACC3"",6]]","[[""Variation 3"",6]]","{""cc:32"":3,""cc:114"":3}",{},"{""n"":0,""nonzero"":0,""positive"":0,""negative"":0,""zero"":0,""max_abs"":0,""summary"":{}}","{""n"":0,""ge90"":0,""summary"":{}}",[],[]
121,51,26,Pedal Steel Gtr1,1,"[[""ACC3"",6]]","[[""Fill 2"",3],[""Variation 3"",2],[""Fill 1"",1]]","{""cc:32"":1,""cc:22"":2,""cc:11"":1,""cc:7"":1,""cc:0"":1}",{},"{""n"":0,""nonzero"":0,""positive"":0,""negative"":0,""zero"":0,""max_abs"":0,""summary"":{}}","{""n"":0,""ge90"":0,""summary"":{}}",[],[]
121,7,1,Piano & Pad,3,"[[""ACC1"",6]]","[[""Variation 2"",5],[""Break"",1]]","{""cc:32"":6}",{},"{""n"":0,""nonzero"":0,""positive"":0,""negative"":0,""zero"":0,""max_abs"":0,""summary"":{}}","{""n"":0,""ge90"":0,""summary"":{}}",[],[]
121,50,48,i3 Strings,1,"[[""ACC3"",6]]","[[""Fill 1"",3],[""Intro 1"",2],[""Intro 3"",1]]","{""cc:32"":1,""cc:22"":2,""cc:11"":1,""cc:7"":1,""cc:0"":1}",{},"{""n"":0,""nonzero"":0,""positive"":0,""negative"":0,""zero"":0,""max_abs"":0,""summary"":{}}","{""n"":0,""ge90"":0,""summary"":{}}",[],[]
121,0,54,Synth Voice GM,1,"[[""ACC4"",198]]","[[""Variation 3"",192],[""Variation 4"",6]]","{""cc:11"":2,""cc:7"":2,""cc:0"":2}",{},"{""n"":0,""nonzero"":0,""positive"":0,""negative"":0,""zero"":0,""max_abs"":0,""summary"":{}}","{""n"":0,""ge90"":0,""summary"":{}}",[],[]
121,6,36,SlapFing Bass RX,2,"[[""BASS"",6]]","[[""Variation 3"",2],[""Intro 1"",2],[""Intro 3"",1],[""Fill 1"",1]]","{""cc:32"":6}",{},"{""n"":0,""nonzero"":0,""positive"":0,""negative"":0,""zero"":0,""max_abs"":0,""summary"":{}}","{""n"":0,""ge90"":0,""summary"":{}}",[],[]
121,0,5,Syn Piano X,2,"[[""ACC1"",6]]","[[""Intro 2"",2],[""Ending 1"",2],[""Variation 2"",1],[""Fill 2"",1]]","{""cc:32"":6}",{},"{""n"":0,""nonzero"":0,""positive"":0,""negative"":0,""zero"":0,""max_abs"":0,""summary"":{}}","{""n"":0,""ge90"":0,""summary"":{}}",[],[]
121,4,33,Finger Bass RX,2,"[[""BASS"",6]]","[[""Variation 2"",6]]","{""cc:32"":6}",{},"{""n"":0,""nonzero"":0,""positive"":0,""negative"":0,""zero"":0,""max_abs"":0,""summary"":{}}","{""n"":0,""ge90"":0,""summary"":{}}",[],[]
121,13,28,Clean Funk RX1,2,"[[""ACC1"",6]]","[[""Variation 4"",6]]","{""cc:32"":6}",{},"{""n"":0,""nonzero"":0,""positive"":0,""negative"":0,""zero"":0,""max_abs"":0,""summary"":{}}","{""n"":0,""ge90"":0,""summary"":{}}",[],[]
121,10,126,Stadium,2,"[[""ACC1"",6]]","[[""Intro 2"",2],[""Ending 2"",2],[""Fill 1"",2]]","{""cc:32"":6}",{},"{""n"":0,""nonzero"":0,""positive"":0,""negative"":0,""zero"":0,""max_abs"":0,""summary"":{}}","{""n"":0,""ge90"":0,""summary"":{}}",[],[]
121,5,48,Stereo Strings,3,"[[""ACC4"",6]]","[[""Intro 1"",2],[""Fill 2"",2],[""Ending 1"",1],[""Variation 3"",1]]","{""cc:32"":6}",{},"{""n"":0,""nonzero"":0,""positive"":0,""negative"":0,""zero"":0,""max_abs"":0,""summary"":{}}","{""n"":0,""ge90"":0,""summary"":{}}",[],[]
121,3,61,Mute Ensemble 1,1,"[[""ACC1"",236]]","[[""Variation 1"",236]]","{""cc:11"":2,""cc:7"":2,""cc:0"":2}",{},"{""n"":0,""nonzero"":0,""positive"":0,""negative"":0,""zero"":0,""max_abs"":0,""summary"":{}}","{""n"":0,""ge90"":0,""summary"":{}}",[],[]
121,7,57,Trombone Expr. 2,1,"[[""ACC1"",192]]","[[""Variation 1"",186],[""Intro 2"",6]]","{""cc:11"":2,""cc:7"":2,""cc:0"":2}",{},"{""n"":0,""nonzero"":0,""positive"":0,""negative"":0,""zero"":0,""max_abs"":0,""summary"":{}}","{""n"":0,""ge90"":0,""summary"":{}}",[],[]
121,10,57,Trombone Vel. 3,1,"[[""ACC1"",78]]","[[""Break"",72],[""Ending 1"",6]]","{""cc:11"":2,""cc:7"":2,""cc:0"":2}",{},"{""n"":0,""nonzero"":0,""positive"":0,""negative"":0,""zero"":0,""max_abs"":0,""summary"":{}}","{""n"":0,""ge90"":0,""summary"":{}}",[],[]
121,8,57,Trombone Vel. 1,1,"[[""ACC5"",134]]","[[""Variation 2"",128],[""Variation 3"",6]]","{""cc:11"":2,""cc:7"":2,""cc:0"":2}",{},"{""n"":0,""nonzero"":0,""positive"":0,""negative"":0,""zero"":0,""max_abs"":0,""summary"":{}}","{""n"":0,""ge90"":0,""summary"":{}}",[],[]
121,10,0,AcousticPiano GM,2,"[[""ACC5"",4],[""ACC4"",2]]","[[""Variation 4"",2],[""Ending 1"",2],[""Intro 1"",1],[""Break"",1]]","{""cc:32"":6}",{},"{""n"":0,""nonzero"":0,""positive"":0,""negative"":0,""zero"":0,""max_abs"":0,""summary"":{}}","{""n"":0,""ge90"":0,""summary"":{}}",[],[]
121,6,65,Cool Sax Ens.,1,"[[""ACC3"",6]]","[[""Variation 4"",4],[""Fill 2"",2]]","{""cc:32"":6}",{},"{""n"":0,""nonzero"":0,""positive"":0,""negative"":0,""zero"":0,""max_abs"":0,""summary"":{}}","{""n"":0,""ge90"":0,""summary"":{}}",[],[]
121,20,16,Gospel Organ V.,2,"[[""ACC3"",6]]","[[""Ending 1"",4],[""Intro 1"",2]]","{""cc:32"":6}",{},"{""n"":0,""nonzero"":0,""positive"":0,""negative"":0,""zero"":0,""max_abs"":0,""summary"":{}}","{""n"":0,""ge90"":0,""summary"":{}}",[],[]
121,71,27,Clean Gtr Pro1,2,"[[""ACC3"",3],[""ACC2"",3]]","[[""Break"",3],[""Ending 2"",3]]","{""cc:32"":2,""cc:114"":4}",{},"{""n"":0,""nonzero"":0,""positive"":0,""negative"":0,""zero"":0,""max_abs"":0,""summary"":{}}","{""n"":0,""ge90"":0,""summary"":{}}",[],[]
121,3,37,Dyna Slap Bass,1,"[[""BASS"",110]]","[[""Ending 3"",56],[""Fill 1"",48],[""Fill 2"",6]]","{""cc:11"":2,""cc:7"":2,""cc:0"":2}",{},"{""n"":0,""nonzero"":0,""positive"":0,""negative"":0,""zero"":0,""max_abs"":0,""summary"":{}}","{""n"":0,""ge90"":0,""summary"":{}}",[],[]
121,3,25,Steel Guitar 3,1,"[[""ACC1"",6]]","[[""Variation 3"",3],[""Fill 1"",2],[""Ending 1"",1]]","{""cc:32"":6}",{},"{""n"":0,""nonzero"":0,""positive"":0,""negative"":0,""zero"":0,""max_abs"":0,""summary"":{}}","{""n"":0,""ge90"":0,""summary"":{}}",[],[]
121,5,17,Organ Low Pc. V.,2,"[[""ACC5"",6]]","[[""Fill 2"",4],[""Ending 1"",2]]","{""cc:32"":6}",{},"{""n"":0,""nonzero"":0,""positive"":0,""negative"":0,""zero"":0,""max_abs"":0,""summary"":{}}","{""n"":0,""ge90"":0,""summary"":{}}",[],[]
121,1,53,Humming,1,"[[""ACC4"",102]]","[[""Variation 3"",96],[""Variation 4"",6]]","{""cc:11"":2,""cc:7"":2,""cc:0"":2}",{},"{""n"":0,""nonzero"":0,""positive"":0,""negative"":0,""zero"":0,""max_abs"":0,""summary"":{}}","{""n"":0,""ge90"":0,""summary"":{}}",[],[]
121,32,4,Studio EP,1,"[[""ACC4"",66]]","[[""Ending 1"",63],[""Ending 3"",3]]","{""cc:32"":3,""cc:11"":1,""cc:7"":1,""cc:0"":1}",{},"{""n"":0,""nonzero"":0,""positive"":0,""negative"":0,""zero"":0,""max_abs"":0,""summary"":{}}","{""n"":0,""ge90"":0,""summary"":{}}",[],[]
121,71,24,Nylon Gtr Pro2,1,"[[""ACC4"",6]]","[[""Ending 1"",6]]","{""cc:32"":2,""cc:114"":4}",{},"{""n"":0,""nonzero"":0,""positive"":0,""negative"":0,""zero"":0,""max_abs"":0,""summary"":{}}","{""n"":0,""ge90"":0,""summary"":{}}",[],[]
121,3,0,Grand&MovingPad,2,"[[""ACC1"",5]]","[[""Variation 2"",3],[""Fill 1"",1],[""Ending 2"",1]]","{""cc:32"":5}",{},"{""n"":0,""nonzero"":0,""positive"":0,""negative"":0,""zero"":0,""max_abs"":0,""summary"":{}}","{""n"":0,""ge90"":0,""summary"":{}}",[],[]
121,0,50,Analog Strings 2,3,"[[""ACC5"",4],[""ACC4"",1]]","[[""Intro 1"",3],[""Ending 2"",2]]","{""cc:32"":5}",{},"{""n"":0,""nonzero"":0,""positive"":0,""negative"":0,""zero"":0,""max_abs"":0,""summary"":{}}","{""n"":0,""ge90"":0,""summary"":{}}",[],[]
121,32,4,Club E. Piano,1,"[[""ACC1"",29]]","[[""Ending 1"",26],[""Ending 3"",3]]","{""cc:32"":2,""cc:11"":1,""cc:7"":1,""cc:0"":1}",{},"{""n"":0,""nonzero"":0,""positive"":0,""negative"":0,""zero"":0,""max_abs"":0,""summary"":{}}","{""n"":0,""ge90"":0,""summary"":{}}",[],[]
121,20,5,E. Piano 2 GM,2,"[[""ACC1"",5]]","[[""Intro 1"",2],[""Break"",2],[""Ending 1"",1]]","{""cc:32"":5}",{},"{""n"":0,""nonzero"":0,""positive"":0,""negative"":0,""zero"":0,""max_abs"":0,""summary"":{}}","{""n"":0,""ge90"":0,""summary"":{}}",[],[]
121,0,4,Suit E.Piano 1,2,"[[""ACC1"",5]]","[[""Ending 2"",2],[""Intro 1"",1],[""Intro 2"",1],[""Fill 1"",1]]","{""cc:32"":5}",{},"{""n"":0,""nonzero"":0,""positive"":0,""negative"":0,""zero"":0,""max_abs"":0,""summary"":{}}","{""n"":0,""ge90"":0,""summary"":{}}",[],[]
121,9,25,Mandolin Ens. 2,1,"[[""ACC4"",5]]","[[""Variation 3"",3],[""Ending 1"",2]]","{""cc:32"":5}",{},"{""n"":0,""nonzero"":0,""positive"":0,""negative"":0,""zero"":0,""max_abs"":0,""summary"":{}}","{""n"":0,""ge90"":0,""summary"":{}}",[],[]
121,4,16,Drawbars Fast V.,3,"[[""ACC4"",3],[""ACC5"",2]]","[[""Variation 3"",2],[""Fill 1"",2],[""Ending 2"",1]]","{""cc:32"":5}",{},"{""n"":0,""nonzero"":0,""positive"":0,""negative"":0,""zero"":0,""max_abs"":0,""summary"":{}}","{""n"":0,""ge90"":0,""summary"":{}}",[],[]
121,0,33,Finger Bass 3,3,"[[""BASS"",5]]","[[""Ending 1"",2],[""Ending 3"",2],[""Fill 1"",1]]","{""cc:32"":5}",{},"{""n"":0,""nonzero"":0,""positive"":0,""negative"":0,""zero"":0,""max_abs"":0,""summary"":{}}","{""n"":0,""ge90"":0,""summary"":{}}",[],[]
121,49,0,AcousticPiano GM,1,"[[""ACC5"",5]]","[[""Variation 2"",5]]","{""cc:0"":2,""cc:32"":1,""cc:11"":1,""cc:7"":1}",{},"{""n"":0,""nonzero"":0,""positive"":0,""negative"":0,""zero"":0,""max_abs"":0,""summary"":{}}","{""n"":0,""ge90"":0,""summary"":{}}",[],[]
121,5,50,Analog Strings 2,4,"[[""ACC5"",3],[""ACC3"",2]]","[[""Intro 1"",2],[""Variation 3"",2],[""Variation 4"",1]]","{""cc:32"":5}",{},"{""n"":0,""nonzero"":0,""positive"":0,""negative"":0,""zero"":0,""max_abs"":0,""summary"":{}}","{""n"":0,""ge90"":0,""summary"":{}}",[],[]
121,9,2,Grand&FM Stack,2,"[[""ACC1"",5]]","[[""Variation 4"",5]]","{""cc:32"":5}",{},"{""n"":0,""nonzero"":0,""positive"":0,""negative"":0,""zero"":0,""max_abs"":0,""summary"":{}}","{""n"":0,""ge90"":0,""summary"":{}}",[],[]
121,14,27,Clean Gtr Pro2,2,"[[""ACC2"",5]]","[[""Variation 4"",5]]","{""cc:32"":5}",{},"{""n"":0,""nonzero"":0,""positive"":0,""negative"":0,""zero"":0,""max_abs"":0,""summary"":{}}","{""n"":0,""ge90"":0,""summary"":{}}",[],[]
121,5,57,Trombone Expr. 1,1,"[[""ACC4"",5]]","[[""Variation 3"",2],[""Fill 2"",2],[""Ending 1"",1]]","{""cc:32"":5}",{},"{""n"":0,""nonzero"":0,""positive"":0,""negative"":0,""zero"":0,""max_abs"":0,""summary"":{}}","{""n"":0,""ge90"":0,""summary"":{}}",[],[]
121,2,61,Tight Brass 2,2,"[[""ACC2"",5]]","[[""Intro 1"",3],[""Ending 1"",2]]","{""cc:32"":5}",{},"{""n"":0,""nonzero"":0,""positive"":0,""negative"":0,""zero"":0,""max_abs"":0,""summary"":{}}","{""n"":0,""ge90"":0,""summary"":{}}",[],[]
121,22,,,3,"[[""ACC1"",4],[""ACC4"",1]]","[[""Variation 1"",4],[""Variation 2"",1]]","{""cc:32"":5}",{},"{""n"":0,""nonzero"":0,""positive"":0,""negative"":0,""zero"":0,""max_abs"":0,""summary"":{}}","{""n"":0,""ge90"":0,""summary"":{}}",[],[]
121,3,32,Acoustic Bass GM,2,"[[""BASS"",5]]","[[""Ending 1"",2],[""Fill 1"",1],[""Fill 2"",1],[""Ending 3"",1]]","{""cc:32"":5}",{},"{""n"":0,""nonzero"":0,""positive"":0,""negative"":0,""zero"":0,""max_abs"":0,""summary"":{}}","{""n"":0,""ge90"":0,""summary"":{}}",[],[]
121,5,0,Grand Piano,2,"[[""ACC1"",5]]","[[""Ending 1"",3],[""Intro 1"",1],[""Intro 2"",1]]","{""cc:32"":5}",{},"{""n"":0,""nonzero"":0,""positive"":0,""negative"":0,""zero"":0,""max_abs"":0,""summary"":{}}","{""n"":0,""ge90"":0,""summary"":{}}",[],[]
121,1,96,Motion Ocean,1,"[[""ACC5"",37]]","[[""Variation 1"",32],[""Variation 4"",3],[""Variation 2"",1],[""Variation 3"",1]]","{""cc:22"":2,""cc:11"":1,""cc:7"":1,""cc:0"":1}",{},"{""n"":0,""nonzero"":0,""positive"":0,""negative"":0,""zero"":0,""max_abs"":0,""summary"":{}}","{""n"":0,""ge90"":0,""summary"":{}}",[],[]
121,7,34,Stein Bass,1,"[[""BASS"",5]]","[[""Intro 1"",2],[""Ending 2"",2],[""Break"",1]]","{""cc:32"":5}",{},"{""n"":0,""nonzero"":0,""positive"":0,""negative"":0,""zero"":0,""max_abs"":0,""summary"":{}}","{""n"":0,""ge90"":0,""summary"":{}}",[],[]
121,10,4,Tine E.Piano,2,"[[""ACC2"",4],[""ACC1"",1]]","[[""Intro 1"",2],[""Break"",1],[""Ending 1"",1],[""Ending 3"",1]]","{""cc:32"":5}",{},"{""n"":0,""nonzero"":0,""positive"":0,""negative"":0,""zero"":0,""max_abs"":0,""summary"":{}}","{""n"":0,""ge90"":0,""summary"":{}}",[],[]
121,32,21,Sweet Musette,1,"[[""ACC4"",59]]","[[""Ending 1"",56],[""Ending 3"",3]]","{""cc:32"":2,""cc:11"":1,""cc:7"":1,""cc:0"":1}",{},"{""n"":0,""nonzero"":0,""positive"":0,""negative"":0,""zero"":0,""max_abs"":0,""summary"":{}}","{""n"":0,""ge90"":0,""summary"":{}}",[],[]
121,3,24,Nylon Gtr Pro1,2,"[[""ACC2"",4],[""ACC1"",1]]","[[""Ending 1"",3],[""Variation 1"",2]]","{""cc:32"":5}",{},"{""n"":0,""nonzero"":0,""positive"":0,""negative"":0,""zero"":0,""max_abs"":0,""summary"":{}}","{""n"":0,""ge90"":0,""summary"":{}}",[],[]
121,32,18,BX3 Rock 3 V.,1,"[[""ACC4"",167]]","[[""Ending 1"",164],[""Ending 3"",3]]","{""cc:32"":2,""cc:11"":1,""cc:7"":1,""cc:0"":1}",{},"{""n"":0,""nonzero"":0,""positive"":0,""negative"":0,""zero"":0,""max_abs"":0,""summary"":{}}","{""n"":0,""ge90"":0,""summary"":{}}",[],[]
121,13,0,AcousticPiano GM,1,"[[""ACC3"",5]]","[[""Variation 2"",3],[""Fill 2"",2]]","{""cc:32"":5}",{},"{""n"":0,""nonzero"":0,""positive"":0,""negative"":0,""zero"":0,""max_abs"":0,""summary"":{}}","{""n"":0,""ge90"":0,""summary"":{}}",[],[]
121,51,27,Clean Gtr Pro1,1,"[[""ACC3"",5]]","[[""Fill 1"",3],[""Intro 1"",2]]","{""cc:32"":1,""cc:22"":1,""cc:11"":1,""cc:7"":1,""cc:0"":1}",{},"{""n"":0,""nonzero"":0,""positive"":0,""negative"":0,""zero"":0,""max_abs"":0,""summary"":{}}","{""n"":0,""ge90"":0,""summary"":{}}",[],[]
121,1,26,Club Jazz Gtr 1,1,"[[""ACC1"",5]]","[[""Variation 3"",3],[""Fill 2"",2]]","{""cc:32"":5}",{},"{""n"":0,""nonzero"":0,""positive"":0,""negative"":0,""zero"":0,""max_abs"":0,""summary"":{}}","{""n"":0,""ge90"":0,""summary"":{}}",[],[]
121,2,26,Club Jazz Gtr 2,2,"[[""ACC1"",4],[""ACC5"",1]]","[[""Fill 1"",2],[""Ending 2"",1],[""Ending 3"",1],[""Ending 1"",1]]","{""cc:32"":5}",{},"{""n"":0,""nonzero"":0,""positive"":0,""negative"":0,""zero"":0,""max_abs"":0,""summary"":{}}","{""n"":0,""ge90"":0,""summary"":{}}",[],[]
121,0,11,Vibrap. Wide,1,"[[""ACC2"",5]]","[[""Variation 3"",3],[""Break"",1],[""Ending 1"",1]]","{""cc:32"":5}",{},"{""n"":0,""nonzero"":0,""positive"":0,""negative"":0,""zero"":0,""max_abs"":0,""summary"":{}}","{""n"":0,""ge90"":0,""summary"":{}}",[],[]
121,20,0,Grand Piano,1,"[[""ACC1"",5]]","[[""Intro 2"",2],[""Ending 2"",2],[""Break"",1]]","{""cc:32"":5}",{},"{""n"":0,""nonzero"":0,""positive"":0,""negative"":0,""zero"":0,""max_abs"":0,""summary"":{}}","{""n"":0,""ge90"":0,""summary"":{}}",[],[]
121,3,66,Tenor Breath,1,"[[""ACC4"",73]]","[[""Ending 1"",68],[""Ending 2"",4],[""Ending 3"",1]]","{""cc:11"":1,""cc:7"":1,""cc:0"":1,""cc:22"":2}",{},"{""n"":0,""nonzero"":0,""positive"":0,""negative"":0,""zero"":0,""max_abs"":0,""summary"":{}}","{""n"":0,""ge90"":0,""summary"":{}}",[],[]
121,32,25,Steel Guitar 3,1,"[[""ACC2"",47]]","[[""Ending 1"",44],[""Ending 3"",3]]","{""cc:32"":2,""cc:11"":1,""cc:7"":1,""cc:0"":1}",{},"{""n"":0,""nonzero"":0,""positive"":0,""negative"":0,""zero"":0,""max_abs"":0,""summary"":{}}","{""n"":0,""ge90"":0,""summary"":{}}",[],[]
121,1,28,Funk Stein RX1,2,"[[""ACC4"",5]]","[[""Intro 1"",3],[""Ending 1"",2]]","{""cc:32"":5}",{},"{""n"":0,""nonzero"":0,""positive"":0,""negative"":0,""zero"":0,""max_abs"":0,""summary"":{}}","{""n"":0,""ge90"":0,""summary"":{}}",[],[]
121,4,52,Ooh Voices,1,"[[""ACC3"",5]]","[[""Variation 4"",4],[""Fill 2"",1]]","{""cc:32"":5}",{},"{""n"":0,""nonzero"":0,""positive"":0,""negative"":0,""zero"":0,""max_abs"":0,""summary"":{}}","{""n"":0,""ge90"":0,""summary"":{}}",[],[]
121,7,61,Sforzato Brass,1,"[[""ACC4"",3],[""ACC5"",1]]","[[""Ending 1"",2],[""Variation 4"",1],[""Variation 3"",1]]","{""cc:32"":4}",{},"{""n"":0,""nonzero"":0,""positive"":0,""negative"":0,""zero"":0,""max_abs"":0,""summary"":{}}","{""n"":0,""ge90"":0,""summary"":{}}",[],[]
121,3,1,Piano Pad 2,1,"[[""ACC1"",30]]","[[""Ending 3"",18],[""Fill 2"",8],[""Break"",4]]","{""cc:11"":1,""cc:7"":1,""cc:0"":1,""cc:32"":1}",{},"{""n"":0,""nonzero"":0,""positive"":0,""negative"":0,""zero"":0,""max_abs"":0,""summary"":{}}","{""n"":0,""ge90"":0,""summary"":{}}",[],[]
121,1,20,Pipe Flute 1,1,"[[""ACC5"",4]]","[[""Fill 2"",2],[""Ending 1"",2]]","{""cc:32"":4}",{},"{""n"":0,""nonzero"":0,""positive"":0,""negative"":0,""zero"":0,""max_abs"":0,""summary"":{}}","{""n"":0,""ge90"":0,""summary"":{}}",[],[]
121,4,4,Suit E.Piano 2,1,"[[""ACC1"",4]]","[[""Variation 3"",3],[""Ending 3"",1]]","{""cc:32"":4}",{},"{""n"":0,""nonzero"":0,""positive"":0,""negative"":0,""zero"":0,""max_abs"":0,""summary"":{}}","{""n"":0,""ge90"":0,""summary"":{}}",[],[]
121,10,17,Det. Perc. Organ,1,"[[""ACC2"",4]]","[[""Variation 4"",4]]","{""cc:32"":4}",{},"{""n"":0,""nonzero"":0,""positive"":0,""negative"":0,""zero"":0,""max_abs"":0,""summary"":{}}","{""n"":0,""ge90"":0,""summary"":{}}",[],[]
121,18,4,EP1 Veloc.sw,1,"[[""ACC1"",4]]","[[""Ending 1"",2],[""Fill 1"",1],[""Ending 3"",1]]","{""cc:32"":4}",{},"{""n"":0,""nonzero"":0,""positive"":0,""negative"":0,""zero"":0,""max_abs"":0,""summary"":{}}","{""n"":0,""ge90"":0,""summary"":{}}",[],[]
121,26,,,2,"[[""ACC5"",2],[""ACC3"",2]]","[[""Variation 1"",2],[""Intro 1"",2]]","{""cc:32"":4}",{},"{""n"":0,""nonzero"":0,""positive"":0,""negative"":0,""zero"":0,""max_abs"":0,""summary"":{}}","{""n"":0,""ge90"":0,""summary"":{}}",[],[]
121,2,50,Analog Strings 1,2,"[[""ACC4"",3],[""ACC5"",1]]","[[""Fill 2"",2],[""Intro 1"",1],[""Variation 4"",1]]","{""cc:32"":4}",{},"{""n"":0,""nonzero"":0,""positive"":0,""negative"":0,""zero"":0,""max_abs"":0,""summary"":{}}","{""n"":0,""ge90"":0,""summary"":{}}",[],[]
121,2,17,Organ Low Pc. V.,2,"[[""ACC2"",3],[""ACC4"",1]]","[[""Variation 4"",3],[""Break"",1]]","{""cc:32"":4}",{},"{""n"":0,""nonzero"":0,""positive"":0,""negative"":0,""zero"":0,""max_abs"":0,""summary"":{}}","{""n"":0,""ge90"":0,""summary"":{}}",[],[]
121,0,49,Strings Ens.2 GM,1,"[[""ACC5"",8]]","[[""Ending 3"",6],[""Ending 2"",2]]","{""cc:11"":1,""cc:7"":1,""cc:0"":1,""cc:32"":1}",{},"{""n"":0,""nonzero"":0,""positive"":0,""negative"":0,""zero"":0,""max_abs"":0,""summary"":{}}","{""n"":0,""ge90"":0,""summary"":{}}",[],[]
120,0,47,Timpani GM,1,"[[""DRUM"",4]]","[[""Intro 2"",2],[""Ending 1"",2]]","{""cc:0"":2,""cc:32"":2}",{},"{""n"":0,""nonzero"":0,""positive"":0,""negative"":0,""zero"":0,""max_abs"":0,""summary"":{}}","{""n"":0,""ge90"":0,""summary"":{}}",[],[]
121,21,56,Trumpet Overb.,1,"[[""ACC3"",4]]","[[""Intro 1"",2],[""Ending 1"",2]]","{""cc:32"":4}",{},"{""n"":0,""nonzero"":0,""positive"":0,""negative"":0,""zero"":0,""max_abs"":0,""summary"":{}}","{""n"":0,""ge90"":0,""summary"":{}}",[],[]
121,0,59,Mute Ensemble 1,3,"[[""ACC2"",3],[""ACC3"",1]]","[[""Intro 1"",3],[""Fill 2"",1]]","{""cc:32"":4}",{},"{""n"":0,""nonzero"":0,""positive"":0,""negative"":0,""zero"":0,""max_abs"":0,""summary"":{}}","{""n"":0,""ge90"":0,""summary"":{}}",[],[]
121,33,,,2,"[[""ACC1"",2],[""ACC3"",2]]","[[""Variation 1"",2],[""Variation 3"",2]]","{""cc:32"":4}",{},"{""n"":0,""nonzero"":0,""positive"":0,""negative"":0,""zero"":0,""max_abs"":0,""summary"":{}}","{""n"":0,""ge90"":0,""summary"":{}}",[],[]
121,10,61,Trombones,1,"[[""ACC2"",2],[""ACC4"",2]]","[[""Ending 2"",2],[""Ending 1"",2]]","{""cc:32"":4}",{},"{""n"":0,""nonzero"":0,""positive"":0,""negative"":0,""zero"":0,""max_abs"":0,""summary"":{}}","{""n"":0,""ge90"":0,""summary"":{}}",[],[]
121,18,17,Organ Low Pc. V.,2,"[[""ACC5"",3],[""ACC4"",1]]","[[""Variation 4"",3],[""Ending 3"",1]]","{""cc:32"":4}",{},"{""n"":0,""nonzero"":0,""positive"":0,""negative"":0,""zero"":0,""max_abs"":0,""summary"":{}}","{""n"":0,""ge90"":0,""summary"":{}}",[],[]
121,7,0,Grand&MovingPad,2,"[[""ACC1"",4]]","[[""Intro 1"",4]]","{""cc:32"":4}",{},"{""n"":0,""nonzero"":0,""positive"":0,""negative"":0,""zero"":0,""max_abs"":0,""summary"":{}}","{""n"":0,""ge90"":0,""summary"":{}}",[],[]
121,15,27,Single Coil Pro,2,"[[""ACC2"",4]]","[[""Intro 1"",4]]","{""cc:32"":4}",{},"{""n"":0,""nonzero"":0,""positive"":0,""negative"":0,""zero"":0,""max_abs"":0,""summary"":{}}","{""n"":0,""ge90"":0,""summary"":{}}",[],[]
121,6,59,Mute Ensemble 1,2,"[[""ACC4"",2],[""ACC1"",2]]","[[""Variation 2"",2],[""Ending 3"",1],[""Ending 2"",1]]","{""cc:32"":4}",{},"{""n"":0,""nonzero"":0,""positive"":0,""negative"":0,""zero"":0,""max_abs"":0,""summary"":{}}","{""n"":0,""ge90"":0,""summary"":{}}",[],[]
121,6,65,Sweet Alto Sax 1,1,"[[""ACC4"",4]]","[[""Intro 1"",2],[""Break"",1],[""Ending 3"",1]]","{""cc:32"":4}",{},"{""n"":0,""nonzero"":0,""positive"":0,""negative"":0,""zero"":0,""max_abs"":0,""summary"":{}}","{""n"":0,""ge90"":0,""summary"":{}}",[],[]
120,0,35,Jazz Kit RX2,1,"[[""DRUM"",110]]","[[""Ending 1"",106],[""Ending 3"",4]]","{""cc:11"":1,""cc:7"":1,""cc:0"":1,""cc:32"":1}",{},"{""n"":0,""nonzero"":0,""positive"":0,""negative"":0,""zero"":0,""max_abs"":0,""summary"":{}}","{""n"":0,""ge90"":0,""summary"":{}}",[],[]
121,18,4,Suit E.Piano 2,2,"[[""ACC1"",4]]","[[""Ending 1"",2],[""Variation 3"",1],[""Fill 2"",1]]","{""cc:32"":4}",{},"{""n"":0,""nonzero"":0,""positive"":0,""negative"":0,""zero"":0,""max_abs"":0,""summary"":{}}","{""n"":0,""ge90"":0,""summary"":{}}",[],[]
121,0,7,Clav RX,1,"[[""ACC2"",4]]","[[""Intro 1"",2],[""Ending 1"",2]]","{""cc:32"":4}",{},"{""n"":0,""nonzero"":0,""positive"":0,""negative"":0,""zero"":0,""max_abs"":0,""summary"":{}}","{""n"":0,""ge90"":0,""summary"":{}}",[],[]
121,3,28,R&R Guitar,1,"[[""ACC3"",4]]","[[""Intro 1"",2],[""Ending 1"",2]]","{""cc:32"":4}",{},"{""n"":0,""nonzero"":0,""positive"":0,""negative"":0,""zero"":0,""max_abs"":0,""summary"":{}}","{""n"":0,""ge90"":0,""summary"":{}}",[],[]
121,7,89,Analog Pad 1,1,"[[""ACC5"",4]]","[[""Intro 1"",2],[""Ending 1"",2]]","{""cc:32"":4}",{},"{""n"":0,""nonzero"":0,""positive"":0,""negative"":0,""zero"":0,""max_abs"":0,""summary"":{}}","{""n"":0,""ge90"":0,""summary"":{}}",[],[]
121,29,61,Tight Brass 3,2,"[[""ACC2"",4]]","[[""Variation 4"",4]]","{""cc:32"":4}",{},"{""n"":0,""nonzero"":0,""positive"":0,""negative"":0,""zero"":0,""max_abs"":0,""summary"":{}}","{""n"":0,""ge90"":0,""summary"":{}}",[],[]
121,6,59,Wah Trumpet,2,"[[""ACC3"",4]]","[[""Variation 3"",4]]","{""cc:32"":4}",{},"{""n"":0,""nonzero"":0,""positive"":0,""negative"":0,""zero"":0,""max_abs"":0,""summary"":{}}","{""n"":0,""ge90"":0,""summary"":{}}",[],[]
121,1,52,Ooh Voices,2,"[[""ACC4"",4]]","[[""Variation 3"",4]]","{""cc:32"":4}",{},"{""n"":0,""nonzero"":0,""positive"":0,""negative"":0,""zero"":0,""max_abs"":0,""summary"":{}}","{""n"":0,""ge90"":0,""summary"":{}}",[],[]
121,5,52,Choir Aahs 2,2,"[[""ACC4"",4]]","[[""Variation 4"",4]]","{""cc:32"":4}",{},"{""n"":0,""nonzero"":0,""positive"":0,""negative"":0,""zero"":0,""max_abs"":0,""summary"":{}}","{""n"":0,""ge90"":0,""summary"":{}}",[],[]
121,0,32,Acous. Bass Pro1,2,"[[""BASS"",4]]","[[""Ending 2"",2],[""Intro 1"",1],[""Break"",1]]","{""cc:32"":4}",{},"{""n"":0,""nonzero"":0,""positive"":0,""negative"":0,""zero"":0,""max_abs"":0,""summary"":{}}","{""n"":0,""ge90"":0,""summary"":{}}",[],[]
121,5,34,Stein Bass,2,"[[""BASS"",4]]","[[""Intro 1"",4]]","{""cc:32"":4}",{},"{""n"":0,""nonzero"":0,""positive"":0,""negative"":0,""zero"":0,""max_abs"":0,""summary"":{}}","{""n"":0,""ge90"":0,""summary"":{}}",[],[]
121,6,27,Clean Gtr Pro1,2,"[[""ACC1"",4]]","[[""Intro 1"",4]]","{""cc:32"":4}",{},"{""n"":0,""nonzero"":0,""positive"":0,""negative"":0,""zero"":0,""max_abs"":0,""summary"":{}}","{""n"":0,""ge90"":0,""summary"":{}}",[],[]
121,6,28,Clean Funk RX1,2,"[[""ACC1"",4]]","[[""Ending 1"",4]]","{""cc:32"":4}",{},"{""n"":0,""nonzero"":0,""positive"":0,""negative"":0,""zero"":0,""max_abs"":0,""summary"":{}}","{""n"":0,""ge90"":0,""summary"":{}}",[],[]
121,80,5,EP Phase,1,"[[""ACC1"",4]]","[[""Ending 1"",2],[""Ending 2"",2]]","{""cc:32"":2,""cc:97"":2}",{},"{""n"":0,""nonzero"":0,""positive"":0,""negative"":0,""zero"":0,""max_abs"":0,""summary"":{}}","{""n"":0,""ge90"":0,""summary"":{}}",[],[]
121,32,27,Real El.Gtr ST2,1,"[[""ACC4"",174]]","[[""Ending 1"",171],[""Ending 3"",3]]","{""cc:32"":1,""cc:11"":1,""cc:7"":1,""cc:0"":1}",{},"{""n"":0,""nonzero"":0,""positive"":0,""negative"":0,""zero"":0,""max_abs"":0,""summary"":{}}","{""n"":0,""ge90"":0,""summary"":{}}",[],[]
121,3,46,Harp GM,1,"[[""ACC1"",4]]","[[""Intro 2"",2],[""Ending 2"",2]]","{""cc:32"":4}",{},"{""n"":0,""nonzero"":0,""positive"":0,""negative"":0,""zero"":0,""max_abs"":0,""summary"":{}}","{""n"":0,""ge90"":0,""summary"":{}}",[],[]
121,27,61,Double Brass,1,"[[""ACC2"",4]]","[[""Intro 1"",2],[""Ending 1"",2]]","{""cc:32"":4}",{},"{""n"":0,""nonzero"":0,""positive"":0,""negative"":0,""zero"":0,""max_abs"":0,""summary"":{}}","{""n"":0,""ge90"":0,""summary"":{}}",[],[]
121,29,61,Tight Brass 1,2,"[[""ACC2"",3],[""ACC3"",1]]","[[""Intro 2"",2],[""Ending 2"",1],[""Fill 2"",1]]","{""cc:32"":4}",{},"{""n"":0,""nonzero"":0,""positive"":0,""negative"":0,""zero"":0,""max_abs"":0,""summary"":{}}","{""n"":0,""ge90"":0,""summary"":{}}",[],[]
121,5,49,Full Strings,2,"[[""ACC4"",4]]","[[""Ending 1"",2],[""Intro 1"",1],[""Variation 3"",1]]","{""cc:32"":4}",{},"{""n"":0,""nonzero"":0,""positive"":0,""negative"":0,""zero"":0,""max_abs"":0,""summary"":{}}","{""n"":0,""ge90"":0,""summary"":{}}",[],[]
121,51,61,Tight Brass 3,2,"[[""ACC3"",4]]","[[""Ending 1"",4]]","{""cc:32"":4}",{},"{""n"":0,""nonzero"":0,""positive"":0,""negative"":0,""zero"":0,""max_abs"":0,""summary"":{}}","{""n"":0,""ge90"":0,""summary"":{}}",[],[]
121,15,27,Stra. Vel. Pro,2,"[[""ACC3"",4]]","[[""Fill 1"",2],[""Break"",1],[""Ending 2"",1]]","{""cc:32"":4}",{},"{""n"":0,""nonzero"":0,""positive"":0,""negative"":0,""zero"":0,""max_abs"":0,""summary"":{}}","{""n"":0,""ge90"":0,""summary"":{}}",[],[]
121,71,30,Dist. Guitar RX2,1,"[[""ACC4"",4]]","[[""Ending 1"",4]]","{""cc:32"":1,""cc:105"":1,""cc:114"":1,""cc:88"":1}",{},"{""n"":0,""nonzero"":0,""positive"":0,""negative"":0,""zero"":0,""max_abs"":0,""summary"":{}}","{""n"":0,""ge90"":0,""summary"":{}}",[],[]
121,32,30,Dist. Guitar RX2,1,"[[""ACC4"",46]]","[[""Ending 1"",43],[""Ending 3"",3]]","{""cc:32"":1,""cc:11"":1,""cc:7"":1,""cc:0"":1}",{},"{""n"":0,""nonzero"":0,""positive"":0,""negative"":0,""zero"":0,""max_abs"":0,""summary"":{}}","{""n"":0,""ge90"":0,""summary"":{}}",[],[]
121,8,67,Baritone Sax Pro,1,"[[""ACC3"",4]]","[[""Variation 2"",2],[""Fill 2"",2]]","{""cc:32"":4}",{},"{""n"":0,""nonzero"":0,""positive"":0,""negative"":0,""zero"":0,""max_abs"":0,""summary"":{}}","{""n"":0,""ge90"":0,""summary"":{}}",[],[]
121,3,65,Alto Sax Pro,1,"[[""ACC3"",4]]","[[""Intro 2"",2],[""Ending 2"",2]]","{""cc:32"":4}",{},"{""n"":0,""nonzero"":0,""positive"":0,""negative"":0,""zero"":0,""max_abs"":0,""summary"":{}}","{""n"":0,""ge90"":0,""summary"":{}}",[],[]
121,11,49,Full Strings,1,"[[""ACC4"",4]]","[[""Variation 3"",2],[""Fill 2"",2]]","{""cc:32"":4}",{},"{""n"":0,""nonzero"":0,""positive"":0,""negative"":0,""zero"":0,""max_abs"":0,""summary"":{}}","{""n"":0,""ge90"":0,""summary"":{}}",[],[]
121,2,48,Ensemble & Solo,1,"[[""ACC4"",4]]","[[""Intro 2"",2],[""Ending 2"",2]]","{""cc:32"":4}",{},"{""n"":0,""nonzero"":0,""positive"":0,""negative"":0,""zero"":0,""max_abs"":0,""summary"":{}}","{""n"":0,""ge90"":0,""summary"":{}}",[],[]
121,28,59,Mute Ensemble 1,1,"[[""ACC5"",4]]","[[""Variation 4"",2],[""Break"",2]]","{""cc:32"":4}",{},"{""n"":0,""nonzero"":0,""positive"":0,""negative"":0,""zero"":0,""max_abs"":0,""summary"":{}}","{""n"":0,""ge90"":0,""summary"":{}}",[],[]
121,4,61,Tight Brass Pro,1,"[[""ACC5"",4]]","[[""Intro 2"",2],[""Ending 2"",2]]","{""cc:32"":4}",{},"{""n"":0,""nonzero"":0,""positive"":0,""negative"":0,""zero"":0,""max_abs"":0,""summary"":{}}","{""n"":0,""ge90"":0,""summary"":{}}",[],[]
121,0,16,Gospel Organ V.,2,"[[""ACC3"",2],[""ACC2"",2]]","[[""Fill 1"",2],[""Intro 1"",2]]","{""cc:32"":4}",{},"{""n"":0,""nonzero"":0,""positive"":0,""negative"":0,""zero"":0,""max_abs"":0,""summary"":{}}","{""n"":0,""ge90"":0,""summary"":{}}",[],[]
121,13,18,Jimmy Organ V.,1,"[[""ACC3"",4]]","[[""Variation 4"",2],[""Fill 2"",2]]","{""cc:32"":4}",{},"{""n"":0,""nonzero"":0,""positive"":0,""negative"":0,""zero"":0,""max_abs"":0,""summary"":{}}","{""n"":0,""ge90"":0,""summary"":{}}",[],[]
121,10,16,Gospel Organ V.,2,"[[""ACC3"",2],[""ACC4"",2]]","[[""Fill 1"",2],[""Intro 1"",1],[""Ending 1"",1]]","{""cc:32"":4}",{},"{""n"":0,""nonzero"":0,""positive"":0,""negative"":0,""zero"":0,""max_abs"":0,""summary"":{}}","{""n"":0,""ge90"":0,""summary"":{}}",[],[]
121,13,16,BX3 Jazz V.,2,"[[""ACC3"",4]]","[[""Ending 2"",2],[""Intro 2"",1],[""Fill 1"",1]]","{""cc:32"":4}",{},"{""n"":0,""nonzero"":0,""positive"":0,""negative"":0,""zero"":0,""max_abs"":0,""summary"":{}}","{""n"":0,""ge90"":0,""summary"":{}}",[],[]
121,3,36,SlapPick Bass RX,1,"[[""BASS"",4]]","[[""Fill 1"",2],[""Ending 3"",2]]","{""cc:32"":4}",{},"{""n"":0,""nonzero"":0,""positive"":0,""negative"":0,""zero"":0,""max_abs"":0,""summary"":{}}","{""n"":0,""ge90"":0,""summary"":{}}",[],[]
121,1,27,Stra. Vel. Pro,1,"[[""ACC2"",4]]","[[""Intro 1"",2],[""Ending 1"",2]]","{""cc:32"":4}",{},"{""n"":0,""nonzero"":0,""positive"":0,""negative"":0,""zero"":0,""max_abs"":0,""summary"":{}}","{""n"":0,""ge90"":0,""summary"":{}}",[],[]
121,16,88,Virtual Traveler,1,"[[""ACC2"",4]]","[[""Intro 2"",1],[""Ending 2"",1],[""Fill 1"",1],[""Ending 3"",1]]","{""cc:32"":4}",{},"{""n"":0,""nonzero"":0,""positive"":0,""negative"":0,""zero"":0,""max_abs"":0,""summary"":{}}","{""n"":0,""ge90"":0,""summary"":{}}",[],[]
121,20,28,Clean Guitar RX4,1,"[[""ACC3"",4]]","[[""Intro 1"",2],[""Ending 1"",2]]","{""cc:32"":4}",{},"{""n"":0,""nonzero"":0,""positive"":0,""negative"":0,""zero"":0,""max_abs"":0,""summary"":{}}","{""n"":0,""ge90"":0,""summary"":{}}",[],[]
121,17,27,Clean Guitar 2,1,"[[""ACC3"",4]]","[[""Ending 3"",2],[""Intro 2"",1],[""Fill 1"",1]]","{""cc:32"":4}",{},"{""n"":0,""nonzero"":0,""positive"":0,""negative"":0,""zero"":0,""max_abs"":0,""summary"":{}}","{""n"":0,""ge90"":0,""summary"":{}}",[],[]
121,3,50,Analog Strings 2,1,"[[""ACC3"",4]]","[[""Intro 1"",2],[""Break"",1],[""Ending 3"",1]]","{""cc:32"":4}",{},"{""n"":0,""nonzero"":0,""positive"":0,""negative"":0,""zero"":0,""max_abs"":0,""summary"":{}}","{""n"":0,""ge90"":0,""summary"":{}}",[],[]
121,3,71,Jazz Clarinet,1,"[[""ACC1"",4]]","[[""Intro 1"",2],[""Ending 1"",2]]","{""cc:32"":4}",{},"{""n"":0,""nonzero"":0,""positive"":0,""negative"":0,""zero"":0,""max_abs"":0,""summary"":{}}","{""n"":0,""ge90"":0,""summary"":{}}",[],[]
121,21,16,BX3 Gospel V.,1,"[[""ACC1"",36]]","[[""Intro 2"",32],[""Fill 1"",3],[""Intro 3"",1]]","{""cc:22"":1,""cc:11"":1,""cc:7"":1,""cc:0"":1}",{},"{""n"":0,""nonzero"":0,""positive"":0,""negative"":0,""zero"":0,""max_abs"":0,""summary"":{}}","{""n"":0,""ge90"":0,""summary"":{}}",[],[]
121,0,48,Arco Strings,1,"[[""ACC1"",4]]","[[""Fill 2"",2],[""Ending 3"",2]]","{""cc:32"":4}",{},"{""n"":0,""nonzero"":0,""positive"":0,""negative"":0,""zero"":0,""max_abs"":0,""summary"":{}}","{""n"":0,""ge90"":0,""summary"":{}}",[],[]
121,0,59,Mute Ensemble 2,1,"[[""ACC3"",4]]","[[""Intro 2"",2],[""Ending 2"",2]]","{""cc:32"":4}",{},"{""n"":0,""nonzero"":0,""positive"":0,""negative"":0,""zero"":0,""max_abs"":0,""summary"":{}}","{""n"":0,""ge90"":0,""summary"":{}}",[],[]
121,4,18,BX3 Rock 3 V.,2,"[[""ACC5"",4]]","[[""Break"",2],[""Ending 3"",2]]","{""cc:32"":4}",{},"{""n"":0,""nonzero"":0,""positive"":0,""negative"":0,""zero"":0,""max_abs"":0,""summary"":{}}","{""n"":0,""ge90"":0,""summary"":{}}",[],[]
121,32,4,Detuned EP 1,1,"[[""ACC1"",22]]","[[""Ending 2"",22]]","{""cc:32"":2,""cc:64"":2}","{""64"":{""n"":2,""ge64"":0,""zero"":2,""max"":0}}","{""n"":0,""nonzero"":0,""positive"":0,""negative"":0,""zero"":0,""max_abs"":0,""summary"":{}}","{""n"":0,""ge90"":0,""summary"":{}}",[],[]
121,10,25,Steel Guitar RX1,1,"[[""ACC2"",4]]","[[""Intro 1"",2],[""Ending 1"",2]]","{""cc:32"":4}",{},"{""n"":0,""nonzero"":0,""positive"":0,""negative"":0,""zero"":0,""max_abs"":0,""summary"":{}}","{""n"":0,""ge90"":0,""summary"":{}}",[],[]
121,16,25,Steel Guitar RX1,1,"[[""ACC3"",4]]","[[""Intro 1"",2],[""Ending 1"",2]]","{""cc:32"":4}",{},"{""n"":0,""nonzero"":0,""positive"":0,""negative"":0,""zero"":0,""max_abs"":0,""summary"":{}}","{""n"":0,""ge90"":0,""summary"":{}}",[],[]
121,29,25,Real Steel Gtr,2,"[[""ACC2"",4]]","[[""Variation 2"",2],[""Fill 1"",2]]","{""cc:32"":4}",{},"{""n"":0,""nonzero"":0,""positive"":0,""negative"":0,""zero"":0,""max_abs"":0,""summary"":{}}","{""n"":0,""ge90"":0,""summary"":{}}",[],[]
121,12,22,Sweet Harmonica,2,"[[""ACC4"",4]]","[[""Fill 1"",2],[""Ending 2"",2]]","{""cc:32"":4}",{},"{""n"":0,""nonzero"":0,""positive"":0,""negative"":0,""zero"":0,""max_abs"":0,""summary"":{}}","{""n"":0,""ge90"":0,""summary"":{}}",[],[]
121,5,48,Legato Strings,1,"[[""ACC1"",4]]","[[""Ending 1"",2],[""Variation 4"",1],[""Intro 3"",1]]","{""cc:32"":4}",{},"{""n"":0,""nonzero"":0,""positive"":0,""negative"":0,""zero"":0,""max_abs"":0,""summary"":{}}","{""n"":0,""ge90"":0,""summary"":{}}",[],[]
121,0,34,Stein Bass,1,"[[""BASS"",4]]","[[""Intro 1"",2],[""Break"",2]]","{""cc:32"":4}",{},"{""n"":0,""nonzero"":0,""positive"":0,""negative"":0,""zero"":0,""max_abs"":0,""summary"":{}}","{""n"":0,""ge90"":0,""summary"":{}}",[],[]
121,3,33,Finger Bass GM,1,"[[""BASS"",4]]","[[""Fill 1"",2],[""Ending 1"",2]]","{""cc:32"":4}",{},"{""n"":0,""nonzero"":0,""positive"":0,""negative"":0,""zero"":0,""max_abs"":0,""summary"":{}}","{""n"":0,""ge90"":0,""summary"":{}}",[],[]
121,5,97,Noble Pad,1,"[[""ACC5"",16]]","[[""Variation 4"",6],[""Ending 2"",6],[""Intro 1"",3],[""Ending 3"",1]]","{""cc:11"":1,""cc:7"":1,""cc:0"":1,""cc:22"":1}",{},"{""n"":0,""nonzero"":0,""positive"":0,""negative"":0,""zero"":0,""max_abs"":0,""summary"":{}}","{""n"":0,""ge90"":0,""summary"":{}}",[],[]
121,2,33,Finger Bass 2,1,"[[""BASS"",4]]","[[""Variation 2"",2],[""Fill 1"",1],[""Break"",1]]","{""cc:32"":4}",{},"{""n"":0,""nonzero"":0,""positive"":0,""negative"":0,""zero"":0,""max_abs"":0,""summary"":{}}","{""n"":0,""ge90"":0,""summary"":{}}",[],[]
121,1,33,Finger Bass GM,1,"[[""BASS"",3]]","[[""Variation 2"",3]]","{""cc:32"":3}",{},"{""n"":0,""nonzero"":0,""positive"":0,""negative"":0,""zero"":0,""max_abs"":0,""summary"":{}}","{""n"":0,""ge90"":0,""summary"":{}}",[],[]
121,3,34,Picked E.Bass 2,1,"[[""BASS"",3]]","[[""Variation 4"",3]]","{""cc:32"":3}",{},"{""n"":0,""nonzero"":0,""positive"":0,""negative"":0,""zero"":0,""max_abs"":0,""summary"":{}}","{""n"":0,""ge90"":0,""summary"":{}}",[],[]
121,4,1,Piano Pad 1,1,"[[""ACC1"",3]]","[[""Fill 1"",2],[""Break"",1]]","{""cc:32"":3}",{},"{""n"":0,""nonzero"":0,""positive"":0,""negative"":0,""zero"":0,""max_abs"":0,""summary"":{}}","{""n"":0,""ge90"":0,""summary"":{}}",[],[]
121,2,1,Piano & Pad,1,"[[""ACC1"",3]]","[[""Fill 2"",2],[""Ending 1"",1]]","{""cc:32"":3}",{},"{""n"":0,""nonzero"":0,""positive"":0,""negative"":0,""zero"":0,""max_abs"":0,""summary"":{}}","{""n"":0,""ge90"":0,""summary"":{}}",[],[]
121,8,28,5th Mute Gtr,1,"[[""ACC2"",3]]","[[""Variation 2"",3]]","{""cc:32"":3}",{},"{""n"":0,""nonzero"":0,""positive"":0,""negative"":0,""zero"":0,""max_abs"":0,""summary"":{}}","{""n"":0,""ge90"":0,""summary"":{}}",[],[]
121,4,50,Analog Strings 2,2,"[[""ACC3"",1],[""ACC4"",1],[""ACC5"",1]]","[[""Variation 2"",1],[""Fill 2"",1],[""Ending 1"",1]]","{""cc:32"":3}",{},"{""n"":0,""nonzero"":0,""positive"":0,""negative"":0,""zero"":0,""max_abs"":0,""summary"":{}}","{""n"":0,""ge90"":0,""summary"":{}}",[],[]
121,3,20,Pipe Flute 1,1,"[[""ACC4"",3]]","[[""Intro 1"",2],[""Ending 2"",1]]","{""cc:32"":3}",{},"{""n"":0,""nonzero"":0,""positive"":0,""negative"":0,""zero"":0,""max_abs"":0,""summary"":{}}","{""n"":0,""ge90"":0,""summary"":{}}",[],[]
121,4,36,SlapPick Bass RX,1,"[[""BASS"",3]]","[[""Variation 3"",3]]","{""cc:32"":3}",{},"{""n"":0,""nonzero"":0,""positive"":0,""negative"":0,""zero"":0,""max_abs"":0,""summary"":{}}","{""n"":0,""ge90"":0,""summary"":{}}",[],[]
121,2,27,Chorus Gtr Pro,1,"[[""ACC4"",3]]","[[""Variation 4"",3]]","{""cc:32"":3}",{},"{""n"":0,""nonzero"":0,""positive"":0,""negative"":0,""zero"":0,""max_abs"":0,""summary"":{}}","{""n"":0,""ge90"":0,""summary"":{}}",[],[]
121,2,4,Detuned EP 1,2,"[[""ACC1"",3]]","[[""Fill 1"",2],[""Intro 1"",1]]","{""cc:32"":3}",{},"{""n"":0,""nonzero"":0,""positive"":0,""negative"":0,""zero"":0,""max_abs"":0,""summary"":{}}","{""n"":0,""ge90"":0,""summary"":{}}",[],[]
121,8,0,Jazz Piano,1,"[[""ACC1"",3]]","[[""Variation 4"",2],[""Fill 2"",1]]","{""cc:32"":3}",{},"{""n"":0,""nonzero"":0,""positive"":0,""negative"":0,""zero"":0,""max_abs"":0,""summary"":{}}","{""n"":0,""ge90"":0,""summary"":{}}",[],[]
121,2,56,Cornet Expr.,1,"[[""ACC3"",3]]","[[""Intro 2"",1],[""Ending 2"",1],[""Fill 1"",1]]","{""cc:32"":3}",{},"{""n"":0,""nonzero"":0,""positive"":0,""negative"":0,""zero"":0,""max_abs"":0,""summary"":{}}","{""n"":0,""ge90"":0,""summary"":{}}",[],[]
121,9,56,Trumpet Expr.2,1,"[[""ACC5"",3]]","[[""Variation 4"",3]]","{""cc:32"":3}",{},"{""n"":0,""nonzero"":0,""positive"":0,""negative"":0,""zero"":0,""max_abs"":0,""summary"":{}}","{""n"":0,""ge90"":0,""summary"":{}}",[],[]
121,3,0,AcousticPiano GM,3,"[[""ACC1"",2],[""ACC2"",1]]","[[""Ending 1"",1],[""Ending 3"",1],[""Fill 1"",1]]","{""cc:32"":3}",{},"{""n"":0,""nonzero"":0,""positive"":0,""negative"":0,""zero"":0,""max_abs"":0,""summary"":{}}","{""n"":0,""ge90"":0,""summary"":{}}",[],[]
121,9,0,Grand Piano,2,"[[""ACC1"",3]]","[[""Ending 1"",2],[""Intro 1"",1]]","{""cc:32"":3}",{},"{""n"":0,""nonzero"":0,""positive"":0,""negative"":0,""zero"":0,""max_abs"":0,""summary"":{}}","{""n"":0,""ge90"":0,""summary"":{}}",[],[]
121,3,48,N Strings,1,"[[""ACC5"",3]]","[[""Variation 3"",3]]","{""cc:32"":3}",{},"{""n"":0,""nonzero"":0,""positive"":0,""negative"":0,""zero"":0,""max_abs"":0,""summary"":{}}","{""n"":0,""ge90"":0,""summary"":{}}",[],[]
121,19,25,Steel Guitar 3,1,"[[""ACC1"",3]]","[[""Variation 4"",3]]","{""cc:32"":3}",{},"{""n"":0,""nonzero"":0,""positive"":0,""negative"":0,""zero"":0,""max_abs"":0,""summary"":{}}","{""n"":0,""ge90"":0,""summary"":{}}",[],[]
121,6,35,Fretless Bass GM,2,"[[""BASS"",3]]","[[""Break"",2],[""Intro 3"",1]]","{""cc:32"":3}",{},"{""n"":0,""nonzero"":0,""positive"":0,""negative"":0,""zero"":0,""max_abs"":0,""summary"":{}}","{""n"":0,""ge90"":0,""summary"":{}}",[],[]
121,0,33,Finger Bass 2,2,"[[""BASS"",3]]","[[""Fill 1"",1],[""Ending 2"",1],[""Ending 1"",1]]","{""cc:32"":3}",{},"{""n"":0,""nonzero"":0,""positive"":0,""negative"":0,""zero"":0,""max_abs"":0,""summary"":{}}","{""n"":0,""ge90"":0,""summary"":{}}",[],[]
121,7,33,Finger Bass GM,2,"[[""BASS"",3]]","[[""Break"",2],[""Intro 3"",1]]","{""cc:32"":3}",{},"{""n"":0,""nonzero"":0,""positive"":0,""negative"":0,""zero"":0,""max_abs"":0,""summary"":{}}","{""n"":0,""ge90"":0,""summary"":{}}",[],[]
121,2,48,i3 Strings,2,"[[""ACC3"",2],[""ACC5"",1]]","[[""Variation 2"",2],[""Variation 3"",1]]","{""cc:32"":3}",{},"{""n"":0,""nonzero"":0,""positive"":0,""negative"":0,""zero"":0,""max_abs"":0,""summary"":{}}","{""n"":0,""ge90"":0,""summary"":{}}",[],[]
121,8,7,Clav Wah RX,1,"[[""ACC3"",3]]","[[""Variation 4"",2],[""Ending 2"",1]]","{""cc:32"":3}",{},"{""n"":0,""nonzero"":0,""positive"":0,""negative"":0,""zero"":0,""max_abs"":0,""summary"":{}}","{""n"":0,""ge90"":0,""summary"":{}}",[],[]
121,2,30,Stereo Dist.Gtr,1,"[[""ACC3"",3]]","[[""Intro 1"",2],[""Ending 3"",1]]","{""cc:32"":3}",{},"{""n"":0,""nonzero"":0,""positive"":0,""negative"":0,""zero"":0,""max_abs"":0,""summary"":{}}","{""n"":0,""ge90"":0,""summary"":{}}",[],[]
121,9,27,Real El. Gtr ST1,1,"[[""ACC2"",3]]","[[""Intro 1"",2],[""Ending 1"",1]]","{""cc:32"":3}",{},"{""n"":0,""nonzero"":0,""positive"":0,""negative"":0,""zero"":0,""max_abs"":0,""summary"":{}}","{""n"":0,""ge90"":0,""summary"":{}}",[],[]
121,2,60,French Horn GM,2,"[[""ACC2"",2],[""ACC5"",1]]","[[""Intro 2"",2],[""Ending 2"",1]]","{""cc:32"":3}",{},"{""n"":0,""nonzero"":0,""positive"":0,""negative"":0,""zero"":0,""max_abs"":0,""summary"":{}}","{""n"":0,""ge90"":0,""summary"":{}}",[],[]
121,9,52,Ooh Voices,1,"[[""ACC2"",3]]","[[""Variation 3"",2],[""Ending 3"",1]]","{""cc:32"":3}",{},"{""n"":0,""nonzero"":0,""positive"":0,""negative"":0,""zero"":0,""max_abs"":0,""summary"":{}}","{""n"":0,""ge90"":0,""summary"":{}}",[],[]
121,5,4,E. Piano 1 GM,2,"[[""ACC1"",3]]","[[""Intro 1"",2],[""Fill 1"",1]]","{""cc:32"":3}",{},"{""n"":0,""nonzero"":0,""positive"":0,""negative"":0,""zero"":0,""max_abs"":0,""summary"":{}}","{""n"":0,""ge90"":0,""summary"":{}}",[],[]
121,5,7,Clav GM,1,"[[""ACC2"",3]]","[[""Fill 1"",1],[""Ending 2"",1],[""Fill 2"",1]]","{""cc:32"":3}",{},"{""n"":0,""nonzero"":0,""positive"":0,""negative"":0,""zero"":0,""max_abs"":0,""summary"":{}}","{""n"":0,""ge90"":0,""summary"":{}}",[],[]
121,4,27,Chorus Guitar,1,"[[""ACC3"",3]]","[[""Fill 1"",1],[""Ending 2"",1],[""Fill 2"",1]]","{""cc:32"":3}",{},"{""n"":0,""nonzero"":0,""positive"":0,""negative"":0,""zero"":0,""max_abs"":0,""summary"":{}}","{""n"":0,""ge90"":0,""summary"":{}}",[],[]
121,8,48,Arco Strings,1,"[[""ACC5"",3]]","[[""Fill 2"",2],[""Ending 2"",1]]","{""cc:32"":3}",{},"{""n"":0,""nonzero"":0,""positive"":0,""negative"":0,""zero"":0,""max_abs"":0,""summary"":{}}","{""n"":0,""ge90"":0,""summary"":{}}",[],[]
121,0,48,i3 Strings,2,"[[""ACC4"",3]]","[[""Ending 1"",2],[""Intro 3"",1]]","{""cc:32"":3}",{},"{""n"":0,""nonzero"":0,""positive"":0,""negative"":0,""zero"":0,""max_abs"":0,""summary"":{}}","{""n"":0,""ge90"":0,""summary"":{}}",[],[]
121,3,0,Jazz Piano,2,"[[""ACC1"",3]]","[[""Intro 1"",2],[""Break"",1]]","{""cc:32"":3}",{},"{""n"":0,""nonzero"":0,""positive"":0,""negative"":0,""zero"":0,""max_abs"":0,""summary"":{}}","{""n"":0,""ge90"":0,""summary"":{}}",[],[]
121,3,57,Soft Trombone,2,"[[""ACC5"",2],[""ACC3"",1]]","[[""Fill 2"",2],[""Intro 1"",1]]","{""cc:32"":3}",{},"{""n"":0,""nonzero"":0,""positive"":0,""negative"":0,""zero"":0,""max_abs"":0,""summary"":{}}","{""n"":0,""ge90"":0,""summary"":{}}",[],[]
121,2,50,Synth Strings1GM,2,"[[""ACC5"",3]]","[[""Variation 4"",1],[""Fill 1"",1],[""Ending 1"",1]]","{""cc:32"":3}",{},"{""n"":0,""nonzero"":0,""positive"":0,""negative"":0,""zero"":0,""max_abs"":0,""summary"":{}}","{""n"":0,""ge90"":0,""summary"":{}}",[],[]
121,2,11,Vibrap. Wide,1,"[[""ACC4"",3]]","[[""Variation 2"",3]]","{""cc:32"":3}",{},"{""n"":0,""nonzero"":0,""positive"":0,""negative"":0,""zero"":0,""max_abs"":0,""summary"":{}}","{""n"":0,""ge90"":0,""summary"":{}}",[],[]
121,6,16,Gospel Organ V.,2,"[[""ACC5"",2],[""ACC3"",1]]","[[""Ending 1"",2],[""Break"",1]]","{""cc:32"":3}",{},"{""n"":0,""nonzero"":0,""positive"":0,""negative"":0,""zero"":0,""max_abs"":0,""summary"":{}}","{""n"":0,""ge90"":0,""summary"":{}}",[],[]
121,15,4,R&B E. Piano,1,"[[""ACC2"",3]]","[[""Intro 1"",1],[""Ending 1"",1],[""Ending 3"",1]]","{""cc:32"":3}",{},"{""n"":0,""nonzero"":0,""positive"":0,""negative"":0,""zero"":0,""max_abs"":0,""summary"":{}}","{""n"":0,""ge90"":0,""summary"":{}}",[],[]
121,5,126,Footsteps,1,"[[""ACC3"",25]]","[[""Variation 2"",22],[""Variation 3"",3]]","{""cc:11"":1,""cc:7"":1,""cc:0"":1}",{},"{""n"":0,""nonzero"":0,""positive"":0,""negative"":0,""zero"":0,""max_abs"":0,""summary"":{}}","{""n"":0,""ge90"":0,""summary"":{}}",[],[]
121,3,33,Finger Bass 3,1,"[[""BASS"",3]]","[[""Ending 1"",2],[""Fill 2"",1]]","{""cc:32"":3}",{},"{""n"":0,""nonzero"":0,""positive"":0,""negative"":0,""zero"":0,""max_abs"":0,""summary"":{}}","{""n"":0,""ge90"":0,""summary"":{}}",[],[]
121,4,4,Tine E.Piano,2,"[[""ACC1"",3]]","[[""Variation 2"",2],[""Ending 2"",1]]","{""cc:32"":3}",{},"{""n"":0,""nonzero"":0,""positive"":0,""negative"":0,""zero"":0,""max_abs"":0,""summary"":{}}","{""n"":0,""ge90"":0,""summary"":{}}",[],[]
121,6,18,Super BX Perc.,1,"[[""ACC3"",131]]","[[""Break"",128],[""Ending 1"",3]]","{""cc:11"":1,""cc:7"":1,""cc:0"":1}",{},"{""n"":0,""nonzero"":0,""positive"":0,""negative"":0,""zero"":0,""max_abs"":0,""summary"":{}}","{""n"":0,""ge90"":0,""summary"":{}}",[],[]
121,7,26,Soft Jazz Guitar,1,"[[""ACC3"",3]]","[[""Variation 2"",3]]","{""cc:32"":3}",{},"{""n"":0,""nonzero"":0,""positive"":0,""negative"":0,""zero"":0,""max_abs"":0,""summary"":{}}","{""n"":0,""ge90"":0,""summary"":{}}",[],[]
121,20,4,Suit E.Piano 2,2,"[[""ACC1"",2],[""ACC2"",1]]","[[""Variation 3"",3]]","{""cc:32"":3}",{},"{""n"":0,""nonzero"":0,""positive"":0,""negative"":0,""zero"":0,""max_abs"":0,""summary"":{}}","{""n"":0,""ge90"":0,""summary"":{}}",[],[]
121,11,4,Suit E.Piano 2,2,"[[""ACC2"",2],[""ACC1"",1]]","[[""Intro 1"",1],[""Ending 1"",1],[""Fill 2"",1]]","{""cc:32"":3}",{},"{""n"":0,""nonzero"":0,""positive"":0,""negative"":0,""zero"":0,""max_abs"":0,""summary"":{}}","{""n"":0,""ge90"":0,""summary"":{}}",[],[]
121,18,27,Real El.Gtr ST2,1,"[[""ACC4"",3]]","[[""Ending 3"",2],[""Fill 2"",1]]","{""cc:32"":3}",{},"{""n"":0,""nonzero"":0,""positive"":0,""negative"":0,""zero"":0,""max_abs"":0,""summary"":{}}","{""n"":0,""ge90"":0,""summary"":{}}",[],[]
121,71,27,Real El.Gtr ST2,1,"[[""ACC4"",3]]","[[""Ending 1"",3]]","{""cc:32"":1,""cc:105"":1,""cc:114"":1}",{},"{""n"":0,""nonzero"":0,""positive"":0,""negative"":0,""zero"":0,""max_abs"":0,""summary"":{}}","{""n"":0,""ge90"":0,""summary"":{}}",[],[]
121,77,21,Sweet Musette,1,"[[""ACC4"",3]]","[[""Ending 1"",3]]","{""cc:32"":1,""cc:115"":1,""cc:116"":1}",{},"{""n"":0,""nonzero"":0,""positive"":0,""negative"":0,""zero"":0,""max_abs"":0,""summary"":{}}","{""n"":0,""ge90"":0,""summary"":{}}",[],[]
121,6,33,Finger Bass 3,2,"[[""BASS"",3]]","[[""Intro 1"",1],[""Intro 3"",1],[""Fill 1"",1]]","{""cc:32"":3}",{},"{""n"":0,""nonzero"":0,""positive"":0,""negative"":0,""zero"":0,""max_abs"":0,""summary"":{}}","{""n"":0,""ge90"":0,""summary"":{}}",[],[]
121,7,11,Vibraphone 1 GM,1,"[[""ACC3"",3]]","[[""Ending 1"",2],[""Intro 1"",1]]","{""cc:32"":3}",{},"{""n"":0,""nonzero"":0,""positive"":0,""negative"":0,""zero"":0,""max_abs"":0,""summary"":{}}","{""n"":0,""ge90"":0,""summary"":{}}",[],[]
121,1,25,12 Strings Gtr,1,"[[""ACC1"",7]]","[[""Break"",4],[""Ending 1"",3]]","{""cc:11"":1,""cc:7"":1,""cc:0"":1}",{},"{""n"":0,""nonzero"":0,""positive"":0,""negative"":0,""zero"":0,""max_abs"":0,""summary"":{}}","{""n"":0,""ge90"":0,""summary"":{}}",[],[]
121,32,4,Vintage EP,1,"[[""ACC1"",101]]","[[""Ending 1"",101]]","{""cc:32"":3}",{},"{""n"":0,""nonzero"":0,""positive"":0,""negative"":0,""zero"":0,""max_abs"":0,""summary"":{}}","{""n"":0,""ge90"":0,""summary"":{}}",[],[]
121,12,33,Finger Bass 3,1,"[[""BASS"",3]]","[[""Intro 1"",2],[""Break"",1]]","{""cc:32"":3}",{},"{""n"":0,""nonzero"":0,""positive"":0,""negative"":0,""zero"":0,""max_abs"":0,""summary"":{}}","{""n"":0,""ge90"":0,""summary"":{}}",[],[]
121,7,33,Finger Slap 1,1,"[[""BASS"",3]]","[[""Ending 1"",2],[""Intro 3"",1]]","{""cc:32"":3}",{},"{""n"":0,""nonzero"":0,""positive"":0,""negative"":0,""zero"":0,""max_abs"":0,""summary"":{}}","{""n"":0,""ge90"":0,""summary"":{}}",[],[]
121,15,28,Clean Guitar RX3,1,"[[""ACC2"",3]]","[[""Variation 2"",3]]","{""cc:32"":3}",{},"{""n"":0,""nonzero"":0,""positive"":0,""negative"":0,""zero"":0,""max_abs"":0,""summary"":{}}","{""n"":0,""ge90"":0,""summary"":{}}",[],[]
121,21,27,Clean Gtr Pro2,1,"[[""ACC2"",3]]","[[""Variation 4"",3]]","{""cc:32"":3}",{},"{""n"":0,""nonzero"":0,""positive"":0,""negative"":0,""zero"":0,""max_abs"":0,""summary"":{}}","{""n"":0,""ge90"":0,""summary"":{}}",[],[]
121,18,27,Clean Gtr Pro2,1,"[[""ACC3"",3]]","[[""Variation 3"",3]]","{""cc:32"":3}",{},"{""n"":0,""nonzero"":0,""positive"":0,""negative"":0,""zero"":0,""max_abs"":0,""summary"":{}}","{""n"":0,""ge90"":0,""summary"":{}}",[],[]
121,12,27,Chorus Gtr Pro,1,"[[""ACC3"",3]]","[[""Variation 4"",3]]","{""cc:32"":3}",{},"{""n"":0,""nonzero"":0,""positive"":0,""negative"":0,""zero"":0,""max_abs"":0,""summary"":{}}","{""n"":0,""ge90"":0,""summary"":{}}",[],[]
121,10,56,Trumpet Pro 2,1,"[[""ACC5"",3]]","[[""Intro 1"",2],[""Ending 1"",1]]","{""cc:32"":3}",{},"{""n"":0,""nonzero"":0,""positive"":0,""negative"":0,""zero"":0,""max_abs"":0,""summary"":{}}","{""n"":0,""ge90"":0,""summary"":{}}",[],[]
121,0,93,Metallic Pad GM,1,"[[""ACC1"",11]]","[[""Variation 3"",8],[""Variation 4"",3]]","{""cc:11"":1,""cc:7"":1,""cc:0"":1}",{},"{""n"":0,""nonzero"":0,""positive"":0,""negative"":0,""zero"":0,""max_abs"":0,""summary"":{}}","{""n"":0,""ge90"":0,""summary"":{}}",[],[]
121,16,4,Pro Dyno EP,2,"[[""ACC1"",2],[""ACC4"",1]]","[[""Intro 2"",2],[""Fill 1"",1]]","{""cc:32"":3}",{},"{""n"":0,""nonzero"":0,""positive"":0,""negative"":0,""zero"":0,""max_abs"":0,""summary"":{}}","{""n"":0,""ge90"":0,""summary"":{}}",[],[]
121,16,4,Tremolo Wurly,1,"[[""ACC1"",27]]","[[""Variation 4"",24],[""Intro 1"",3]]","{""cc:11"":1,""cc:7"":1,""cc:0"":1}",{},"{""n"":0,""nonzero"":0,""positive"":0,""negative"":0,""zero"":0,""max_abs"":0,""summary"":{}}","{""n"":0,""ge90"":0,""summary"":{}}",[],[]
121,29,25,RealFolk Gtr ST2,2,"[[""ACC1"",2],[""ACC5"",1]]","[[""Fill 2"",2],[""Intro 1"",1]]","{""cc:32"":3}",{},"{""n"":0,""nonzero"":0,""positive"":0,""negative"":0,""zero"":0,""max_abs"":0,""summary"":{}}","{""n"":0,""ge90"":0,""summary"":{}}",[],[]
121,9,16,Organ Low 2 V.,1,"[[""ACC2"",3]]","[[""Variation 2"",3]]","{""cc:32"":3}",{},"{""n"":0,""nonzero"":0,""positive"":0,""negative"":0,""zero"":0,""max_abs"":0,""summary"":{}}","{""n"":0,""ge90"":0,""summary"":{}}",[],[]
121,4,18,BX3 Jazz Pc. V.,1,"[[""ACC2"",3]]","[[""Variation 3"",3]]","{""cc:32"":3}",{},"{""n"":0,""nonzero"":0,""positive"":0,""negative"":0,""zero"":0,""max_abs"":0,""summary"":{}}","{""n"":0,""ge90"":0,""summary"":{}}",[],[]
121,9,59,Mute Ensemble 1,1,"[[""ACC2"",3]]","[[""Fill 1"",2],[""Ending 2"",1]]","{""cc:32"":3}",{},"{""n"":0,""nonzero"":0,""positive"":0,""negative"":0,""zero"":0,""max_abs"":0,""summary"":{}}","{""n"":0,""ge90"":0,""summary"":{}}",[],[]
121,13,16,Drawbars Fast V.,1,"[[""ACC2"",3]]","[[""Variation 4"",3]]","{""cc:32"":3}",{},"{""n"":0,""nonzero"":0,""positive"":0,""negative"":0,""zero"":0,""max_abs"":0,""summary"":{}}","{""n"":0,""ge90"":0,""summary"":{}}",[],[]
121,2,48,Stereo Strings,1,"[[""ACC3"",3]]","[[""Ending 1"",2],[""Fill 2"",1]]","{""cc:32"":3}",{},"{""n"":0,""nonzero"":0,""positive"":0,""negative"":0,""zero"":0,""max_abs"":0,""summary"":{}}","{""n"":0,""ge90"":0,""summary"":{}}",[],[]
121,4,0,Piano & Strings,1,"[[""ACC1"",3]]","[[""Variation 2"",2],[""Ending 1"",1]]","{""cc:32"":3}",{},"{""n"":0,""nonzero"":0,""positive"":0,""negative"":0,""zero"":0,""max_abs"":0,""summary"":{}}","{""n"":0,""ge90"":0,""summary"":{}}",[],[]
121,13,11,Vibraphone 1 GM,1,"[[""ACC2"",3]]","[[""Variation 4"",3]]","{""cc:32"":3}",{},"{""n"":0,""nonzero"":0,""positive"":0,""negative"":0,""zero"":0,""max_abs"":0,""summary"":{}}","{""n"":0,""ge90"":0,""summary"":{}}",[],[]
121,11,17,Perc. Organ 5 V.,1,"[[""ACC2"",65]]","[[""Ending 2"",62],[""Ending 3"",3]]","{""cc:11"":1,""cc:7"":1,""cc:0"":1}",{},"{""n"":0,""nonzero"":0,""positive"":0,""negative"":0,""zero"":0,""max_abs"":0,""summary"":{}}","{""n"":0,""ge90"":0,""summary"":{}}",[],[]
121,1,16,Gospel Organ V.,1,"[[""ACC3"",3]]","[[""Variation 3"",3]]","{""cc:32"":3}",{},"{""n"":0,""nonzero"":0,""positive"":0,""negative"":0,""zero"":0,""max_abs"":0,""summary"":{}}","{""n"":0,""ge90"":0,""summary"":{}}",[],[]
121,8,17,Det. Perc. Organ,1,"[[""ACC3"",3]]","[[""Variation 4"",3]]","{""cc:32"":3}",{},"{""n"":0,""nonzero"":0,""positive"":0,""negative"":0,""zero"":0,""max_abs"":0,""summary"":{}}","{""n"":0,""ge90"":0,""summary"":{}}",[],[]
121,14,28,Clean Funk RX1,1,"[[""ACC2"",3]]","[[""Intro 1"",2],[""Ending 1"",1]]","{""cc:32"":3}",{},"{""n"":0,""nonzero"":0,""positive"":0,""negative"":0,""zero"":0,""max_abs"":0,""summary"":{}}","{""n"":0,""ge90"":0,""summary"":{}}",[],[]
121,27,61,Tight Brass 2,1,"[[""ACC3"",3]]","[[""Ending 1"",2],[""Fill 1"",1]]","{""cc:32"":3}",{},"{""n"":0,""nonzero"":0,""positive"":0,""negative"":0,""zero"":0,""max_abs"":0,""summary"":{}}","{""n"":0,""ge90"":0,""summary"":{}}",[],[]
121,34,56,Trumpet Shake Y+,1,"[[""ACC5"",3]]","[[""Intro 3"",1],[""Fill 2"",1],[""Ending 1"",1]]","{""cc:32"":3}",{},"{""n"":0,""nonzero"":0,""positive"":0,""negative"":0,""zero"":0,""max_abs"":0,""summary"":{}}","{""n"":0,""ge90"":0,""summary"":{}}",[],[]
121,1,48,Arco Strings,1,"[[""ACC1"",3]]","[[""Variation 3"",3]]","{""cc:32"":3}",{},"{""n"":0,""nonzero"":0,""positive"":0,""negative"":0,""zero"":0,""max_abs"":0,""summary"":{}}","{""n"":0,""ge90"":0,""summary"":{}}",[],[]
121,7,45,Pizz. Ensemble,1,"[[""ACC1"",3]]","[[""Variation 4"",3]]","{""cc:32"":3}",{},"{""n"":0,""nonzero"":0,""positive"":0,""negative"":0,""zero"":0,""max_abs"":0,""summary"":{}}","{""n"":0,""ge90"":0,""summary"":{}}",[],[]
121,3,59,Wah Trumpet,1,"[[""ACC2"",3]]","[[""Variation 2"",3]]","{""cc:32"":3}",{},"{""n"":0,""nonzero"":0,""positive"":0,""negative"":0,""zero"":0,""max_abs"":0,""summary"":{}}","{""n"":0,""ge90"":0,""summary"":{}}",[],[]
121,1,46,Harp GM,1,"[[""ACC3"",3]]","[[""Variation 2"",3]]","{""cc:32"":3}",{},"{""n"":0,""nonzero"":0,""positive"":0,""negative"":0,""zero"":0,""max_abs"":0,""summary"":{}}","{""n"":0,""ge90"":0,""summary"":{}}",[],[]
121,0,73,Jazz Flute Expr.,1,"[[""ACC3"",3]]","[[""Variation 3"",3]]","{""cc:32"":3}",{},"{""n"":0,""nonzero"":0,""positive"":0,""negative"":0,""zero"":0,""max_abs"":0,""summary"":{}}","{""n"":0,""ge90"":0,""summary"":{}}",[],[]
121,5,49,Movie Strings 1,1,"[[""ACC5"",11]]","[[""Variation 4"",8],[""Intro 1"",3]]","{""cc:11"":1,""cc:7"":1,""cc:0"":1}",{},"{""n"":0,""nonzero"":0,""positive"":0,""negative"":0,""zero"":0,""max_abs"":0,""summary"":{}}","{""n"":0,""ge90"":0,""summary"":{}}",[],[]
121,15,30,Dist. Guitar RX2,1,"[[""ACC2"",3]]","[[""Fill 1"",2],[""Ending 2"",1]]","{""cc:32"":3}",{},"{""n"":0,""nonzero"":0,""positive"":0,""negative"":0,""zero"":0,""max_abs"":0,""summary"":{}}","{""n"":0,""ge90"":0,""summary"":{}}",[],[]
121,71,25,Steel Guitar 3,1,"[[""ACC2"",3]]","[[""Ending 1"",3]]","{""cc:32"":1,""cc:105"":1,""cc:114"":1}",{},"{""n"":0,""nonzero"":0,""positive"":0,""negative"":0,""zero"":0,""max_abs"":0,""summary"":{}}","{""n"":0,""ge90"":0,""summary"":{}}",[],[]
121,4,67,Baritone Sax GM,1,"[[""ACC4"",3]]","[[""Variation 4"",3]]","{""cc:32"":3}",{},"{""n"":0,""nonzero"":0,""positive"":0,""negative"":0,""zero"":0,""max_abs"":0,""summary"":{}}","{""n"":0,""ge90"":0,""summary"":{}}",[],[]
121,15,4,Vel. Wurly,1,"[[""ACC1"",11]]","[[""Variation 2"",8],[""Variation 3"",3]]","{""cc:11"":1,""cc:7"":1,""cc:0"":1}",{},"{""n"":0,""nonzero"":0,""positive"":0,""negative"":0,""zero"":0,""max_abs"":0,""summary"":{}}","{""n"":0,""ge90"":0,""summary"":{}}",[],[]
121,2,63,Big Panner,1,"[[""ACC3"",3]]","[[""Intro 1"",2],[""Ending 1"",1]]","{""cc:32"":3}",{},"{""n"":0,""nonzero"":0,""positive"":0,""negative"":0,""zero"":0,""max_abs"":0,""summary"":{}}","{""n"":0,""ge90"":0,""summary"":{}}",[],[]
121,1,33,Finger E.Bass2,1,"[[""BASS"",2]]","[[""Intro 1"",2]]","{""cc:32"":2}",{},"{""n"":0,""nonzero"":0,""positive"":0,""negative"":0,""zero"":0,""max_abs"":0,""summary"":{}}","{""n"":0,""ge90"":0,""summary"":{}}",[],[]
121,2,0,Grand Piano,1,"[[""ACC1"",2]]","[[""Intro 1"",2]]","{""cc:32"":2}",{},"{""n"":0,""nonzero"":0,""positive"":0,""negative"":0,""zero"":0,""max_abs"":0,""summary"":{}}","{""n"":0,""ge90"":0,""summary"":{}}",[],[]
121,13,28,Clean Funk,1,"[[""ACC2"",2]]","[[""Variation 3"",2]]","{""cc:32"":2}",{},"{""n"":0,""nonzero"":0,""positive"":0,""negative"":0,""zero"":0,""max_abs"":0,""summary"":{}}","{""n"":0,""ge90"":0,""summary"":{}}",[],[]
121,11,28,Funk Stein RX2,1,"[[""ACC2"",2]]","[[""Variation 4"",2]]","{""cc:32"":2}",{},"{""n"":0,""nonzero"":0,""positive"":0,""negative"":0,""zero"":0,""max_abs"":0,""summary"":{}}","{""n"":0,""ge90"":0,""summary"":{}}",[],[]
121,13,28,Clean Funk RX2,1,"[[""ACC2"",2]]","[[""Intro 1"",2]]","{""cc:32"":2}",{},"{""n"":0,""nonzero"":0,""positive"":0,""negative"":0,""zero"":0,""max_abs"":0,""summary"":{}}","{""n"":0,""ge90"":0,""summary"":{}}",[],[]
121,22,16,Tibia Vox Glock,1,"[[""ACC1"",2]]","[[""Variation 3"",2]]","{""cc:32"":2}",{},"{""n"":0,""nonzero"":0,""positive"":0,""negative"":0,""zero"":0,""max_abs"":0,""summary"":{}}","{""n"":0,""ge90"":0,""summary"":{}}",[],[]
121,7,16,Theatre Organ 1,1,"[[""ACC1"",2]]","[[""Intro 1"",2]]","{""cc:32"":2}",{},"{""n"":0,""nonzero"":0,""positive"":0,""negative"":0,""zero"":0,""max_abs"":0,""summary"":{}}","{""n"":0,""ge90"":0,""summary"":{}}",[],[]
121,9,16,Tibia & Kinura,1,"[[""ACC2"",2]]","[[""Intro 1"",2]]","{""cc:32"":2}",{},"{""n"":0,""nonzero"":0,""positive"":0,""negative"":0,""zero"":0,""max_abs"":0,""summary"":{}}","{""n"":0,""ge90"":0,""summary"":{}}",[],[]
121,2,19,Pipe Tutti 3,1,"[[""ACC2"",2]]","[[""Fill 2"",2]]","{""cc:32"":2}",{},"{""n"":0,""nonzero"":0,""positive"":0,""negative"":0,""zero"":0,""max_abs"":0,""summary"":{}}","{""n"":0,""ge90"":0,""summary"":{}}",[],[]
121,9,20,Small Pipe,1,"[[""ACC2"",2]]","[[""Ending 1"",2]]","{""cc:32"":2}",{},"{""n"":0,""nonzero"":0,""positive"":0,""negative"":0,""zero"":0,""max_abs"":0,""summary"":{}}","{""n"":0,""ge90"":0,""summary"":{}}",[],[]
121,4,19,Pipe Mixture,1,"[[""ACC4"",2]]","[[""Fill 2"",2]]","{""cc:32"":2}",{},"{""n"":0,""nonzero"":0,""positive"":0,""negative"":0,""zero"":0,""max_abs"":0,""summary"":{}}","{""n"":0,""ge90"":0,""summary"":{}}",[],[]
121,26,16,Tibia & Vox,1,"[[""ACC5"",2]]","[[""Variation 3"",2]]","{""cc:32"":2}",{},"{""n"":0,""nonzero"":0,""positive"":0,""negative"":0,""zero"":0,""max_abs"":0,""summary"":{}}","{""n"":0,""ge90"":0,""summary"":{}}",[],[]
121,29,16,Tibia,1,"[[""ACC5"",2]]","[[""Variation 4"",2]]","{""cc:32"":2}",{},"{""n"":0,""nonzero"":0,""positive"":0,""negative"":0,""zero"":0,""max_abs"":0,""summary"":{}}","{""n"":0,""ge90"":0,""summary"":{}}",[],[]
121,4,16,Post Horn Trem.,1,"[[""ACC5"",2]]","[[""Intro 1"",1],[""Fill 1"",1]]","{""cc:32"":2}",{},"{""n"":0,""nonzero"":0,""positive"":0,""negative"":0,""zero"":0,""max_abs"":0,""summary"":{}}","{""n"":0,""ge90"":0,""summary"":{}}",[],[]
121,4,20,Puff Organ,1,"[[""ACC5"",2]]","[[""Break"",2]]","{""cc:32"":2}",{},"{""n"":0,""nonzero"":0,""positive"":0,""negative"":0,""zero"":0,""max_abs"":0,""summary"":{}}","{""n"":0,""ge90"":0,""summary"":{}}",[],[]
121,1,18,Jimmy Organ V.,1,"[[""ACC2"",2]]","[[""Intro 1"",2]]","{""cc:32"":2}",{},"{""n"":0,""nonzero"":0,""positive"":0,""negative"":0,""zero"":0,""max_abs"":0,""summary"":{}}","{""n"":0,""ge90"":0,""summary"":{}}",[],[]
121,18,50,Analog Strings 2,1,"[[""ACC4"",2]]","[[""Ending 1"",1],[""Intro 1"",1]]","{""cc:32"":2}",{},"{""n"":0,""nonzero"":0,""positive"":0,""negative"":0,""zero"":0,""max_abs"":0,""summary"":{}}","{""n"":0,""ge90"":0,""summary"":{}}",[],[]
121,2,4,Tine E.Piano,1,"[[""ACC1"",2]]","[[""Intro 1"",2]]","{""cc:32"":2}",{},"{""n"":0,""nonzero"":0,""positive"":0,""negative"":0,""zero"":0,""max_abs"":0,""summary"":{}}","{""n"":0,""ge90"":0,""summary"":{}}",[],[]
121,2,4,Tine E.Piano RX,1,"[[""ACC1"",2]]","[[""Fill 2"",1],[""Ending 2"",1]]","{""cc:32"":2}",{},"{""n"":0,""nonzero"":0,""positive"":0,""negative"":0,""zero"":0,""max_abs"":0,""summary"":{}}","{""n"":0,""ge90"":0,""summary"":{}}",[],[]
121,2,91,Fresh Air 2,2,"[[""ACC4"",1],[""ACC1"",1]]","[[""Intro 1"",1],[""Fill 2"",1]]","{""cc:32"":2}",{},"{""n"":0,""nonzero"":0,""positive"":0,""negative"":0,""zero"":0,""max_abs"":0,""summary"":{}}","{""n"":0,""ge90"":0,""summary"":{}}",[],[]
121,0,97,Reso Down,1,"[[""ACC5"",2]]","[[""Ending 1"",2]]","{""cc:32"":2}",{},"{""n"":0,""nonzero"":0,""positive"":0,""negative"":0,""zero"":0,""max_abs"":0,""summary"":{}}","{""n"":0,""ge90"":0,""summary"":{}}",[],[]
121,15,28,Funk Stein RX2,1,"[[""ACC2"",2]]","[[""Ending 1"",2]]","{""cc:32"":2}",{},"{""n"":0,""nonzero"":0,""positive"":0,""negative"":0,""zero"":0,""max_abs"":0,""summary"":{}}","{""n"":0,""ge90"":0,""summary"":{}}",[],[]
121,1,5,Hybrid EP,1,"[[""ACC1"",2]]","[[""Intro 1"",2]]","{""cc:32"":2}",{},"{""n"":0,""nonzero"":0,""positive"":0,""negative"":0,""zero"":0,""max_abs"":0,""summary"":{}}","{""n"":0,""ge90"":0,""summary"":{}}",[],[]
121,5,0,Ac. Piano Wide,1,"[[""ACC1"",2]]","[[""Intro 2"",1],[""Fill 1"",1]]","{""cc:32"":2}",{},"{""n"":0,""nonzero"":0,""positive"":0,""negative"":0,""zero"":0,""max_abs"":0,""summary"":{}}","{""n"":0,""ge90"":0,""summary"":{}}",[],[]
121,10,28,5th Mute Gtr,1,"[[""ACC3"",2]]","[[""Intro 1"",1],[""Fill 1"",1]]","{""cc:32"":2}",{},"{""n"":0,""nonzero"":0,""positive"":0,""negative"":0,""zero"":0,""max_abs"":0,""summary"":{}}","{""n"":0,""ge90"":0,""summary"":{}}",[],[]
121,4,61,Trumpet Ens.,1,"[[""ACC5"",2]]","[[""Intro 1"",2]]","{""cc:32"":2}",{},"{""n"":0,""nonzero"":0,""positive"":0,""negative"":0,""zero"":0,""max_abs"":0,""summary"":{}}","{""n"":0,""ge90"":0,""summary"":{}}",[],[]
121,3,27,Funky Wah RX,1,"[[""ACC2"",2]]","[[""Intro 1"",1],[""Ending 1"",1]]","{""cc:32"":2}",{},"{""n"":0,""nonzero"":0,""positive"":0,""negative"":0,""zero"":0,""max_abs"":0,""summary"":{}}","{""n"":0,""ge90"":0,""summary"":{}}",[],[]
121,12,120,Vox Wah Chick RX,1,"[[""ACC2"",2]]","[[""Fill 2"",1],[""Ending 3"",1]]","{""cc:32"":2}",{},"{""n"":0,""nonzero"":0,""positive"":0,""negative"":0,""zero"":0,""max_abs"":0,""summary"":{}}","{""n"":0,""ge90"":0,""summary"":{}}",[],[]
121,13,16,Dark Organ 2 V.,1,"[[""ACC3"",2]]","[[""Variation 2"",2]]","{""cc:32"":2}",{},"{""n"":0,""nonzero"":0,""positive"":0,""negative"":0,""zero"":0,""max_abs"":0,""summary"":{}}","{""n"":0,""ge90"":0,""summary"":{}}",[],[]
121,14,28,Funk Stein RX1,1,"[[""ACC4"",2]]","[[""Variation 2"",2]]","{""cc:32"":2}",{},"{""n"":0,""nonzero"":0,""positive"":0,""negative"":0,""zero"":0,""max_abs"":0,""summary"":{}}","{""n"":0,""ge90"":0,""summary"":{}}",[],[]
121,1,9,Glockenspiel GM,1,"[[""ACC1"",2]]","[[""Variation 4"",2]]","{""cc:32"":2}",{},"{""n"":0,""nonzero"":0,""positive"":0,""negative"":0,""zero"":0,""max_abs"":0,""summary"":{}}","{""n"":0,""ge90"":0,""summary"":{}}",[],[]
121,5,59,Wah Trumpet,1,"[[""ACC1"",1],[""ACC2"",1]]","[[""Intro 2"",1],[""Break"",1]]","{""cc:32"":2}",{},"{""n"":0,""nonzero"":0,""positive"":0,""negative"":0,""zero"":0,""max_abs"":0,""summary"":{}}","{""n"":0,""ge90"":0,""summary"":{}}",[],[]
121,3,73,Flute 2,1,"[[""ACC1"",2]]","[[""Ending 2"",2]]","{""cc:32"":2}",{},"{""n"":0,""nonzero"":0,""positive"":0,""negative"":0,""zero"":0,""max_abs"":0,""summary"":{}}","{""n"":0,""ge90"":0,""summary"":{}}",[],[]
121,2,26,Soft Jazz Guitar,1,"[[""ACC2"",2]]","[[""Variation 2"",2]]","{""cc:32"":2}",{},"{""n"":0,""nonzero"":0,""positive"":0,""negative"":0,""zero"":0,""max_abs"":0,""summary"":{}}","{""n"":0,""ge90"":0,""summary"":{}}",[],[]
121,11,26,Club Jazz Gtr 1,1,"[[""ACC2"",2]]","[[""Intro 1"",2]]","{""cc:32"":2}",{},"{""n"":0,""nonzero"":0,""positive"":0,""negative"":0,""zero"":0,""max_abs"":0,""summary"":{}}","{""n"":0,""ge90"":0,""summary"":{}}",[],[]
121,2,61,Trombones,1,"[[""ACC2"",2]]","[[""Intro 2"",2]]","{""cc:32"":2}",{},"{""n"":0,""nonzero"":0,""positive"":0,""negative"":0,""zero"":0,""max_abs"":0,""summary"":{}}","{""n"":0,""ge90"":0,""summary"":{}}",[],[]
121,3,61,Trombone Ens.,1,"[[""ACC2"",2]]","[[""Ending 3"",2]]","{""cc:32"":2}",{},"{""n"":0,""nonzero"":0,""positive"":0,""negative"":0,""zero"":0,""max_abs"":0,""summary"":{}}","{""n"":0,""ge90"":0,""summary"":{}}",[],[]
121,6,34,Stein Bass,2,"[[""BASS"",2]]","[[""Break"",2]]","{""cc:32"":2}",{},"{""n"":0,""nonzero"":0,""positive"":0,""negative"":0,""zero"":0,""max_abs"":0,""summary"":{}}","{""n"":0,""ge90"":0,""summary"":{}}",[],[]
121,3,33,Finger Bass 2,2,"[[""BASS"",2]]","[[""Ending 1"",2]]","{""cc:32"":2}",{},"{""n"":0,""nonzero"":0,""positive"":0,""negative"":0,""zero"":0,""max_abs"":0,""summary"":{}}","{""n"":0,""ge90"":0,""summary"":{}}",[],[]
121,21,99,Atmosphere GM,2,"[[""ACC1"",2]]","[[""Variation 2"",2]]","{""cc:32"":2}",{},"{""n"":0,""nonzero"":0,""positive"":0,""negative"":0,""zero"":0,""max_abs"":0,""summary"":{}}","{""n"":0,""ge90"":0,""summary"":{}}",[],[]
121,0,4,Suit E.Piano 2,2,"[[""ACC1"",2]]","[[""Variation 3"",2]]","{""cc:32"":2}",{},"{""n"":0,""nonzero"":0,""positive"":0,""negative"":0,""zero"":0,""max_abs"":0,""summary"":{}}","{""n"":0,""ge90"":0,""summary"":{}}",[],[]
121,7,17,Organ Low Pc. V.,2,"[[""ACC4"",2]]","[[""Intro 1"",2]]","{""cc:32"":2}",{},"{""n"":0,""nonzero"":0,""positive"":0,""negative"":0,""zero"":0,""max_abs"":0,""summary"":{}}","{""n"":0,""ge90"":0,""summary"":{}}",[],[]
121,3,4,Studio EP,1,"[[""ACC4"",2]]","[[""Intro 1"",1],[""Intro 2"",1]]","{""cc:32"":2}",{},"{""n"":0,""nonzero"":0,""positive"":0,""negative"":0,""zero"":0,""max_abs"":0,""summary"":{}}","{""n"":0,""ge90"":0,""summary"":{}}",[],[]
121,10,0,Grand Piano,1,"[[""ACC4"",2]]","[[""Ending 1"",2]]","{""cc:32"":2}",{},"{""n"":0,""nonzero"":0,""positive"":0,""negative"":0,""zero"":0,""max_abs"":0,""summary"":{}}","{""n"":0,""ge90"":0,""summary"":{}}",[],[]
121,2,61,Tight Brass 1,2,"[[""ACC5"",2]]","[[""Fill 2"",2]]","{""cc:32"":2}",{},"{""n"":0,""nonzero"":0,""positive"":0,""negative"":0,""zero"":0,""max_abs"":0,""summary"":{}}","{""n"":0,""ge90"":0,""summary"":{}}",[],[]
121,30,61,Tight Brass 3,2,"[[""ACC5"",2]]","[[""Break"",2]]","{""cc:32"":2}",{},"{""n"":0,""nonzero"":0,""positive"":0,""negative"":0,""zero"":0,""max_abs"":0,""summary"":{}}","{""n"":0,""ge90"":0,""summary"":{}}",[],[]
121,27,61,Brass of Power,2,"[[""ACC5"",2]]","[[""Ending 1"",2]]","{""cc:32"":2}",{},"{""n"":0,""nonzero"":0,""positive"":0,""negative"":0,""zero"":0,""max_abs"":0,""summary"":{}}","{""n"":0,""ge90"":0,""summary"":{}}",[],[]
121,1,33,Finger Bass 2,2,"[[""BASS"",2]]","[[""Fill 1"",1],[""Ending 3"",1]]","{""cc:32"":2}",{},"{""n"":0,""nonzero"":0,""positive"":0,""negative"":0,""zero"":0,""max_abs"":0,""summary"":{}}","{""n"":0,""ge90"":0,""summary"":{}}",[],[]
121,27,90,Mega Synth,1,"[[""ACC4"",2]]","[[""Intro 1"",2]]","{""cc:32"":2}",{},"{""n"":0,""nonzero"":0,""positive"":0,""negative"":0,""zero"":0,""max_abs"":0,""summary"":{}}","{""n"":0,""ge90"":0,""summary"":{}}",[],[]
121,6,48,Stereo Strings,1,"[[""ACC5"",2]]","[[""Intro 1"",2]]","{""cc:32"":2}",{},"{""n"":0,""nonzero"":0,""positive"":0,""negative"":0,""zero"":0,""max_abs"":0,""summary"":{}}","{""n"":0,""ge90"":0,""summary"":{}}",[],[]
121,2,91,Pop Synth Pad 2,1,"[[""ACC3"",2]]","[[""Variation 3"",2]]","{""cc:32"":2}",{},"{""n"":0,""nonzero"":0,""positive"":0,""negative"":0,""zero"":0,""max_abs"":0,""summary"":{}}","{""n"":0,""ge90"":0,""summary"":{}}",[],[]
121,4,81,Rezbo,1,"[[""ACC3"",2]]","[[""Intro 1"",1],[""Ending 1"",1]]","{""cc:32"":2}",{},"{""n"":0,""nonzero"":0,""positive"":0,""negative"":0,""zero"":0,""max_abs"":0,""summary"":{}}","{""n"":0,""ge90"":0,""summary"":{}}",[],[]
121,11,61,Big Band Brass 2,1,"[[""ACC3"",2]]","[[""Intro 2"",1],[""Ending 2"",1]]","{""cc:32"":2}",{},"{""n"":0,""nonzero"":0,""positive"":0,""negative"":0,""zero"":0,""max_abs"":0,""summary"":{}}","{""n"":0,""ge90"":0,""summary"":{}}",[],[]
121,20,25,Steel Guitar Pro,1,"[[""ACC1"",2]]","[[""Intro 1"",1],[""Intro 2"",1]]","{""cc:32"":2}",{},"{""n"":0,""nonzero"":0,""positive"":0,""negative"":0,""zero"":0,""max_abs"":0,""summary"":{}}","{""n"":0,""ge90"":0,""summary"":{}}",[],[]
121,83,24,Nylon Slide Pro,1,"[[""ACC2"",2]]","[[""Ending 1"",2]]","{""cc:32"":1,""cc:105"":1}",{},"{""n"":0,""nonzero"":0,""positive"":0,""negative"":0,""zero"":0,""max_abs"":0,""summary"":{}}","{""n"":0,""ge90"":0,""summary"":{}}",[],[]
121,80,24,Nylon Slide Pro,1,"[[""ACC2"",2]]","[[""Ending 1"",2]]","{""cc:32"":1,""cc:111"":1}",{},"{""n"":0,""nonzero"":0,""positive"":0,""negative"":0,""zero"":0,""max_abs"":0,""summary"":{}}","{""n"":0,""ge90"":0,""summary"":{}}",[],[]
121,32,24,Nylon Slide Pro,1,"[[""ACC2"",16]]","[[""Ending 1"",15],[""Ending 3"",1]]","{""cc:32"":1,""cc:22"":1}",{},"{""n"":0,""nonzero"":0,""positive"":0,""negative"":0,""zero"":0,""max_abs"":0,""summary"":{}}","{""n"":0,""ge90"":0,""summary"":{}}",[],[]
121,16,0,AcousticPiano GM,1,"[[""ACC4"",2]]","[[""Fill 2"",2]]","{""cc:32"":2}",{},"{""n"":0,""nonzero"":0,""positive"":0,""negative"":0,""zero"":0,""max_abs"":0,""summary"":{}}","{""n"":0,""ge90"":0,""summary"":{}}",[],[]
121,20,4,Vintage EP,1,"[[""ACC1"",2]]","[[""Variation 4"",2]]","{""cc:32"":2}",{},"{""n"":0,""nonzero"":0,""positive"":0,""negative"":0,""zero"":0,""max_abs"":0,""summary"":{}}","{""n"":0,""ge90"":0,""summary"":{}}",[],[]
121,4,4,Suit E.Piano 1,1,"[[""ACC1"",2]]","[[""Intro 1"",2]]","{""cc:32"":2}",{},"{""n"":0,""nonzero"":0,""positive"":0,""negative"":0,""zero"":0,""max_abs"":0,""summary"":{}}","{""n"":0,""ge90"":0,""summary"":{}}",[],[]
121,17,28,Clean Guitar RX3,1,"[[""ACC3"",2]]","[[""Intro 1"",1],[""Ending 1"",1]]","{""cc:32"":2}",{},"{""n"":0,""nonzero"":0,""positive"":0,""negative"":0,""zero"":0,""max_abs"":0,""summary"":{}}","{""n"":0,""ge90"":0,""summary"":{}}",[],[]
121,19,28,5th Mute Gtr,2,"[[""ACC3"",2]]","[[""Fill 2"",2]]","{""cc:32"":2}",{},"{""n"":0,""nonzero"":0,""positive"":0,""negative"":0,""zero"":0,""max_abs"":0,""summary"":{}}","{""n"":0,""ge90"":0,""summary"":{}}",[],[]
121,21,27,Vintage S.1,2,"[[""ACC3"",2]]","[[""Ending 1"",2]]","{""cc:32"":2}",{},"{""n"":0,""nonzero"":0,""positive"":0,""negative"":0,""zero"":0,""max_abs"":0,""summary"":{}}","{""n"":0,""ge90"":0,""summary"":{}}",[],[]
121,28,120,Vox Wah Chick RX,1,"[[""ACC2"",2]]","[[""Variation 3"",2]]","{""cc:32"":2}",{},"{""n"":0,""nonzero"":0,""positive"":0,""negative"":0,""zero"":0,""max_abs"":0,""summary"":{}}","{""n"":0,""ge90"":0,""summary"":{}}",[],[]
121,19,54,Synth Voice GM,1,"[[""ACC4"",2]]","[[""Variation 4"",2]]","{""cc:32"":2}",{},"{""n"":0,""nonzero"":0,""positive"":0,""negative"":0,""zero"":0,""max_abs"":0,""summary"":{}}","{""n"":0,""ge90"":0,""summary"":{}}",[],[]
121,2,52,Oh-Ah Voices,1,"[[""ACC2"",2]]","[[""Ending 1"",2]]","{""cc:32"":2}",{},"{""n"":0,""nonzero"":0,""positive"":0,""negative"":0,""zero"":0,""max_abs"":0,""summary"":{}}","{""n"":0,""ge90"":0,""summary"":{}}",[],[]
121,13,4,E. Piano 1 GM,2,"[[""ACC1"",2]]","[[""Variation 3"",2]]","{""cc:32"":2}",{},"{""n"":0,""nonzero"":0,""positive"":0,""negative"":0,""zero"":0,""max_abs"":0,""summary"":{}}","{""n"":0,""ge90"":0,""summary"":{}}",[],[]
121,0,5,White Pad EP,2,"[[""ACC1"",2]]","[[""Variation 4"",2]]","{""cc:32"":2}",{},"{""n"":0,""nonzero"":0,""positive"":0,""negative"":0,""zero"":0,""max_abs"":0,""summary"":{}}","{""n"":0,""ge90"":0,""summary"":{}}",[],[]
121,10,4,Studio EP,1,"[[""ACC4"",2]]","[[""Ending 1"",2]]","{""cc:32"":2}",{},"{""n"":0,""nonzero"":0,""positive"":0,""negative"":0,""zero"":0,""max_abs"":0,""summary"":{}}","{""n"":0,""ge90"":0,""summary"":{}}",[],[]
121,4,90,Cross Sweep,1,"[[""ACC4"",2]]","[[""Ending 1"",2]]","{""cc:32"":2}",{},"{""n"":0,""nonzero"":0,""positive"":0,""negative"":0,""zero"":0,""max_abs"":0,""summary"":{}}","{""n"":0,""ge90"":0,""summary"":{}}",[],[]
121,7,61,Tight Brass 3,2,"[[""ACC2"",2]]","[[""Fill 2"",2]]","{""cc:32"":2}",{},"{""n"":0,""nonzero"":0,""positive"":0,""negative"":0,""zero"":0,""max_abs"":0,""summary"":{}}","{""n"":0,""ge90"":0,""summary"":{}}",[],[]
121,29,61,Trpts & Brass,2,"[[""ACC2"",2]]","[[""Break"",2]]","{""cc:32"":2}",{},"{""n"":0,""nonzero"":0,""positive"":0,""negative"":0,""zero"":0,""max_abs"":0,""summary"":{}}","{""n"":0,""ge90"":0,""summary"":{}}",[],[]
121,13,4,Thin E. Piano,1,"[[""ACC1"",2]]","[[""Variation 4"",2]]","{""cc:32"":2}",{},"{""n"":0,""nonzero"":0,""positive"":0,""negative"":0,""zero"":0,""max_abs"":0,""summary"":{}}","{""n"":0,""ge90"":0,""summary"":{}}",[],[]
121,5,11,Vibrap. Wide,2,"[[""ACC4"",2]]","[[""Ending 1"",2]]","{""cc:32"":2}",{},"{""n"":0,""nonzero"":0,""positive"":0,""negative"":0,""zero"":0,""max_abs"":0,""summary"":{}}","{""n"":0,""ge90"":0,""summary"":{}}",[],[]
121,7,48,i3 Strings,2,"[[""ACC4"",2]]","[[""Ending 2"",2]]","{""cc:32"":2}",{},"{""n"":0,""nonzero"":0,""positive"":0,""negative"":0,""zero"":0,""max_abs"":0,""summary"":{}}","{""n"":0,""ge90"":0,""summary"":{}}",[],[]
121,8,0,Ac. Piano Dark,1,"[[""ACC1"",2]]","[[""Fill 1"",1],[""Ending 1"",1]]","{""cc:32"":2}",{},"{""n"":0,""nonzero"":0,""positive"":0,""negative"":0,""zero"":0,""max_abs"":0,""summary"":{}}","{""n"":0,""ge90"":0,""summary"":{}}",[],[]
121,8,5,FM Pad E.P.,1,"[[""ACC2"",2]]","[[""Fill 2"",1],[""Ending 2"",1]]","{""cc:32"":2}",{},"{""n"":0,""nonzero"":0,""positive"":0,""negative"":0,""zero"":0,""max_abs"":0,""summary"":{}}","{""n"":0,""ge90"":0,""summary"":{}}",[],[]
121,19,4,Vintage EP,1,"[[""ACC1"",2]]","[[""Variation 3"",2]]","{""cc:32"":2}",{},"{""n"":0,""nonzero"":0,""positive"":0,""negative"":0,""zero"":0,""max_abs"":0,""summary"":{}}","{""n"":0,""ge90"":0,""summary"":{}}",[],[]
121,18,28,Clean Guitar RX1,1,"[[""ACC3"",2]]","[[""Variation 4"",2]]","{""cc:32"":2}",{},"{""n"":0,""nonzero"":0,""positive"":0,""negative"":0,""zero"":0,""max_abs"":0,""summary"":{}}","{""n"":0,""ge90"":0,""summary"":{}}",[],[]
121,14,27,Chorus Gtr Pro,1,"[[""ACC3"",2]]","[[""Intro 1"",2]]","{""cc:32"":2}",{},"{""n"":0,""nonzero"":0,""positive"":0,""negative"":0,""zero"":0,""max_abs"":0,""summary"":{}}","{""n"":0,""ge90"":0,""summary"":{}}",[],[]
121,16,71,Jazz Clarinet,1,"[[""ACC3"",2]]","[[""Fill 1"",1],[""Ending 1"",1]]","{""cc:32"":2}",{},"{""n"":0,""nonzero"":0,""positive"":0,""negative"":0,""zero"":0,""max_abs"":0,""summary"":{}}","{""n"":0,""ge90"":0,""summary"":{}}",[],[]
121,0,25,Steel Guitar Pro,1,"[[""ACC4"",2]]","[[""Ending 1"",2]]","{""cc:32"":2}",{},"{""n"":0,""nonzero"":0,""positive"":0,""negative"":0,""zero"":0,""max_abs"":0,""summary"":{}}","{""n"":0,""ge90"":0,""summary"":{}}",[],[]
121,3,33,Finger E.Bass3,1,"[[""BASS"",2]]","[[""Intro 2"",1],[""Ending 1"",1]]","{""cc:32"":2}",{},"{""n"":0,""nonzero"":0,""positive"":0,""negative"":0,""zero"":0,""max_abs"":0,""summary"":{}}","{""n"":0,""ge90"":0,""summary"":{}}",[],[]
121,21,4,Dyno Tine EP 2,1,"[[""ACC1"",2]]","[[""Variation 2"",2]]","{""cc:32"":2}",{},"{""n"":0,""nonzero"":0,""positive"":0,""negative"":0,""zero"":0,""max_abs"":0,""summary"":{}}","{""n"":0,""ge90"":0,""summary"":{}}",[],[]
121,10,4,Suit E.Piano 1,1,"[[""ACC1"",2]]","[[""Variation 4"",1],[""Intro 1"",1]]","{""cc:32"":2}",{},"{""n"":0,""nonzero"":0,""positive"":0,""negative"":0,""zero"":0,""max_abs"":0,""summary"":{}}","{""n"":0,""ge90"":0,""summary"":{}}",[],[]
121,10,28,Funk Stein RX1,1,"[[""ACC2"",2]]","[[""Variation 2"",2]]","{""cc:32"":2}",{},"{""n"":0,""nonzero"":0,""positive"":0,""negative"":0,""zero"":0,""max_abs"":0,""summary"":{}}","{""n"":0,""ge90"":0,""summary"":{}}",[],[]
121,20,28,Clean Funk RX1,1,"[[""ACC2"",2]]","[[""Variation 3"",2]]","{""cc:32"":2}",{},"{""n"":0,""nonzero"":0,""positive"":0,""negative"":0,""zero"":0,""max_abs"":0,""summary"":{}}","{""n"":0,""ge90"":0,""summary"":{}}",[],[]
121,10,27,Clean Guitar 2,1,"[[""ACC2"",2]]","[[""Variation 4"",1],[""Intro 1"",1]]","{""cc:32"":2}",{},"{""n"":0,""nonzero"":0,""positive"":0,""negative"":0,""zero"":0,""max_abs"":0,""summary"":{}}","{""n"":0,""ge90"":0,""summary"":{}}",[],[]
121,3,0,Classic Piano,1,"[[""ACC1"",2]]","[[""Variation 3"",1],[""Fill 2"",1]]","{""cc:32"":2}",{},"{""n"":0,""nonzero"":0,""positive"":0,""negative"":0,""zero"":0,""max_abs"":0,""summary"":{}}","{""n"":0,""ge90"":0,""summary"":{}}",[],[]
121,29,27,Chorus Gtr Pro,1,"[[""ACC4"",2]]","[[""Variation 3"",1],[""Ending 1"",1]]","{""cc:32"":2}",{},"{""n"":0,""nonzero"":0,""positive"":0,""negative"":0,""zero"":0,""max_abs"":0,""summary"":{}}","{""n"":0,""ge90"":0,""summary"":{}}",[],[]
121,19,4,Dyno Tine EP 1,1,"[[""ACC2"",2]]","[[""Fill 1"",2]]","{""cc:32"":2}",{},"{""n"":0,""nonzero"":0,""positive"":0,""negative"":0,""zero"":0,""max_abs"":0,""summary"":{}}","{""n"":0,""ge90"":0,""summary"":{}}",[],[]
121,24,61,Tight Brass 2,1,"[[""ACC2"",2]]","[[""Fill 1"",2]]","{""cc:32"":2}",{},"{""n"":0,""nonzero"":0,""positive"":0,""negative"":0,""zero"":0,""max_abs"":0,""summary"":{}}","{""n"":0,""ge90"":0,""summary"":{}}",[],[]
121,3,48,i3 Strings,2,"[[""ACC4"",2]]","[[""Break"",1],[""Variation 4"",1]]","{""cc:32"":2}",{},"{""n"":0,""nonzero"":0,""positive"":0,""negative"":0,""zero"":0,""max_abs"":0,""summary"":{}}","{""n"":0,""ge90"":0,""summary"":{}}",[],[]
121,0,71,Folk Clarinet,1,"[[""ACC3"",2]]","[[""Fill 1"",2]]","{""cc:32"":2}",{},"{""n"":0,""nonzero"":0,""positive"":0,""negative"":0,""zero"":0,""max_abs"":0,""summary"":{}}","{""n"":0,""ge90"":0,""summary"":{}}",[],[]
121,14,28,Clean Funk RX2,1,"[[""ACC1"",2]]","[[""Ending 3"",2]]","{""cc:32"":2}",{},"{""n"":0,""nonzero"":0,""positive"":0,""negative"":0,""zero"":0,""max_abs"":0,""summary"":{}}","{""n"":0,""ge90"":0,""summary"":{}}",[],[]
121,23,23,"Accordion 16,8'",1,"[[""ACC3"",2]]","[[""Intro 1"",1],[""Break"",1]]","{""cc:32"":2}",{},"{""n"":0,""nonzero"":0,""positive"":0,""negative"":0,""zero"":0,""max_abs"":0,""summary"":{}}","{""n"":0,""ge90"":0,""summary"":{}}",[],[]
121,7,61,Mute Ensemble 1,1,"[[""ACC1"",2]]","[[""Variation 1"",2]]","{""cc:32"":2}",{},"{""n"":0,""nonzero"":0,""positive"":0,""negative"":0,""zero"":0,""max_abs"":0,""summary"":{}}","{""n"":0,""ge90"":0,""summary"":{}}",[],[]
121,3,57,Trombone Expr. 2,1,"[[""ACC1"",2]]","[[""Intro 2"",2]]","{""cc:32"":2}",{},"{""n"":0,""nonzero"":0,""positive"":0,""negative"":0,""zero"":0,""max_abs"":0,""summary"":{}}","{""n"":0,""ge90"":0,""summary"":{}}",[],[]
121,6,57,Hard Trombone,1,"[[""ACC1"",2]]","[[""Fill 1"",2]]","{""cc:32"":2}",{},"{""n"":0,""nonzero"":0,""positive"":0,""negative"":0,""zero"":0,""max_abs"":0,""summary"":{}}","{""n"":0,""ge90"":0,""summary"":{}}",[],[]
121,10,57,Trombone Expr. 1,1,"[[""ACC1"",2]]","[[""Break"",2]]","{""cc:32"":2}",{},"{""n"":0,""nonzero"":0,""positive"":0,""negative"":0,""zero"":0,""max_abs"":0,""summary"":{}}","{""n"":0,""ge90"":0,""summary"":{}}",[],[]
121,3,57,Trombone Vel. 3,1,"[[""ACC1"",2]]","[[""Ending 1"",2]]","{""cc:32"":2}",{},"{""n"":0,""nonzero"":0,""positive"":0,""negative"":0,""zero"":0,""max_abs"":0,""summary"":{}}","{""n"":0,""ge90"":0,""summary"":{}}",[],[]
121,0,61,Glen & Friends,1,"[[""ACC2"",2]]","[[""Intro 2"",2]]","{""cc:32"":2}",{},"{""n"":0,""nonzero"":0,""positive"":0,""negative"":0,""zero"":0,""max_abs"":0,""summary"":{}}","{""n"":0,""ge90"":0,""summary"":{}}",[],[]
121,8,24,Nylon Guitar GM,1,"[[""ACC2"",2]]","[[""Fill 1"",2]]","{""cc:32"":2}",{},"{""n"":0,""nonzero"":0,""positive"":0,""negative"":0,""zero"":0,""max_abs"":0,""summary"":{}}","{""n"":0,""ge90"":0,""summary"":{}}",[],[]
121,18,27,Solid Guitar,1,"[[""ACC2"",2]]","[[""Intro 1"",2]]","{""cc:32"":2}",{},"{""n"":0,""nonzero"":0,""positive"":0,""negative"":0,""zero"":0,""max_abs"":0,""summary"":{}}","{""n"":0,""ge90"":0,""summary"":{}}",[],[]
121,16,27,Chorus Gtr Pro,1,"[[""ACC2"",2]]","[[""Fill 1"",1],[""Ending 1"",1]]","{""cc:32"":2}",{},"{""n"":0,""nonzero"":0,""positive"":0,""negative"":0,""zero"":0,""max_abs"":0,""summary"":{}}","{""n"":0,""ge90"":0,""summary"":{}}",[],[]
121,14,28,Clean Guitar RX3,2,"[[""ACC2"",1],[""ACC1"",1]]","[[""Fill 2"",1],[""Variation 4"",1]]","{""cc:32"":2}",{},"{""n"":0,""nonzero"":0,""positive"":0,""negative"":0,""zero"":0,""max_abs"":0,""summary"":{}}","{""n"":0,""ge90"":0,""summary"":{}}",[],[]
121,15,27,Funky Wah RX,1,"[[""ACC3"",2]]","[[""Intro 1"",2]]","{""cc:32"":2}",{},"{""n"":0,""nonzero"":0,""positive"":0,""negative"":0,""zero"":0,""max_abs"":0,""summary"":{}}","{""n"":0,""ge90"":0,""summary"":{}}",[],[]
121,19,27,Clean Gtr Pro2,1,"[[""ACC3"",2]]","[[""Ending 1"",2]]","{""cc:32"":2}",{},"{""n"":0,""nonzero"":0,""positive"":0,""negative"":0,""zero"":0,""max_abs"":0,""summary"":{}}","{""n"":0,""ge90"":0,""summary"":{}}",[],[]
121,11,56,Trumpet Pro 1,1,"[[""ACC5"",2]]","[[""Break"",1],[""Ending 3"",1]]","{""cc:32"":2}",{},"{""n"":0,""nonzero"":0,""positive"":0,""negative"":0,""zero"":0,""max_abs"":0,""summary"":{}}","{""n"":0,""ge90"":0,""summary"":{}}",[],[]
121,51,18,BX3 Rock 3 V.,1,"[[""ACC4"",2]]","[[""Ending 1"",2]]","{""cc:32"":1,""cc:86"":1}",{},"{""n"":0,""nonzero"":0,""positive"":0,""negative"":0,""zero"":0,""max_abs"":0,""summary"":{}}","{""n"":0,""ge90"":0,""summary"":{}}",[],[]
121,3,57,Trombone Vel. 1,1,"[[""ACC5"",2]]","[[""Variation 3"",2]]","{""cc:32"":2}",{},"{""n"":0,""nonzero"":0,""positive"":0,""negative"":0,""zero"":0,""max_abs"":0,""summary"":{}}","{""n"":0,""ge90"":0,""summary"":{}}",[],[]
121,3,48,Arco Strings,1,"[[""ACC3"",2]]","[[""Ending 1"",2]]","{""cc:32"":2}",{},"{""n"":0,""nonzero"":0,""positive"":0,""negative"":0,""zero"":0,""max_abs"":0,""summary"":{}}","{""n"":0,""ge90"":0,""summary"":{}}",[],[]
121,3,66,Tenor Sax GM,1,"[[""ACC4"",2]]","[[""Variation 4"",2]]","{""cc:32"":2}",{},"{""n"":0,""nonzero"":0,""positive"":0,""negative"":0,""zero"":0,""max_abs"":0,""summary"":{}}","{""n"":0,""ge90"":0,""summary"":{}}",[],[]
121,0,67,Baritone Sax Pro,1,"[[""ACC4"",2]]","[[""Intro 1"",2]]","{""cc:32"":2}",{},"{""n"":0,""nonzero"":0,""positive"":0,""negative"":0,""zero"":0,""max_abs"":0,""summary"":{}}","{""n"":0,""ge90"":0,""summary"":{}}",[],[]
121,22,57,Trombone Expr. 1,1,"[[""ACC3"",2]]","[[""Intro 2"",2]]","{""cc:32"":2}",{},"{""n"":0,""nonzero"":0,""positive"":0,""negative"":0,""zero"":0,""max_abs"":0,""summary"":{}}","{""n"":0,""ge90"":0,""summary"":{}}",[],[]
121,11,61,Dyna Brass 2,1,"[[""ACC3"",2]]","[[""Fill 1"",2]]","{""cc:32"":2}",{},"{""n"":0,""nonzero"":0,""positive"":0,""negative"":0,""zero"":0,""max_abs"":0,""summary"":{}}","{""n"":0,""ge90"":0,""summary"":{}}",[],[]
121,27,57,Trombone Expr. 1,1,"[[""ACC3"",2]]","[[""Ending 1"",2]]","{""cc:32"":2}",{},"{""n"":0,""nonzero"":0,""positive"":0,""negative"":0,""zero"":0,""max_abs"":0,""summary"":{}}","{""n"":0,""ge90"":0,""summary"":{}}",[],[]
121,30,25,RealFolk Gtr ST1,1,"[[""ACC1"",2]]","[[""Fill 1"",2]]","{""cc:32"":2}",{},"{""n"":0,""nonzero"":0,""positive"":0,""negative"":0,""zero"":0,""max_abs"":0,""summary"":{}}","{""n"":0,""ge90"":0,""summary"":{}}",[],[]
121,20,18,Jimmy Organ V.,1,"[[""ACC3"",2]]","[[""Variation 2"",2]]","{""cc:32"":2}",{},"{""n"":0,""nonzero"":0,""positive"":0,""negative"":0,""zero"":0,""max_abs"":0,""summary"":{}}","{""n"":0,""ge90"":0,""summary"":{}}",[],[]
121,10,16,BX3 Jazz V.,1,"[[""ACC3"",2]]","[[""Variation 3"",2]]","{""cc:32"":2}",{},"{""n"":0,""nonzero"":0,""positive"":0,""negative"":0,""zero"":0,""max_abs"":0,""summary"":{}}","{""n"":0,""ge90"":0,""summary"":{}}",[],[]
121,0,16,Theatre Organ 2,1,"[[""ACC4"",2]]","[[""Intro 1"",1],[""Ending 1"",1]]","{""cc:32"":2}",{},"{""n"":0,""nonzero"":0,""positive"":0,""negative"":0,""zero"":0,""max_abs"":0,""summary"":{}}","{""n"":0,""ge90"":0,""summary"":{}}",[],[]
121,3,17,Perc. Organ 2,1,"[[""ACC2"",2]]","[[""Intro 1"",2]]","{""cc:32"":2}",{},"{""n"":0,""nonzero"":0,""positive"":0,""negative"":0,""zero"":0,""max_abs"":0,""summary"":{}}","{""n"":0,""ge90"":0,""summary"":{}}",[],[]
121,3,18,BX3 Jazz Pc. V.,1,"[[""ACC2"",2]]","[[""Ending 1"",2]]","{""cc:32"":2}",{},"{""n"":0,""nonzero"":0,""positive"":0,""negative"":0,""zero"":0,""max_abs"":0,""summary"":{}}","{""n"":0,""ge90"":0,""summary"":{}}",[],[]
121,14,24,Nylon Gtr RX1,1,"[[""ACC1"",2]]","[[""Intro 1"",2]]","{""cc:32"":2}",{},"{""n"":0,""nonzero"":0,""positive"":0,""negative"":0,""zero"":0,""max_abs"":0,""summary"":{}}","{""n"":0,""ge90"":0,""summary"":{}}",[],[]
121,12,24,Nylon Slide Pro,1,"[[""ACC1"",2]]","[[""Intro 2"",2]]","{""cc:32"":2}",{},"{""n"":0,""nonzero"":0,""positive"":0,""negative"":0,""zero"":0,""max_abs"":0,""summary"":{}}","{""n"":0,""ge90"":0,""summary"":{}}",[],[]
121,13,50,Synth Strings1GM,1,"[[""ACC5"",2]]","[[""Intro 1"",1],[""Ending 1"",1]]","{""cc:32"":2}",{},"{""n"":0,""nonzero"":0,""positive"":0,""negative"":0,""zero"":0,""max_abs"":0,""summary"":{}}","{""n"":0,""ge90"":0,""summary"":{}}",[],[]
121,0,48,Arabic Strings,1,"[[""ACC5"",2]]","[[""Fill 2"",1],[""Ending 2"",1]]","{""cc:32"":2}",{},"{""n"":0,""nonzero"":0,""positive"":0,""negative"":0,""zero"":0,""max_abs"":0,""summary"":{}}","{""n"":0,""ge90"":0,""summary"":{}}",[],[]
121,34,61,Glen & Friends,1,"[[""ACC3"",2]]","[[""Intro 1"",2]]","{""cc:32"":2}",{},"{""n"":0,""nonzero"":0,""positive"":0,""negative"":0,""zero"":0,""max_abs"":0,""summary"":{}}","{""n"":0,""ge90"":0,""summary"":{}}",[],[]
121,5,33,Finger Bass 2,1,"[[""BASS"",2]]","[[""Variation 3"",2]]","{""cc:32"":2}",{},"{""n"":0,""nonzero"":0,""positive"":0,""negative"":0,""zero"":0,""max_abs"":0,""summary"":{}}","{""n"":0,""ge90"":0,""summary"":{}}",[],[]
121,5,37,Dyna Slap Bass,1,"[[""BASS"",2]]","[[""Fill 2"",2]]","{""cc:32"":2}",{},"{""n"":0,""nonzero"":0,""positive"":0,""negative"":0,""zero"":0,""max_abs"":0,""summary"":{}}","{""n"":0,""ge90"":0,""summary"":{}}",[],[]
121,10,5,FM Pad E.P.,1,"[[""ACC1"",2]]","[[""Variation 3"",2]]","{""cc:32"":2}",{},"{""n"":0,""nonzero"":0,""positive"":0,""negative"":0,""zero"":0,""max_abs"":0,""summary"":{}}","{""n"":0,""ge90"":0,""summary"":{}}",[],[]
121,8,48,Stereo Strings,1,"[[""ACC3"",2]]","[[""Variation 3"",2]]","{""cc:32"":2}",{},"{""n"":0,""nonzero"":0,""positive"":0,""negative"":0,""zero"":0,""max_abs"":0,""summary"":{}}","{""n"":0,""ge90"":0,""summary"":{}}",[],[]
121,2,89,Analog Pad 1,1,"[[""ACC3"",2]]","[[""Variation 4"",2]]","{""cc:32"":2}",{},"{""n"":0,""nonzero"":0,""positive"":0,""negative"":0,""zero"":0,""max_abs"":0,""summary"":{}}","{""n"":0,""ge90"":0,""summary"":{}}",[],[]
121,0,4,Bell E. Piano 1,1,"[[""ACC5"",2]]","[[""Ending 2"",2]]","{""cc:32"":2}",{},"{""n"":0,""nonzero"":0,""positive"":0,""negative"":0,""zero"":0,""max_abs"":0,""summary"":{}}","{""n"":0,""ge90"":0,""summary"":{}}",[],[]
121,4,34,Stein Bass,1,"[[""BASS"",2]]","[[""Intro 1"",2]]","{""cc:32"":2}",{},"{""n"":0,""nonzero"":0,""positive"":0,""negative"":0,""zero"":0,""max_abs"":0,""summary"":{}}","{""n"":0,""ge90"":0,""summary"":{}}",[],[]
121,18,16,BX3 Rock 1 V.,1,"[[""ACC4"",2]]","[[""Variation 2"",2]]","{""cc:32"":2}",{},"{""n"":0,""nonzero"":0,""positive"":0,""negative"":0,""zero"":0,""max_abs"":0,""summary"":{}}","{""n"":0,""ge90"":0,""summary"":{}}",[],[]
121,1,11,Vibraphone 1 GM,1,"[[""ACC2"",2]]","[[""Fill 2"",2]]","{""cc:32"":2}",{},"{""n"":0,""nonzero"":0,""positive"":0,""negative"":0,""zero"":0,""max_abs"":0,""summary"":{}}","{""n"":0,""ge90"":0,""summary"":{}}",[],[]
121,13,16,Jazz Organ,1,"[[""ACC3"",2]]","[[""Intro 1"",2]]","{""cc:32"":2}",{},"{""n"":0,""nonzero"":0,""positive"":0,""negative"":0,""zero"":0,""max_abs"":0,""summary"":{}}","{""n"":0,""ge90"":0,""summary"":{}}",[],[]
121,10,27,Single Coil Pro,1,"[[""ACC2"",2]]","[[""Intro 2"",1],[""Ending 2"",1]]","{""cc:32"":2}",{},"{""n"":0,""nonzero"":0,""positive"":0,""negative"":0,""zero"":0,""max_abs"":0,""summary"":{}}","{""n"":0,""ge90"":0,""summary"":{}}",[],[]
121,5,61,Tight Brass 2,1,"[[""ACC3"",2]]","[[""Variation 3"",2]]","{""cc:32"":2}",{},"{""n"":0,""nonzero"":0,""positive"":0,""negative"":0,""zero"":0,""max_abs"":0,""summary"":{}}","{""n"":0,""ge90"":0,""summary"":{}}",[],[]
121,29,61,Sax & Brass,1,"[[""ACC3"",2]]","[[""Variation 4"",2]]","{""cc:32"":2}",{},"{""n"":0,""nonzero"":0,""positive"":0,""negative"":0,""zero"":0,""max_abs"":0,""summary"":{}}","{""n"":0,""ge90"":0,""summary"":{}}",[],[]
121,11,21,Steirisch.Akk.1,1,"[[""ACC1"",2]]","[[""Intro 2"",1],[""Ending 2"",1]]","{""cc:32"":2}",{},"{""n"":0,""nonzero"":0,""positive"":0,""negative"":0,""zero"":0,""max_abs"":0,""summary"":{}}","{""n"":0,""ge90"":0,""summary"":{}}",[],[]
121,11,91,Fresh Air 1,1,"[[""ACC5"",2]]","[[""Variation 4"",1],[""Break"",1]]","{""cc:32"":2}",{},"{""n"":0,""nonzero"":0,""positive"":0,""negative"":0,""zero"":0,""max_abs"":0,""summary"":{}}","{""n"":0,""ge90"":0,""summary"":{}}",[],[]
121,2,25,Mandolin Trem.,1,"[[""ACC5"",2]]","[[""Intro 2"",1],[""Ending 2"",1]]","{""cc:32"":2}",{},"{""n"":0,""nonzero"":0,""positive"":0,""negative"":0,""zero"":0,""max_abs"":0,""summary"":{}}","{""n"":0,""ge90"":0,""summary"":{}}",[],[]
121,7,48,Strings & Horns,1,"[[""ACC1"",2]]","[[""Ending 2"",2]]","{""cc:32"":2}",{},"{""n"":0,""nonzero"":0,""positive"":0,""negative"":0,""zero"":0,""max_abs"":0,""summary"":{}}","{""n"":0,""ge90"":0,""summary"":{}}",[],[]
121,0,60,French Section,1,"[[""ACC2"",2]]","[[""Fill 1"",2]]","{""cc:32"":2}",{},"{""n"":0,""nonzero"":0,""positive"":0,""negative"":0,""zero"":0,""max_abs"":0,""summary"":{}}","{""n"":0,""ge90"":0,""summary"":{}}",[],[]
121,14,13,Xylophone GM,1,"[[""ACC2"",2]]","[[""Ending 1"",2]]","{""cc:32"":2}",{},"{""n"":0,""nonzero"":0,""positive"":0,""negative"":0,""zero"":0,""max_abs"":0,""summary"":{}}","{""n"":0,""ge90"":0,""summary"":{}}",[],[]
121,0,48,Orchestra Tutti1,1,"[[""ACC2"",2]]","[[""Ending 3"",2]]","{""cc:32"":2}",{},"{""n"":0,""nonzero"":0,""positive"":0,""negative"":0,""zero"":0,""max_abs"":0,""summary"":{}}","{""n"":0,""ge90"":0,""summary"":{}}",[],[]
121,4,70,Bassoon GM,1,"[[""ACC3"",2]]","[[""Intro 1"",2]]","{""cc:32"":2}",{},"{""n"":0,""nonzero"":0,""positive"":0,""negative"":0,""zero"":0,""max_abs"":0,""summary"":{}}","{""n"":0,""ge90"":0,""summary"":{}}",[],[]
121,4,45,Pizzicato Str.GM,1,"[[""ACC3"",2]]","[[""Ending 1"",2]]","{""cc:32"":2}",{},"{""n"":0,""nonzero"":0,""positive"":0,""negative"":0,""zero"":0,""max_abs"":0,""summary"":{}}","{""n"":0,""ge90"":0,""summary"":{}}",[],[]
121,2,16,Drawbars Fast V.,1,"[[""ACC4"",2]]","[[""Fill 1"",1],[""Fill 2"",1]]","{""cc:32"":2}",{},"{""n"":0,""nonzero"":0,""positive"":0,""negative"":0,""zero"":0,""max_abs"":0,""summary"":{}}","{""n"":0,""ge90"":0,""summary"":{}}",[],[]
121,18,18,Killer B,1,"[[""ACC4"",2]]","[[""Ending 1"",2]]","{""cc:32"":2}",{},"{""n"":0,""nonzero"":0,""positive"":0,""negative"":0,""zero"":0,""max_abs"":0,""summary"":{}}","{""n"":0,""ge90"":0,""summary"":{}}",[],[]
121,7,34,Bass&Gtr Double,1,"[[""BASS"",2]]","[[""Intro 2"",2]]","{""cc:32"":2}",{},"{""n"":0,""nonzero"":0,""positive"":0,""negative"":0,""zero"":0,""max_abs"":0,""summary"":{}}","{""n"":0,""ge90"":0,""summary"":{}}",[],[]
121,1,4,EP1 Veloc.sw,1,"[[""ACC1"",2]]","[[""Variation 4"",2]]","{""cc:32"":2}",{},"{""n"":0,""nonzero"":0,""positive"":0,""negative"":0,""zero"":0,""max_abs"":0,""summary"":{}}","{""n"":0,""ge90"":0,""summary"":{}}",[],[]
121,5,4,EP1 Veloc.sw,1,"[[""ACC1"",2]]","[[""Ending 1"",2]]","{""cc:32"":2}",{},"{""n"":0,""nonzero"":0,""positive"":0,""negative"":0,""zero"":0,""max_abs"":0,""summary"":{}}","{""n"":0,""ge90"":0,""summary"":{}}",[],[]
121,83,2,Grand&FM Stack,1,"[[""ACC1"",2]]","[[""Ending 1"",2]]","{""cc:32"":1,""cc:97"":1}",{},"{""n"":0,""nonzero"":0,""positive"":0,""negative"":0,""zero"":0,""max_abs"":0,""summary"":{}}","{""n"":0,""ge90"":0,""summary"":{}}",[],[]
121,31,27,Real El.Gtr ST2,2,"[[""ACC2"",2]]","[[""Intro 1"",1],[""Intro 2"",1]]","{""cc:32"":2}",{},"{""n"":0,""nonzero"":0,""positive"":0,""negative"":0,""zero"":0,""max_abs"":0,""summary"":{}}","{""n"":0,""ge90"":0,""summary"":{}}",[],[]
121,19,4,Detuned EP 1,1,"[[""ACC1"",2]]","[[""Variation 2"",2]]","{""cc:32"":2}",{},"{""n"":0,""nonzero"":0,""positive"":0,""negative"":0,""zero"":0,""max_abs"":0,""summary"":{}}","{""n"":0,""ge90"":0,""summary"":{}}",[],[]
121,16,24,Real Nylon Gtr,1,"[[""ACC2"",2]]","[[""Intro 1"",2]]","{""cc:32"":2}",{},"{""n"":0,""nonzero"":0,""positive"":0,""negative"":0,""zero"":0,""max_abs"":0,""summary"":{}}","{""n"":0,""ge90"":0,""summary"":{}}",[],[]
121,17,24,RealNylon Gtr ST,1,"[[""ACC2"",2]]","[[""Intro 2"",2]]","{""cc:32"":2}",{},"{""n"":0,""nonzero"":0,""positive"":0,""negative"":0,""zero"":0,""max_abs"":0,""summary"":{}}","{""n"":0,""ge90"":0,""summary"":{}}",[],[]
121,32,24,Real Nylon Gtr,1,"[[""ACC2"",50]]","[[""Ending 2"",50]]","{""cc:32"":2}",{},"{""n"":0,""nonzero"":0,""positive"":0,""negative"":0,""zero"":0,""max_abs"":0,""summary"":{}}","{""n"":0,""ge90"":0,""summary"":{}}",[],[]
121,30,25,Real Folk Gtr,1,"[[""ACC4"",2]]","[[""Variation 4"",2]]","{""cc:32"":2}",{},"{""n"":0,""nonzero"":0,""positive"":0,""negative"":0,""zero"":0,""max_abs"":0,""summary"":{}}","{""n"":0,""ge90"":0,""summary"":{}}",[],[]
121,32,25,RealFolk Gtr ST2,1,"[[""ACC4"",2]]","[[""Intro 2"",2]]","{""cc:32"":2}",{},"{""n"":0,""nonzero"":0,""positive"":0,""negative"":0,""zero"":0,""max_abs"":0,""summary"":{}}","{""n"":0,""ge90"":0,""summary"":{}}",[],[]
121,4,52,Take Voices 2,1,"[[""ACC1"",2]]","[[""Intro 1"",1],[""Fill 1"",1]]","{""cc:32"":2}",{},"{""n"":0,""nonzero"":0,""positive"":0,""negative"":0,""zero"":0,""max_abs"":0,""summary"":{}}","{""n"":0,""ge90"":0,""summary"":{}}",[],[]
121,0,67,Baritone Sax 2,1,"[[""ACC4"",2]]","[[""Intro 1"",2]]","{""cc:32"":2}",{},"{""n"":0,""nonzero"":0,""positive"":0,""negative"":0,""zero"":0,""max_abs"":0,""summary"":{}}","{""n"":0,""ge90"":0,""summary"":{}}",[],[]
121,13,5,FM Stack E.P.,1,"[[""ACC1"",2]]","[[""Variation 4"",2]]","{""cc:32"":2}",{},"{""n"":0,""nonzero"":0,""positive"":0,""negative"":0,""zero"":0,""max_abs"":0,""summary"":{}}","{""n"":0,""ge90"":0,""summary"":{}}",[],[]
121,5,5,White Pad EP,1,"[[""ACC1"",2]]","[[""Intro 1"",2]]","{""cc:32"":2}",{},"{""n"":0,""nonzero"":0,""positive"":0,""negative"":0,""zero"":0,""max_abs"":0,""summary"":{}}","{""n"":0,""ge90"":0,""summary"":{}}",[],[]
121,18,5,FM Pad E.P.,1,"[[""ACC1"",2]]","[[""Ending 2"",2]]","{""cc:32"":2}",{},"{""n"":0,""nonzero"":0,""positive"":0,""negative"":0,""zero"":0,""max_abs"":0,""summary"":{}}","{""n"":0,""ge90"":0,""summary"":{}}",[],[]
121,3,53,Humming,1,"[[""ACC4"",2]]","[[""Variation 4"",2]]","{""cc:32"":2}",{},"{""n"":0,""nonzero"":0,""positive"":0,""negative"":0,""zero"":0,""max_abs"":0,""summary"":{}}","{""n"":0,""ge90"":0,""summary"":{}}",[],[]
121,3,7,Pulse Clav,1,"[[""ACC2"",2]]","[[""Variation 4"",1],[""Break"",1]]","{""cc:32"":2}",{},"{""n"":0,""nonzero"":0,""positive"":0,""negative"":0,""zero"":0,""max_abs"":0,""summary"":{}}","{""n"":0,""ge90"":0,""summary"":{}}",[],[]
121,1,7,Clav Snap,1,"[[""ACC2"",2]]","[[""Intro 1"",1],[""Ending 1"",1]]","{""cc:32"":2}",{},"{""n"":0,""nonzero"":0,""positive"":0,""negative"":0,""zero"":0,""max_abs"":0,""summary"":{}}","{""n"":0,""ge90"":0,""summary"":{}}",[],[]
121,9,4,Tine E.Piano RX,1,"[[""ACC1"",2]]","[[""Intro 1"",2]]","{""cc:32"":2}",{},"{""n"":0,""nonzero"":0,""positive"":0,""negative"":0,""zero"":0,""max_abs"":0,""summary"":{}}","{""n"":0,""ge90"":0,""summary"":{}}",[],[]
121,4,4,Thin E. Piano,1,"[[""ACC1"",2]]","[[""Intro 2"",2]]","{""cc:32"":2}",{},"{""n"":0,""nonzero"":0,""positive"":0,""negative"":0,""zero"":0,""max_abs"":0,""summary"":{}}","{""n"":0,""ge90"":0,""summary"":{}}",[],[]
121,0,48,Symphonic Bows,1,"[[""ACC4"",2]]","[[""Fill 2"",2]]","{""cc:32"":2}",{},"{""n"":0,""nonzero"":0,""positive"":0,""negative"":0,""zero"":0,""max_abs"":0,""summary"":{}}","{""n"":0,""ge90"":0,""summary"":{}}",[],[]
121,6,81,Power Saw,1,"[[""ACC4"",2]]","[[""Intro 1"",1],[""Ending 1"",1]]","{""cc:32"":2}",{},"{""n"":0,""nonzero"":0,""positive"":0,""negative"":0,""zero"":0,""max_abs"":0,""summary"":{}}","{""n"":0,""ge90"":0,""summary"":{}}",[],[]
121,5,81,Octo Lead,1,"[[""ACC4"",2]]","[[""Break"",1],[""Ending 2"",1]]","{""cc:32"":2}",{},"{""n"":0,""nonzero"":0,""positive"":0,""negative"":0,""zero"":0,""max_abs"":0,""summary"":{}}","{""n"":0,""ge90"":0,""summary"":{}}",[],[]
121,5,89,Dark Pad,1,"[[""ACC5"",2]]","[[""Variation 4"",1],[""Ending 2"",1]]","{""cc:32"":2}",{},"{""n"":0,""nonzero"":0,""positive"":0,""negative"":0,""zero"":0,""max_abs"":0,""summary"":{}}","{""n"":0,""ge90"":0,""summary"":{}}",[],[]
121,6,33,Finger E.Bass1,1,"[[""BASS"",2]]","[[""Intro 3"",1],[""Fill 2"",1]]","{""cc:32"":2}",{},"{""n"":0,""nonzero"":0,""positive"":0,""negative"":0,""zero"":0,""max_abs"":0,""summary"":{}}","{""n"":0,""ge90"":0,""summary"":{}}",[],[]
121,34,,,1,"[[""ACC2"",2]]","[[""Variation 2"",2]]","{""cc:32"":2}",{},"{""n"":0,""nonzero"":0,""positive"":0,""negative"":0,""zero"":0,""max_abs"":0,""summary"":{}}","{""n"":0,""ge90"":0,""summary"":{}}",[],[]
121,13,61,Trpts &Trombs,1,"[[""ACC2"",2]]","[[""Variation 3"",2]]","{""cc:32"":2}",{},"{""n"":0,""nonzero"":0,""positive"":0,""negative"":0,""zero"":0,""max_abs"":0,""summary"":{}}","{""n"":0,""ge90"":0,""summary"":{}}",[],[]
121,7,50,Analog Strings 1,1,"[[""ACC2"",1]]","[[""Variation 4"",1]]","{""cc:32"":1}",{},"{""n"":0,""nonzero"":0,""positive"":0,""negative"":0,""zero"":0,""max_abs"":0,""summary"":{}}","{""n"":0,""ge90"":0,""summary"":{}}",[],[]
121,23,61,Trpts & Brass,1,"[[""ACC4"",1]]","[[""Intro 1"",1]]","{""cc:32"":1}",{},"{""n"":0,""nonzero"":0,""positive"":0,""negative"":0,""zero"":0,""max_abs"":0,""summary"":{}}","{""n"":0,""ge90"":0,""summary"":{}}",[],[]
121,23,4,Tine E.Piano RX,1,"[[""ACC5"",1]]","[[""Variation 2"",1]]","{""cc:32"":1}",{},"{""n"":0,""nonzero"":0,""positive"":0,""negative"":0,""zero"":0,""max_abs"":0,""summary"":{}}","{""n"":0,""ge90"":0,""summary"":{}}",[],[]
121,5,61,Trpts & Brass,1,"[[""ACC5"",1]]","[[""Variation 4"",1]]","{""cc:32"":1}",{},"{""n"":0,""nonzero"":0,""positive"":0,""negative"":0,""zero"":0,""max_abs"":0,""summary"":{}}","{""n"":0,""ge90"":0,""summary"":{}}",[],[]
121,23,61,Sax & Brass,1,"[[""ACC5"",1]]","[[""Fill 1"",1]]","{""cc:32"":1}",{},"{""n"":0,""nonzero"":0,""positive"":0,""negative"":0,""zero"":0,""max_abs"":0,""summary"":{}}","{""n"":0,""ge90"":0,""summary"":{}}",[],[]
121,5,61,Sforzato Brass,1,"[[""ACC5"",1]]","[[""Ending 3"",1]]","{""cc:32"":1}",{},"{""n"":0,""nonzero"":0,""positive"":0,""negative"":0,""zero"":0,""max_abs"":0,""summary"":{}}","{""n"":0,""ge90"":0,""summary"":{}}",[],[]
121,11,28,Clean Funk,1,"[[""ACC2"",1]]","[[""Variation 4"",1]]","{""cc:32"":1}",{},"{""n"":0,""nonzero"":0,""positive"":0,""negative"":0,""zero"":0,""max_abs"":0,""summary"":{}}","{""n"":0,""ge90"":0,""summary"":{}}",[],[]
121,4,2,90's Piano,1,"[[""ACC1"",1]]","[[""Variation 3"",1]]","{""cc:32"":1}",{},"{""n"":0,""nonzero"":0,""positive"":0,""negative"":0,""zero"":0,""max_abs"":0,""summary"":{}}","{""n"":0,""ge90"":0,""summary"":{}}",[],[]
121,6,4,Vintage EP,1,"[[""ACC1"",1]]","[[""Variation 4"",1]]","{""cc:32"":1}",{},"{""n"":0,""nonzero"":0,""positive"":0,""negative"":0,""zero"":0,""max_abs"":0,""summary"":{}}","{""n"":0,""ge90"":0,""summary"":{}}",[],[]
121,5,4,Pro Stage EP,1,"[[""ACC1"",1]]","[[""Intro 1"",1]]","{""cc:32"":1}",{},"{""n"":0,""nonzero"":0,""positive"":0,""negative"":0,""zero"":0,""max_abs"":0,""summary"":{}}","{""n"":0,""ge90"":0,""summary"":{}}",[],[]
121,4,4,Pro Dyno EP,1,"[[""ACC1"",1]]","[[""Intro 2"",1]]","{""cc:32"":1}",{},"{""n"":0,""nonzero"":0,""positive"":0,""negative"":0,""zero"":0,""max_abs"":0,""summary"":{}}","{""n"":0,""ge90"":0,""summary"":{}}",[],[]
121,3,4,Vintage EP,1,"[[""ACC1"",1]]","[[""Fill 1"",1]]","{""cc:32"":1}",{},"{""n"":0,""nonzero"":0,""positive"":0,""negative"":0,""zero"":0,""max_abs"":0,""summary"":{}}","{""n"":0,""ge90"":0,""summary"":{}}",[],[]
121,6,2,90's Piano,1,"[[""ACC1"",1]]","[[""Ending 2"",1]]","{""cc:32"":1}",{},"{""n"":0,""nonzero"":0,""positive"":0,""negative"":0,""zero"":0,""max_abs"":0,""summary"":{}}","{""n"":0,""ge90"":0,""summary"":{}}",[],[]
121,3,4,Pro Stage EP,1,"[[""ACC1"",1]]","[[""Ending 3"",1]]","{""cc:32"":1}",{},"{""n"":0,""nonzero"":0,""positive"":0,""negative"":0,""zero"":0,""max_abs"":0,""summary"":{}}","{""n"":0,""ge90"":0,""summary"":{}}",[],[]
121,3,4,Pro Dyno EP,1,"[[""ACC1"",1]]","[[""Ending 1"",1]]","{""cc:32"":1}",{},"{""n"":0,""nonzero"":0,""positive"":0,""negative"":0,""zero"":0,""max_abs"":0,""summary"":{}}","{""n"":0,""ge90"":0,""summary"":{}}",[],[]
121,2,0,Rock Piano,1,"[[""ACC1"",1]]","[[""Variation 2"",1]]","{""cc:32"":1}",{},"{""n"":0,""nonzero"":0,""positive"":0,""negative"":0,""zero"":0,""max_abs"":0,""summary"":{}}","{""n"":0,""ge90"":0,""summary"":{}}",[],[]
121,1,2,M1 Piano,1,"[[""ACC1"",1]]","[[""Variation 4"",1]]","{""cc:32"":1}",{},"{""n"":0,""nonzero"":0,""positive"":0,""negative"":0,""zero"":0,""max_abs"":0,""summary"":{}}","{""n"":0,""ge90"":0,""summary"":{}}",[],[]
121,2,1,Bright PianoWide,1,"[[""ACC1"",1]]","[[""Intro 1"",1]]","{""cc:32"":1}",{},"{""n"":0,""nonzero"":0,""positive"":0,""negative"":0,""zero"":0,""max_abs"":0,""summary"":{}}","{""n"":0,""ge90"":0,""summary"":{}}",[],[]
121,12,28,Clean Funk RX2,1,"[[""ACC2"",1]]","[[""Variation 3"",1]]","{""cc:32"":1}",{},"{""n"":0,""nonzero"":0,""positive"":0,""negative"":0,""zero"":0,""max_abs"":0,""summary"":{}}","{""n"":0,""ge90"":0,""summary"":{}}",[],[]
121,11,27,Funky Wah RX,1,"[[""ACC2"",1]]","[[""Variation 4"",1]]","{""cc:32"":1}",{},"{""n"":0,""nonzero"":0,""positive"":0,""negative"":0,""zero"":0,""max_abs"":0,""summary"":{}}","{""n"":0,""ge90"":0,""summary"":{}}",[],[]
121,4,29,Guitar Pinch,1,"[[""ACC1"",1]]","[[""Break"",1]]","{""cc:32"":1}",{},"{""n"":0,""nonzero"":0,""positive"":0,""negative"":0,""zero"":0,""max_abs"":0,""summary"":{}}","{""n"":0,""ge90"":0,""summary"":{}}",[],[]
121,1,30,Power Chords,1,"[[""ACC1"",1]]","[[""Ending 1"",1]]","{""cc:32"":1}",{},"{""n"":0,""nonzero"":0,""positive"":0,""negative"":0,""zero"":0,""max_abs"":0,""summary"":{}}","{""n"":0,""ge90"":0,""summary"":{}}",[],[]
121,2,15,Dulcimer GM,1,"[[""ACC1"",1]]","[[""Variation 2"",1]]","{""cc:32"":1}",{},"{""n"":0,""nonzero"":0,""positive"":0,""negative"":0,""zero"":0,""max_abs"":0,""summary"":{}}","{""n"":0,""ge90"":0,""summary"":{}}",[],[]
121,1,90,Sky Watcher,1,"[[""ACC1"",1]]","[[""Variation 4"",1]]","{""cc:32"":1}",{},"{""n"":0,""nonzero"":0,""positive"":0,""negative"":0,""zero"":0,""max_abs"":0,""summary"":{}}","{""n"":0,""ge90"":0,""summary"":{}}",[],[]
121,2,81,Lead Saw 2,1,"[[""ACC3"",1]]","[[""Variation 2"",1]]","{""cc:32"":1}",{},"{""n"":0,""nonzero"":0,""positive"":0,""negative"":0,""zero"":0,""max_abs"":0,""summary"":{}}","{""n"":0,""ge90"":0,""summary"":{}}",[],[]
121,1,102,Echo Pan,1,"[[""ACC3"",1]]","[[""Variation 3"",1]]","{""cc:32"":1}",{},"{""n"":0,""nonzero"":0,""positive"":0,""negative"":0,""zero"":0,""max_abs"":0,""summary"":{}}","{""n"":0,""ge90"":0,""summary"":{}}",[],[]
121,2,106,Shamisen GM,1,"[[""ACC5"",1]]","[[""Ending 2"",1]]","{""cc:32"":1}",{},"{""n"":0,""nonzero"":0,""positive"":0,""negative"":0,""zero"":0,""max_abs"":0,""summary"":{}}","{""n"":0,""ge90"":0,""summary"":{}}",[],[]
121,13,24,Nylon Guitar 2,1,"[[""ACC2"",1]]","[[""Ending 2"",1]]","{""cc:32"":1}",{},"{""n"":0,""nonzero"":0,""positive"":0,""negative"":0,""zero"":0,""max_abs"":0,""summary"":{}}","{""n"":0,""ge90"":0,""summary"":{}}",[],[]
121,2,64,Sweet Soprano 2,1,"[[""ACC5"",1]]","[[""Fill 2"",1]]","{""cc:32"":1}",{},"{""n"":0,""nonzero"":0,""positive"":0,""negative"":0,""zero"":0,""max_abs"":0,""summary"":{}}","{""n"":0,""ge90"":0,""summary"":{}}",[],[]
121,5,5,Hybrid EP,1,"[[""ACC1"",1]]","[[""Break"",1]]","{""cc:32"":1}",{},"{""n"":0,""nonzero"":0,""positive"":0,""negative"":0,""zero"":0,""max_abs"":0,""summary"":{}}","{""n"":0,""ge90"":0,""summary"":{}}",[],[]
121,2,27,Single Coil,1,"[[""ACC5"",1]]","[[""Ending 1"",1]]","{""cc:32"":1}",{},"{""n"":0,""nonzero"":0,""positive"":0,""negative"":0,""zero"":0,""max_abs"":0,""summary"":{}}","{""n"":0,""ge90"":0,""summary"":{}}",[],[]
121,6,27,Club Jazz Gtr 1,1,"[[""ACC5"",1]]","[[""Ending 3"",1]]","{""cc:32"":1}",{},"{""n"":0,""nonzero"":0,""positive"":0,""negative"":0,""zero"":0,""max_abs"":0,""summary"":{}}","{""n"":0,""ge90"":0,""summary"":{}}",[],[]
121,2,73,Jazz Flute Expr.,1,"[[""ACC1"",1]]","[[""Intro 1"",1]]","{""cc:32"":1}",{},"{""n"":0,""nonzero"":0,""positive"":0,""negative"":0,""zero"":0,""max_abs"":0,""summary"":{}}","{""n"":0,""ge90"":0,""summary"":{}}",[],[]
121,3,71,Clarinet Ens.,1,"[[""ACC1"",1]]","[[""Break"",1]]","{""cc:32"":1}",{},"{""n"":0,""nonzero"":0,""positive"":0,""negative"":0,""zero"":0,""max_abs"":0,""summary"":{}}","{""n"":0,""ge90"":0,""summary"":{}}",[],[]
121,11,26,Soft Jazz Guitar,1,"[[""ACC2"",1]]","[[""Ending 1"",1]]","{""cc:32"":1}",{},"{""n"":0,""nonzero"":0,""positive"":0,""negative"":0,""zero"":0,""max_abs"":0,""summary"":{}}","{""n"":0,""ge90"":0,""summary"":{}}",[],[]
121,5,73,Jazz Flute Expr.,1,"[[""ACC1"",1]]","[[""Intro 2"",1]]","{""cc:32"":1}",{},"{""n"":0,""nonzero"":0,""positive"":0,""negative"":0,""zero"":0,""max_abs"":0,""summary"":{}}","{""n"":0,""ge90"":0,""summary"":{}}",[],[]
121,9,71,Clarinet Ens.,1,"[[""ACC1"",1]]","[[""Ending 1"",1]]","{""cc:32"":1}",{},"{""n"":0,""nonzero"":0,""positive"":0,""negative"":0,""zero"":0,""max_abs"":0,""summary"":{}}","{""n"":0,""ge90"":0,""summary"":{}}",[],[]
121,11,59,Wah Trumpet,1,"[[""ACC2"",1]]","[[""Ending 1"",1]]","{""cc:32"":1}",{},"{""n"":0,""nonzero"":0,""positive"":0,""negative"":0,""zero"":0,""max_abs"":0,""summary"":{}}","{""n"":0,""ge90"":0,""summary"":{}}",[],[]
121,8,50,Synth Strings1GM,1,"[[""ACC5"",1]]","[[""Ending 1"",1]]","{""cc:32"":1}",{},"{""n"":0,""nonzero"":0,""positive"":0,""negative"":0,""zero"":0,""max_abs"":0,""summary"":{}}","{""n"":0,""ge90"":0,""summary"":{}}",[],[]
121,0,30,Stereo Dist.Gtr,1,"[[""ACC5"",1]]","[[""Ending 2"",1]]","{""cc:32"":1}",{},"{""n"":0,""nonzero"":0,""positive"":0,""negative"":0,""zero"":0,""max_abs"":0,""summary"":{}}","{""n"":0,""ge90"":0,""summary"":{}}",[],[]
121,27,61,Tight Brass 3,1,"[[""ACC5"",1]]","[[""Variation 4"",1]]","{""cc:32"":1}",{},"{""n"":0,""nonzero"":0,""positive"":0,""negative"":0,""zero"":0,""max_abs"":0,""summary"":{}}","{""n"":0,""ge90"":0,""summary"":{}}",[],[]
121,6,34,Picked E.Bass 2,1,"[[""BASS"",1]]","[[""Intro 3"",1]]","{""cc:32"":1}",{},"{""n"":0,""nonzero"":0,""positive"":0,""negative"":0,""zero"":0,""max_abs"":0,""summary"":{}}","{""n"":0,""ge90"":0,""summary"":{}}",[],[]
121,10,91,Pop Synth Pad 2,1,"[[""ACC3"",1]]","[[""Variation 4"",1]]","{""cc:32"":1}",{},"{""n"":0,""nonzero"":0,""positive"":0,""negative"":0,""zero"":0,""max_abs"":0,""summary"":{}}","{""n"":0,""ge90"":0,""summary"":{}}",[],[]
121,10,91,Fresh Air 1,1,"[[""ACC3"",1]]","[[""Variation 4"",1]]","{""cc:32"":1}",{},"{""n"":0,""nonzero"":0,""positive"":0,""negative"":0,""zero"":0,""max_abs"":0,""summary"":{}}","{""n"":0,""ge90"":0,""summary"":{}}",[],[]
121,13,34,Picked Bass RX,1,"[[""BASS"",1]]","[[""Intro 3"",1]]","{""cc:32"":1}",{},"{""n"":0,""nonzero"":0,""positive"":0,""negative"":0,""zero"":0,""max_abs"":0,""summary"":{}}","{""n"":0,""ge90"":0,""summary"":{}}",[],[]
121,10,33,Finger Bass RX,1,"[[""BASS"",1]]","[[""Fill 1"",1]]","{""cc:32"":1}",{},"{""n"":0,""nonzero"":0,""positive"":0,""negative"":0,""zero"":0,""max_abs"":0,""summary"":{}}","{""n"":0,""ge90"":0,""summary"":{}}",[],[]
121,28,24,Brazilian Guitar,1,"[[""ACC2"",1]]","[[""Fill 2"",1]]","{""cc:32"":1}",{},"{""n"":0,""nonzero"":0,""positive"":0,""negative"":0,""zero"":0,""max_abs"":0,""summary"":{}}","{""n"":0,""ge90"":0,""summary"":{}}",[],[]
121,2,28,Muted Guitar 2,1,"[[""ACC4"",1]]","[[""Ending 1"",1]]","{""cc:32"":1}",{},"{""n"":0,""nonzero"":0,""positive"":0,""negative"":0,""zero"":0,""max_abs"":0,""summary"":{}}","{""n"":0,""ge90"":0,""summary"":{}}",[],[]
121,16,28,Clean Funk RX1,1,"[[""ACC4"",1]]","[[""Variation 3"",1]]","{""cc:32"":1}",{},"{""n"":0,""nonzero"":0,""positive"":0,""negative"":0,""zero"":0,""max_abs"":0,""summary"":{}}","{""n"":0,""ge90"":0,""summary"":{}}",[],[]
121,10,28,Clean Guitar RX3,1,"[[""ACC4"",1]]","[[""Variation 4"",1]]","{""cc:32"":1}",{},"{""n"":0,""nonzero"":0,""positive"":0,""negative"":0,""zero"":0,""max_abs"":0,""summary"":{}}","{""n"":0,""ge90"":0,""summary"":{}}",[],[]
121,12,28,Clean Funk RX1,1,"[[""ACC4"",1]]","[[""Intro 1"",1]]","{""cc:32"":1}",{},"{""n"":0,""nonzero"":0,""positive"":0,""negative"":0,""zero"":0,""max_abs"":0,""summary"":{}}","{""n"":0,""ge90"":0,""summary"":{}}",[],[]
121,9,28,Clean Guitar RX1,1,"[[""ACC3"",1]]","[[""Fill 2"",1]]","{""cc:32"":1}",{},"{""n"":0,""nonzero"":0,""positive"":0,""negative"":0,""zero"":0,""max_abs"":0,""summary"":{}}","{""n"":0,""ge90"":0,""summary"":{}}",[],[]
121,14,52,Oh-Ah Voices,1,"[[""ACC3"",1]]","[[""Break"",1]]","{""cc:32"":1}",{},"{""n"":0,""nonzero"":0,""positive"":0,""negative"":0,""zero"":0,""max_abs"":0,""summary"":{}}","{""n"":0,""ge90"":0,""summary"":{}}",[],[]
121,7,52,Oh-Ah Voices,1,"[[""ACC5"",1]]","[[""Intro 1"",1]]","{""cc:32"":1}",{},"{""n"":0,""nonzero"":0,""positive"":0,""negative"":0,""zero"":0,""max_abs"":0,""summary"":{}}","{""n"":0,""ge90"":0,""summary"":{}}",[],[]
121,6,55,Brass Impact,1,"[[""ACC4"",1]]","[[""Ending 2"",1]]","{""cc:32"":1}",{},"{""n"":0,""nonzero"":0,""positive"":0,""negative"":0,""zero"":0,""max_abs"":0,""summary"":{}}","{""n"":0,""ge90"":0,""summary"":{}}",[],[]
121,2,59,Mute Ensemble 1,1,"[[""ACC3"",1]]","[[""Variation 2"",1]]","{""cc:32"":1}",{},"{""n"":0,""nonzero"":0,""positive"":0,""negative"":0,""zero"":0,""max_abs"":0,""summary"":{}}","{""n"":0,""ge90"":0,""summary"":{}}",[],[]
121,13,4,Dyno Tine EP 2,1,"[[""ACC1"",1]]","[[""Variation 2"",1]]","{""cc:32"":1}",{},"{""n"":0,""nonzero"":0,""positive"":0,""negative"":0,""zero"":0,""max_abs"":0,""summary"":{}}","{""n"":0,""ge90"":0,""summary"":{}}",[],[]
121,9,5,White Pad EP,1,"[[""ACC1"",1]]","[[""Variation 3"",1]]","{""cc:32"":1}",{},"{""n"":0,""nonzero"":0,""positive"":0,""negative"":0,""zero"":0,""max_abs"":0,""summary"":{}}","{""n"":0,""ge90"":0,""summary"":{}}",[],[]
121,9,4,Dyno Tine EP 2,1,"[[""ACC1"",1]]","[[""Variation 3"",1]]","{""cc:32"":1}",{},"{""n"":0,""nonzero"":0,""positive"":0,""negative"":0,""zero"":0,""max_abs"":0,""summary"":{}}","{""n"":0,""ge90"":0,""summary"":{}}",[],[]
121,1,50,Analog Strings 2,1,"[[""ACC1"",1]]","[[""Variation 2"",1]]","{""cc:32"":1}",{},"{""n"":0,""nonzero"":0,""positive"":0,""negative"":0,""zero"":0,""max_abs"":0,""summary"":{}}","{""n"":0,""ge90"":0,""summary"":{}}",[],[]
121,2,5,Detuned EP 2,1,"[[""ACC5"",1]]","[[""Variation 3"",1]]","{""cc:32"":1}",{},"{""n"":0,""nonzero"":0,""positive"":0,""negative"":0,""zero"":0,""max_abs"":0,""summary"":{}}","{""n"":0,""ge90"":0,""summary"":{}}",[],[]
121,1,0,AcousticPiano GM,1,"[[""ACC4"",1]]","[[""Fill 1"",1]]","{""cc:32"":1}",{},"{""n"":0,""nonzero"":0,""positive"":0,""negative"":0,""zero"":0,""max_abs"":0,""summary"":{}}","{""n"":0,""ge90"":0,""summary"":{}}",[],[]
121,4,59,Mute Trumpet GM,1,"[[""ACC3"",1]]","[[""Variation 4"",1]]","{""cc:32"":1}",{},"{""n"":0,""nonzero"":0,""positive"":0,""negative"":0,""zero"":0,""max_abs"":0,""summary"":{}}","{""n"":0,""ge90"":0,""summary"":{}}",[],[]
121,3,59,Mute Trumpet GM,1,"[[""ACC3"",1]]","[[""Ending 1"",1]]","{""cc:32"":1}",{},"{""n"":0,""nonzero"":0,""positive"":0,""negative"":0,""zero"":0,""max_abs"":0,""summary"":{}}","{""n"":0,""ge90"":0,""summary"":{}}",[],[]
121,0,26,Soft Jazz Guitar,1,"[[""ACC5"",1]]","[[""Fill 1"",1]]","{""cc:32"":1}",{},"{""n"":0,""nonzero"":0,""positive"":0,""negative"":0,""zero"":0,""max_abs"":0,""summary"":{}}","{""n"":0,""ge90"":0,""summary"":{}}",[],[]
121,5,48,Strings Ens.1 GM,1,"[[""ACC5"",1]]","[[""Ending 1"",1]]","{""cc:32"":1}",{},"{""n"":0,""nonzero"":0,""positive"":0,""negative"":0,""zero"":0,""max_abs"":0,""summary"":{}}","{""n"":0,""ge90"":0,""summary"":{}}",[],[]
121,0,49,Movie Strings 2,1,"[[""ACC5"",1]]","[[""Ending 3"",1]]","{""cc:32"":1}",{},"{""n"":0,""nonzero"":0,""positive"":0,""negative"":0,""zero"":0,""max_abs"":0,""summary"":{}}","{""n"":0,""ge90"":0,""summary"":{}}",[],[]
121,23,61,Tight Brass 1,1,"[[""ACC2"",1]]","[[""Ending 1"",1]]","{""cc:32"":1}",{},"{""n"":0,""nonzero"":0,""positive"":0,""negative"":0,""zero"":0,""max_abs"":0,""summary"":{}}","{""n"":0,""ge90"":0,""summary"":{}}",[],[]
121,1,48,i3 Strings,1,"[[""ACC4"",1]]","[[""Fill 1"",1]]","{""cc:32"":1}",{},"{""n"":0,""nonzero"":0,""positive"":0,""negative"":0,""zero"":0,""max_abs"":0,""summary"":{}}","{""n"":0,""ge90"":0,""summary"":{}}",[],[]
121,5,0,Rock Piano,1,"[[""ACC1"",1]]","[[""Ending 2"",1]]","{""cc:32"":1}",{},"{""n"":0,""nonzero"":0,""positive"":0,""negative"":0,""zero"":0,""max_abs"":0,""summary"":{}}","{""n"":0,""ge90"":0,""summary"":{}}",[],[]
121,8,28,Mute Vel. Gtr,1,"[[""ACC2"",1]]","[[""Variation 3"",1]]","{""cc:32"":1}",{},"{""n"":0,""nonzero"":0,""positive"":0,""negative"":0,""zero"":0,""max_abs"":0,""summary"":{}}","{""n"":0,""ge90"":0,""summary"":{}}",[],[]
121,1,126,Footsteps,1,"[[""ACC3"",1]]","[[""Variation 3"",1]]","{""cc:32"":1}",{},"{""n"":0,""nonzero"":0,""positive"":0,""negative"":0,""zero"":0,""max_abs"":0,""summary"":{}}","{""n"":0,""ge90"":0,""summary"":{}}",[],[]
121,5,126,Laughing,1,"[[""ACC3"",1]]","[[""Variation 4"",1]]","{""cc:32"":1}",{},"{""n"":0,""nonzero"":0,""positive"":0,""negative"":0,""zero"":0,""max_abs"":0,""summary"":{}}","{""n"":0,""ge90"":0,""summary"":{}}",[],[]
121,1,50,Analog Strings 1,1,"[[""ACC3"",1]]","[[""Intro 1"",1]]","{""cc:32"":1}",{},"{""n"":0,""nonzero"":0,""positive"":0,""negative"":0,""zero"":0,""max_abs"":0,""summary"":{}}","{""n"":0,""ge90"":0,""summary"":{}}",[],[]
121,8,96,Motion Ocean,1,"[[""ACC5"",1]]","[[""Variation 4"",1]]","{""cc:32"":1}",{},"{""n"":0,""nonzero"":0,""positive"":0,""negative"":0,""zero"":0,""max_abs"":0,""summary"":{}}","{""n"":0,""ge90"":0,""summary"":{}}",[],[]
121,18,71,Jazz Clarinet,1,"[[""ACC3"",1]]","[[""Variation 3"",1]]","{""cc:32"":1}",{},"{""n"":0,""nonzero"":0,""positive"":0,""negative"":0,""zero"":0,""max_abs"":0,""summary"":{}}","{""n"":0,""ge90"":0,""summary"":{}}",[],[]
121,15,56,Trumpet Shake Y+,1,"[[""ACC3"",1]]","[[""Variation 4"",1]]","{""cc:32"":1}",{},"{""n"":0,""nonzero"":0,""positive"":0,""negative"":0,""zero"":0,""max_abs"":0,""summary"":{}}","{""n"":0,""ge90"":0,""summary"":{}}",[],[]
121,1,56,Trumpet Expr.1,1,"[[""ACC3"",1]]","[[""Intro 1"",1]]","{""cc:32"":1}",{},"{""n"":0,""nonzero"":0,""positive"":0,""negative"":0,""zero"":0,""max_abs"":0,""summary"":{}}","{""n"":0,""ge90"":0,""summary"":{}}",[],[]
121,19,25,Steel Guitar GM,1,"[[""ACC4"",1]]","[[""Ending 3"",1]]","{""cc:32"":1}",{},"{""n"":0,""nonzero"":0,""positive"":0,""negative"":0,""zero"":0,""max_abs"":0,""summary"":{}}","{""n"":0,""ge90"":0,""summary"":{}}",[],[]
121,16,56,Trumpet Expr.1,1,"[[""ACC4"",1]]","[[""Break"",1]]","{""cc:32"":1}",{},"{""n"":0,""nonzero"":0,""positive"":0,""negative"":0,""zero"":0,""max_abs"":0,""summary"":{}}","{""n"":0,""ge90"":0,""summary"":{}}",[],[]
121,15,56,Trumpet Pro 3,1,"[[""ACC4"",1]]","[[""Ending 1"",1]]","{""cc:32"":1}",{},"{""n"":0,""nonzero"":0,""positive"":0,""negative"":0,""zero"":0,""max_abs"":0,""summary"":{}}","{""n"":0,""ge90"":0,""summary"":{}}",[],[]
121,20,56,Trumpet Expr.1,1,"[[""ACC4"",1]]","[[""Ending 3"",1]]","{""cc:32"":1}",{},"{""n"":0,""nonzero"":0,""positive"":0,""negative"":0,""zero"":0,""max_abs"":0,""summary"":{}}","{""n"":0,""ge90"":0,""summary"":{}}",[],[]
121,13,18,Super BX Perc.,1,"[[""ACC3"",1]]","[[""Ending 1"",1]]","{""cc:32"":1}",{},"{""n"":0,""nonzero"":0,""positive"":0,""negative"":0,""zero"":0,""max_abs"":0,""summary"":{}}","{""n"":0,""ge90"":0,""summary"":{}}",[],[]
121,4,33,Finger E.Bass2,1,"[[""BASS"",1]]","[[""Intro 1"",1]]","{""cc:32"":1}",{},"{""n"":0,""nonzero"":0,""positive"":0,""negative"":0,""zero"":0,""max_abs"":0,""summary"":{}}","{""n"":0,""ge90"":0,""summary"":{}}",[],[]
121,21,4,Suit E.Piano 1,1,"[[""ACC2"",1]]","[[""Variation 4"",1]]","{""cc:32"":1}",{},"{""n"":0,""nonzero"":0,""positive"":0,""negative"":0,""zero"":0,""max_abs"":0,""summary"":{}}","{""n"":0,""ge90"":0,""summary"":{}}",[],[]
121,21,4,Club E. Piano,1,"[[""ACC2"",1]]","[[""Fill 1"",1]]","{""cc:32"":1}",{},"{""n"":0,""nonzero"":0,""positive"":0,""negative"":0,""zero"":0,""max_abs"":0,""summary"":{}}","{""n"":0,""ge90"":0,""summary"":{}}",[],[]
121,21,4,Dyno Tine EP 1,1,"[[""ACC1"",1]]","[[""Fill 1"",1]]","{""cc:32"":1}",{},"{""n"":0,""nonzero"":0,""positive"":0,""negative"":0,""zero"":0,""max_abs"":0,""summary"":{}}","{""n"":0,""ge90"":0,""summary"":{}}",[],[]
121,10,4,Club E. Piano,1,"[[""ACC1"",1]]","[[""Break"",1]]","{""cc:32"":1}",{},"{""n"":0,""nonzero"":0,""positive"":0,""negative"":0,""zero"":0,""max_abs"":0,""summary"":{}}","{""n"":0,""ge90"":0,""summary"":{}}",[],[]
121,3,0,Piano & Strings,1,"[[""ACC1"",1]]","[[""Intro 1"",1]]","{""cc:32"":1}",{},"{""n"":0,""nonzero"":0,""positive"":0,""negative"":0,""zero"":0,""max_abs"":0,""summary"":{}}","{""n"":0,""ge90"":0,""summary"":{}}",[],[]
121,4,0,Grand Piano,1,"[[""ACC1"",1]]","[[""Fill 1"",1]]","{""cc:32"":1}",{},"{""n"":0,""nonzero"":0,""positive"":0,""negative"":0,""zero"":0,""max_abs"":0,""summary"":{}}","{""n"":0,""ge90"":0,""summary"":{}}",[],[]
121,5,39,Synth Bass 2 GM,1,"[[""BASS"",1]]","[[""Variation 4"",1]]","{""cc:32"":1}",{},"{""n"":0,""nonzero"":0,""positive"":0,""negative"":0,""zero"":0,""max_abs"":0,""summary"":{}}","{""n"":0,""ge90"":0,""summary"":{}}",[],[]
121,0,33,Stick Bass,1,"[[""BASS"",1]]","[[""Intro 2"",1]]","{""cc:32"":1}",{},"{""n"":0,""nonzero"":0,""positive"":0,""negative"":0,""zero"":0,""max_abs"":0,""summary"":{}}","{""n"":0,""ge90"":0,""summary"":{}}",[],[]
121,5,38,Synth Bass 1 GM,1,"[[""BASS"",1]]","[[""Fill 2"",1]]","{""cc:32"":1}",{},"{""n"":0,""nonzero"":0,""positive"":0,""negative"":0,""zero"":0,""max_abs"":0,""summary"":{}}","{""n"":0,""ge90"":0,""summary"":{}}",[],[]
121,6,86,Fifths Lead GM,1,"[[""ACC3"",1]]","[[""Variation 4"",1]]","{""cc:32"":1}",{},"{""n"":0,""nonzero"":0,""positive"":0,""negative"":0,""zero"":0,""max_abs"":0,""summary"":{}}","{""n"":0,""ge90"":0,""summary"":{}}",[],[]
121,6,32,Acoustic Bass GM,1,"[[""BASS"",1]]","[[""Variation 3"",1]]","{""cc:32"":1}",{},"{""n"":0,""nonzero"":0,""positive"":0,""negative"":0,""zero"":0,""max_abs"":0,""summary"":{}}","{""n"":0,""ge90"":0,""summary"":{}}",[],[]
121,7,33,Finger Bass 2,1,"[[""BASS"",1]]","[[""Variation 4"",1]]","{""cc:32"":1}",{},"{""n"":0,""nonzero"":0,""positive"":0,""negative"":0,""zero"":0,""max_abs"":0,""summary"":{}}","{""n"":0,""ge90"":0,""summary"":{}}",[],[]
121,7,5,EP Phase,1,"[[""ACC3"",1]]","[[""Variation 3"",1]]","{""cc:32"":1}",{},"{""n"":0,""nonzero"":0,""positive"":0,""negative"":0,""zero"":0,""max_abs"":0,""summary"":{}}","{""n"":0,""ge90"":0,""summary"":{}}",[],[]
121,3,50,Analog Strings 1,1,"[[""ACC4"",1]]","[[""Variation 4"",1]]","{""cc:32"":1}",{},"{""n"":0,""nonzero"":0,""positive"":0,""negative"":0,""zero"":0,""max_abs"":0,""summary"":{}}","{""n"":0,""ge90"":0,""summary"":{}}",[],[]
121,20,0,Classic Piano,1,"[[""ACC1"",1]]","[[""Ending 3"",1]]","{""cc:32"":1}",{},"{""n"":0,""nonzero"":0,""positive"":0,""negative"":0,""zero"":0,""max_abs"":0,""summary"":{}}","{""n"":0,""ge90"":0,""summary"":{}}",[],[]
121,5,27,Clean Guitar 2,1,"[[""ACC2"",1]]","[[""Ending 3"",1]]","{""cc:32"":1}",{},"{""n"":0,""nonzero"":0,""positive"":0,""negative"":0,""zero"":0,""max_abs"":0,""summary"":{}}","{""n"":0,""ge90"":0,""summary"":{}}",[],[]
121,18,48,Stereo Strings,1,"[[""ACC3"",1]]","[[""Ending 3"",1]]","{""cc:32"":1}",{},"{""n"":0,""nonzero"":0,""positive"":0,""negative"":0,""zero"":0,""max_abs"":0,""summary"":{}}","{""n"":0,""ge90"":0,""summary"":{}}",[],[]
121,7,21,Fisa Master,1,"[[""ACC5"",1]]","[[""Ending 3"",1]]","{""cc:32"":1}",{},"{""n"":0,""nonzero"":0,""positive"":0,""negative"":0,""zero"":0,""max_abs"":0,""summary"":{}}","{""n"":0,""ge90"":0,""summary"":{}}",[],[]
121,2,21,Master Accordion,1,"[[""ACC3"",1]]","[[""Fill 1"",1]]","{""cc:32"":1}",{},"{""n"":0,""nonzero"":0,""positive"":0,""negative"":0,""zero"":0,""max_abs"":0,""summary"":{}}","{""n"":0,""ge90"":0,""summary"":{}}",[],[]
121,8,61,Glen & Friends,1,"[[""ACC2"",1]]","[[""Ending 3"",1]]","{""cc:32"":1}",{},"{""n"":0,""nonzero"":0,""positive"":0,""negative"":0,""zero"":0,""max_abs"":0,""summary"":{}}","{""n"":0,""ge90"":0,""summary"":{}}",[],[]
121,1,25,Steel Guitar 2,1,"[[""ACC1"",1]]","[[""Break"",1]]","{""cc:32"":1}",{},"{""n"":0,""nonzero"":0,""positive"":0,""negative"":0,""zero"":0,""max_abs"":0,""summary"":{}}","{""n"":0,""ge90"":0,""summary"":{}}",[],[]
121,4,25,12 Strings Gtr,1,"[[""ACC1"",1]]","[[""Ending 1"",1]]","{""cc:32"":1}",{},"{""n"":0,""nonzero"":0,""positive"":0,""negative"":0,""zero"":0,""max_abs"":0,""summary"":{}}","{""n"":0,""ge90"":0,""summary"":{}}",[],[]
121,8,80,Gliding Square,1,"[[""ACC3"",1]]","[[""Variation 3"",1]]","{""cc:32"":1}",{},"{""n"":0,""nonzero"":0,""positive"":0,""negative"":0,""zero"":0,""max_abs"":0,""summary"":{}}","{""n"":0,""ge90"":0,""summary"":{}}",[],[]
121,3,90,Noisy Stabb,1,"[[""ACC3"",1]]","[[""Intro 1"",1]]","{""cc:32"":1}",{},"{""n"":0,""nonzero"":0,""positive"":0,""negative"":0,""zero"":0,""max_abs"":0,""summary"":{}}","{""n"":0,""ge90"":0,""summary"":{}}",[],[]
121,6,15,Santur,1,"[[""ACC4"",1]]","[[""Variation 3"",1]]","{""cc:32"":1}",{},"{""n"":0,""nonzero"":0,""positive"":0,""negative"":0,""zero"":0,""max_abs"":0,""summary"":{}}","{""n"":0,""ge90"":0,""summary"":{}}",[],[]
121,16,28,Clean Guitar RX1,1,"[[""ACC2"",1]]","[[""Ending 1"",1]]","{""cc:32"":1}",{},"{""n"":0,""nonzero"":0,""positive"":0,""negative"":0,""zero"":0,""max_abs"":0,""summary"":{}}","{""n"":0,""ge90"":0,""summary"":{}}",[],[]
121,14,27,Stra. Vel. Pro,1,"[[""ACC2"",1]]","[[""Ending 2"",1]]","{""cc:32"":1}",{},"{""n"":0,""nonzero"":0,""positive"":0,""negative"":0,""zero"":0,""max_abs"":0,""summary"":{}}","{""n"":0,""ge90"":0,""summary"":{}}",[],[]
121,16,27,Clean Gtr Pro2,1,"[[""ACC3"",1]]","[[""Fill 2"",1]]","{""cc:32"":1}",{},"{""n"":0,""nonzero"":0,""positive"":0,""negative"":0,""zero"":0,""max_abs"":0,""summary"":{}}","{""n"":0,""ge90"":0,""summary"":{}}",[],[]
121,16,27,Vintage S.1,1,"[[""ACC3"",1]]","[[""Ending 2"",1]]","{""cc:32"":1}",{},"{""n"":0,""nonzero"":0,""positive"":0,""negative"":0,""zero"":0,""max_abs"":0,""summary"":{}}","{""n"":0,""ge90"":0,""summary"":{}}",[],[]
121,0,87,Electro Lead,1,"[[""ACC1"",1]]","[[""Variation 3"",1]]","{""cc:32"":1}",{},"{""n"":0,""nonzero"":0,""positive"":0,""negative"":0,""zero"":0,""max_abs"":0,""summary"":{}}","{""n"":0,""ge90"":0,""summary"":{}}",[],[]
121,5,93,Metallic Pad GM,1,"[[""ACC1"",1]]","[[""Variation 4"",1]]","{""cc:32"":1}",{},"{""n"":0,""nonzero"":0,""positive"":0,""negative"":0,""zero"":0,""max_abs"":0,""summary"":{}}","{""n"":0,""ge90"":0,""summary"":{}}",[],[]
121,2,39,Jungle Rez,1,"[[""ACC1"",1]]","[[""Intro 1"",1]]","{""cc:32"":1}",{},"{""n"":0,""nonzero"":0,""positive"":0,""negative"":0,""zero"":0,""max_abs"":0,""summary"":{}}","{""n"":0,""ge90"":0,""summary"":{}}",[],[]
121,0,48,Stereo Strings,1,"[[""ACC2"",1]]","[[""Fill 1"",1]]","{""cc:32"":1}",{},"{""n"":0,""nonzero"":0,""positive"":0,""negative"":0,""zero"":0,""max_abs"":0,""summary"":{}}","{""n"":0,""ge90"":0,""summary"":{}}",[],[]
121,3,15,Dulcimer GM,1,"[[""ACC2"",1]]","[[""Fill 2"",1]]","{""cc:32"":1}",{},"{""n"":0,""nonzero"":0,""positive"":0,""negative"":0,""zero"":0,""max_abs"":0,""summary"":{}}","{""n"":0,""ge90"":0,""summary"":{}}",[],[]
121,5,27,Clean Jazz 1,1,"[[""ACC4"",1]]","[[""Variation 4"",1]]","{""cc:32"":1}",{},"{""n"":0,""nonzero"":0,""positive"":0,""negative"":0,""zero"":0,""max_abs"":0,""summary"":{}}","{""n"":0,""ge90"":0,""summary"":{}}",[],[]
121,13,27,Stra. Vel. Pro,1,"[[""ACC4"",1]]","[[""Fill 2"",1]]","{""cc:32"":1}",{},"{""n"":0,""nonzero"":0,""positive"":0,""negative"":0,""zero"":0,""max_abs"":0,""summary"":{}}","{""n"":0,""ge90"":0,""summary"":{}}",[],[]
121,16,4,Club E. Piano,1,"[[""ACC1"",1]]","[[""Variation 4"",1]]","{""cc:32"":1}",{},"{""n"":0,""nonzero"":0,""positive"":0,""negative"":0,""zero"":0,""max_abs"":0,""summary"":{}}","{""n"":0,""ge90"":0,""summary"":{}}",[],[]
121,11,4,Tremolo Wurly,1,"[[""ACC1"",1]]","[[""Intro 1"",1]]","{""cc:32"":1}",{},"{""n"":0,""nonzero"":0,""positive"":0,""negative"":0,""zero"":0,""max_abs"":0,""summary"":{}}","{""n"":0,""ge90"":0,""summary"":{}}",[],[]
121,5,89,Analog Pad 1,1,"[[""ACC5"",1]]","[[""Variation 4"",1]]","{""cc:32"":1}",{},"{""n"":0,""nonzero"":0,""positive"":0,""negative"":0,""zero"":0,""max_abs"":0,""summary"":{}}","{""n"":0,""ge90"":0,""summary"":{}}",[],[]
121,8,50,Analog Strings 1,1,"[[""ACC5"",1]]","[[""Fill 2"",1]]","{""cc:32"":1}",{},"{""n"":0,""nonzero"":0,""positive"":0,""negative"":0,""zero"":0,""max_abs"":0,""summary"":{}}","{""n"":0,""ge90"":0,""summary"":{}}",[],[]
121,7,48,Stereo Strings,1,"[[""ACC3"",1]]","[[""Ending 2"",1]]","{""cc:32"":1}",{},"{""n"":0,""nonzero"":0,""positive"":0,""negative"":0,""zero"":0,""max_abs"":0,""summary"":{}}","{""n"":0,""ge90"":0,""summary"":{}}",[],[]
121,0,56,Trumpet Pro 1,1,"[[""ACC5"",1]]","[[""Fill 2"",1]]","{""cc:32"":1}",{},"{""n"":0,""nonzero"":0,""positive"":0,""negative"":0,""zero"":0,""max_abs"":0,""summary"":{}}","{""n"":0,""ge90"":0,""summary"":{}}",[],[]
121,16,24,Nylon Gtr RX1,1,"[[""ACC4"",1]]","[[""Variation 4"",1]]","{""cc:32"":1}",{},"{""n"":0,""nonzero"":0,""positive"":0,""negative"":0,""zero"":0,""max_abs"":0,""summary"":{}}","{""n"":0,""ge90"":0,""summary"":{}}",[],[]
121,12,24,RealNylon Gtr ST,1,"[[""ACC4"",1]]","[[""Intro 1"",1]]","{""cc:32"":1}",{},"{""n"":0,""nonzero"":0,""positive"":0,""negative"":0,""zero"":0,""max_abs"":0,""summary"":{}}","{""n"":0,""ge90"":0,""summary"":{}}",[],[]
121,11,61,Tight Brass 1,1,"[[""ACC3"",1]]","[[""Ending 3"",1]]","{""cc:32"":1}",{},"{""n"":0,""nonzero"":0,""positive"":0,""negative"":0,""zero"":0,""max_abs"":0,""summary"":{}}","{""n"":0,""ge90"":0,""summary"":{}}",[],[]
121,6,16,Organ Low 1 V.,1,"[[""ACC2"",1]]","[[""Variation 2"",1]]","{""cc:32"":1}",{},"{""n"":0,""nonzero"":0,""positive"":0,""negative"":0,""zero"":0,""max_abs"":0,""summary"":{}}","{""n"":0,""ge90"":0,""summary"":{}}",[],[]
121,4,16,BX3 Full V.,1,"[[""ACC2"",1]]","[[""Variation 4"",1]]","{""cc:32"":1}",{},"{""n"":0,""nonzero"":0,""positive"":0,""negative"":0,""zero"":0,""max_abs"":0,""summary"":{}}","{""n"":0,""ge90"":0,""summary"":{}}",[],[]
121,23,17,Perc. Organ GM,1,"[[""ACC4"",1]]","[[""Fill 1"",1]]","{""cc:32"":1}",{},"{""n"":0,""nonzero"":0,""positive"":0,""negative"":0,""zero"":0,""max_abs"":0,""summary"":{}}","{""n"":0,""ge90"":0,""summary"":{}}",[],[]
121,0,16,BX3 Full V.,1,"[[""ACC5"",1]]","[[""Intro 3"",1]]","{""cc:32"":1}",{},"{""n"":0,""nonzero"":0,""positive"":0,""negative"":0,""zero"":0,""max_abs"":0,""summary"":{}}","{""n"":0,""ge90"":0,""summary"":{}}",[],[]
121,6,17,Perc. Organ GM,1,"[[""ACC5"",1]]","[[""Fill 1"",1]]","{""cc:32"":1}",{},"{""n"":0,""nonzero"":0,""positive"":0,""negative"":0,""zero"":0,""max_abs"":0,""summary"":{}}","{""n"":0,""ge90"":0,""summary"":{}}",[],[]
121,16,16,BX3 Full V.,1,"[[""ACC5"",1]]","[[""Ending 3"",1]]","{""cc:32"":1}",{},"{""n"":0,""nonzero"":0,""positive"":0,""negative"":0,""zero"":0,""max_abs"":0,""summary"":{}}","{""n"":0,""ge90"":0,""summary"":{}}",[],[]
121,13,18,BX3 Jazz Pc. V.,1,"[[""ACC2"",1]]","[[""Ending 3"",1]]","{""cc:32"":1}",{},"{""n"":0,""nonzero"":0,""positive"":0,""negative"":0,""zero"":0,""max_abs"":0,""summary"":{}}","{""n"":0,""ge90"":0,""summary"":{}}",[],[]
121,15,0,Piano & Strings,1,"[[""ACC1"",1]]","[[""Variation 2"",1]]","{""cc:32"":1}",{},"{""n"":0,""nonzero"":0,""positive"":0,""negative"":0,""zero"":0,""max_abs"":0,""summary"":{}}","{""n"":0,""ge90"":0,""summary"":{}}",[],[]
121,10,34,Stein Bass,1,"[[""BASS"",1]]","[[""Break"",1]]","{""cc:32"":1}",{},"{""n"":0,""nonzero"":0,""positive"":0,""negative"":0,""zero"":0,""max_abs"":0,""summary"":{}}","{""n"":0,""ge90"":0,""summary"":{}}",[],[]
121,19,28,Clean Guitar RX1,1,"[[""ACC1"",1]]","[[""Variation 2"",1]]","{""cc:32"":1}",{},"{""n"":0,""nonzero"":0,""positive"":0,""negative"":0,""zero"":0,""max_abs"":0,""summary"":{}}","{""n"":0,""ge90"":0,""summary"":{}}",[],[]
121,16,25,Steel Guitar Pro,1,"[[""ACC1"",1]]","[[""Variation 3"",1]]","{""cc:32"":1}",{},"{""n"":0,""nonzero"":0,""positive"":0,""negative"":0,""zero"":0,""max_abs"":0,""summary"":{}}","{""n"":0,""ge90"":0,""summary"":{}}",[],[]
121,8,28,Clean Guitar RX1,1,"[[""ACC1"",1]]","[[""Fill 1"",1]]","{""cc:32"":1}",{},"{""n"":0,""nonzero"":0,""positive"":0,""negative"":0,""zero"":0,""max_abs"":0,""summary"":{}}","{""n"":0,""ge90"":0,""summary"":{}}",[],[]
121,14,28,Clean Funk,1,"[[""ACC1"",1]]","[[""Fill 2"",1]]","{""cc:32"":1}",{},"{""n"":0,""nonzero"":0,""positive"":0,""negative"":0,""zero"":0,""max_abs"":0,""summary"":{}}","{""n"":0,""ge90"":0,""summary"":{}}",[],[]
121,4,16,Gospel Organ V.,1,"[[""ACC2"",1]]","[[""Fill 1"",1]]","{""cc:32"":1}",{},"{""n"":0,""nonzero"":0,""positive"":0,""negative"":0,""zero"":0,""max_abs"":0,""summary"":{}}","{""n"":0,""ge90"":0,""summary"":{}}",[],[]
121,13,4,Studio EP,1,"[[""ACC3"",1]]","[[""Variation 2"",1]]","{""cc:32"":1}",{},"{""n"":0,""nonzero"":0,""positive"":0,""negative"":0,""zero"":0,""max_abs"":0,""summary"":{}}","{""n"":0,""ge90"":0,""summary"":{}}",[],[]
121,10,5,White Pad EP,1,"[[""ACC3"",1]]","[[""Variation 3"",1]]","{""cc:32"":1}",{},"{""n"":0,""nonzero"":0,""positive"":0,""negative"":0,""zero"":0,""max_abs"":0,""summary"":{}}","{""n"":0,""ge90"":0,""summary"":{}}",[],[]
121,10,36,SlapFing Bass RX,1,"[[""BASS"",1]]","[[""Ending 1"",1]]","{""cc:32"":1}",{},"{""n"":0,""nonzero"":0,""positive"":0,""negative"":0,""zero"":0,""max_abs"":0,""summary"":{}}","{""n"":0,""ge90"":0,""summary"":{}}",[],[]
121,9,36,SlapFing Bass RX,1,"[[""BASS"",1]]","[[""Variation 3"",1]]","{""cc:32"":1}",{},"{""n"":0,""nonzero"":0,""positive"":0,""negative"":0,""zero"":0,""max_abs"":0,""summary"":{}}","{""n"":0,""ge90"":0,""summary"":{}}",[],[]
121,4,33,Bright Finger B.,1,"[[""BASS"",1]]","[[""Variation 4"",1]]","{""cc:32"":1}",{},"{""n"":0,""nonzero"":0,""positive"":0,""negative"":0,""zero"":0,""max_abs"":0,""summary"":{}}","{""n"":0,""ge90"":0,""summary"":{}}",[],[]
121,11,11,Vibraphone 1 GM,1,"[[""ACC2"",1]]","[[""Ending 2"",1]]","{""cc:32"":1}",{},"{""n"":0,""nonzero"":0,""positive"":0,""negative"":0,""zero"":0,""max_abs"":0,""summary"":{}}","{""n"":0,""ge90"":0,""summary"":{}}",[],[]
121,0,17,Perc. Organ 5 V.,1,"[[""ACC2"",1]]","[[""Ending 3"",1]]","{""cc:32"":1}",{},"{""n"":0,""nonzero"":0,""positive"":0,""negative"":0,""zero"":0,""max_abs"":0,""summary"":{}}","{""n"":0,""ge90"":0,""summary"":{}}",[],[]
121,2,80,Dance Lead,1,"[[""ACC2"",1]]","[[""Intro 1"",1]]","{""cc:32"":1}",{},"{""n"":0,""nonzero"":0,""positive"":0,""negative"":0,""zero"":0,""max_abs"":0,""summary"":{}}","{""n"":0,""ge90"":0,""summary"":{}}",[],[]
121,4,84,Synchro City,1,"[[""ACC2"",1]]","[[""Intro 2"",1]]","{""cc:32"":1}",{},"{""n"":0,""nonzero"":0,""positive"":0,""negative"":0,""zero"":0,""max_abs"":0,""summary"":{}}","{""n"":0,""ge90"":0,""summary"":{}}",[],[]
121,2,102,Pan Reso,1,"[[""ACC2"",1]]","[[""Ending 1"",1]]","{""cc:32"":1}",{},"{""n"":0,""nonzero"":0,""positive"":0,""negative"":0,""zero"":0,""max_abs"":0,""summary"":{}}","{""n"":0,""ge90"":0,""summary"":{}}",[],[]
121,21,16,Gospel Organ V.,1,"[[""ACC1"",1]]","[[""Intro 2"",1]]","{""cc:32"":1}",{},"{""n"":0,""nonzero"":0,""positive"":0,""negative"":0,""zero"":0,""max_abs"":0,""summary"":{}}","{""n"":0,""ge90"":0,""summary"":{}}",[],[]
121,13,16,BX3 Gospel V.,1,"[[""ACC1"",1]]","[[""Fill 1"",1]]","{""cc:32"":1}",{},"{""n"":0,""nonzero"":0,""positive"":0,""negative"":0,""zero"":0,""max_abs"":0,""summary"":{}}","{""n"":0,""ge90"":0,""summary"":{}}",[],[]
121,15,52,Male Scat,1,"[[""ACC4"",1]]","[[""Intro 1"",1]]","{""cc:32"":1}",{},"{""n"":0,""nonzero"":0,""positive"":0,""negative"":0,""zero"":0,""max_abs"":0,""summary"":{}}","{""n"":0,""ge90"":0,""summary"":{}}",[],[]
121,18,61,Trpts &Trombs,1,"[[""ACC5"",1]]","[[""Fill 1"",1]]","{""cc:32"":1}",{},"{""n"":0,""nonzero"":0,""positive"":0,""negative"":0,""zero"":0,""max_abs"":0,""summary"":{}}","{""n"":0,""ge90"":0,""summary"":{}}",[],[]
121,20,61,Trpts &Trombs,1,"[[""ACC5"",1]]","[[""Break"",1]]","{""cc:32"":1}",{},"{""n"":0,""nonzero"":0,""positive"":0,""negative"":0,""zero"":0,""max_abs"":0,""summary"":{}}","{""n"":0,""ge90"":0,""summary"":{}}",[],[]
121,34,56,Concert Trp.Pro,1,"[[""ACC5"",1]]","[[""Ending 1"",1]]","{""cc:32"":1}",{},"{""n"":0,""nonzero"":0,""positive"":0,""negative"":0,""zero"":0,""max_abs"":0,""summary"":{}}","{""n"":0,""ge90"":0,""summary"":{}}",[],[]
121,25,91,Fresh Air 1,1,"[[""ACC1"",1]]","[[""Break"",1]]","{""cc:32"":1}",{},"{""n"":0,""nonzero"":0,""positive"":0,""negative"":0,""zero"":0,""max_abs"":0,""summary"":{}}","{""n"":0,""ge90"":0,""summary"":{}}",[],[]
121,25,91,Fresh Air 2,1,"[[""ACC1"",1]]","[[""Ending 3"",1]]","{""cc:32"":1}",{},"{""n"":0,""nonzero"":0,""positive"":0,""negative"":0,""zero"":0,""max_abs"":0,""summary"":{}}","{""n"":0,""ge90"":0,""summary"":{}}",[],[]
121,4,91,Fresh Air 2,1,"[[""ACC4"",1]]","[[""Fill 1"",1]]","{""cc:32"":1}",{},"{""n"":0,""nonzero"":0,""positive"":0,""negative"":0,""zero"":0,""max_abs"":0,""summary"":{}}","{""n"":0,""ge90"":0,""summary"":{}}",[],[]
121,3,66,Tenor Growl,1,"[[""ACC4"",1]]","[[""Ending 1"",1]]","{""cc:32"":1}",{},"{""n"":0,""nonzero"":0,""positive"":0,""negative"":0,""zero"":0,""max_abs"":0,""summary"":{}}","{""n"":0,""ge90"":0,""summary"":{}}",[],[]
121,11,66,Tenor Breath,1,"[[""ACC4"",1]]","[[""Ending 2"",1]]","{""cc:32"":1}",{},"{""n"":0,""nonzero"":0,""positive"":0,""negative"":0,""zero"":0,""max_abs"":0,""summary"":{}}","{""n"":0,""ge90"":0,""summary"":{}}",[],[]
121,3,91,Fresh Air 2,1,"[[""ACC4"",1]]","[[""Ending 1"",1]]","{""cc:32"":1}",{},"{""n"":0,""nonzero"":0,""positive"":0,""negative"":0,""zero"":0,""max_abs"":0,""summary"":{}}","{""n"":0,""ge90"":0,""summary"":{}}",[],[]
121,1,73,Flute GM,1,"[[""ACC1"",1]]","[[""Break"",1]]","{""cc:32"":1}",{},"{""n"":0,""nonzero"":0,""positive"":0,""negative"":0,""zero"":0,""max_abs"":0,""summary"":{}}","{""n"":0,""ge90"":0,""summary"":{}}",[],[]
121,15,73,Jazz Flute Expr.,1,"[[""ACC1"",1]]","[[""Ending 1"",1]]","{""cc:32"":1}",{},"{""n"":0,""nonzero"":0,""positive"":0,""negative"":0,""zero"":0,""max_abs"":0,""summary"":{}}","{""n"":0,""ge90"":0,""summary"":{}}",[],[]
121,15,73,Flute GM,1,"[[""ACC1"",1]]","[[""Ending 1"",1]]","{""cc:32"":1}",{},"{""n"":0,""nonzero"":0,""positive"":0,""negative"":0,""zero"":0,""max_abs"":0,""summary"":{}}","{""n"":0,""ge90"":0,""summary"":{}}",[],[]
121,11,4,Tine E.Piano RX,1,"[[""ACC1"",1]]","[[""Variation 2"",1]]","{""cc:32"":1}",{},"{""n"":0,""nonzero"":0,""positive"":0,""negative"":0,""zero"":0,""max_abs"":0,""summary"":{}}","{""n"":0,""ge90"":0,""summary"":{}}",[],[]
121,18,4,Club E. Piano,1,"[[""ACC1"",1]]","[[""Variation 3"",1]]","{""cc:32"":1}",{},"{""n"":0,""nonzero"":0,""positive"":0,""negative"":0,""zero"":0,""max_abs"":0,""summary"":{}}","{""n"":0,""ge90"":0,""summary"":{}}",[],[]
121,0,49,Movie Strings 1,1,"[[""ACC5"",1]]","[[""Intro 1"",1]]","{""cc:32"":1}",{},"{""n"":0,""nonzero"":0,""positive"":0,""negative"":0,""zero"":0,""max_abs"":0,""summary"":{}}","{""n"":0,""ge90"":0,""summary"":{}}",[],[]
121,0,91,Full Vox Pad,1,"[[""ACC2"",1]]","[[""Variation 4"",1]]","{""cc:32"":1}",{},"{""n"":0,""nonzero"":0,""positive"":0,""negative"":0,""zero"":0,""max_abs"":0,""summary"":{}}","{""n"":0,""ge90"":0,""summary"":{}}",[],[]
121,9,52,Choir Aahs GM,1,"[[""ACC2"",1]]","[[""Intro 1"",1]]","{""cc:32"":1}",{},"{""n"":0,""nonzero"":0,""positive"":0,""negative"":0,""zero"":0,""max_abs"":0,""summary"":{}}","{""n"":0,""ge90"":0,""summary"":{}}",[],[]
121,1,4,Pro Dyno EP,1,"[[""ACC1"",1]]","[[""Ending 2"",1]]","{""cc:32"":1}",{},"{""n"":0,""nonzero"":0,""positive"":0,""negative"":0,""zero"":0,""max_abs"":0,""summary"":{}}","{""n"":0,""ge90"":0,""summary"":{}}",[],[]
121,12,50,Analog Strings 2,1,"[[""ACC5"",1]]","[[""Variation 4"",1]]","{""cc:32"":1}",{},"{""n"":0,""nonzero"":0,""positive"":0,""negative"":0,""zero"":0,""max_abs"":0,""summary"":{}}","{""n"":0,""ge90"":0,""summary"":{}}",[],[]
121,5,5,FM Stack E.P.,1,"[[""ACC1"",1]]","[[""Fill 1"",1]]","{""cc:32"":1}",{},"{""n"":0,""nonzero"":0,""positive"":0,""negative"":0,""zero"":0,""max_abs"":0,""summary"":{}}","{""n"":0,""ge90"":0,""summary"":{}}",[],[]
121,15,4,Pro Dyno EP,1,"[[""ACC1"",1]]","[[""Ending 1"",1]]","{""cc:32"":1}",{},"{""n"":0,""nonzero"":0,""positive"":0,""negative"":0,""zero"":0,""max_abs"":0,""summary"":{}}","{""n"":0,""ge90"":0,""summary"":{}}",[],[]
121,5,4,Tine E.Piano RX,1,"[[""ACC1"",1]]","[[""Ending 3"",1]]","{""cc:32"":1}",{},"{""n"":0,""nonzero"":0,""positive"":0,""negative"":0,""zero"":0,""max_abs"":0,""summary"":{}}","{""n"":0,""ge90"":0,""summary"":{}}",[],[]
121,15,5,FM Stack E.P.,1,"[[""ACC1"",1]]","[[""Ending 1"",1]]","{""cc:32"":1}",{},"{""n"":0,""nonzero"":0,""positive"":0,""negative"":0,""zero"":0,""max_abs"":0,""summary"":{}}","{""n"":0,""ge90"":0,""summary"":{}}",[],[]
121,15,2,Chorus Piano,1,"[[""ACC1"",1]]","[[""Variation 2"",1]]","{""cc:32"":1}",{},"{""n"":0,""nonzero"":0,""positive"":0,""negative"":0,""zero"":0,""max_abs"":0,""summary"":{}}","{""n"":0,""ge90"":0,""summary"":{}}",[],[]
121,7,4,Vel. Wurly,1,"[[""ACC1"",1]]","[[""Variation 3"",1]]","{""cc:32"":1}",{},"{""n"":0,""nonzero"":0,""positive"":0,""negative"":0,""zero"":0,""max_abs"":0,""summary"":{}}","{""n"":0,""ge90"":0,""summary"":{}}",[],[]
121,9,0,Piano & Strings,1,"[[""ACC1"",1]]","[[""Variation 4"",1]]","{""cc:32"":1}",{},"{""n"":0,""nonzero"":0,""positive"":0,""negative"":0,""zero"":0,""max_abs"":0,""summary"":{}}","{""n"":0,""ge90"":0,""summary"":{}}",[],[]
121,5,4,Thin E. Piano,1,"[[""ACC1"",1]]","[[""Intro 1"",1]]","{""cc:32"":1}",{},"{""n"":0,""nonzero"":0,""positive"":0,""negative"":0,""zero"":0,""max_abs"":0,""summary"":{}}","{""n"":0,""ge90"":0,""summary"":{}}",[],[]
121,13,28,Clean Guitar RX2,1,"[[""ACC3"",1]]","[[""Ending 2"",1]]","{""cc:32"":1}",{},"{""n"":0,""nonzero"":0,""positive"":0,""negative"":0,""zero"":0,""max_abs"":0,""summary"":{}}","{""n"":0,""ge90"":0,""summary"":{}}",[],[]
121,10,30,Dist. Guitar RX1,1,"[[""ACC4"",1]]","[[""Variation 4"",1]]","{""cc:32"":1}",{},"{""n"":0,""nonzero"":0,""positive"":0,""negative"":0,""zero"":0,""max_abs"":0,""summary"":{}}","{""n"":0,""ge90"":0,""summary"":{}}",[],[]
121,9,30,Dist. Guitar RX2,1,"[[""ACC4"",1]]","[[""Intro 1"",1]]","{""cc:32"":1}",{},"{""n"":0,""nonzero"":0,""positive"":0,""negative"":0,""zero"":0,""max_abs"":0,""summary"":{}}","{""n"":0,""ge90"":0,""summary"":{}}",[],[]
121,6,97,Noble Pad,1,"[[""ACC5"",1]]","[[""Intro 1"",1]]","{""cc:32"":1}",{},"{""n"":0,""nonzero"":0,""positive"":0,""negative"":0,""zero"":0,""max_abs"":0,""summary"":{}}","{""n"":0,""ge90"":0,""summary"":{}}",[],[]
121,3,26,Club Jazz Gtr 1,1,"[[""ACC5"",1]]","[[""Ending 2"",1]]","{""cc:32"":1}",{},"{""n"":0,""nonzero"":0,""positive"":0,""negative"":0,""zero"":0,""max_abs"":0,""summary"":{}}","{""n"":0,""ge90"":0,""summary"":{}}",[],[]
