kind,role,element,fingerprint,segments,styles,example_files
RHYTHM,ACC1,Break,cba2fdf5c5772adc,124,115,"[""Factory Styles/60's Dance.mid"",""Factory Styles/70's Disco 1.mid"",""Factory Styles/70's Disco 2.mid"",""Factory Styles/8 Beat Analog 1.mid"",""Factory Styles/8 Beat Analog 2.mid"",""Factory Styles/80's Dance.mid"",""Factory Styles/Al Funk.mid"",""Factory Styles/Al Swing.mid""]"
RHYTHM,BASS,Break,cba2fdf5c5772adc,68,66,"[""Factory Styles/60's Dance.mid"",""Factory Styles/70's Disco 2.mid"",""Factory Styles/8 Beat Analog 1.mid"",""Factory Styles/80's Dance.mid"",""Factory Styles/Analog Ballad 2.mid"",""Factory Styles/Analog Beat 1.mid"",""Factory Styles/Argentina Tango.mid"",""Factory Styles/Barry Dance.mid""]"
RHYTHM,ACC2,Break,cba2fdf5c5772adc,62,53,"[""Factory Styles/70's Disco 1.mid"",""Factory Styles/8 Beat Analog 1.mid"",""Factory Styles/Al Funk.mid"",""Factory Styles/Alpen Rock.mid"",""Factory Styles/Analog Ballad 2.mid"",""Factory Styles/Argentina Tango.mid"",""Factory Styles/Army Band.mid"",""Factory Styles/Bavarian Pop.mid""]"
RHYTHM,ACC3,Break,cba2fdf5c5772adc,60,51,"[""Factory Styles/80's Dance.mid"",""Factory Styles/Argentina Tango.mid"",""Factory Styles/Army Band.mid"",""Factory Styles/Blues Ballad.mid"",""Factory Styles/Blues.mid"",""Factory Styles/British Pop.mid"",""Factory Styles/Caribbean.mid"",""Factory Styles/ClassicSchlager1.mid""]"
RHYTHM,ACC5,Break,cba2fdf5c5772adc,58,51,"[""Factory Styles/70's Disco 1.mid"",""Factory Styles/8 Beat Analog 1.mid"",""Factory Styles/Alpen Ballade.mid"",""Factory Styles/Big Band 40's.mid"",""Factory Styles/Blues Ballad.mid"",""Factory Styles/Caribbean.mid"",""Factory Styles/Classic Funk.mid"",""Factory Styles/Country Boogie.mid""]"
RHYTHM,ACC4,Break,cba2fdf5c5772adc,52,47,"[""Factory Styles/70's Disco 1.mid"",""Factory Styles/Alpen Ballade.mid"",""Factory Styles/Alpen Rock.mid"",""Factory Styles/Analog Ballad 1.mid"",""Factory Styles/Army Band.mid"",""Factory Styles/Barry Dance.mid"",""Factory Styles/Bluegrass.mid"",""Factory Styles/Blues Ballad.mid""]"
RHYTHM,BASS,Break,54015302c3c0b258,49,44,"[""Factory Styles/70's Disco 1.mid"",""Factory Styles/Army Band.mid"",""Factory Styles/Big Band Jump.mid"",""Factory Styles/Blues Ballad.mid"",""Factory Styles/Caribbean.mid"",""Factory Styles/ClassicSchlager3.mid"",""Factory Styles/Country Beat 2.mid"",""Factory Styles/Country Schlager.mid""]"
RHYTHM,ACC5,Fill 2,cba2fdf5c5772adc,47,41,"[""Factory Styles/AM _ PM.mid"",""Factory Styles/Analog Ballad 1.mid"",""Factory Styles/Analog Ballad 2.mid"",""Factory Styles/Analog Beat 2.mid"",""Factory Styles/Argentina Tango.mid"",""Factory Styles/Classic Beat.mid"",""Factory Styles/Country Ballad 1.mid"",""Factory Styles/Easy Beat 1.mid""]"
RHYTHM,BASS,Intro 3,9e34d20914f008da,31,31,"[""Factory Styles/Analog Ballad 1.mid"",""Factory Styles/Blues Ballad.mid"",""Factory Styles/ClassicSchlager1.mid"",""Factory Styles/ClassicSchlager3.mid"",""Factory Styles/Country Beat 1.mid"",""Factory Styles/Country Strum.mid"",""Factory Styles/Desert Shuffle.mid"",""Factory Styles/Easy Ballad.mid""]"
RHYTHM,ACC1,Fill 1,cba2fdf5c5772adc,33,28,"[""Factory Styles/8 Beat Analog 1.mid"",""Factory Styles/Analog Ballad 1.mid"",""Factory Styles/Black Funk.mid"",""Factory Styles/Blue Ballad.mid"",""Factory Styles/British Pop.mid"",""Factory Styles/Dance Fever.mid"",""Factory Styles/Elektrik Funk.mid"",""Factory Styles/Fox Schlager.mid""]"
RHYTHM,ACC4,Fill 2,cba2fdf5c5772adc,30,28,"[""Factory Styles/8 Beat Analog 1.mid"",""Factory Styles/Al Swing.mid"",""Factory Styles/Black Funk.mid"",""Factory Styles/Club House.mid"",""Factory Styles/Easy Beat 1.mid"",""Factory Styles/Fashion Funk.mid"",""Factory Styles/Foxtrot 2.mid"",""Factory Styles/Funky Sisters.mid""]"
RHYTHM,ACC3,Fill 2,cba2fdf5c5772adc,32,27,"[""Factory Styles/60's Dance.mid"",""Factory Styles/80's Dance.mid"",""Factory Styles/Al Swing.mid"",""Factory Styles/Blue Ballad.mid"",""Factory Styles/Color Ballad.mid"",""Factory Styles/Country Schlager.mid"",""Factory Styles/Easy Pop 1.mid"",""Factory Styles/Elektro Pop.mid""]"
PERFORMANCE,ACC1,Break,cab2fb13ea1ad71d,30,27,"[""Factory Styles/60's Dance.mid"",""Factory Styles/70's Disco 2.mid"",""Factory Styles/Bar Country.mid"",""Factory Styles/Big Band 40's.mid"",""Factory Styles/Big Band Fox.mid"",""Factory Styles/Black Funk.mid"",""Factory Styles/Blues.mid"",""Factory Styles/ClassicSchlager1.mid""]"
PERFORMANCE,BASS,Break,02a1f226febef658,26,26,"[""Factory Styles/60's Dance.mid"",""Factory Styles/70's Disco 2.mid"",""Factory Styles/8 Beat Analog 1.mid"",""Factory Styles/80's Dance.mid"",""Factory Styles/Analog Ballad 2.mid"",""Factory Styles/Analog Beat 1.mid"",""Factory Styles/Big Band 40's.mid"",""Factory Styles/Big Band Fox.mid""]"
PERFORMANCE,ACC1,Break,cf40a5513b7006af,25,25,"[""Factory Styles/50's  Fox.mid"",""Factory Styles/Analog Beat 1.mid"",""Factory Styles/Broadway.mid"",""Factory Styles/Classic Funk.mid"",""Factory Styles/Country Pop.mid"",""Factory Styles/Dance Mix.mid"",""Factory Styles/Dance Motown.mid"",""Factory Styles/Elektrik Funk.mid""]"
RHYTHM,ACC1,Fill 2,cba2fdf5c5772adc,26,24,"[""Factory Styles/60's Dance.mid"",""Factory Styles/8 Beat Analog 1.mid"",""Factory Styles/Black Funk.mid"",""Factory Styles/Blue Ballad.mid"",""Factory Styles/ClassicSchlager1.mid"",""Factory Styles/Dance Fever.mid"",""Factory Styles/Dance Motown.mid"",""Factory Styles/Easy Pop 1.mid""]"
RHYTHM,ACC3,Fill 1,cba2fdf5c5772adc,28,19,"[""Factory Styles/70's Disco 2.mid"",""Factory Styles/Color Ballad.mid"",""Factory Styles/Country Schlager.mid"",""Factory Styles/Disco Schlager.mid"",""Factory Styles/Groove.mid"",""Factory Styles/Hollywood 1.mid"",""Factory Styles/Medium BigBand1.mid"",""Factory Styles/Miami Disco.mid""]"
RHYTHM,ACC5,Variation 4,1e7588a7117d1611,27,19,"[""Factory Styles/70's Disco 1.mid"",""Factory Styles/AM _ PM.mid"",""Factory Styles/Analog Beat 1.mid"",""Factory Styles/Dance Fever.mid"",""Factory Styles/Disco Gully.mid"",""Factory Styles/Easy Ballad.mid"",""Factory Styles/Elektro Pop.mid"",""Factory Styles/Folk Beat.mid""]"
RHYTHM,PERC,Fill 2,ab575b1c3401fa68,27,18,"[""Factory Styles/60's Dance.mid"",""Factory Styles/Acoustic Bld_3_4.mid"",""Factory Styles/Bar Country.mid"",""Factory Styles/Country 16 Beat.mid"",""Factory Styles/Country 8 Beat.mid"",""Factory Styles/Country Beat 2.mid"",""Factory Styles/Country Schlager.mid"",""Factory Styles/Fox Schlager.mid""]"
RHYTHM,PERC,Fill 1,ab575b1c3401fa68,25,18,"[""Factory Styles/Acoustic Bld_3_4.mid"",""Factory Styles/Analog Ballad 1.mid"",""Factory Styles/Country 16 Beat.mid"",""Factory Styles/Country 8 Beat.mid"",""Factory Styles/Country Beat 2.mid"",""Factory Styles/Disco Latin.mid"",""Factory Styles/Fox Schlager.mid"",""Factory Styles/Medium Schlager.mid""]"
RHYTHM,ACC5,Fill 1,cba2fdf5c5772adc,21,17,"[""Factory Styles/70's Disco 1.mid"",""Factory Styles/8 Beat Analog 1.mid"",""Factory Styles/British Pop.mid"",""Factory Styles/Disco Gully.mid"",""Factory Styles/Disco Schlager.mid"",""Factory Styles/Easy Beat 1.mid"",""Factory Styles/Easy Listening.mid"",""Factory Styles/Easy Pop 1.mid""]"
RHYTHM,ACC2,Fill 1,cba2fdf5c5772adc,22,16,"[""Factory Styles/70's Disco 1.mid"",""Factory Styles/8 Beat Analog 1.mid"",""Factory Styles/Analog Ballad 2.mid"",""Factory Styles/Easy Listening.mid"",""Factory Styles/Fox Schlager.mid"",""Factory Styles/Groove Ballad.mid"",""Factory Styles/Groove Funk.mid"",""Factory Styles/Hollywood 2.mid""]"
RHYTHM,PERC,Fill 2,cbbb233e1293faca,18,16,"[""Factory Styles/80's Dance.mid"",""Factory Styles/Analog Beat 2.mid"",""Factory Styles/Barry Dance.mid"",""Factory Styles/Easy Pop 1.mid"",""Factory Styles/Elektrik Funk.mid"",""Factory Styles/Funky Ballad.mid"",""Factory Styles/Guitar Ballad.mid"",""Factory Styles/Guitar Beat.mid""]"
RHYTHM,DRUM,Variation 4,1b44db378d271dbf,23,15,"[""Factory Styles/8 Beat Analog 2.mid"",""Factory Styles/80's Dance.mid"",""Factory Styles/Country Strum.mid"",""Factory Styles/Elektrik Funk.mid"",""Factory Styles/Elektro Pop.mid"",""Factory Styles/Groove Ballad.mid"",""Factory Styles/Groove It Up.mid"",""Factory Styles/Half Beat.mid""]"
RHYTHM,PERC,Variation 4,1b44db378d271dbf,21,15,"[""Factory Styles/70's Disco 1.mid"",""Factory Styles/8 Beat Analog 2.mid"",""Factory Styles/Analog Ballad 2.mid"",""Factory Styles/Analog Beat 1.mid"",""Factory Styles/Classic Funk.mid"",""Factory Styles/Dance Motown.mid"",""Factory Styles/Elektro Pop.mid"",""Factory Styles/Funky Ballad.mid""]"
RHYTHM,ACC2,Fill 2,cba2fdf5c5772adc,16,15,"[""Factory Styles/60's Dance.mid"",""Factory Styles/Analog Ballad 2.mid"",""Factory Styles/Fox Shuffle 2.mid"",""Factory Styles/Groove Funk.mid"",""Factory Styles/HipHop Funk.mid"",""Factory Styles/Love Disco.mid"",""Factory Styles/Medium Schlager.mid"",""Factory Styles/Orchestral Tango.mid""]"
RHYTHM,ACC1,Ending 3,fbe5603d7d9ffd97,15,15,"[""Factory Styles/8 Beat Analog 1.mid"",""Factory Styles/Blue Ballad.mid"",""Factory Styles/Dance Fever.mid"",""Factory Styles/Fox Schlager.mid"",""Factory Styles/Funky Ballad.mid"",""Factory Styles/Jazz Club.mid"",""Factory Styles/Kool Funk.mid"",""Factory Styles/Operetta.mid""]"
RHYTHM,PERC,Fill 1,cbbb233e1293faca,21,14,"[""Factory Styles/Barry Dance.mid"",""Factory Styles/Caribbean.mid"",""Factory Styles/Disco Schlager.mid"",""Factory Styles/Easy Pop 1.mid"",""Factory Styles/Elektrik Funk.mid"",""Factory Styles/Folk Ballad 1.mid"",""Factory Styles/Folk Ballad 2.mid"",""Factory Styles/Funky Ballad.mid""]"
RHYTHM,BASS,Fill 2,ea026ee5c50d7a3c,17,14,"[""Factory Styles/80's Dance.mid"",""Factory Styles/Bluegrass.mid"",""Factory Styles/Easy Listening.mid"",""Factory Styles/English Tango.mid"",""Factory Styles/Foxtrot 2.mid"",""Factory Styles/Italian Fox.mid"",""Factory Styles/Italian Tango 1.mid"",""Factory Styles/Italian Tango 2.mid""]"
PERFORMANCE,ACC1,Break,821e4a1733acac33,16,14,"[""Factory Styles/70's Disco 1.mid"",""Factory Styles/80's Dance.mid"",""Factory Styles/ClassicSchlager2.mid"",""Factory Styles/Disco Latin.mid"",""Factory Styles/Fashion Funk.mid"",""Factory Styles/French Waltz.mid"",""Factory Styles/House Garage.mid"",""Factory Styles/Little Boy.mid""]"
RHYTHM,BASS,Break,236aadd652eb85b6,15,14,"[""Factory Styles/Acoustic Bld_3_4.mid"",""Factory Styles/Analog Beat 2.mid"",""Factory Styles/Country QuikStep.mid"",""Factory Styles/Country Strum.mid"",""Factory Styles/Dance Mix.mid"",""Factory Styles/Dance Motown.mid"",""Factory Styles/Folk Beat.mid"",""Factory Styles/German Polka.mid""]"
PERFORMANCE,BASS,Break,821e4a1733acac33,15,14,"[""Factory Styles/50's  Fox.mid"",""Factory Styles/Ballad 6_8 1.mid"",""Factory Styles/Blue Ballad.mid"",""Factory Styles/Country 16 Beat.mid"",""Factory Styles/Country 3_4.mid"",""Factory Styles/Country 8 Beat.mid"",""Factory Styles/Country Ballad 2.mid"",""Factory Styles/CountryShuffle 2.mid""]"
PERFORMANCE,ACC1,Break,91cbcfd0604660a0,14,14,"[""Factory Styles/Al Funk.mid"",""Factory Styles/Blue Ballad.mid"",""Factory Styles/Classic Beat.mid"",""Factory Styles/Country Schlager.mid"",""Factory Styles/Easy Listening.mid"",""Factory Styles/Folk Beat.mid"",""Factory Styles/Kool Beat.mid"",""Factory Styles/Movie Ballad.mid""]"
PERFORMANCE,BASS,Intro 3,6a0e1c72e9798165,14,14,"[""Factory Styles/Blues Ballad.mid"",""Factory Styles/ClassicSchlager1.mid"",""Factory Styles/ClassicSchlager3.mid"",""Factory Styles/Easy Beat 2.mid"",""Factory Styles/Medium Schlager.mid"",""Factory Styles/Modern Beat.mid"",""Factory Styles/Organ Evergreens.mid"",""Factory Styles/Philly Disco.mid""]"
RHYTHM,PERC,Break,cba2fdf5c5772adc,16,13,"[""Factory Styles/70's Disco 1.mid"",""Factory Styles/Alpen Ballade.mid"",""Factory Styles/Alpen Rock.mid"",""Factory Styles/Blues Ballad.mid"",""Factory Styles/Country QuikStep.mid"",""Factory Styles/Country Strum.mid"",""Factory Styles/Groove Ballad.mid"",""Factory Styles/Groove It Up.mid""]"
PERFORMANCE,ACC1,Break,008bedb44c21871a,14,13,"[""Factory Styles/8 Beat Analog 1.mid"",""Factory Styles/Al Funk.mid"",""Factory Styles/Analog Ballad 1.mid"",""Factory Styles/Analog Beat 2.mid"",""Factory Styles/Ballad 6_8 1.mid"",""Factory Styles/Fox Shuffle 1.mid"",""Factory Styles/Groove It Up.mid"",""Factory Styles/Modern Latin.mid""]"
PERFORMANCE,BASS,Break,b079cd60f97a92cc,13,13,"[""Factory Styles/Black Funk.mid"",""Factory Styles/Broadway.mid"",""Factory Styles/Country Boogie.mid"",""Factory Styles/Fast Big Band 2.mid"",""Factory Styles/French Waltz.mid"",""Factory Styles/Groove Funk.mid"",""Factory Styles/Modern Country.mid"",""Factory Styles/Musette Waltz.mid""]"
RHYTHM,PERC,Variation 3,1b44db378d271dbf,21,12,"[""Factory Styles/70's Disco 1.mid"",""Factory Styles/80's Dance.mid"",""Factory Styles/Analog Ballad 2.mid"",""Factory Styles/Analog Beat 1.mid"",""Factory Styles/Classic Funk.mid"",""Factory Styles/Funky Ballad.mid"",""Factory Styles/Guitar Ballad.mid"",""Factory Styles/Love Disco.mid""]"
RHYTHM,DRUM,Variation 1,93b5c2399bacfb08,20,12,"[""Factory Styles/8 Beat Analog 1.mid"",""Factory Styles/Country Ballad 1.mid"",""Factory Styles/Country Ballad 2.mid"",""Factory Styles/Dance Motown.mid"",""Factory Styles/Dance Schlager.mid"",""Factory Styles/Fox Schlager.mid"",""Factory Styles/Guitar Ballad.mid"",""Factory Styles/Half Beat.mid""]"
RHYTHM,ACC4,Fill 1,cba2fdf5c5772adc,15,12,"[""Factory Styles/70's Disco 1.mid"",""Factory Styles/Alpen Ballade.mid"",""Factory Styles/Analog Ballad 2.mid"",""Factory Styles/Desert Shuffle.mid"",""Factory Styles/Foxtrot 2.mid"",""Factory Styles/Pop 12_8.mid"",""Factory Styles/Pop Chart 2.mid"",""Factory Styles/Schlager 2.mid""]"
RHYTHM,ACC3,Ending 3,fbe5603d7d9ffd97,12,12,"[""Factory Styles/Color Ballad.mid"",""Factory Styles/Country Schlager.mid"",""Factory Styles/Disco Schlager.mid"",""Factory Styles/Medium Schlager.mid"",""Factory Styles/Organ Evergreens.mid"",""Factory Styles/Samba Medley.mid"",""Factory Styles/Schlager 1.mid"",""Factory Styles/Schlager 2.mid""]"
RHYTHM,ACC5,Variation 4,a6a795ffd4fa67b3,20,11,"[""Factory Styles/70's Disco 2.mid"",""Factory Styles/Easy Beat 2.mid"",""Factory Styles/Easy Pop 2.mid"",""Factory Styles/Fast Pop.mid"",""Factory Styles/Fox Shuffle 1.mid"",""Factory Styles/Jazzy PopFunk.mid"",""Factory Styles/Kool Beat.mid"",""Factory Styles/Modern Latin.mid""]"
RHYTHM,ACC5,Variation 3,1e7588a7117d1611,17,11,"[""Factory Styles/Analog Beat 1.mid"",""Factory Styles/Argentina Tango.mid"",""Factory Styles/Country 8 Beat.mid"",""Factory Styles/Dance Fever.mid"",""Factory Styles/Disco Gully.mid"",""Factory Styles/Fox Shuffle 2.mid"",""Factory Styles/Italian Tango 1.mid"",""Factory Styles/Little Shuffle.mid""]"
RHYTHM,BASS,Fill 2,ab575b1c3401fa68,16,11,"[""Factory Styles/70's Disco 2.mid"",""Factory Styles/Alpen Rock.mid"",""Factory Styles/Bar Country.mid"",""Factory Styles/Country Boogie.mid"",""Factory Styles/Dance Schlager.mid"",""Factory Styles/Disco Latin.mid"",""Factory Styles/Fashion Funk.mid"",""Factory Styles/Modern Country.mid""]"
RHYTHM,ACC4,Variation 4,1e7588a7117d1611,15,11,"[""Factory Styles/8 Beat Analog 1.mid"",""Factory Styles/Club House.mid"",""Factory Styles/Funky Sisters.mid"",""Factory Styles/Groove Ballad.mid"",""Factory Styles/Groove Funk.mid"",""Factory Styles/Guitar Ballad.mid"",""Factory Styles/Karma.mid"",""Factory Styles/Kool Funk.mid""]"
RHYTHM,BASS,Fill 2,eff7f5b5b7138bb4,15,11,"[""Factory Styles/French Waltz.mid"",""Factory Styles/German Waltz 1.mid"",""Factory Styles/German Waltz 2.mid"",""Factory Styles/German Waltz 3.mid"",""Factory Styles/Italian Mazurka2.mid"",""Factory Styles/Italian Waltz.mid"",""Factory Styles/Oberkr_ Waltz 1.mid"",""Factory Styles/Oberkr_ Waltz 2.mid""]"
RHYTHM,ACC5,Ending 3,c19637d579edc933,12,11,"[""Factory Styles/AM _ PM.mid"",""Factory Styles/Easy Ballad.mid"",""Factory Styles/Easy Listening.mid"",""Factory Styles/English Tango.mid"",""Factory Styles/Italian Tango 1.mid"",""Factory Styles/Little Shuffle.mid"",""Factory Styles/Philly Disco.mid"",""Factory Styles/Slow Latin Pop.mid""]"
PERFORMANCE,ACC2,Break,cab2fb13ea1ad71d,12,11,"[""Factory Styles/Bavarian Pop.mid"",""Factory Styles/Country 3_4.mid"",""Factory Styles/Dance Motown.mid"",""Factory Styles/Jazz Funk.mid"",""Factory Styles/Jazzy PopFunk.mid"",""Factory Styles/Love Disco.mid"",""Factory Styles/Motown Shuffle 1.mid"",""Factory Styles/Organ Evergreens.mid""]"
RHYTHM,ACC5,Ending 3,cba2fdf5c5772adc,11,11,"[""Factory Styles/Analog Beat 2.mid"",""Factory Styles/Easy Beat 2.mid"",""Factory Styles/Easy Pop 1.mid"",""Factory Styles/Easy Pop 2.mid"",""Factory Styles/Guitar Beat.mid"",""Factory Styles/Half Beat.mid"",""Factory Styles/Jazzy PopFunk.mid"",""Factory Styles/Modern Beat.mid""]"
RHYTHM,DRUM,Variation 3,93b5c2399bacfb08,19,10,"[""Factory Styles/80's Dance.mid"",""Factory Styles/Analog Beat 1.mid"",""Factory Styles/Classic Beat.mid"",""Factory Styles/Country Ballad 2.mid"",""Factory Styles/Fox Schlager.mid"",""Factory Styles/Miami Disco.mid"",""Factory Styles/Real 8 Beat.mid"",""Factory Styles/Standard 8 Beat.mid""]"
RHYTHM,DRUM,Variation 1,295ab2fd02be5343,19,10,"[""Factory Styles/Acoustic Bld_3_4.mid"",""Factory Styles/Alpen Rock.mid"",""Factory Styles/Analog Ballad 1.mid"",""Factory Styles/Analog Beat 2.mid"",""Factory Styles/Bavarian Pop.mid"",""Factory Styles/Disco Schlager.mid"",""Factory Styles/Rock Schlager.mid"",""Factory Styles/Schlager 4.mid""]"
RHYTHM,DRUM,Variation 3,1b44db378d271dbf,17,10,"[""Factory Styles/8 Beat Analog 2.mid"",""Factory Styles/Country Strum.mid"",""Factory Styles/Elektrik Funk.mid"",""Factory Styles/Groove Ballad.mid"",""Factory Styles/Groove It Up.mid"",""Factory Styles/Half Beat.mid"",""Factory Styles/Love Disco.mid"",""Factory Styles/Organ Ballad.mid""]"
RHYTHM,DRUM,Variation 2,93b5c2399bacfb08,17,10,"[""Factory Styles/Acoustic Bld_3_4.mid"",""Factory Styles/Classic Beat.mid"",""Factory Styles/Dance Schlager.mid"",""Factory Styles/Fox Schlager.mid"",""Factory Styles/Half Beat.mid"",""Factory Styles/Organ Ballad.mid"",""Factory Styles/Real 8 Beat.mid"",""Factory Styles/Standard 8 Beat.mid""]"
RHYTHM,BASS,Fill 1,ab575b1c3401fa68,16,10,"[""Factory Styles/60's Dance.mid"",""Factory Styles/70's Disco 1.mid"",""Factory Styles/70's Disco 2.mid"",""Factory Styles/Bavarian Pop.mid"",""Factory Styles/Dance Mix.mid"",""Factory Styles/Dance Schlager.mid"",""Factory Styles/Disco Latin.mid"",""Factory Styles/Fox Schlager.mid""]"
PERFORMANCE,ACC5,Fill 2,91cbcfd0604660a0,12,10,"[""Factory Styles/Argentina Tango.mid"",""Factory Styles/Easy Listening.mid"",""Factory Styles/Funky Ballad.mid"",""Factory Styles/Guitar Beat.mid"",""Factory Styles/Italian Tango 1.mid"",""Factory Styles/Oriental Dance.mid"",""Factory Styles/Philly Disco.mid"",""Factory Styles/Slow Latin Pop.mid""]"
RHYTHM,DRUM,Fill 2,d3d30fc769025b35,11,10,"[""Factory Styles/80's Dance.mid"",""Factory Styles/Al Funk.mid"",""Factory Styles/Classic Beat.mid"",""Factory Styles/Easy Beat 1.mid"",""Factory Styles/Groove It Up.mid"",""Factory Styles/Pop Funk.mid"",""Factory Styles/Soft 16 Beat.mid"",""Factory Styles/Standard 16 Beat.mid""]"
PERFORMANCE,ACC1,Fill 1,fcc64df40ac60bc6,11,10,"[""Factory Styles/8 Beat Analog 1.mid"",""Factory Styles/Analog Ballad 1.mid"",""Factory Styles/Fox Shuffle 1.mid"",""Factory Styles/Medium BigBand2.mid"",""Factory Styles/Modern Ballad.mid"",""Factory Styles/Operetta.mid"",""Factory Styles/Pop Groove.mid"",""Factory Styles/Smooth Jazz.mid""]"
PERFORMANCE,ACC4,Break,cab2fb13ea1ad71d,10,10,"[""Factory Styles/Bluegrass.mid"",""Factory Styles/Country Schlager.mid"",""Factory Styles/Easy Listening.mid"",""Factory Styles/Foxtrot 2.mid"",""Factory Styles/Funk R&B.mid"",""Factory Styles/Jazzy PopFunk.mid"",""Factory Styles/Organ Evergreens.mid"",""Factory Styles/Pop 12_8.mid""]"
RHYTHM,DRUM,Variation 3,56fc38eac7c10cbd,25,9,"[""Factory Styles/60's Dance.mid"",""Factory Styles/Bar Country.mid"",""Factory Styles/Bluegrass.mid"",""Factory Styles/Country Beat 2.mid"",""Factory Styles/Country Pop.mid"",""Factory Styles/Moonlight Ballad.mid"",""Factory Styles/Oriental Ballad.mid"",""Factory Styles/Party Polka.mid""]"
RHYTHM,ACC4,Variation 4,c19637d579edc933,15,9,"[""Factory Styles/Analog Ballad 1.mid"",""Factory Styles/Analog Beat 2.mid"",""Factory Styles/Black Funk.mid"",""Factory Styles/Meditando.mid"",""Factory Styles/Party Mix.mid"",""Factory Styles/Schlager 3.mid"",""Factory Styles/Schlager Rhumba.mid"",""Factory Styles/SchlagerShuffle1.mid""]"
RHYTHM,DRUM,Variation 2,295ab2fd02be5343,14,9,"[""Factory Styles/Alpen Rock.mid"",""Factory Styles/Analog Ballad 1.mid"",""Factory Styles/Analog Beat 2.mid"",""Factory Styles/Bavarian Pop.mid"",""Factory Styles/Club House.mid"",""Factory Styles/Disco Schlager.mid"",""Factory Styles/Party Mix.mid"",""Factory Styles/Schlager 4.mid""]"
RHYTHM,DRUM,Fill 2,c182967dce2a507b,14,9,"[""Factory Styles/Country 16 Beat.mid"",""Factory Styles/Country 8 Beat.mid"",""Factory Styles/Country Ballad 2.mid"",""Factory Styles/Country Schlager.mid"",""Factory Styles/Disco Latin.mid"",""Factory Styles/Fox Schlager.mid"",""Factory Styles/Medium Schlager.mid"",""Factory Styles/Modern Country.mid""]"
PERFORMANCE,ACC5,Break,821e4a1733acac33,14,9,"[""Factory Styles/Blues Ballad.mid"",""Factory Styles/Easy Beat 1.mid"",""Factory Styles/Fashion Funk.mid"",""Factory Styles/Funk R&B.mid"",""Factory Styles/Funky Ballad.mid"",""Factory Styles/Guitar Beat.mid"",""Factory Styles/Schlager 2.mid"",""Factory Styles/Schlager 3.mid""]"
RHYTHM,PERC,Variation 2,93b5c2399bacfb08,13,9,"[""Factory Styles/Acoustic Bld_3_4.mid"",""Factory Styles/Country 8 Beat.mid"",""Factory Styles/Fox Schlager.mid"",""Factory Styles/Guitar Ballad.mid"",""Factory Styles/HipHop.mid"",""Factory Styles/Pop Funk 2.mid"",""Factory Styles/Schlager 1.mid"",""Factory Styles/Standard 16 Beat.mid""]"
RHYTHM,DRUM,Variation 3,295ab2fd02be5343,13,9,"[""Factory Styles/Alpen Rock.mid"",""Factory Styles/Analog Beat 2.mid"",""Factory Styles/Bavarian Pop.mid"",""Factory Styles/Caribbean.mid"",""Factory Styles/Disco Schlager.mid"",""Factory Styles/Party Mix.mid"",""Factory Styles/Rock Schlager.mid"",""Factory Styles/Schlager 4.mid""]"
RHYTHM,ACC1,Fill 2,ab575b1c3401fa68,12,9,"[""Factory Styles/Bar Country.mid"",""Factory Styles/Country Boogie.mid"",""Factory Styles/Dance Schlager.mid"",""Factory Styles/Medium Schlager.mid"",""Factory Styles/Rock Schlager.mid"",""Factory Styles/Schlager Rhumba.mid"",""Factory Styles/Tap Dance.mid"",""Factory Styles/Twist.mid""]"
RHYTHM,PERC,Ending 3,84d3429868e61ae6,12,9,"[""Factory Styles/Country 16 Beat.mid"",""Factory Styles/Country 8 Beat.mid"",""Factory Styles/Country Beat 2.mid"",""Factory Styles/Country Boogie.mid"",""Factory Styles/Country Schlager.mid"",""Factory Styles/Modern Gospel 2.mid"",""Factory Styles/Schlager 2.mid"",""Factory Styles/Schlager 3.mid""]"
RHYTHM,ACC4,Ending 3,cba2fdf5c5772adc,10,9,"[""Factory Styles/Fox Shuffle 1.mid"",""Factory Styles/Foxtrot 2.mid"",""Factory Styles/Funky Sisters.mid"",""Factory Styles/Groove Ballad.mid"",""Factory Styles/Groove Funk.mid"",""Factory Styles/Guitar Ballad.mid"",""Factory Styles/Karma.mid"",""Factory Styles/Real 16 Beat.mid""]"
RHYTHM,ACC5,Ending 2,1e7588a7117d1611,9,9,"[""Factory Styles/Analog Beat 2.mid"",""Factory Styles/Disco Gully.mid"",""Factory Styles/Easy Beat 2.mid"",""Factory Styles/Easy Listening.mid"",""Factory Styles/Folk Beat.mid"",""Factory Styles/Half Beat.mid"",""Factory Styles/Little Shuffle.mid"",""Factory Styles/Modern Beat.mid""]"
PERFORMANCE,ACC2,Break,821e4a1733acac33,9,9,"[""Factory Styles/50's  Fox.mid"",""Factory Styles/Analog Ballad 2.mid"",""Factory Styles/Broadway.mid"",""Factory Styles/Fast Big Band 2.mid"",""Factory Styles/Foxtrot 1.mid"",""Factory Styles/German Waltz 1.mid"",""Factory Styles/Serenade Band.mid"",""Factory Styles/Tap Dance.mid""]"
PERFORMANCE,ACC4,Break,821e4a1733acac33,9,9,"[""Factory Styles/50's  Fox.mid"",""Factory Styles/ClassicSchlager2.mid"",""Factory Styles/Funky Sisters.mid"",""Factory Styles/Irish Fox.mid"",""Factory Styles/Italian Polka 3.mid"",""Factory Styles/Karma.mid"",""Factory Styles/Pop Shuffle 1.mid"",""Factory Styles/SchlagerShuffle1.mid""]"
RHYTHM,DRUM,Variation 4,56fc38eac7c10cbd,26,8,"[""Factory Styles/60's Dance.mid"",""Factory Styles/Country Beat 2.mid"",""Factory Styles/Country Pop.mid"",""Factory Styles/Modern Country.mid"",""Factory Styles/Modern Latin.mid"",""Factory Styles/Moonlight Ballad.mid"",""Factory Styles/Oriental Ballad.mid"",""Factory Styles/Party Polka.mid""]"
RHYTHM,DRUM,Variation 1,56fc38eac7c10cbd,22,8,"[""Factory Styles/60's Dance.mid"",""Factory Styles/Country Beat 2.mid"",""Factory Styles/Country Pop.mid"",""Factory Styles/Fast Pop.mid"",""Factory Styles/Modern Country.mid"",""Factory Styles/Moonlight Ballad.mid"",""Factory Styles/Party Polka.mid"",""Factory Styles/Pop Ballad.mid""]"
RHYTHM,BASS,Variation 4,4b12f5a377bdecba,18,8,"[""Factory Styles/Big Band 40's.mid"",""Factory Styles/Big Band Fox.mid"",""Factory Styles/Bluegrass.mid"",""Factory Styles/Foxtrot 2.mid"",""Factory Styles/Italian Tango 1.mid"",""Factory Styles/Jive.mid"",""Factory Styles/Movie Swing.mid"",""Factory Styles/Orchestral Tango.mid""]"
PERFORMANCE,ACC5,Variation 4,29b68bc28cd76881,14,8,"[""Factory Styles/70's Disco 2.mid"",""Factory Styles/Analog Beat 1.mid"",""Factory Styles/Country Schlager.mid"",""Factory Styles/Jazzy PopFunk.mid"",""Factory Styles/Little Shuffle.mid"",""Factory Styles/Pop Funk 1.mid"",""Factory Styles/Pop Shuffle 3.mid"",""Factory Styles/Soft Ballad.mid""]"
PERFORMANCE,ACC5,Variation 4,91cbcfd0604660a0,14,8,"[""Factory Styles/Argentina Tango.mid"",""Factory Styles/Dance Fever.mid"",""Factory Styles/Easy Ballad.mid"",""Factory Styles/Fashion Funk.mid"",""Factory Styles/Fox Shuffle 1.mid"",""Factory Styles/Funky Ballad.mid"",""Factory Styles/Guitar Beat.mid"",""Factory Styles/Unplugged 8 Bt.mid""]"
RHYTHM,ACC4,Fill 2,6a8c4430fcf8b414,12,8,"[""Factory Styles/Analog Ballad 2.mid"",""Factory Styles/Medium BigBand1.mid"",""Factory Styles/Movie Swing.mid"",""Factory Styles/Pop Funk 2.mid"",""Factory Styles/Slow Fox.mid"",""Factory Styles/Tap Dance.mid"",""Factory Styles/Unplugged Gtr 3.mid"",""Factory Styles/UnpluggedBallad2.mid""]"
RHYTHM,ACC5,Variation 3,e5882406e029f464,11,8,"[""Factory Styles/70's Disco 1.mid"",""Factory Styles/Analog Ballad 2.mid"",""Factory Styles/Modern Beat.mid"",""Factory Styles/Philly Disco.mid"",""Factory Styles/Pop Chart 2.mid"",""Factory Styles/Pop Funk 2.mid"",""Factory Styles/Real 16 Beat.mid"",""Factory Styles/Smooth Jazz.mid""]"
RHYTHM,ACC5,Variation 4,e5882406e029f464,11,8,"[""Factory Styles/Analog Ballad 2.mid"",""Factory Styles/Oriental Dance.mid"",""Factory Styles/Philly Disco.mid"",""Factory Styles/Pop Chart 2.mid"",""Factory Styles/Pop Funk 2.mid"",""Factory Styles/Real 16 Beat.mid"",""Factory Styles/Slow Latin Pop.mid"",""Factory Styles/Soft 16 Beat.mid""]"
RHYTHM,BASS,Fill 1,cba2fdf5c5772adc,11,8,"[""Factory Styles/Black Funk.mid"",""Factory Styles/Country Beat 1.mid"",""Factory Styles/Fox Shuffle 1.mid"",""Factory Styles/Groove Ballad.mid"",""Factory Styles/Meditando.mid"",""Factory Styles/Medium BigBand2.mid"",""Factory Styles/Schlager 2.mid"",""Factory Styles/Twist.mid""]"
PERFORMANCE,ACC4,Break,b079cd60f97a92cc,11,8,"[""Factory Styles/70's Disco 1.mid"",""Factory Styles/Country Beat 2.mid"",""Factory Styles/Fashion Funk.mid"",""Factory Styles/House Garage.mid"",""Factory Styles/Schlager 2.mid"",""Factory Styles/Schlager 3.mid"",""Factory Styles/SchlagerShuffle2.mid"",""Factory Styles/Soul.mid""]"
PERFORMANCE,ACC4,Variation 4,827cbe89d728ef3e,11,8,"[""Factory Styles/Analog Beat 2.mid"",""Factory Styles/Black Funk.mid"",""Factory Styles/Club House.mid"",""Factory Styles/Groove Ballad.mid"",""Factory Styles/Groove Funk.mid"",""Factory Styles/Kool Funk.mid"",""Factory Styles/Slow Band.mid"",""Factory Styles/Unplugged Latin.mid""]"
PERFORMANCE,ACC3,Break,91cbcfd0604660a0,10,8,"[""Factory Styles/Dance Mix.mid"",""Factory Styles/German Waltz 2.mid"",""Factory Styles/German Waltz 3.mid"",""Factory Styles/Medium Schlager.mid"",""Factory Styles/Schlager 2.mid"",""Factory Styles/Schlager 3.mid"",""Factory Styles/SchlagerShuffle2.mid"",""Factory Styles/Volkst_ Schlager.mid""]"
RHYTHM,ACC5,Variation 1,e5882406e029f464,9,8,"[""Factory Styles/70's Disco 1.mid"",""Factory Styles/Analog Ballad 2.mid"",""Factory Styles/Easy Beat 1.mid"",""Factory Styles/Karma.mid"",""Factory Styles/Philly Disco.mid"",""Factory Styles/Pop Chart 2.mid"",""Factory Styles/Pop Funk 2.mid"",""Factory Styles/Pop Hit Ballad.mid""]"
RHYTHM,BASS,Break,45fadff766869711,9,8,"[""Factory Styles/Al Swing.mid"",""Factory Styles/Bavarian Pop.mid"",""Factory Styles/Country Ballad 1.mid"",""Factory Styles/Dance Fever.mid"",""Factory Styles/Disco Schlager.mid"",""Factory Styles/Fox Schlager.mid"",""Factory Styles/Pop Schlager.mid"",""Factory Styles/Slow HipHop.mid""]"
RHYTHM,ACC1,Break,6696778b003652da,9,8,"[""Factory Styles/French Waltz.mid"",""Factory Styles/German Waltz 1.mid"",""Factory Styles/German Waltz 2.mid"",""Factory Styles/German Waltz 3.mid"",""Factory Styles/Musette Waltz.mid"",""Factory Styles/Slow Waltz 1.mid"",""Factory Styles/Unplugged 3_4.mid"",""Factory Styles/Waltz Ballad.mid""]"
PERFORMANCE,ACC2,Break,cf40a5513b7006af,9,8,"[""Factory Styles/Alpen Rock.mid"",""Factory Styles/Country Schlager.mid"",""Factory Styles/Easy Pop 1.mid"",""Factory Styles/Funky Ballad.mid"",""Factory Styles/Groove Funk.mid"",""Factory Styles/Real 8 Beat.mid"",""Factory Styles/Rock Schlager.mid"",""Factory Styles/Schlager 1.mid""]"
PERFORMANCE,ACC3,Break,b079cd60f97a92cc,8,8,"[""Factory Styles/Caribbean.mid"",""Factory Styles/Club House.mid"",""Factory Styles/Guitar Pop.mid"",""Factory Styles/Operetta.mid"",""Factory Styles/Pop 12_8.mid"",""Factory Styles/Pop Funk 1.mid"",""Factory Styles/Rock Ballad 2.mid"",""Factory Styles/Samba Medley.mid""]"
RHYTHM,DRUM,Variation 2,56fc38eac7c10cbd,21,7,"[""Factory Styles/60's Dance.mid"",""Factory Styles/Country Beat 2.mid"",""Factory Styles/Country Pop.mid"",""Factory Styles/Moonlight Ballad.mid"",""Factory Styles/Oriental Ballad.mid"",""Factory Styles/Party Polka.mid"",""Factory Styles/Pop Ballad.mid""]"
RHYTHM,ACC3,Variation 4,c19637d579edc933,12,7,"[""Factory Styles/Bavarian Pop.mid"",""Factory Styles/Blue Ballad.mid"",""Factory Styles/Country Schlager.mid"",""Factory Styles/Rock Schlager.mid"",""Factory Styles/Samba Medley.mid"",""Factory Styles/SchlagerShuffle2.mid"",""Factory Styles/Talkin' Jazz.mid""]"
RHYTHM,DRUM,Variation 1,1b44db378d271dbf,12,7,"[""Factory Styles/Country Strum.mid"",""Factory Styles/Groove It Up.mid"",""Factory Styles/Love Disco.mid"",""Factory Styles/Philly Disco.mid"",""Factory Styles/Pop Funk.mid"",""Factory Styles/Soft 16 Beat.mid"",""Factory Styles/Standard 16 Beat.mid""]"
RHYTHM,PERC,Variation 3,93b5c2399bacfb08,11,7,"[""Factory Styles/8 Beat Analog 1.mid"",""Factory Styles/8 Beat Analog 2.mid"",""Factory Styles/Acoustic Bld_3_4.mid"",""Factory Styles/Country 16 Beat.mid"",""Factory Styles/Country 8 Beat.mid"",""Factory Styles/Fox Schlager.mid"",""Factory Styles/German Polka.mid""]"
RHYTHM,ACC3,Variation 4,1e7588a7117d1611,11,7,"[""Factory Styles/Classic Beat.mid"",""Factory Styles/Classic Funk.mid"",""Factory Styles/Karma.mid"",""Factory Styles/Modern Ballad.mid"",""Factory Styles/Organ Ballad.mid"",""Factory Styles/Pop Schlager.mid"",""Factory Styles/Soft 8 Beat.mid""]"
RHYTHM,DRUM,Variation 2,1b44db378d271dbf,10,7,"[""Factory Styles/80's Dance.mid"",""Factory Styles/Country Strum.mid"",""Factory Styles/Groove It Up.mid"",""Factory Styles/Love Disco.mid"",""Factory Styles/Philly Disco.mid"",""Factory Styles/Pop Funk.mid"",""Factory Styles/Standard 16 Beat.mid""]"
RHYTHM,ACC4,Variation 3,c19637d579edc933,10,7,"[""Factory Styles/Alpen Rock.mid"",""Factory Styles/Analog Ballad 1.mid"",""Factory Styles/Schlager 3.mid"",""Factory Styles/Schlager 4.mid"",""Factory Styles/Schlager Rhumba.mid"",""Factory Styles/SchlagerShuffle1.mid"",""Factory Styles/UnpluggedBallad3.mid""]"
RHYTHM,BASS,Fill 1,ea026ee5c50d7a3c,10,7,"[""Factory Styles/Argentina Tango.mid"",""Factory Styles/Bigger Band.mid"",""Factory Styles/ClassicSchlager3.mid"",""Factory Styles/Country Beat 2.mid"",""Factory Styles/Fast Big Band 1.mid"",""Factory Styles/Italian Tango 1.mid"",""Factory Styles/Italian Tango 2.mid""]"
RHYTHM,DRUM,Variation 4,295ab2fd02be5343,10,7,"[""Factory Styles/Bavarian Pop.mid"",""Factory Styles/Caribbean.mid"",""Factory Styles/Disco Schlager.mid"",""Factory Styles/Party Mix.mid"",""Factory Styles/Rock Schlager.mid"",""Factory Styles/Schlager 4.mid"",""Factory Styles/Volkst_ Schlager.mid""]"
RHYTHM,ACC3,Variation 3,c19637d579edc933,10,7,"[""Factory Styles/Bavarian Pop.mid"",""Factory Styles/Blue Ballad.mid"",""Factory Styles/Country Schlager.mid"",""Factory Styles/Disco Schlager.mid"",""Factory Styles/Pop Schlager.mid"",""Factory Styles/Rock Schlager.mid"",""Factory Styles/SchlagerShuffle2.mid""]"
RHYTHM,BASS,Fill 2,09100d6f59630a82,10,7,"[""Factory Styles/Country 16 Beat.mid"",""Factory Styles/Country 8 Beat.mid"",""Factory Styles/Country Beat 1.mid"",""Factory Styles/Country Pop.mid"",""Factory Styles/Country Schlager.mid"",""Factory Styles/Schlager 1.mid"",""Factory Styles/Schlager Rhumba.mid""]"
RHYTHM,ACC3,Break,6696778b003652da,10,7,"[""Factory Styles/French Waltz.mid"",""Factory Styles/German Waltz 1.mid"",""Factory Styles/German Waltz 2.mid"",""Factory Styles/German Waltz 3.mid"",""Factory Styles/Oberkr_ Waltz 1.mid"",""Factory Styles/Slow Waltz 2.mid"",""Factory Styles/Unplugged 3_4.mid""]"
RHYTHM,ACC3,Intro 2,c19637d579edc933,9,7,"[""Factory Styles/Color Ballad.mid"",""Factory Styles/Country Schlager.mid"",""Factory Styles/Disco Schlager.mid"",""Factory Styles/Pop Schlager.mid"",""Factory Styles/Rock Schlager.mid"",""Factory Styles/Samba Medley.mid"",""Factory Styles/Soft Ballad.mid""]"
PERFORMANCE,ACC5,Variation 4,827cbe89d728ef3e,9,7,"[""Factory Styles/70's Disco 2.mid"",""Factory Styles/Easy Beat 2.mid"",""Factory Styles/Fast Pop.mid"",""Factory Styles/Modern Beat.mid"",""Factory Styles/Rhythm & Blues.mid"",""Factory Styles/Unplugged Latin.mid"",""Factory Styles/Waltz Ballad.mid""]"
RHYTHM,BASS,Fill 1,6a8c4430fcf8b414,8,7,"[""Factory Styles/Analog Ballad 2.mid"",""Factory Styles/Country Ballad 2.mid"",""Factory Styles/Country Boogie.mid"",""Factory Styles/Groove.mid"",""Factory Styles/Little Boy.mid"",""Factory Styles/Modern Latin.mid"",""Factory Styles/Unplugged Swing.mid""]"
PERFORMANCE,ACC3,Break,cab2fb13ea1ad71d,8,7,"[""Factory Styles/50's  Fox.mid"",""Factory Styles/Country Pop.mid"",""Factory Styles/Foxtrot 2.mid"",""Factory Styles/Pop Ballad.mid"",""Factory Styles/Schlager 4.mid"",""Factory Styles/Slow Waltz 2.mid"",""Factory Styles/Tap Dance.mid""]"
PERFORMANCE,ACC5,Break,fcc64df40ac60bc6,8,7,"[""Factory Styles/Country Schlager.mid"",""Factory Styles/Dance Mix.mid"",""Factory Styles/Elektro Funk.mid"",""Factory Styles/English Tango.mid"",""Factory Styles/Folk Ballad 2.mid"",""Factory Styles/Pop Funk 2.mid"",""Factory Styles/Schlager Rhumba.mid""]"
RHYTHM,ACC4,Ending 3,fbe5603d7d9ffd97,7,7,"[""Factory Styles/70's Disco 1.mid"",""Factory Styles/Classic Beat.mid"",""Factory Styles/Kool Funk.mid"",""Factory Styles/Pop Chart 2.mid"",""Factory Styles/Pop Funk 2.mid"",""Factory Styles/Schlager 4.mid"",""Factory Styles/Unplugged Gtr 2.mid""]"
RHYTHM,BASS,Break,ce92af26d11aa780,7,7,"[""Factory Styles/8 Beat Analog 2.mid"",""Factory Styles/Folk Ballad 1.mid"",""Factory Styles/Gospel Shuffle.mid"",""Factory Styles/Kool Beat.mid"",""Factory Styles/Modern Gospel 1.mid"",""Factory Styles/Movie Ballad.mid"",""Factory Styles/Standard 16 Beat.mid""]"
RHYTHM,ACC2,Ending 3,cba2fdf5c5772adc,7,7,"[""Factory Styles/8 Beat Analog 2.mid"",""Factory Styles/Club House.mid"",""Factory Styles/Groove Funk.mid"",""Factory Styles/Guitar Ballad.mid"",""Factory Styles/Pop Groove.mid"",""Factory Styles/UnpluggedBallad1.mid"",""Factory Styles/Western Movie.mid""]"
RHYTHM,ACC5,Intro 2,c19637d579edc933,7,7,"[""Factory Styles/Argentina Tango.mid"",""Factory Styles/Easy Pop 1.mid"",""Factory Styles/Pop Chart 2.mid"",""Factory Styles/Pop Hit Ballad.mid"",""Factory Styles/Schlager Rhumba.mid"",""Factory Styles/Slow & Jazzy.mid"",""Factory Styles/Wave Jazz.mid""]"
RHYTHM,ACC4,Intro 2,c19637d579edc933,7,7,"[""Factory Styles/Black Funk.mid"",""Factory Styles/Easy Pop 1.mid"",""Factory Styles/Pop 12_8.mid"",""Factory Styles/Schlager Rhumba.mid"",""Factory Styles/SchlagerShuffle1.mid"",""Factory Styles/Slow HipHop.mid"",""Factory Styles/Unplugged Gtr 2.mid""]"
RHYTHM,DRUM,Fill 1,d3d30fc769025b35,7,7,"[""Factory Styles/Classic Beat.mid"",""Factory Styles/Love Disco.mid"",""Factory Styles/Pop Funk.mid"",""Factory Styles/Pop Hit Ballad.mid"",""Factory Styles/Slow & Jazzy.mid"",""Factory Styles/Soft 16 Beat.mid"",""Factory Styles/UnpluggedBallad3.mid""]"
RHYTHM,ACC3,Ending 3,cba2fdf5c5772adc,7,7,"[""Factory Styles/Club House.mid"",""Factory Styles/Easy Pop 1.mid"",""Factory Styles/Easy Pop 2.mid"",""Factory Styles/Karma.mid"",""Factory Styles/Miami Disco.mid"",""Factory Styles/Modern Ballad.mid"",""Factory Styles/Smooth Jazz.mid""]"
PERFORMANCE,ACC2,Break,91cbcfd0604660a0,7,7,"[""Factory Styles/70's Disco 1.mid"",""Factory Styles/Fox Schlager.mid"",""Factory Styles/German Polka.mid"",""Factory Styles/Italian Polka 3.mid"",""Factory Styles/Meditando.mid"",""Factory Styles/Party Mix.mid"",""Factory Styles/Schlager Rhumba.mid""]"
PERFORMANCE,ACC5,Break,cf40a5513b7006af,7,7,"[""Factory Styles/70's Disco 1.mid"",""Factory Styles/Easy Pop 1.mid"",""Factory Styles/Pop Chart 2.mid"",""Factory Styles/Pop Hit Ballad.mid"",""Factory Styles/Rock Schlager.mid"",""Factory Styles/SchlagerShuffle1.mid"",""Factory Styles/UnpluggedBallad2.mid""]"
PERFORMANCE,ACC4,Fill 2,fcc64df40ac60bc6,7,7,"[""Factory Styles/Black Funk.mid"",""Factory Styles/Groove Ballad.mid"",""Factory Styles/Groove Funk.mid"",""Factory Styles/Karma.mid"",""Factory Styles/Party Mix.mid"",""Factory Styles/Schlager Rhumba.mid"",""Factory Styles/Unplugged Gtr 2.mid""]"
RHYTHM,BASS,Variation 2,4b12f5a377bdecba,14,6,"[""Factory Styles/Big Band 40's.mid"",""Factory Styles/Bluegrass.mid"",""Factory Styles/Italian Tango 1.mid"",""Factory Styles/Italian Tango 2.mid"",""Factory Styles/Jive.mid"",""Factory Styles/Pop Shuffle 2.mid""]"
RHYTHM,BASS,Variation 2,acca32a745253201,13,6,"[""Factory Styles/French Waltz.mid"",""Factory Styles/German Waltz 1.mid"",""Factory Styles/German Waltz 2.mid"",""Factory Styles/Italian Mazurka2.mid"",""Factory Styles/Oberkr_ Waltz 1.mid"",""Factory Styles/Vienna Waltz.mid""]"
RHYTHM,PERC,Variation 4,93b5c2399bacfb08,11,6,"[""Factory Styles/Acoustic Bld_3_4.mid"",""Factory Styles/Country 16 Beat.mid"",""Factory Styles/Country 8 Beat.mid"",""Factory Styles/Fox Schlager.mid"",""Factory Styles/Pop Funk 2.mid"",""Factory Styles/Standard 8 Beat.mid""]"
RHYTHM,BASS,Variation 1,d28cfcf57f4956da,11,6,"[""Factory Styles/Country 8 Beat.mid"",""Factory Styles/Country Ballad 2.mid"",""Factory Styles/Country Boogie.mid"",""Factory Styles/Country QuikStep.mid"",""Factory Styles/Italian Fox.mid"",""Factory Styles/Unplugged Swing.mid""]"
RHYTHM,BASS,Fill 1,eff7f5b5b7138bb4,11,6,"[""Factory Styles/German Waltz 1.mid"",""Factory Styles/German Waltz 2.mid"",""Factory Styles/Italian Waltz.mid"",""Factory Styles/Oberkr_ Waltz 1.mid"",""Factory Styles/Oberkr_ Waltz 2.mid"",""Factory Styles/Unplugged 3_4.mid""]"
RHYTHM,ACC1,Variation 2,e5882406e029f464,10,6,"[""Factory Styles/British Pop.mid"",""Factory Styles/Classic Beat.mid"",""Factory Styles/Jazzy PopFunk.mid"",""Factory Styles/Kool Funk.mid"",""Factory Styles/Smooth Jazz.mid"",""Factory Styles/Unplugged 16 Bt.mid""]"
RHYTHM,PERC,Variation 1,93b5c2399bacfb08,10,6,"[""Factory Styles/Dance Motown.mid"",""Factory Styles/Fox Schlager.mid"",""Factory Styles/Movie Ballad.mid"",""Factory Styles/Pop Funk 2.mid"",""Factory Styles/Schlager 1.mid"",""Factory Styles/Unplugged 8 Bt.mid""]"
RHYTHM,BASS,Variation 3,acca32a745253201,10,6,"[""Factory Styles/French Waltz.mid"",""Factory Styles/German Waltz 1.mid"",""Factory Styles/German Waltz 2.mid"",""Factory Styles/Italian Waltz.mid"",""Factory Styles/Oberkr_ Waltz 1.mid"",""Factory Styles/Vienna Waltz.mid""]"
RHYTHM,ACC1,Variation 1,e5882406e029f464,9,6,"[""Factory Styles/80's Dance.mid"",""Factory Styles/British Pop.mid"",""Factory Styles/Funky Disco.mid"",""Factory Styles/Jazzy PopFunk.mid"",""Factory Styles/Kool Funk.mid"",""Factory Styles/Smooth Jazz.mid""]"
RHYTHM,ACC5,Ending 2,cba2fdf5c5772adc,9,6,"[""Factory Styles/Country Ballad 1.mid"",""Factory Styles/Country Ballad 2.mid"",""Factory Styles/Irish Fox.mid"",""Factory Styles/Kool Beat.mid"",""Factory Styles/Philly Disco.mid"",""Factory Styles/Slow & Jazzy.mid""]"
RHYTHM,DRUM,Fill 1,c182967dce2a507b,9,6,"[""Factory Styles/Country Schlager.mid"",""Factory Styles/Dance Schlager.mid"",""Factory Styles/Medium Schlager.mid"",""Factory Styles/Modern Country.mid"",""Factory Styles/Standard 8 Beat.mid"",""Factory Styles/Unplugged Gtr 3.mid""]"
RHYTHM,PERC,Variation 4,12b2b3e22c35d031,8,6,"[""Factory Styles/Analog Beat 2.mid"",""Factory Styles/Caribbean.mid"",""Factory Styles/Disco Schlager.mid"",""Factory Styles/Organ Evergreens.mid"",""Factory Styles/Party Mix.mid"",""Factory Styles/UnpluggedBallad3.mid""]"
RHYTHM,ACC4,Ending 2,1e7588a7117d1611,8,6,"[""Factory Styles/Analog Beat 2.mid"",""Factory Styles/Easy Listening.mid"",""Factory Styles/Funky Sisters.mid"",""Factory Styles/Karma.mid"",""Factory Styles/Medium BigBand1.mid"",""Factory Styles/Slow Band.mid""]"
RHYTHM,ACC4,Fill 1,6a8c4430fcf8b414,8,6,"[""Factory Styles/Classic Beat.mid"",""Factory Styles/Medium BigBand1.mid"",""Factory Styles/Movie Swing.mid"",""Factory Styles/Pop Funk 2.mid"",""Factory Styles/Slow Fox.mid"",""Factory Styles/Soft 16 Beat.mid""]"
RHYTHM,BASS,Break,eff7f5b5b7138bb4,8,6,"[""Factory Styles/German Waltz 1.mid"",""Factory Styles/German Waltz 2.mid"",""Factory Styles/German Waltz 3.mid"",""Factory Styles/Italian Mazurka2.mid"",""Factory Styles/Oberkr_ Waltz 1.mid"",""Factory Styles/Oberkr_ Waltz 2.mid""]"
PERFORMANCE,ACC3,Break,02a1f226febef658,8,6,"[""Factory Styles/80's Dance.mid"",""Factory Styles/Blues Ballad.mid"",""Factory Styles/Elektro Funk.mid"",""Factory Styles/Jazz Funk.mid"",""Factory Styles/Motown Shuffle 1.mid"",""Factory Styles/Soul.mid""]"
PERFORMANCE,ACC4,Ending 2,91cbcfd0604660a0,8,6,"[""Factory Styles/Analog Beat 2.mid"",""Factory Styles/Easy Listening.mid"",""Factory Styles/Funky Sisters.mid"",""Factory Styles/Pop Ballad.mid"",""Factory Styles/Real 16 Beat.mid"",""Factory Styles/Real 8 Beat.mid""]"
RHYTHM,PERC,Variation 2,1b44db378d271dbf,7,6,"[""Factory Styles/80's Dance.mid"",""Factory Styles/Elektrik Funk.mid"",""Factory Styles/Funky Ballad.mid"",""Factory Styles/Groove Ballad.mid"",""Factory Styles/Love Disco.mid"",""Factory Styles/Miami Disco.mid""]"
RHYTHM,PERC,Ending 3,7b037141a698f958,7,6,"[""Factory Styles/80's Dance.mid"",""Factory Styles/Barry Dance.mid"",""Factory Styles/Dance Motown.mid"",""Factory Styles/Funky Ballad.mid"",""Factory Styles/Love Disco.mid"",""Factory Styles/Modern Gospel 1.mid""]"
RHYTHM,ACC3,Variation 1,c19637d579edc933,7,6,"[""Factory Styles/Country Schlager.mid"",""Factory Styles/Folk Beat.mid"",""Factory Styles/Medium Schlager.mid"",""Factory Styles/Pop Schlager.mid"",""Factory Styles/Rock Schlager.mid"",""Factory Styles/SchlagerShuffle2.mid""]"
RHYTHM,PERC,Variation 1,1b44db378d271dbf,7,6,"[""Factory Styles/Easy Pop 1.mid"",""Factory Styles/Elektrik Funk.mid"",""Factory Styles/Funky Ballad.mid"",""Factory Styles/Groove Ballad.mid"",""Factory Styles/Love Disco.mid"",""Factory Styles/Miami Disco.mid""]"
PERFORMANCE,ACC5,Break,02a1f226febef658,7,6,"[""Factory Styles/8 Beat Analog 1.mid"",""Factory Styles/Pop Shuffle 2.mid"",""Factory Styles/Pop Shuffle 3.mid"",""Factory Styles/Samba Medley.mid"",""Factory Styles/Soul.mid"",""Factory Styles/Twist.mid""]"
PERFORMANCE,ACC1,Fill 2,cab2fb13ea1ad71d,7,6,"[""Factory Styles/Black Funk.mid"",""Factory Styles/ClassicSchlager1.mid"",""Factory Styles/French Waltz.mid"",""Factory Styles/Funky Ballad.mid"",""Factory Styles/Schlager 2.mid"",""Factory Styles/Schlager 3.mid""]"
PERFORMANCE,ACC3,Break,821e4a1733acac33,7,6,"[""Factory Styles/Blues.mid"",""Factory Styles/ClassicSchlager1.mid"",""Factory Styles/ClassicSchlager2.mid"",""Factory Styles/Pop 6_8.mid"",""Factory Styles/Quick Step 2.mid"",""Factory Styles/Techno.mid""]"
RHYTHM,DRUM,Intro 3,3d62feecbf995ea6,6,6,"[""Factory Styles/60's Dance.mid"",""Factory Styles/70's Disco 2.mid"",""Factory Styles/Easy Pop 1.mid"",""Factory Styles/Half Beat.mid"",""Factory Styles/Soca Dance.mid"",""Factory Styles/Soft Ballad.mid""]"
RHYTHM,BASS,Ending 3,f0724601c13dbba4,6,6,"[""Factory Styles/80's Dance.mid"",""Factory Styles/Country Beat 2.mid"",""Factory Styles/Disco Schlager.mid"",""Factory Styles/Medium Schlager.mid"",""Factory Styles/Slow Fox.mid"",""Factory Styles/Unplugged Swing.mid""]"
RHYTHM,BASS,Variation 1,9f635c71e82e80df,6,6,"[""Factory Styles/Acoustic Bld_3_4.mid"",""Factory Styles/Alpen Ballade.mid"",""Factory Styles/Orchestral Tango.mid"",""Factory Styles/Pop Schlager.mid"",""Factory Styles/SchlagerShuffle1.mid"",""Factory Styles/Volkst_ Schlager.mid""]"
RHYTHM,ACC5,Ending 3,fbe5603d7d9ffd97,6,6,"[""Factory Styles/Argentina Tango.mid"",""Factory Styles/Pop Chart 2.mid"",""Factory Styles/Pop Hit Ballad.mid"",""Factory Styles/Samba Medley.mid"",""Factory Styles/Sister & Girl.mid"",""Factory Styles/UnpluggedBallad2.mid""]"
RHYTHM,ACC2,Break,54015302c3c0b258,6,6,"[""Factory Styles/ClassicSchlager1.mid"",""Factory Styles/Funky Disco.mid"",""Factory Styles/Island View.mid"",""Factory Styles/Italian Fox.mid"",""Factory Styles/Pop Funk.mid"",""Factory Styles/UnpluggedBallad1.mid""]"
RHYTHM,ACC1,Fill 1,ea026ee5c50d7a3c,6,6,"[""Factory Styles/ClassicSchlager3.mid"",""Factory Styles/Foxtrot 2.mid"",""Factory Styles/Motown Shuffle 1.mid"",""Factory Styles/Quick Step 2.mid"",""Factory Styles/Slow Fox.mid"",""Factory Styles/Unplugged Swing.mid""]"
RHYTHM,ACC2,Ending 3,fbe5603d7d9ffd97,6,6,"[""Factory Styles/Disco Schlager.mid"",""Factory Styles/Easy Listening.mid"",""Factory Styles/Fox Schlager.mid"",""Factory Styles/Medium Schlager.mid"",""Factory Styles/Schlager 2.mid"",""Factory Styles/Schlager 3.mid""]"
RHYTHM,BASS,Ending 3,51d94dbf668b2f92,6,6,"[""Factory Styles/German Waltz 1.mid"",""Factory Styles/German Waltz 2.mid"",""Factory Styles/German Waltz 3.mid"",""Factory Styles/Oberkr_ Waltz 1.mid"",""Factory Styles/Oberkr_ Waltz 2.mid"",""Factory Styles/Unplugged 3_4.mid""]"
PERFORMANCE,ACC1,Break,fcc64df40ac60bc6,6,6,"[""Factory Styles/Country Beat 2.mid"",""Factory Styles/Funky Sisters.mid"",""Factory Styles/Gospel.mid"",""Factory Styles/Operetta.mid"",""Factory Styles/Smooth Jazz.mid"",""Factory Styles/Soft Ballad.mid""]"
PERFORMANCE,ACC3,Fill 2,fcc64df40ac60bc6,6,6,"[""Factory Styles/Country Schlager.mid"",""Factory Styles/Karma.mid"",""Factory Styles/Polka Pop.mid"",""Factory Styles/Schlager 1.mid"",""Factory Styles/Slow 6_8.mid"",""Factory Styles/Smooth Jazz.mid""]"
PERFORMANCE,ACC5,Ending 2,827cbe89d728ef3e,6,6,"[""Factory Styles/Easy Listening.mid"",""Factory Styles/Half Beat.mid"",""Factory Styles/Irish Fox.mid"",""Factory Styles/Modern Beat.mid"",""Factory Styles/Modern Latin.mid"",""Factory Styles/Waltz Ballad.mid""]"
PERFORMANCE,ACC4,Break,91cbcfd0604660a0,6,6,"[""Factory Styles/Half Beat.mid"",""Factory Styles/Italian Fox.mid"",""Factory Styles/Modern Beat.mid"",""Factory Styles/Schlager 1.mid"",""Factory Styles/Slow Waltz 2.mid"",""Factory Styles/Unplugged 8 Bt.mid""]"
PERFORMANCE,BASS,Break,91cbcfd0604660a0,6,6,"[""Factory Styles/Modern Latin.mid"",""Factory Styles/Moonlight Ballad.mid"",""Factory Styles/Motown Shuffle 2.mid"",""Factory Styles/Oriental Ballad.mid"",""Factory Styles/Slow & Jazzy.mid"",""Factory Styles/Unplugged Gtr 3.mid""]"
RHYTHM,BASS,Variation 4,bcc515817815699a,16,5,"[""Factory Styles/German Waltz 1.mid"",""Factory Styles/German Waltz 2.mid"",""Factory Styles/German Waltz 3.mid"",""Factory Styles/Italian Waltz.mid"",""Factory Styles/Oberkr_ Waltz 1.mid""]"
RHYTHM,DRUM,Variation 4,93b5c2399bacfb08,11,5,"[""Factory Styles/Classic Beat.mid"",""Factory Styles/Country 8 Beat.mid"",""Factory Styles/Fox Schlager.mid"",""Factory Styles/Schlager 1.mid"",""Factory Styles/Unplugged Gtr 3.mid""]"
RHYTHM,PERC,Variation 4,014bc0dacfde20a7,10,5,"[""Factory Styles/Easy Pop 1.mid"",""Factory Styles/Folk Ballad 1.mid"",""Factory Styles/Folk Ballad 2.mid"",""Factory Styles/Pop Funk 1.mid"",""Factory Styles/UnpluggedBallad2.mid""]"
RHYTHM,ACC1,Variation 1,fe16c3dbabb93bff,9,5,"[""Factory Styles/Acoustic Bld_3_4.mid"",""Factory Styles/Disco Schlager.mid"",""Factory Styles/Hollywood 2.mid"",""Factory Styles/Pop Schlager.mid"",""Factory Styles/Schlager 2.mid""]"
RHYTHM,ACC4,Variation 2,c19637d579edc933,9,5,"[""Factory Styles/Alpen Rock.mid"",""Factory Styles/Fashion Funk.mid"",""Factory Styles/Schlager 3.mid"",""Factory Styles/Schlager Rhumba.mid"",""Factory Styles/SchlagerShuffle1.mid""]"
RHYTHM,BASS,Fill 1,f778440d00c4a9df,9,5,"[""Factory Styles/Broadway.mid"",""Factory Styles/Hollywood 2.mid"",""Factory Styles/Party Polka.mid"",""Factory Styles/Tap Dance.mid"",""Factory Styles/Volkst_ Schlager.mid""]"
RHYTHM,PERC,Fill 2,eff7f5b5b7138bb4,9,5,"[""Factory Styles/German Waltz 1.mid"",""Factory Styles/German Waltz 2.mid"",""Factory Styles/Irish Waltz.mid"",""Factory Styles/Oberkr_ Waltz 1.mid"",""Factory Styles/Oberkr_ Waltz 2.mid""]"
RHYTHM,ACC2,Variation 1,e9865b564f64dda5,9,5,"[""Factory Styles/German Waltz 1.mid"",""Factory Styles/German Waltz 2.mid"",""Factory Styles/Oberkr_ Waltz 1.mid"",""Factory Styles/Slow Waltz 2.mid"",""Factory Styles/Vienna Waltz.mid""]"
RHYTHM,BASS,Fill 2,692031560615db20,8,5,"[""Factory Styles/Acoustic Bld_3_4.mid"",""Factory Styles/Bluegrass.mid"",""Factory Styles/Broadway.mid"",""Factory Styles/Hollywood 1.mid"",""Factory Styles/Party Polka.mid""]"
RHYTHM,PERC,Variation 1,295ab2fd02be5343,8,5,"[""Factory Styles/Analog Ballad 1.mid"",""Factory Styles/Disco Schlager.mid"",""Factory Styles/German Polka.mid"",""Factory Styles/Medium Schlager.mid"",""Factory Styles/Schlager Rhumba.mid""]"
RHYTHM,BASS,Variation 2,abe69ae507a0b9ec,8,5,"[""Factory Styles/Argentina Tango.mid"",""Factory Styles/Big Band Jump.mid"",""Factory Styles/English Tango.mid"",""Factory Styles/Hully Gully.mid"",""Factory Styles/Orchestral Tango.mid""]"
RHYTHM,DRUM,Break,e2a02b900d4bdaf1,7,5,"[""Factory Styles/60's Dance.mid"",""Factory Styles/Alpen Rock.mid"",""Factory Styles/Schlager 2.mid"",""Factory Styles/Schlager 3.mid"",""Factory Styles/Soca Dance.mid""]"
RHYTHM,ACC3,Variation 3,1e7588a7117d1611,7,5,"[""Factory Styles/8 Beat Analog 1.mid"",""Factory Styles/Classic Beat.mid"",""Factory Styles/Karma.mid"",""Factory Styles/Organ Ballad.mid"",""Factory Styles/Soft 8 Beat.mid""]"
RHYTHM,PERC,Variation 2,295ab2fd02be5343,7,5,"[""Factory Styles/Analog Ballad 1.mid"",""Factory Styles/German Polka.mid"",""Factory Styles/Medium Schlager.mid"",""Factory Styles/Rock Schlager.mid"",""Factory Styles/Schlager Rhumba.mid""]"
RHYTHM,ACC5,Variation 4,c19637d579edc933,7,5,"[""Factory Styles/Argentina Tango.mid"",""Factory Styles/Country Schlager.mid"",""Factory Styles/Fashion Funk.mid"",""Factory Styles/Guitar Beat.mid"",""Factory Styles/Slow & Jazzy.mid""]"
RHYTHM,ACC2,Variation 2,e9865b564f64dda5,7,5,"[""Factory Styles/German Waltz 1.mid"",""Factory Styles/German Waltz 2.mid"",""Factory Styles/Italian Mazurka2.mid"",""Factory Styles/Oberkr_ Waltz 1.mid"",""Factory Styles/Vienna Waltz.mid""]"
PERFORMANCE,ACC2,Break,b079cd60f97a92cc,7,5,"[""Factory Styles/HipHop Funk.mid"",""Factory Styles/House Garage.mid"",""Factory Styles/Rhythm & Blues.mid"",""Factory Styles/Schlager 2.mid"",""Factory Styles/Schlager 3.mid""]"
RHYTHM,ACC5,Variation 2,e5882406e029f464,6,5,"[""Factory Styles/70's Disco 1.mid"",""Factory Styles/Analog Ballad 2.mid"",""Factory Styles/Easy Beat 1.mid"",""Factory Styles/Philly Disco.mid"",""Factory Styles/Soft 16 Beat.mid""]"
RHYTHM,ACC3,Variation 4,e5882406e029f464,6,5,"[""Factory Styles/80's Dance.mid"",""Factory Styles/Island View.mid"",""Factory Styles/Pop 12_8.mid"",""Factory Styles/Real 16 Beat.mid"",""Factory Styles/Smooth Jazz.mid""]"
RHYTHM,PERC,Break,ab575b1c3401fa68,6,5,"[""Factory Styles/Acoustic Bld_3_4.mid"",""Factory Styles/Fox Schlager.mid"",""Factory Styles/Medium Schlager.mid"",""Factory Styles/Pop Funk 2.mid"",""Factory Styles/Volkst_ Schlager.mid""]"
RHYTHM,ACC2,Break,4c9a5afd9e915677,6,5,"[""Factory Styles/Bar Country.mid"",""Factory Styles/ClassicSchlager3.mid"",""Factory Styles/Operetta.mid"",""Factory Styles/Pop Ballad.mid"",""Factory Styles/Volkst_ Schlager.mid""]"
RHYTHM,PERC,Variation 2,12b2b3e22c35d031,6,5,"[""Factory Styles/Caribbean.mid"",""Factory Styles/Disco Schlager.mid"",""Factory Styles/Elektro Pop.mid"",""Factory Styles/Pop Schlager.mid"",""Factory Styles/Slow & Jazzy.mid""]"
RHYTHM,PERC,Variation 3,12b2b3e22c35d031,6,5,"[""Factory Styles/Caribbean.mid"",""Factory Styles/Disco Schlager.mid"",""Factory Styles/Elektro Pop.mid"",""Factory Styles/Pop Schlager.mid"",""Factory Styles/Rock Schlager.mid""]"
RHYTHM,ACC5,Variation 2,1e7588a7117d1611,6,5,"[""Factory Styles/Classic Funk.mid"",""Factory Styles/Hip Hindi Hop.mid"",""Factory Styles/Love Disco.mid"",""Factory Styles/Techno.mid"",""Factory Styles/Unplugged Latin.mid""]"
RHYTHM,ACC2,Fill 2,cbbb233e1293faca,6,5,"[""Factory Styles/Country Ballad 1.mid"",""Factory Styles/Funk R&B.mid"",""Factory Styles/Funky Ballad.mid"",""Factory Styles/Philly Disco.mid"",""Factory Styles/Soft Ballad.mid""]"
RHYTHM,ACC3,Fill 2,ea026ee5c50d7a3c,6,5,"[""Factory Styles/Country Beat 1.mid"",""Factory Styles/Italian Tango 1.mid"",""Factory Styles/Italian Tango 2.mid"",""Factory Styles/Miami Disco.mid"",""Factory Styles/Operetta.mid""]"
RHYTHM,DRUM,Fill 1,5047ee61fa8e27ad,6,5,"[""Factory Styles/Fox Shuffle 1.mid"",""Factory Styles/Gospel Swing.mid"",""Factory Styles/Pop Shuffle 1.mid"",""Factory Styles/Schlager 3.mid"",""Factory Styles/Slide Blues.mid""]"
RHYTHM,ACC4,Variation 3,1e7588a7117d1611,6,5,"[""Factory Styles/Groove Funk.mid"",""Factory Styles/Italian Fox.mid"",""Factory Styles/Karma.mid"",""Factory Styles/Slow Latin Pop.mid"",""Factory Styles/Unplugged Latin.mid""]"
PERFORMANCE,ACC5,Fill 2,fcc64df40ac60bc6,6,5,"[""Factory Styles/Analog Beat 2.mid"",""Factory Styles/Folk Ballad 2.mid"",""Factory Styles/Pop Funk 2.mid"",""Factory Styles/Schlager Rhumba.mid"",""Factory Styles/Unplugged Latin.mid""]"
PERFORMANCE,BASS,Break,cab2fb13ea1ad71d,6,5,"[""Factory Styles/Argentina Tango.mid"",""Factory Styles/Club House.mid"",""Factory Styles/HipHop.mid"",""Factory Styles/Pop 16 Beat.mid"",""Factory Styles/UnpluggedBallad3.mid""]"
PERFORMANCE,ACC1,Fill 1,cab2fb13ea1ad71d,6,5,"[""Factory Styles/Black Funk.mid"",""Factory Styles/French Waltz.mid"",""Factory Styles/Pop 12_8.mid"",""Factory Styles/Pop Chart 2.mid"",""Factory Styles/Schlager 2.mid""]"
PERFORMANCE,ACC3,Fill 2,008bedb44c21871a,6,5,"[""Factory Styles/Blue Ballad.mid"",""Factory Styles/Italian Waltz.mid"",""Factory Styles/Medium Schlager.mid"",""Factory Styles/Soft Ballad.mid"",""Factory Styles/Talkin' Jazz.mid""]"
PERFORMANCE,ACC4,Variation 3,827cbe89d728ef3e,6,5,"[""Factory Styles/Easy Beat 2.mid"",""Factory Styles/Groove Funk.mid"",""Factory Styles/Italian Polka 2.mid"",""Factory Styles/Karma.mid"",""Factory Styles/Unplugged Latin.mid""]"
RHYTHM,ACC2,Variation 3,e5882406e029f464,5,5,"[""Factory Styles/8 Beat Analog 2.mid"",""Factory Styles/80's Dance.mid"",""Factory Styles/Classic Funk.mid"",""Factory Styles/Groove Ballad.mid"",""Factory Styles/Groove Funk.mid""]"
RHYTHM,BASS,Break,44e7ac5775a11c12,5,5,"[""Factory Styles/Alpen Rock.mid"",""Factory Styles/Bluegrass.mid"",""Factory Styles/Take Beat.mid"",""Factory Styles/Unplugged Slow.mid"",""Factory Styles/UnpluggedBallad1.mid""]"
RHYTHM,ACC3,Ending 3,c19637d579edc933,5,5,"[""Factory Styles/Bavarian Pop.mid"",""Factory Styles/Blue Ballad.mid"",""Factory Styles/Little Shuffle.mid"",""Factory Styles/Pop 16 Beat.mid"",""Factory Styles/Pop Shuffle 1.mid""]"
RHYTHM,DRUM,Break,b08f3d8db9e31713,5,5,"[""Factory Styles/Big Band 40's.mid"",""Factory Styles/CountryShuffle 2.mid"",""Factory Styles/Gospel.mid"",""Factory Styles/Italian Fox.mid"",""Factory Styles/Unplugged Swing.mid""]"
RHYTHM,ACC3,Variation 2,c19637d579edc933,5,5,"[""Factory Styles/Blue Ballad.mid"",""Factory Styles/Country Schlager.mid"",""Factory Styles/Pop Schlager.mid"",""Factory Styles/Rock Schlager.mid"",""Factory Styles/SchlagerShuffle2.mid""]"
RHYTHM,PERC,Intro 2,12b2b3e22c35d031,5,5,"[""Factory Styles/Caribbean.mid"",""Factory Styles/Easy Pop 1.mid"",""Factory Styles/Funky Ballad.mid"",""Factory Styles/Pop Schlager.mid"",""Factory Styles/Samba Medley.mid""]"
RHYTHM,PERC,Break,80dd7d07626917e4,5,5,"[""Factory Styles/ClassicSchlager3.mid"",""Factory Styles/Jive.mid"",""Factory Styles/Operetta.mid"",""Factory Styles/Standard 8 Beat.mid"",""Factory Styles/Wave Jazz.mid""]"
RHYTHM,ACC2,Break,6696778b003652da,5,5,"[""Factory Styles/Country 3_4.mid"",""Factory Styles/French Waltz.mid"",""Factory Styles/German Waltz 1.mid"",""Factory Styles/German Waltz 2.mid"",""Factory Styles/German Waltz 3.mid""]"
RHYTHM,BASS,Fill 1,653d112d74dc6c37,5,5,"[""Factory Styles/Country Boogie.mid"",""Factory Styles/Irish Fox.mid"",""Factory Styles/Italian Fox.mid"",""Factory Styles/Orchestral Tango.mid"",""Factory Styles/UnpluggedBallad1.mid""]"
RHYTHM,ACC2,Variation 4,1e7588a7117d1611,5,5,"[""Factory Styles/Fox Shuffle 2.mid"",""Factory Styles/Pop Funk.mid"",""Factory Styles/Techno.mid"",""Factory Styles/Unplugged Slow.mid"",""Factory Styles/UnpluggedBallad1.mid""]"
RHYTHM,ACC1,Fill 2,ea026ee5c50d7a3c,5,5,"[""Factory Styles/Foxtrot 2.mid"",""Factory Styles/Miami Disco.mid"",""Factory Styles/Orchestral Tango.mid"",""Factory Styles/Quick Step 2.mid"",""Factory Styles/Slow Fox.mid""]"
RHYTHM,BASS,Intro 3,5f42c849d22e03d9,5,5,"[""Factory Styles/German Waltz 2.mid"",""Factory Styles/Irish Waltz.mid"",""Factory Styles/Slow Waltz 2.mid"",""Factory Styles/Unplugged 3_4.mid"",""Factory Styles/Vienna Waltz.mid""]"
RHYTHM,BASS,Break,cead3ac21ebc79c3,5,5,"[""Factory Styles/German Waltz 2.mid"",""Factory Styles/Irish Waltz.mid"",""Factory Styles/Slow Waltz 2.mid"",""Factory Styles/Unplugged 3_4.mid"",""Factory Styles/Vienna Waltz.mid""]"
RHYTHM,ACC2,Variation 2,e5882406e029f464,5,5,"[""Factory Styles/Groove Funk.mid"",""Factory Styles/Medium BigBand2.mid"",""Factory Styles/Orchestral Tango.mid"",""Factory Styles/Real 8 Beat.mid"",""Factory Styles/Standard 16 Beat.mid""]"
PERFORMANCE,ACC4,Fill 2,91cbcfd0604660a0,5,5,"[""Factory Styles/8 Beat Analog 1.mid"",""Factory Styles/Half Beat.mid"",""Factory Styles/Italian Fox.mid"",""Factory Styles/Modern Beat.mid"",""Factory Styles/Real 8 Beat.mid""]"
PERFORMANCE,ACC4,Break,fcc64df40ac60bc6,5,5,"[""Factory Styles/Alpen Ballade.mid"",""Factory Styles/French Waltz.mid"",""Factory Styles/Little Shuffle.mid"",""Factory Styles/Rock Schlager.mid"",""Factory Styles/Schlager Rhumba.mid""]"
PERFORMANCE,ACC5,Fill 2,cf40a5513b7006af,5,5,"[""Factory Styles/Analog Ballad 2.mid"",""Factory Styles/Easy Beat 1.mid"",""Factory Styles/Pop 16 Beat.mid"",""Factory Styles/Pop Chart 2.mid"",""Factory Styles/Pop Hit Ballad.mid""]"
PERFORMANCE,ACC3,Break,cf40a5513b7006af,5,5,"[""Factory Styles/Argentina Tango.mid"",""Factory Styles/Modern Country.mid"",""Factory Styles/Moonlight Ballad.mid"",""Factory Styles/Organ Evergreens.mid"",""Factory Styles/Unplugged 3_4.mid""]"
PERFORMANCE,ACC3,Break,29b68bc28cd76881,5,5,"[""Factory Styles/Ballad 6_8 2.mid"",""Factory Styles/British Pop.mid"",""Factory Styles/Country Schlager.mid"",""Factory Styles/Karma.mid"",""Factory Styles/Modern Ballad.mid""]"
PERFORMANCE,BASS,Break,cf40a5513b7006af,5,5,"[""Factory Styles/Barry Dance.mid"",""Factory Styles/Desert Shuffle.mid"",""Factory Styles/Jazz Funk.mid"",""Factory Styles/Motown Shuffle 1.mid"",""Factory Styles/Pop Hit Ballad.mid""]"
PERFORMANCE,ACC4,Break,02a1f226febef658,5,5,"[""Factory Styles/Barry Dance.mid"",""Factory Styles/Fox Shuffle 2.mid"",""Factory Styles/Funky Disco.mid"",""Factory Styles/German Waltz 3.mid"",""Factory Styles/Talkin' Jazz.mid""]"
PERFORMANCE,ACC5,Fill 2,827cbe89d728ef3e,5,5,"[""Factory Styles/Classic Beat.mid"",""Factory Styles/Fast Pop.mid"",""Factory Styles/Real 16 Beat.mid"",""Factory Styles/Soft 16 Beat.mid"",""Factory Styles/Waltz Ballad.mid""]"
PERFORMANCE,ACC5,Variation 4,7a1899becfa94bb8,5,5,"[""Factory Styles/Easy Pop 2.mid"",""Factory Styles/Folk Beat.mid"",""Factory Styles/Kool Beat.mid"",""Factory Styles/Modern Latin.mid"",""Factory Styles/Pop Groove.mid""]"
PERFORMANCE,ACC3,Break,008bedb44c21871a,5,5,"[""Factory Styles/French Waltz.mid"",""Factory Styles/Groove Funk.mid"",""Factory Styles/Soft Ballad.mid"",""Factory Styles/Soft HipHop.mid"",""Factory Styles/Unplugged.mid""]"
PERFORMANCE,ACC5,Fill 2,7a1899becfa94bb8,5,5,"[""Factory Styles/French Waltz.mid"",""Factory Styles/Half Beat.mid"",""Factory Styles/Kool Beat.mid"",""Factory Styles/Modern Beat.mid"",""Factory Styles/Pop Groove.mid""]"
PERFORMANCE,ACC1,Break,02a1f226febef658,5,5,"[""Factory Styles/Funk R&B.mid"",""Factory Styles/Gospel Swing.mid"",""Factory Styles/Medium Schlager.mid"",""Factory Styles/Pop Shuffle 2.mid"",""Factory Styles/Pop Shuffle 3.mid""]"
PERFORMANCE,ACC5,Ending 3,827cbe89d728ef3e,5,5,"[""Factory Styles/Half Beat.mid"",""Factory Styles/Modern Beat.mid"",""Factory Styles/Unplugged 16 Bt.mid"",""Factory Styles/Unplugged 8 Bt.mid"",""Factory Styles/Waltz Ballad.mid""]"
PERFORMANCE,BASS,Intro 3,a28af6a2e75614fa,5,5,"[""Factory Styles/Modern Ballad.mid"",""Factory Styles/Party Polka.mid"",""Factory Styles/Schlager 4.mid"",""Factory Styles/SchlagerShuffle2.mid"",""Factory Styles/Volkst_ Schlager.mid""]"
RHYTHM,DRUM,Variation 2,ec975196a2c3688b,12,4,"[""Factory Styles/German Waltz 1.mid"",""Factory Styles/German Waltz 2.mid"",""Factory Styles/German Waltz 3.mid"",""Factory Styles/Oberkr_ Waltz 1.mid""]"
RHYTHM,DRUM,Variation 1,ec975196a2c3688b,10,4,"[""Factory Styles/German Waltz 1.mid"",""Factory Styles/German Waltz 2.mid"",""Factory Styles/German Waltz 3.mid"",""Factory Styles/Oberkr_ Waltz 1.mid""]"
RHYTHM,ACC3,Variation 3,a6a795ffd4fa67b3,9,4,"[""Factory Styles/Color Ballad.mid"",""Factory Styles/Disco Latin.mid"",""Factory Styles/Funky Disco.mid"",""Factory Styles/Pop Ballad.mid""]"
RHYTHM,BASS,Variation 1,acca32a745253201,9,4,"[""Factory Styles/German Waltz 1.mid"",""Factory Styles/German Waltz 2.mid"",""Factory Styles/Oberkr_ Waltz 1.mid"",""Factory Styles/Vienna Waltz.mid""]"
RHYTHM,PERC,Intro 1,17a6c40e4eb47041,8,4,"[""Factory Styles/Acoustic Bld_3_4.mid"",""Factory Styles/Analog Ballad 1.mid"",""Factory Styles/Country 8 Beat.mid"",""Factory Styles/Dance Mix.mid""]"
RHYTHM,BASS,Variation 1,4b12f5a377bdecba,8,4,"[""Factory Styles/Argentina Tango.mid"",""Factory Styles/Big Band 40's.mid"",""Factory Styles/Easy Listening.mid"",""Factory Styles/Pop Shuffle 2.mid""]"
RHYTHM,PERC,Variation 1,ced3e80fd8da78f7,8,4,"[""Factory Styles/Dance Mix.mid"",""Factory Styles/Easy Listening.mid"",""Factory Styles/Party Polka.mid"",""Factory Styles/Pop Ballad.mid""]"
RHYTHM,PERC,Fill 1,eff7f5b5b7138bb4,8,4,"[""Factory Styles/German Waltz 1.mid"",""Factory Styles/German Waltz 2.mid"",""Factory Styles/Oberkr_ Waltz 1.mid"",""Factory Styles/Oberkr_ Waltz 2.mid""]"
RHYTHM,DRUM,Fill 1,ab575b1c3401fa68,7,4,"[""Factory Styles/60's Dance.mid"",""Factory Styles/Disco Schlager.mid"",""Factory Styles/Pop Schlager.mid"",""Factory Styles/Take Beat.mid""]"
RHYTHM,ACC4,Variation 3,a6a795ffd4fa67b3,7,4,"[""Factory Styles/Disco Latin.mid"",""Factory Styles/Easy Beat 2.mid"",""Factory Styles/Pop Ballad.mid"",""Factory Styles/Slow Band.mid""]"
RHYTHM,DRUM,Break,d80912aa7c63e4ea,7,4,"[""Factory Styles/German Waltz 1.mid"",""Factory Styles/German Waltz 2.mid"",""Factory Styles/Oberkr_ Waltz 1.mid"",""Factory Styles/Oberkr_ Waltz 2.mid""]"
RHYTHM,PERC,Break,eff7f5b5b7138bb4,7,4,"[""Factory Styles/German Waltz 1.mid"",""Factory Styles/German Waltz 2.mid"",""Factory Styles/Oberkr_ Waltz 1.mid"",""Factory Styles/Oberkr_ Waltz 2.mid""]"
RHYTHM,BASS,Variation 4,93b5c2399bacfb08,6,4,"[""Factory Styles/70's Disco 1.mid"",""Factory Styles/Dance Schlager.mid"",""Factory Styles/Fox Schlager.mid"",""Factory Styles/Half Beat.mid""]"
RHYTHM,BASS,Variation 3,abe69ae507a0b9ec,6,4,"[""Factory Styles/80's Dance.mid"",""Factory Styles/Argentina Tango.mid"",""Factory Styles/Orchestral Tango.mid"",""Factory Styles/Show Time.mid""]"
RHYTHM,ACC1,Fill 1,410e97d4a0136d33,6,4,"[""Factory Styles/Acoustic Bld_3_4.mid"",""Factory Styles/Disco Latin.mid"",""Factory Styles/Hollywood 1.mid"",""Factory Styles/Hollywood 2.mid""]"
RHYTHM,BASS,Fill 1,692031560615db20,6,4,"[""Factory Styles/Acoustic Bld_3_4.mid"",""Factory Styles/Alpen Rock.mid"",""Factory Styles/Bluegrass.mid"",""Factory Styles/Show Time.mid""]"
RHYTHM,ACC4,Variation 1,c19637d579edc933,6,4,"[""Factory Styles/Alpen Rock.mid"",""Factory Styles/Schlager 3.mid"",""Factory Styles/Schlager Rhumba.mid"",""Factory Styles/SchlagerShuffle1.mid""]"
RHYTHM,ACC1,Variation 1,c19637d579edc933,6,4,"[""Factory Styles/Analog Ballad 1.mid"",""Factory Styles/Black Funk.mid"",""Factory Styles/Folk Beat.mid"",""Factory Styles/Take Beat.mid""]"
RHYTHM,ACC1,Variation 2,c19637d579edc933,6,4,"[""Factory Styles/Analog Ballad 1.mid"",""Factory Styles/Black Funk.mid"",""Factory Styles/Guitar Beat.mid"",""Factory Styles/Take Beat.mid""]"
RHYTHM,ACC2,Variation 1,295ab2fd02be5343,6,4,"[""Factory Styles/Bavarian Pop.mid"",""Factory Styles/Country Schlager.mid"",""Factory Styles/Rock Schlager.mid"",""Factory Styles/Take Beat.mid""]"
RHYTHM,ACC3,Ending 2,c19637d579edc933,6,4,"[""Factory Styles/Bavarian Pop.mid"",""Factory Styles/Pop Ballad.mid"",""Factory Styles/Soft 16 Beat.mid"",""Factory Styles/Soft 8 Beat.mid""]"
RHYTHM,DRUM,Break,0b04467b6a4eea37,6,4,"[""Factory Styles/Blues Ballad.mid"",""Factory Styles/Blues.mid"",""Factory Styles/ClassicSchlager1.mid"",""Factory Styles/Disco Gully.mid""]"
RHYTHM,DRUM,Variation 1,9f635c71e82e80df,6,4,"[""Factory Styles/Club House.mid"",""Factory Styles/Country Schlager.mid"",""Factory Styles/Party Mix.mid"",""Factory Styles/Schlager 3.mid""]"
RHYTHM,ACC3,Variation 2,a6a795ffd4fa67b3,6,4,"[""Factory Styles/Color Ballad.mid"",""Factory Styles/Funky Disco.mid"",""Factory Styles/Operetta.mid"",""Factory Styles/Pop Ballad.mid""]"
RHYTHM,BASS,Ending 3,cd20e4220015f903,6,4,"[""Factory Styles/Country 16 Beat.mid"",""Factory Styles/Country 8 Beat.mid"",""Factory Styles/Schlager 4.mid"",""Factory Styles/Slow Latin Pop.mid""]"
RHYTHM,BASS,Intro 2,cd8113e3c63bc8b1,6,4,"[""Factory Styles/Half Beat.mid"",""Factory Styles/Modern Beat.mid"",""Factory Styles/Pop Ballad.mid"",""Factory Styles/Pop Funk.mid""]"
RHYTHM,ACC2,Fill 1,3dff5711a4c0d75a,6,4,"[""Factory Styles/Italian Mazurka2.mid"",""Factory Styles/Musette Waltz.mid"",""Factory Styles/Slow Waltz 2.mid"",""Factory Styles/Vienna Waltz.mid""]"
RHYTHM,PERC,Fill 2,e77b4151451d09d8,6,4,"[""Factory Styles/Pop 12_8.mid"",""Factory Styles/Pop Shuffle 2.mid"",""Factory Styles/Pop Shuffle 3.mid"",""Factory Styles/SchlagerShuffle2.mid""]"
RHYTHM,BASS,Variation 2,9f635c71e82e80df,6,4,"[""Factory Styles/Pop Schlager.mid"",""Factory Styles/SchlagerShuffle1.mid"",""Factory Styles/Tap Dance.mid"",""Factory Styles/Volkst_ Schlager.mid""]"
PERFORMANCE,ACC3,Variation 3,fcc64df40ac60bc6,6,4,"[""Factory Styles/8 Beat Analog 1.mid"",""Factory Styles/Bavarian Pop.mid"",""Factory Styles/Country Schlager.mid"",""Factory Styles/Slow Waltz 1.mid""]"
PERFORMANCE,ACC3,Variation 3,827cbe89d728ef3e,6,4,"[""Factory Styles/Ballad 6_8 2.mid"",""Factory Styles/Color Ballad.mid"",""Factory Styles/Karma.mid"",""Factory Styles/Slow Waltz 1.mid""]"
PERFORMANCE,ACC3,Fill 2,29b68bc28cd76881,6,4,"[""Factory Styles/Ballad 6_8 2.mid"",""Factory Styles/Italian Mazurka2.mid"",""Factory Styles/Modern Ballad.mid"",""Factory Styles/Slow Waltz 1.mid""]"
RHYTHM,ACC3,Variation 3,1b44db378d271dbf,5,4,"[""Factory Styles/70's Disco 1.mid"",""Factory Styles/Al Funk.mid"",""Factory Styles/Dance Fever.mid"",""Factory Styles/Love Disco.mid""]"
RHYTHM,ACC4,Variation 1,1e7588a7117d1611,5,4,"[""Factory Styles/8 Beat Analog 1.mid"",""Factory Styles/Groove Ballad.mid"",""Factory Styles/Medium BigBand1.mid"",""Factory Styles/Movie Ballad.mid""]"
RHYTHM,ACC3,Variation 1,1e7588a7117d1611,5,4,"[""Factory Styles/80's Dance.mid"",""Factory Styles/Movie Ballad.mid"",""Factory Styles/Organ Ballad.mid"",""Factory Styles/Organ Evergreens.mid""]"
RHYTHM,ACC3,Variation 2,1e7588a7117d1611,5,4,"[""Factory Styles/80's Dance.mid"",""Factory Styles/Miami Disco.mid"",""Factory Styles/Movie Ballad.mid"",""Factory Styles/Organ Ballad.mid""]"
RHYTHM,ACC1,Fill 2,25c286ca240f27f1,5,4,"[""Factory Styles/Analog Ballad 1.mid"",""Factory Styles/Pop Ballad.mid"",""Factory Styles/Soft 8 Beat.mid"",""Factory Styles/Standard 8 Beat.mid""]"
RHYTHM,ACC5,Variation 3,c19637d579edc933,5,4,"[""Factory Styles/Analog Beat 2.mid"",""Factory Styles/Country Schlager.mid"",""Factory Styles/Folk Beat.mid"",""Factory Styles/Schlager Rhumba.mid""]"
RHYTHM,ACC3,Fill 2,0e72a4788c62d97d,5,4,"[""Factory Styles/Ballad 6_8 2.mid"",""Factory Styles/ClassicSchlager2.mid"",""Factory Styles/Pop 6_8.mid"",""Factory Styles/Slow 6_8.mid""]"
RHYTHM,ACC2,Break,ac076306716bfe56,5,4,"[""Factory Styles/Classic Beat.mid"",""Factory Styles/Dance Mix.mid"",""Factory Styles/Groove It Up.mid"",""Factory Styles/Soft 16 Beat.mid""]"
RHYTHM,BASS,Fill 1,da278b06b01b5d69,5,4,"[""Factory Styles/ClassicSchlager1.mid"",""Factory Styles/Gospel.mid"",""Factory Styles/SchlagerShuffle1.mid"",""Factory Styles/Slow Band.mid""]"
RHYTHM,ACC3,Fill 1,ab575b1c3401fa68,5,4,"[""Factory Styles/Country Beat 2.mid"",""Factory Styles/Easy Beat 2.mid"",""Factory Styles/Fast Pop.mid"",""Factory Styles/Moonlight Ballad.mid""]"
RHYTHM,BASS,Fill 1,7f375016f5a7304b,5,4,"[""Factory Styles/Country Pop.mid"",""Factory Styles/Easy Beat 1.mid"",""Factory Styles/Motown Shuffle 2.mid"",""Factory Styles/Oriental Ballad.mid""]"
RHYTHM,BASS,Fill 1,6696778b003652da,5,4,"[""Factory Styles/French Waltz.mid"",""Factory Styles/Italian Mazurka2.mid"",""Factory Styles/Musette Waltz.mid"",""Factory Styles/Unplugged 3_4.mid""]"
RHYTHM,ACC4,Ending 2,c19637d579edc933,5,4,"[""Factory Styles/Kool Funk.mid"",""Factory Styles/Pop Ballad.mid"",""Factory Styles/Real 16 Beat.mid"",""Factory Styles/Real 8 Beat.mid""]"
PERFORMANCE,ACC4,Variation 4,91cbcfd0604660a0,5,4,"[""Factory Styles/8 Beat Analog 1.mid"",""Factory Styles/Funky Sisters.mid"",""Factory Styles/Real 8 Beat.mid"",""Factory Styles/UnpluggedBallad3.mid""]"
PERFORMANCE,ACC2,Break,008bedb44c21871a,5,4,"[""Factory Styles/Al Funk.mid"",""Factory Styles/Ballad 6_8 1.mid"",""Factory Styles/German Waltz 2.mid"",""Factory Styles/Groove Ballad.mid""]"
PERFORMANCE,ACC3,Fill 1,827cbe89d728ef3e,5,4,"[""Factory Styles/Color Ballad.mid"",""Factory Styles/Groove.mid"",""Factory Styles/Polka Pop.mid"",""Factory Styles/Slow Waltz 1.mid""]"
PERFORMANCE,ACC2,Fill 1,cf40a5513b7006af,5,4,"[""Factory Styles/Country QuikStep.mid"",""Factory Styles/Groove Funk.mid"",""Factory Styles/Karma.mid"",""Factory Styles/Real 8 Beat.mid""]"
PERFORMANCE,ACC5,Fill 1,91cbcfd0604660a0,5,4,"[""Factory Styles/Disco Gully.mid"",""Factory Styles/Easy Listening.mid"",""Factory Styles/Italian Tango 1.mid"",""Factory Styles/Motown Shuffle 2.mid""]"
RHYTHM,ACC2,Variation 3,1e7588a7117d1611,4,4,"[""Factory Styles/70's Disco 1.mid"",""Factory Styles/House Garage.mid"",""Factory Styles/Hully Gully.mid"",""Factory Styles/Unplugged Slow.mid""]"
RHYTHM,ACC5,Intro 2,1e7588a7117d1611,4,4,"[""Factory Styles/8 Beat Analog 1.mid"",""Factory Styles/Real 16 Beat.mid"",""Factory Styles/Unplugged 16 Bt.mid"",""Factory Styles/Unplugged Rock.mid""]"
RHYTHM,DRUM,Ending 2,cba2fdf5c5772adc,4,4,"[""Factory Styles/8 Beat Analog 2.mid"",""Factory Styles/Groove.mid"",""Factory Styles/Miami Disco.mid"",""Factory Styles/Philly Disco.mid""]"
RHYTHM,ACC5,Ending 2,c19637d579edc933,4,4,"[""Factory Styles/AM _ PM.mid"",""Factory Styles/Guitar Beat.mid"",""Factory Styles/Italian Tango 1.mid"",""Factory Styles/Jazzy PopFunk.mid""]"
RHYTHM,ACC2,Ending 3,f86eb2e53501234b,4,4,"[""Factory Styles/Analog Ballad 2.mid"",""Factory Styles/Pop Funk.mid"",""Factory Styles/Real 16 Beat.mid"",""Factory Styles/Real 8 Beat.mid""]"
RHYTHM,DRUM,Intro 3,f778440d00c4a9df,4,4,"[""Factory Styles/Argentina Tango.mid"",""Factory Styles/British Pop.mid"",""Factory Styles/Tap Dance.mid"",""Factory Styles/Unplugged.mid""]"
RHYTHM,ACC3,Break,0e72a4788c62d97d,4,4,"[""Factory Styles/Ballad 6_8 2.mid"",""Factory Styles/ClassicSchlager2.mid"",""Factory Styles/Pop 6_8.mid"",""Factory Styles/Slow 6_8.mid""]"
RHYTHM,DRUM,Intro 3,b08f3d8db9e31713,4,4,"[""Factory Styles/Big Band 40's.mid"",""Factory Styles/CountryShuffle 2.mid"",""Factory Styles/Gospel Swing.mid"",""Factory Styles/Little Shuffle.mid""]"
RHYTHM,DRUM,Break,d44303539eaf14f3,4,4,"[""Factory Styles/Country 16 Beat.mid"",""Factory Styles/Country 8 Beat.mid"",""Factory Styles/Pop 16 Beat.mid"",""Factory Styles/Unplugged 8 Bt.mid""]"
RHYTHM,ACC2,Fill 2,ab575b1c3401fa68,4,4,"[""Factory Styles/Country Boogie.mid"",""Factory Styles/Dance Schlager.mid"",""Factory Styles/Easy Beat 1.mid"",""Factory Styles/Rock Schlager.mid""]"
RHYTHM,BASS,Fill 2,7f375016f5a7304b,4,4,"[""Factory Styles/Country Pop.mid"",""Factory Styles/Easy Beat 1.mid"",""Factory Styles/Pop Ballad.mid"",""Factory Styles/Unplugged 8 Bt.mid""]"
RHYTHM,DRUM,Break,d3d30fc769025b35,4,4,"[""Factory Styles/Country QuikStep.mid"",""Factory Styles/Country Strum.mid"",""Factory Styles/Dance Motown.mid"",""Factory Styles/Love Disco.mid""]"
RHYTHM,DRUM,Intro 3,5babd9d57c2e56b9,4,4,"[""Factory Styles/Country Schlager.mid"",""Factory Styles/Italian Tango 1.mid"",""Factory Styles/Italian Tango 2.mid"",""Factory Styles/Unplugged Latin.mid""]"
RHYTHM,ACC4,Variation 3,e5882406e029f464,4,4,"[""Factory Styles/Easy Beat 1.mid"",""Factory Styles/Love Disco.mid"",""Factory Styles/Pop 12_8.mid"",""Factory Styles/Unplugged Gtr 2.mid""]"
RHYTHM,DRUM,Ending 3,d3d30fc769025b35,4,4,"[""Factory Styles/Easy Beat 2.mid"",""Factory Styles/Easy Pop 1.mid"",""Factory Styles/Easy Pop 2.mid"",""Factory Styles/Pop Funk.mid""]"
RHYTHM,ACC5,Variation 4,988fd885c6359260,4,4,"[""Factory Styles/Easy Pop 1.mid"",""Factory Styles/Irish Fox.mid"",""Factory Styles/Italian Tango 1.mid"",""Factory Styles/Sister & Girl.mid""]"
RHYTHM,DRUM,Ending 3,cba2fdf5c5772adc,4,4,"[""Factory Styles/Fast Big Band 1.mid"",""Factory Styles/Medium BigBand2.mid"",""Factory Styles/Modern Ballad.mid"",""Factory Styles/Western Movie.mid""]"
RHYTHM,ACC4,Ending 3,2250a26be4be4aad,4,4,"[""Factory Styles/Fox Schlager.mid"",""Factory Styles/Modern Gospel 1.mid"",""Factory Styles/Standard 16 Beat.mid"",""Factory Styles/Standard 8 Beat.mid""]"
RHYTHM,ACC5,Variation 3,a6a795ffd4fa67b3,4,4,"[""Factory Styles/Fox Shuffle 1.mid"",""Factory Styles/Kool Beat.mid"",""Factory Styles/Modern Latin.mid"",""Factory Styles/Soft Ballad.mid""]"
RHYTHM,DRUM,Fill 2,e57fc0974f91ec0b,4,4,"[""Factory Styles/Fox Shuffle 2.mid"",""Factory Styles/Pop Chart 2.mid"",""Factory Styles/Pop Shuffle 1.mid"",""Factory Styles/SchlagerShuffle1.mid""]"
RHYTHM,ACC4,Break,6696778b003652da,4,4,"[""Factory Styles/French Waltz.mid"",""Factory Styles/German Waltz 3.mid"",""Factory Styles/Serenade.mid"",""Factory Styles/Slow Waltz 2.mid""]"
RHYTHM,BASS,Fill 1,977cc060e796db2c,4,4,"[""Factory Styles/Funky Ballad.mid"",""Factory Styles/Guitar Beat.mid"",""Factory Styles/Pop 16 Beat.mid"",""Factory Styles/Unplugged 16 Bt.mid""]"
RHYTHM,DRUM,Fill 2,e48a3fccbea0df0b,4,4,"[""Factory Styles/Funky Disco.mid"",""Factory Styles/Funky R&B.mid"",""Factory Styles/Kool Funk.mid"",""Factory Styles/Pop Jazz.mid""]"
RHYTHM,BASS,Intro 3,eff7f5b5b7138bb4,4,4,"[""Factory Styles/German Waltz 1.mid"",""Factory Styles/German Waltz 3.mid"",""Factory Styles/Oberkr_ Waltz 1.mid"",""Factory Styles/Oberkr_ Waltz 2.mid""]"
RHYTHM,DRUM,Intro 3,04d3a4f2d4f218fd,4,4,"[""Factory Styles/German Waltz 2.mid"",""Factory Styles/German Waltz 3.mid"",""Factory Styles/Italian Waltz.mid"",""Factory Styles/Vienna Waltz.mid""]"
RHYTHM,BASS,Fill 1,cead3ac21ebc79c3,4,4,"[""Factory Styles/Irish Waltz.mid"",""Factory Styles/Slow Waltz 2.mid"",""Factory Styles/Vienna Waltz.mid"",""Factory Styles/Waltz Ballad.mid""]"
RHYTHM,BASS,Ending 3,26b60c42c254d85a,4,4,"[""Factory Styles/Pop Ballad.mid"",""Factory Styles/Schlager 1.mid"",""Factory Styles/Standard 16 Beat.mid"",""Factory Styles/Standard 8 Beat.mid""]"
RHYTHM,PERC,Intro 2,295ab2fd02be5343,4,4,"[""Factory Styles/Rock Schlager.mid"",""Factory Styles/Schlager Rhumba.mid"",""Factory Styles/Soft Ballad.mid"",""Factory Styles/Volkst_ Schlager.mid""]"
PERFORMANCE,ACC5,Break,cab2fb13ea1ad71d,4,4,"[""Factory Styles/50's  Fox.mid"",""Factory Styles/Country Boogie.mid"",""Factory Styles/Fast Pop.mid"",""Factory Styles/French Waltz.mid""]"
PERFORMANCE,ACC1,Fill 2,fcc64df40ac60bc6,4,4,"[""Factory Styles/8 Beat Analog 1.mid"",""Factory Styles/Operetta.mid"",""Factory Styles/Slow HipHop.mid"",""Factory Styles/Soft Ballad.mid""]"
PERFORMANCE,ACC1,Break,29b68bc28cd76881,4,4,"[""Factory Styles/8 Beat Analog 2.mid"",""Factory Styles/Elektro Funk.mid"",""Factory Styles/Funky Disco.mid"",""Factory Styles/Schlager Rhumba.mid""]"
PERFORMANCE,ACC3,Fill 2,91cbcfd0604660a0,4,4,"[""Factory Styles/80's Dance.mid"",""Factory Styles/Island View.mid"",""Factory Styles/Pop Chart 2.mid"",""Factory Styles/SchlagerShuffle2.mid""]"
PERFORMANCE,ACC5,Fill 1,008bedb44c21871a,4,4,"[""Factory Styles/British Pop.mid"",""Factory Styles/Easy Beat 1.mid"",""Factory Styles/Pop Chart 2.mid"",""Factory Styles/Real 16 Beat.mid""]"
PERFORMANCE,BASS,Intro 3,477680406887612e,4,4,"[""Factory Styles/Country Beat 2.mid"",""Factory Styles/German Waltz 2.mid"",""Factory Styles/Slow Waltz 2.mid"",""Factory Styles/Vienna Waltz.mid""]"
PERFORMANCE,ACC1,Fill 2,008bedb44c21871a,4,4,"[""Factory Styles/Dance Fever.mid"",""Factory Styles/Jazz Club.mid"",""Factory Styles/Pop Hit Ballad.mid"",""Factory Styles/Take Beat.mid""]"
PERFORMANCE,ACC1,Break,827cbe89d728ef3e,4,4,"[""Factory Styles/Easy Beat 2.mid"",""Factory Styles/Easy Pop 2.mid"",""Factory Styles/Foxtrot 2.mid"",""Factory Styles/Pop Jazz.mid""]"
PERFORMANCE,ACC5,Break,827cbe89d728ef3e,4,4,"[""Factory Styles/Easy Listening.mid"",""Factory Styles/Real 16 Beat.mid"",""Factory Styles/Slide Blues.mid"",""Factory Styles/Unplugged Rock.mid""]"
PERFORMANCE,ACC5,Ending 3,91cbcfd0604660a0,4,4,"[""Factory Styles/Easy Listening.mid"",""Factory Styles/Italian Tango 1.mid"",""Factory Styles/Jazzy PopFunk.mid"",""Factory Styles/Slow Latin Pop.mid""]"
PERFORMANCE,ACC5,Fill 2,008bedb44c21871a,4,4,"[""Factory Styles/Fast Pop.mid"",""Factory Styles/Funky Ballad.mid"",""Factory Styles/Slow Latin Pop.mid"",""Factory Styles/Unplugged 16 Bt.mid""]"
PERFORMANCE,ACC4,Fill 2,cab2fb13ea1ad71d,4,4,"[""Factory Styles/Foxtrot 2.mid"",""Factory Styles/Irish Fox.mid"",""Factory Styles/Pop Chart 2.mid"",""Factory Styles/Slow Pop 6_8.mid""]"
PERFORMANCE,ACC1,Fill 1,cf40a5513b7006af,4,4,"[""Factory Styles/Funky Ballad.mid"",""Factory Styles/Motown Shuffle 2.mid"",""Factory Styles/Pop Hit Ballad.mid"",""Factory Styles/Slow Pop 6_8.mid""]"
PERFORMANCE,ACC4,Variation 3,91cbcfd0604660a0,4,4,"[""Factory Styles/Italian Fox.mid"",""Factory Styles/Schlager 4.mid"",""Factory Styles/Slow Latin Pop.mid"",""Factory Styles/UnpluggedBallad3.mid""]"
PERFORMANCE,ACC5,Break,91cbcfd0604660a0,4,4,"[""Factory Styles/Italian Tango 1.mid"",""Factory Styles/Motown Shuffle 2.mid"",""Factory Styles/Party Mix.mid"",""Factory Styles/Schlager 1.mid""]"
PERFORMANCE,ACC5,Ending 2,91cbcfd0604660a0,4,4,"[""Factory Styles/Italian Tango 1.mid"",""Factory Styles/Jazzy PopFunk.mid"",""Factory Styles/Oriental Dance.mid"",""Factory Styles/Philly Disco.mid""]"
RHYTHM,PERC,Variation 4,e579b272862cb3bf,12,3,"[""Factory Styles/German Waltz 1.mid"",""Factory Styles/German Waltz 2.mid"",""Factory Styles/Oberkr_ Waltz 1.mid""]"
RHYTHM,PERC,Variation 4,56fc38eac7c10cbd,11,3,"[""Factory Styles/60's Dance.mid"",""Factory Styles/Country Beat 2.mid"",""Factory Styles/Party Polka.mid""]"
RHYTHM,DRUM,Variation 3,451905e69f7e13aa,10,3,"[""Factory Styles/German Waltz 1.mid"",""Factory Styles/German Waltz 2.mid"",""Factory Styles/Oberkr_ Waltz 1.mid""]"
RHYTHM,DRUM,Variation 4,156d8260a884b832,10,3,"[""Factory Styles/German Waltz 1.mid"",""Factory Styles/German Waltz 2.mid"",""Factory Styles/Oberkr_ Waltz 1.mid""]"
RHYTHM,PERC,Variation 3,e9865b564f64dda5,10,3,"[""Factory Styles/German Waltz 1.mid"",""Factory Styles/German Waltz 2.mid"",""Factory Styles/Oberkr_ Waltz 1.mid""]"
RHYTHM,ACC4,Variation 4,2e62dbc90576e645,10,3,"[""Factory Styles/German Waltz 1.mid"",""Factory Styles/German Waltz 2.mid"",""Factory Styles/Oberkr_ Waltz 1.mid""]"
RHYTHM,PERC,Variation 4,419aee395a05b99c,9,3,"[""Factory Styles/Big Band 40's.mid"",""Factory Styles/Big Band Fox.mid"",""Factory Styles/Movie Swing.mid""]"
RHYTHM,ACC2,Variation 4,a6a795ffd4fa67b3,9,3,"[""Factory Styles/Disco Latin.mid"",""Factory Styles/Gospel.mid"",""Factory Styles/Hully Gully.mid""]"
RHYTHM,ACC1,Variation 4,4b12f5a377bdecba,9,3,"[""Factory Styles/Foxtrot 2.mid"",""Factory Styles/Quick Step 2.mid"",""Factory Styles/Slow Fox.mid""]"
RHYTHM,PERC,Variation 2,e9865b564f64dda5,9,3,"[""Factory Styles/German Waltz 1.mid"",""Factory Styles/German Waltz 2.mid"",""Factory Styles/Oberkr_ Waltz 1.mid""]"
RHYTHM,ACC4,Variation 2,108bd0d7c8372900,9,3,"[""Factory Styles/German Waltz 1.mid"",""Factory Styles/German Waltz 2.mid"",""Factory Styles/Oberkr_ Waltz 1.mid""]"
PERFORMANCE,PERC,Variation 4,7c45f47a8dc8e9e9,9,3,"[""Factory Styles/Big Band 40's.mid"",""Factory Styles/Big Band Fox.mid"",""Factory Styles/Movie Swing.mid""]"
PERFORMANCE,PERC,Variation 2,5db28b2f63037b61,9,3,"[""Factory Styles/German Waltz 1.mid"",""Factory Styles/German Waltz 2.mid"",""Factory Styles/Oberkr_ Waltz 1.mid""]"
PERFORMANCE,PERC,Variation 4,3d8363f51328b0ac,9,3,"[""Factory Styles/German Waltz 1.mid"",""Factory Styles/German Waltz 2.mid"",""Factory Styles/Oberkr_ Waltz 1.mid""]"
RHYTHM,DRUM,Variation 4,eb097254effc628a,8,3,"[""Factory Styles/Big Band 40's.mid"",""Factory Styles/Big Band Fox.mid"",""Factory Styles/Slow Fox.mid""]"
RHYTHM,ACC1,Variation 4,c19637d579edc933,8,3,"[""Factory Styles/Black Funk.mid"",""Factory Styles/Schlager 3.mid"",""Factory Styles/Slow HipHop.mid""]"
RHYTHM,ACC1,Variation 3,4b12f5a377bdecba,8,3,"[""Factory Styles/Foxtrot 2.mid"",""Factory Styles/Quick Step 2.mid"",""Factory Styles/Slow Fox.mid""]"
RHYTHM,ACC3,Variation 4,4848ad7f9be0edc4,8,3,"[""Factory Styles/German Waltz 1.mid"",""Factory Styles/German Waltz 2.mid"",""Factory Styles/Oberkr_ Waltz 1.mid""]"
RHYTHM,ACC3,Variation 3,48a3b71726de5f00,8,3,"[""Factory Styles/German Waltz 1.mid"",""Factory Styles/German Waltz 2.mid"",""Factory Styles/Oberkr_ Waltz 1.mid""]"
RHYTHM,ACC4,Variation 3,7127909c3af085f9,8,3,"[""Factory Styles/German Waltz 1.mid"",""Factory Styles/German Waltz 2.mid"",""Factory Styles/Oberkr_ Waltz 1.mid""]"
RHYTHM,DRUM,Variation 2,97ee3e04f679563d,8,3,"[""Factory Styles/Italian Polka 2.mid"",""Factory Styles/Oberkr_ Polka 2.mid"",""Factory Styles/Polka Pop.mid""]"
PERFORMANCE,DRUM,Variation 2,a4bde59c106fe246,8,3,"[""Factory Styles/German Waltz 1.mid"",""Factory Styles/German Waltz 2.mid"",""Factory Styles/Oberkr_ Waltz 1.mid""]"
PERFORMANCE,PERC,Variation 3,5db28b2f63037b61,8,3,"[""Factory Styles/German Waltz 1.mid"",""Factory Styles/German Waltz 2.mid"",""Factory Styles/Oberkr_ Waltz 1.mid""]"
RHYTHM,ACC4,Variation 4,a6a795ffd4fa67b3,7,3,"[""Factory Styles/Al Funk.mid"",""Factory Styles/Pop Ballad.mid"",""Factory Styles/Slow Band.mid""]"
RHYTHM,DRUM,Variation 2,eb097254effc628a,7,3,"[""Factory Styles/Big Band 40's.mid"",""Factory Styles/Big Band Fox.mid"",""Factory Styles/Slow Fox.mid""]"
RHYTHM,BASS,Variation 4,56fc38eac7c10cbd,7,3,"[""Factory Styles/ClassicSchlager3.mid"",""Factory Styles/Dance Mix.mid"",""Factory Styles/Party Polka.mid""]"
RHYTHM,PERC,Variation 1,e9865b564f64dda5,7,3,"[""Factory Styles/German Waltz 1.mid"",""Factory Styles/German Waltz 2.mid"",""Factory Styles/Oberkr_ Waltz 1.mid""]"
PERFORMANCE,ACC3,Variation 4,fcc64df40ac60bc6,7,3,"[""Factory Styles/Bavarian Pop.mid"",""Factory Styles/Country Schlager.mid"",""Factory Styles/Talkin' Jazz.mid""]"
PERFORMANCE,DRUM,Variation 1,a4bde59c106fe246,7,3,"[""Factory Styles/German Waltz 1.mid"",""Factory Styles/German Waltz 2.mid"",""Factory Styles/Oberkr_ Waltz 1.mid""]"
PERFORMANCE,ACC3,Variation 4,7a1899becfa94bb8,7,3,"[""Factory Styles/Italian Polka 3.mid"",""Factory Styles/Rock Schlager.mid"",""Factory Styles/Soft 8 Beat.mid""]"
RHYTHM,ACC1,Variation 2,2b9cee3d3277369e,6,3,"[""Factory Styles/Acoustic Bld_3_4.mid"",""Factory Styles/Hollywood 1.mid"",""Factory Styles/Show Time.mid""]"
RHYTHM,PERC,Variation 1,56fc38eac7c10cbd,6,3,"[""Factory Styles/Country Beat 2.mid"",""Factory Styles/Motown Shuffle 1.mid"",""Factory Styles/Soft Ballad.mid""]"
RHYTHM,PERC,Variation 2,56fc38eac7c10cbd,6,3,"[""Factory Styles/Country Beat 2.mid"",""Factory Styles/Motown Shuffle 1.mid"",""Factory Styles/Soft Ballad.mid""]"
RHYTHM,ACC3,Variation 4,fbe5603d7d9ffd97,6,3,"[""Factory Styles/Disco Schlager.mid"",""Factory Styles/Organ Evergreens.mid"",""Factory Styles/Schlager 2.mid""]"
RHYTHM,PERC,Intro 1,014bc0dacfde20a7,6,3,"[""Factory Styles/Easy Pop 1.mid"",""Factory Styles/Groove Ballad.mid"",""Factory Styles/Unplugged 16 Bt.mid""]"
RHYTHM,ACC4,Variation 4,988fd885c6359260,6,3,"[""Factory Styles/Folk Ballad 1.mid"",""Factory Styles/Italian Fox.mid"",""Factory Styles/Italian Tango 2.mid""]"
RHYTHM,BASS,Fill 1,831eeca421bf3885,6,3,"[""Factory Styles/German Polka.mid"",""Factory Styles/Modern Country.mid"",""Factory Styles/Unplugged Gtr 3.mid""]"
RHYTHM,DRUM,Fill 1,cb1c7a663a427309,6,3,"[""Factory Styles/German Waltz 1.mid"",""Factory Styles/German Waltz 2.mid"",""Factory Styles/Oberkr_ Waltz 1.mid""]"
RHYTHM,DRUM,Fill 2,d80912aa7c63e4ea,6,3,"[""Factory Styles/German Waltz 1.mid"",""Factory Styles/German Waltz 2.mid"",""Factory Styles/Oberkr_ Waltz 1.mid""]"
RHYTHM,ACC1,Fill 1,77396086a1ffab72,6,3,"[""Factory Styles/German Waltz 1.mid"",""Factory Styles/German Waltz 2.mid"",""Factory Styles/Oberkr_ Waltz 1.mid""]"
RHYTHM,ACC2,Fill 1,f04a0a90829c5334,6,3,"[""Factory Styles/German Waltz 1.mid"",""Factory Styles/German Waltz 2.mid"",""Factory Styles/Oberkr_ Waltz 1.mid""]"
RHYTHM,ACC2,Fill 2,051825f64b185da3,6,3,"[""Factory Styles/German Waltz 1.mid"",""Factory Styles/German Waltz 2.mid"",""Factory Styles/Oberkr_ Waltz 1.mid""]"
RHYTHM,ACC1,Variation 3,ef265c2b5ccb6656,6,3,"[""Factory Styles/German Waltz 1.mid"",""Factory Styles/German Waltz 2.mid"",""Factory Styles/Oberkr_ Waltz 1.mid""]"
RHYTHM,ACC2,Variation 3,9c2a6eaffdb5db30,6,3,"[""Factory Styles/German Waltz 1.mid"",""Factory Styles/German Waltz 2.mid"",""Factory Styles/Oberkr_ Waltz 1.mid""]"
RHYTHM,ACC3,Fill 1,9b9751a69d68f71c,6,3,"[""Factory Styles/German Waltz 2.mid"",""Factory Styles/German Waltz 3.mid"",""Factory Styles/Oberkr_ Waltz 2.mid""]"
RHYTHM,PERC,Variation 4,022248b0d5042b90,6,3,"[""Factory Styles/Italian Mazurka2.mid"",""Factory Styles/Slow Waltz 1.mid"",""Factory Styles/Slow Waltz 2.mid""]"
RHYTHM,ACC3,Fill 2,6696778b003652da,6,3,"[""Factory Styles/Italian Mazurka2.mid"",""Factory Styles/Italian Waltz.mid"",""Factory Styles/Slow Waltz 1.mid""]"
RHYTHM,DRUM,Variation 1,97ee3e04f679563d,6,3,"[""Factory Styles/Italian Polka 2.mid"",""Factory Styles/Oberkr_ Polka 2.mid"",""Factory Styles/Polka Pop.mid""]"
RHYTHM,ACC1,Variation 4,295ab2fd02be5343,6,3,"[""Factory Styles/Medium Schlager.mid"",""Factory Styles/Tap Dance.mid"",""Factory Styles/UnpluggedBallad3.mid""]"
RHYTHM,PERC,Variation 1,6a7525faea1a0a80,6,3,"[""Factory Styles/Modern Ballad.mid"",""Factory Styles/Slow HipHop.mid"",""Factory Styles/Talkin' Jazz.mid""]"
RHYTHM,BASS,Fill 1,54015302c3c0b258,6,3,"[""Factory Styles/Organ Ballad.mid"",""Factory Styles/Pop Ballad.mid"",""Factory Styles/Unplugged.mid""]"
PERFORMANCE,ACC4,Variation 4,008bedb44c21871a,6,3,"[""Factory Styles/Analog Ballad 1.mid"",""Factory Styles/Schlager 3.mid"",""Factory Styles/SchlagerShuffle1.mid""]"
PERFORMANCE,ACC4,Variation 3,cab2fb13ea1ad71d,6,3,"[""Factory Styles/Disco Latin.mid"",""Factory Styles/Pop Ballad.mid"",""Factory Styles/Slow Latin Pop.mid""]"
PERFORMANCE,ACC5,Fill 1,7a1899becfa94bb8,6,3,"[""Factory Styles/Disco Schlager.mid"",""Factory Styles/Pop Schlager.mid"",""Factory Styles/Wave Jazz.mid""]"
PERFORMANCE,PERC,Variation 1,5db28b2f63037b61,6,3,"[""Factory Styles/German Waltz 1.mid"",""Factory Styles/German Waltz 2.mid"",""Factory Styles/Oberkr_ Waltz 1.mid""]"
PERFORMANCE,ACC2,Variation 4,91cbcfd0604660a0,6,3,"[""Factory Styles/Hully Gully.mid"",""Factory Styles/Pasodoble.mid"",""Factory Styles/Techno.mid""]"
PERFORMANCE,ACC3,Variation 2,29b68bc28cd76881,6,3,"[""Factory Styles/Movie Ballad.mid"",""Factory Styles/Pop Schlager.mid"",""Factory Styles/Slow 6_8.mid""]"
PERFORMANCE,ACC5,Variation 4,ccb3d17431b59ce2,6,3,"[""Factory Styles/Oriental Dance.mid"",""Factory Styles/Philly Disco.mid"",""Factory Styles/Real 16 Beat.mid""]"
RHYTHM,BASS,Variation 3,93b5c2399bacfb08,5,3,"[""Factory Styles/70's Disco 1.mid"",""Factory Styles/Dance Schlager.mid"",""Factory Styles/Fox Schlager.mid""]"
RHYTHM,PERC,Variation 1,0f7ea5fb9c748047,5,3,"[""Factory Styles/Alpen Ballade.mid"",""Factory Styles/Rock Schlager.mid"",""Factory Styles/Schlager 2.mid""]"
RHYTHM,PERC,Fill 1,e77b4151451d09d8,5,3,"[""Factory Styles/Alpen Ballade.mid"",""Factory Styles/Pop Shuffle 2.mid"",""Factory Styles/Schlager 3.mid""]"
RHYTHM,ACC1,Variation 3,c19637d579edc933,5,3,"[""Factory Styles/Analog Ballad 1.mid"",""Factory Styles/Black Funk.mid"",""Factory Styles/Guitar Beat.mid""]"
RHYTHM,ACC5,Ending 2,f86eb2e53501234b,5,3,"[""Factory Styles/Analog Ballad 2.mid"",""Factory Styles/Disco Schlager.mid"",""Factory Styles/Medium Schlager.mid""]"
RHYTHM,ACC1,Variation 2,abe69ae507a0b9ec,5,3,"[""Factory Styles/Argentina Tango.mid"",""Factory Styles/Modern Gospel 2.mid"",""Factory Styles/Unplugged Swing.mid""]"
RHYTHM,PERC,Variation 4,d9d199a69210a403,5,3,"[""Factory Styles/Bavarian Pop.mid"",""Factory Styles/Rock Schlager.mid"",""Factory Styles/Schlager 4.mid""]"
RHYTHM,ACC2,Variation 2,295ab2fd02be5343,5,3,"[""Factory Styles/Bavarian Pop.mid"",""Factory Styles/Rock Schlager.mid"",""Factory Styles/Take Beat.mid""]"
RHYTHM,ACC2,Variation 4,295ab2fd02be5343,5,3,"[""Factory Styles/Bavarian Pop.mid"",""Factory Styles/Rock Schlager.mid"",""Factory Styles/Slow & Jazzy.mid""]"
RHYTHM,ACC1,Break,4c9a5afd9e915677,5,3,"[""Factory Styles/Blues Ballad.mid"",""Factory Styles/Soul.mid"",""Factory Styles/UnpluggedBallad2.mid""]"
RHYTHM,ACC2,Break,9e34d20914f008da,5,3,"[""Factory Styles/Color Ballad.mid"",""Factory Styles/Dance Schlager.mid"",""Factory Styles/Elektro Funk.mid""]"
RHYTHM,ACC3,Fill 1,6a8c4430fcf8b414,5,3,"[""Factory Styles/Country 8 Beat.mid"",""Factory Styles/Italian Fox.mid"",""Factory Styles/Modern Country.mid""]"
RHYTHM,PERC,Variation 4,295ab2fd02be5343,5,3,"[""Factory Styles/Country Schlager.mid"",""Factory Styles/Schlager 2.mid"",""Factory Styles/Volkst_ Schlager.mid""]"
RHYTHM,BASS,Fill 1,09100d6f59630a82,5,3,"[""Factory Styles/Country Schlager.mid"",""Factory Styles/Medium Schlager.mid"",""Factory Styles/Schlager 1.mid""]"
RHYTHM,ACC2,Fill 2,5075e2d0ec32e8db,5,3,"[""Factory Styles/CountryShuffle 2.mid"",""Factory Styles/Gospel Shuffle.mid"",""Factory Styles/SchlagerShuffle1.mid""]"
RHYTHM,DRUM,Variation 1,cc4f7144a108476a,5,3,"[""Factory Styles/Disco Gully.mid"",""Factory Styles/Hully Gully.mid"",""Factory Styles/Pop 12_8.mid""]"
RHYTHM,DRUM,Variation 4,cc4f7144a108476a,5,3,"[""Factory Styles/Disco Gully.mid"",""Factory Styles/Little Shuffle.mid"",""Factory Styles/Pop 12_8.mid""]"
RHYTHM,BASS,Fill 1,ba33b2afbbdded9b,5,3,"[""Factory Styles/Disco Schlager.mid"",""Factory Styles/Organ Evergreens.mid"",""Factory Styles/Pop Schlager.mid""]"
RHYTHM,ACC1,Variation 2,fe16c3dbabb93bff,5,3,"[""Factory Styles/Disco Schlager.mid"",""Factory Styles/Pop Schlager.mid"",""Factory Styles/Schlager 2.mid""]"
RHYTHM,ACC1,Intro 2,fe16c3dbabb93bff,5,3,"[""Factory Styles/Disco Schlager.mid"",""Factory Styles/Pop Schlager.mid"",""Factory Styles/Schlager 2.mid""]"
RHYTHM,PERC,Fill 1,80dd7d07626917e4,5,3,"[""Factory Styles/Easy Listening.mid"",""Factory Styles/Pop Ballad.mid"",""Factory Styles/Standard 8 Beat.mid""]"
RHYTHM,PERC,Fill 2,80dd7d07626917e4,5,3,"[""Factory Styles/Easy Listening.mid"",""Factory Styles/Operetta.mid"",""Factory Styles/Party Polka.mid""]"
RHYTHM,PERC,Variation 2,014bc0dacfde20a7,5,3,"[""Factory Styles/Easy Pop 1.mid"",""Factory Styles/Pop Hit Ballad.mid"",""Factory Styles/Rock Ballad 2.mid""]"
RHYTHM,BASS,Variation 3,f6ab9f8e967f5f7d,5,3,"[""Factory Styles/German Waltz 1.mid"",""Factory Styles/German Waltz 2.mid"",""Factory Styles/Oberkr_ Waltz 1.mid""]"
RHYTHM,ACC1,Variation 2,f06b135f37bfde89,5,3,"[""Factory Styles/German Waltz 1.mid"",""Factory Styles/German Waltz 2.mid"",""Factory Styles/Oberkr_ Waltz 1.mid""]"
RHYTHM,ACC2,Variation 4,022248b0d5042b90,5,3,"[""Factory Styles/German Waltz 1.mid"",""Factory Styles/Slow Waltz 1.mid"",""Factory Styles/Slow Waltz 2.mid""]"
RHYTHM,ACC4,Break,6b61d7a5a5177e4b,5,3,"[""Factory Styles/German Waltz 1.mid"",""Factory Styles/German Waltz 2.mid"",""Factory Styles/Oberkr_ Waltz 1.mid""]"
RHYTHM,ACC1,Variation 1,ae091063b22dcafb,5,3,"[""Factory Styles/German Waltz 1.mid"",""Factory Styles/German Waltz 2.mid"",""Factory Styles/Oberkr_ Waltz 1.mid""]"
RHYTHM,ACC3,Variation 1,48a3b71726de5f00,5,3,"[""Factory Styles/German Waltz 1.mid"",""Factory Styles/German Waltz 2.mid"",""Factory Styles/Oberkr_ Waltz 1.mid""]"
RHYTHM,BASS,Variation 2,bcc515817815699a,5,3,"[""Factory Styles/German Waltz 3.mid"",""Factory Styles/Italian Mazurka2.mid"",""Factory Styles/Italian Waltz.mid""]"
RHYTHM,PERC,Intro 1,56fc38eac7c10cbd,5,3,"[""Factory Styles/HipHop.mid"",""Factory Styles/Pop Funk 2.mid"",""Factory Styles/Slow Latin Pop.mid""]"
RHYTHM,BASS,Fill 2,4df203b4ea84825b,5,3,"[""Factory Styles/Italian Polka 1.mid"",""Factory Styles/Italian Polka 2.mid"",""Factory Styles/Oberkr_ Polka 2.mid""]"
RHYTHM,BASS,Variation 2,a75857005083106e,5,3,"[""Factory Styles/Italian Polka 2.mid"",""Factory Styles/Italian Polka 3.mid"",""Factory Styles/Oberkr_ Polka 2.mid""]"
RHYTHM,BASS,Variation 2,d478c27b46b38ebf,5,3,"[""Factory Styles/Italian Polka 3.mid"",""Factory Styles/Oberkr_ Polka 2.mid"",""Factory Styles/Polka Pop.mid""]"
PERFORMANCE,ACC3,Fill 1,cf40a5513b7006af,5,3,"[""Factory Styles/70's Disco 2.mid"",""Factory Styles/Organ Evergreens.mid"",""Factory Styles/Schlager 2.mid""]"
PERFORMANCE,PERC,Break,302a3178a561e254,5,3,"[""Factory Styles/German Waltz 1.mid"",""Factory Styles/German Waltz 2.mid"",""Factory Styles/Oberkr_ Waltz 1.mid""]"
PERFORMANCE,ACC4,Fill 2,abab7a8149c77c22,5,3,"[""Factory Styles/Italian Polka 1.mid"",""Factory Styles/Italian Polka 2.mid"",""Factory Styles/Italian Waltz.mid""]"
RHYTHM,DRUM,Variation 3,f4de0f61ed63523d,4,3,"[""Factory Styles/70's Disco 1.mid"",""Factory Styles/Dance Schlager.mid"",""Factory Styles/Oriental Dance.mid""]"
RHYTHM,ACC1,Variation 3,1b44db378d271dbf,4,3,"[""Factory Styles/70's Disco 1.mid"",""Factory Styles/Philly Disco.mid"",""Factory Styles/Techno.mid""]"
RHYTHM,ACC1,Variation 4,1b44db378d271dbf,4,3,"[""Factory Styles/70's Disco 1.mid"",""Factory Styles/Philly Disco.mid"",""Factory Styles/Techno.mid""]"
RHYTHM,ACC3,Fill 1,cbbb233e1293faca,4,3,"[""Factory Styles/70's Disco 1.mid"",""Factory Styles/Dance Mix.mid"",""Factory Styles/Techno.mid""]"
RHYTHM,ACC3,Fill 2,cbbb233e1293faca,4,3,"[""Factory Styles/70's Disco 2.mid"",""Factory Styles/Sister & Girl.mid"",""Factory Styles/Techno.mid""]"
RHYTHM,PERC,Variation 2,0d7bd880373ca7ce,4,3,"[""Factory Styles/8 Beat Analog 2.mid"",""Factory Styles/Groove It Up.mid"",""Factory Styles/Half Beat.mid""]"
RHYTHM,ACC5,Fill 1,ab575b1c3401fa68,4,3,"[""Factory Styles/Acoustic Bld_3_4.mid"",""Factory Styles/Alpen Rock.mid"",""Factory Styles/Fox Schlager.mid""]"
RHYTHM,ACC2,Variation 4,4d534044e2c26857,4,3,"[""Factory Styles/Al Funk.mid"",""Factory Styles/Gospel.mid"",""Factory Styles/Pop Funk 1.mid""]"
RHYTHM,ACC1,Fill 1,d25fe4fdf702a6d2,4,3,"[""Factory Styles/Analog Beat 1.mid"",""Factory Styles/Easy Pop 2.mid"",""Factory Styles/Slow HipHop.mid""]"
RHYTHM,ACC5,Fill 2,ea026ee5c50d7a3c,4,3,"[""Factory Styles/Army Band.mid"",""Factory Styles/Bluegrass.mid"",""Factory Styles/Country Pop.mid""]"
RHYTHM,PERC,Break,cbbb233e1293faca,4,3,"[""Factory Styles/Barry Dance.mid"",""Factory Styles/Funky Ballad.mid"",""Factory Styles/Techno.mid""]"
RHYTHM,BASS,Intro 2,295ab2fd02be5343,4,3,"[""Factory Styles/Bavarian Pop.mid"",""Factory Styles/Dance Schlager.mid"",""Factory Styles/Rock Schlager.mid""]"
RHYTHM,ACC3,Fill 2,44e7ac5775a11c12,4,3,"[""Factory Styles/Broadway.mid"",""Factory Styles/Groove.mid"",""Factory Styles/Orchestral Tango.mid""]"
RHYTHM,DRUM,Intro 3,4be5febcc69ce7e1,4,3,"[""Factory Styles/Caribbean.mid"",""Factory Styles/Fox Schlager.mid"",""Factory Styles/Volkst_ Schlager.mid""]"
RHYTHM,BASS,Fill 2,5075e2d0ec32e8db,4,3,"[""Factory Styles/ClassicSchlager1.mid"",""Factory Styles/Pop Shuffle 2.mid"",""Factory Styles/Pop Shuffle 3.mid""]"
RHYTHM,PERC,Ending 3,39020a396a82b35b,4,3,"[""Factory Styles/ClassicSchlager3.mid"",""Factory Styles/Jive.mid"",""Factory Styles/Operetta.mid""]"
RHYTHM,BASS,Variation 2,d28cfcf57f4956da,4,3,"[""Factory Styles/Country 8 Beat.mid"",""Factory Styles/Country Boogie.mid"",""Factory Styles/Unplugged Swing.mid""]"
RHYTHM,ACC5,Fill 2,6a8c4430fcf8b414,4,3,"[""Factory Styles/Country Ballad 1.mid"",""Factory Styles/Country Schlager.mid"",""Factory Styles/Wave Jazz.mid""]"
RHYTHM,DRUM,Variation 1,4b12f5a377bdecba,4,3,"[""Factory Styles/Country Beat 1.mid"",""Factory Styles/Funk R&B.mid"",""Factory Styles/Operetta.mid""]"
RHYTHM,DRUM,Fill 1,e556d1e47be78729,4,3,"[""Factory Styles/Country Beat 2.mid"",""Factory Styles/Country Pop.mid"",""Factory Styles/Schlager 4.mid""]"
RHYTHM,PERC,Intro 2,0f7ea5fb9c748047,4,3,"[""Factory Styles/Country Schlager.mid"",""Factory Styles/Half Beat.mid"",""Factory Styles/SchlagerShuffle1.mid""]"
RHYTHM,ACC3,Fill 2,54015302c3c0b258,4,3,"[""Factory Styles/Dance Motown.mid"",""Factory Styles/HipHop Funk.mid"",""Factory Styles/Italian Fox.mid""]"
RHYTHM,ACC1,Break,9e34d20914f008da,4,3,"[""Factory Styles/Dance Schlager.mid"",""Factory Styles/Modern Ballad.mid"",""Factory Styles/UnpluggedBallad1.mid""]"
RHYTHM,BASS,Ending 3,bd9217655a1848fe,4,3,"[""Factory Styles/English Tango.mid"",""Factory Styles/Italian Tango 1.mid"",""Factory Styles/Italian Tango 2.mid""]"
RHYTHM,BASS,Variation 3,295ab2fd02be5343,4,3,"[""Factory Styles/Fashion Funk.mid"",""Factory Styles/Party Mix.mid"",""Factory Styles/Rock Schlager.mid""]"
RHYTHM,ACC1,Variation 2,ef265c2b5ccb6656,4,3,"[""Factory Styles/German Waltz 1.mid"",""Factory Styles/German Waltz 2.mid"",""Factory Styles/Oberkr_ Waltz 1.mid""]"
RHYTHM,ACC1,Variation 4,ae091063b22dcafb,4,3,"[""Factory Styles/German Waltz 1.mid"",""Factory Styles/German Waltz 2.mid"",""Factory Styles/Oberkr_ Waltz 1.mid""]"
RHYTHM,ACC2,Break,77396086a1ffab72,4,3,"[""Factory Styles/German Waltz 1.mid"",""Factory Styles/German Waltz 2.mid"",""Factory Styles/Oberkr_ Waltz 1.mid""]"
RHYTHM,ACC3,Variation 2,48a3b71726de5f00,4,3,"[""Factory Styles/German Waltz 1.mid"",""Factory Styles/German Waltz 2.mid"",""Factory Styles/Oberkr_ Waltz 1.mid""]"
RHYTHM,ACC1,Fill 2,e62b948e16bdd69d,4,3,"[""Factory Styles/German Waltz 2.mid"",""Factory Styles/Slow Waltz 1.mid"",""Factory Styles/Slow Waltz 2.mid""]"
RHYTHM,ACC1,Break,da038d228d8be077,4,3,"[""Factory Styles/German Waltz 2.mid"",""Factory Styles/Irish Waltz.mid"",""Factory Styles/Oberkr_ Waltz 1.mid""]"
RHYTHM,BASS,Fill 2,e77b4151451d09d8,4,3,"[""Factory Styles/Gospel Swing.mid"",""Factory Styles/Pop Shuffle 2.mid"",""Factory Styles/Pop Shuffle 3.mid""]"
RHYTHM,ACC4,Intro 2,1e7588a7117d1611,4,3,"[""Factory Styles/Groove Ballad.mid"",""Factory Styles/Medium BigBand1.mid"",""Factory Styles/Real 8 Beat.mid""]"
RHYTHM,PERC,Fill 1,9ad0cfd38294a5ea,4,3,"[""Factory Styles/Guitar Beat.mid"",""Factory Styles/Party Mix.mid"",""Factory Styles/Schlager 4.mid""]"
RHYTHM,ACC1,Fill 2,410e97d4a0136d33,4,3,"[""Factory Styles/Hollywood 1.mid"",""Factory Styles/Schlager 2.mid"",""Factory Styles/Schlager 3.mid""]"
RHYTHM,DRUM,Fill 1,d34af21c0c291688,4,3,"[""Factory Styles/Irish Waltz.mid"",""Factory Styles/Italian Mazurka2.mid"",""Factory Styles/Slow Waltz 2.mid""]"
RHYTHM,ACC3,Variation 2,e5882406e029f464,4,3,"[""Factory Styles/Island View.mid"",""Factory Styles/Pop 12_8.mid"",""Factory Styles/Western Movie.mid""]"
RHYTHM,BASS,Variation 1,d478c27b46b38ebf,4,3,"[""Factory Styles/Italian Polka 3.mid"",""Factory Styles/Oberkr_ Polka 2.mid"",""Factory Styles/Polka Pop.mid""]"
RHYTHM,BASS,Intro 2,abe69ae507a0b9ec,4,3,"[""Factory Styles/Jive.mid"",""Factory Styles/Quick Step 2.mid"",""Factory Styles/Slow Fox.mid""]"
RHYTHM,PERC,Intro 2,d9d199a69210a403,4,3,"[""Factory Styles/Karma.mid"",""Factory Styles/Party Mix.mid"",""Factory Styles/Schlager 4.mid""]"
RHYTHM,BASS,Fill 1,0a9944d3105eb59f,4,3,"[""Factory Styles/Little Shuffle.mid"",""Factory Styles/Pop Chart 2.mid"",""Factory Styles/Quick Step 1.mid""]"
RHYTHM,DRUM,Variation 2,d37b7beddb14984f,4,3,"[""Factory Styles/Medium Schlager.mid"",""Factory Styles/Rock Schlager.mid"",""Factory Styles/Schlager Rhumba.mid""]"
RHYTHM,ACC1,Fill 1,ab575b1c3401fa68,4,3,"[""Factory Styles/Moonlight Ballad.mid"",""Factory Styles/Tap Dance.mid"",""Factory Styles/Twist.mid""]"
RHYTHM,BASS,Fill 1,25c286ca240f27f1,4,3,"[""Factory Styles/Movie Ballad.mid"",""Factory Styles/Real 8 Beat.mid"",""Factory Styles/Slow Latin Pop.mid""]"
RHYTHM,BASS,Variation 3,9f635c71e82e80df,4,3,"[""Factory Styles/Pop Schlager.mid"",""Factory Styles/SchlagerShuffle1.mid"",""Factory Styles/Tap Dance.mid""]"
RHYTHM,BASS,Fill 2,90206651a112eb22,4,3,"[""Factory Styles/Standard 8 Beat.mid"",""Factory Styles/Unplugged Slow.mid"",""Factory Styles/UnpluggedBallad1.mid""]"
PERFORMANCE,ACC4,Variation 3,29b68bc28cd76881,4,3,"[""Factory Styles/Alpen Rock.mid"",""Factory Styles/Analog Ballad 1.mid"",""Factory Styles/Slow Band.mid""]"
PERFORMANCE,ACC2,Break,02a1f226febef658,4,3,"[""Factory Styles/Caribbean.mid"",""Factory Styles/Fox Shuffle 1.mid"",""Factory Styles/Movie Swing.mid""]"
PERFORMANCE,ACC3,Variation 4,827cbe89d728ef3e,4,3,"[""Factory Styles/Color Ballad.mid"",""Factory Styles/Samba Medley.mid"",""Factory Styles/Slow Waltz 1.mid""]"
PERFORMANCE,ACC3,Intro 2,827cbe89d728ef3e,4,3,"[""Factory Styles/Color Ballad.mid"",""Factory Styles/Samba Medley.mid"",""Factory Styles/Slow Waltz 1.mid""]"
PERFORMANCE,ACC3,Break,827cbe89d728ef3e,4,3,"[""Factory Styles/Color Ballad.mid"",""Factory Styles/Funky Sisters.mid"",""Factory Styles/Gospel.mid""]"
PERFORMANCE,ACC3,Intro 2,fcc64df40ac60bc6,4,3,"[""Factory Styles/Country Schlager.mid"",""Factory Styles/Disco Schlager.mid"",""Factory Styles/Soft Ballad.mid""]"
PERFORMANCE,ACC1,Fill 1,29b68bc28cd76881,4,3,"[""Factory Styles/Dance Fever.mid"",""Factory Styles/Fox Schlager.mid"",""Factory Styles/Take Beat.mid""]"
PERFORMANCE,ACC3,Variation 3,7a1899becfa94bb8,4,3,"[""Factory Styles/Disco Schlager.mid"",""Factory Styles/Rock Schlager.mid"",""Factory Styles/Soft 8 Beat.mid""]"
PERFORMANCE,BASS,Variation 1,66aad5af4138ed52,4,3,"[""Factory Styles/German Waltz 1.mid"",""Factory Styles/German Waltz 2.mid"",""Factory Styles/Vienna Waltz.mid""]"
PERFORMANCE,BASS,Variation 2,66aad5af4138ed52,4,3,"[""Factory Styles/German Waltz 1.mid"",""Factory Styles/German Waltz 2.mid"",""Factory Styles/Vienna Waltz.mid""]"
PERFORMANCE,BASS,Variation 2,04315c7a9f2019b3,4,3,"[""Factory Styles/German Waltz 1.mid"",""Factory Styles/German Waltz 2.mid"",""Factory Styles/Vienna Waltz.mid""]"
PERFORMANCE,BASS,Variation 3,04315c7a9f2019b3,4,3,"[""Factory Styles/German Waltz 1.mid"",""Factory Styles/German Waltz 2.mid"",""Factory Styles/Vienna Waltz.mid""]"
PERFORMANCE,ACC1,Fill 2,cf40a5513b7006af,4,3,"[""Factory Styles/HipHop.mid"",""Factory Styles/Love Disco.mid"",""Factory Styles/Oriental Ballad.mid""]"
PERFORMANCE,ACC3,Fill 2,cf40a5513b7006af,4,3,"[""Factory Styles/Medium Schlager.mid"",""Factory Styles/Modern Gospel 2.mid"",""Factory Styles/Organ Evergreens.mid""]"
RHYTHM,ACC4,Break,d36ffd17118e16aa,3,3,"[""Factory Styles/50's  Fox.mid"",""Factory Styles/Italian Polka 2.mid"",""Factory Styles/Italian Polka 3.mid""]"
RHYTHM,ACC4,Variation 2,1e7588a7117d1611,3,3,"[""Factory Styles/8 Beat Analog 1.mid"",""Factory Styles/Groove Ballad.mid"",""Factory Styles/Italian Fox.mid""]"
RHYTHM,ACC4,Ending 3,c19637d579edc933,3,3,"[""Factory Styles/8 Beat Analog 1.mid"",""Factory Styles/Schlager Rhumba.mid"",""Factory Styles/Unplugged Gtr 3.mid""]"
RHYTHM,BASS,Ending 2,cba2fdf5c5772adc,3,3,"[""Factory Styles/8 Beat Analog 2.mid"",""Factory Styles/Groove.mid"",""Factory Styles/Philly Disco.mid""]"
RHYTHM,ACC1,Ending 2,cba2fdf5c5772adc,3,3,"[""Factory Styles/8 Beat Analog 2.mid"",""Factory Styles/80's Dance.mid"",""Factory Styles/Groove.mid""]"
RHYTHM,DRUM,Ending 3,aebf7d94141fe9fa,3,3,"[""Factory Styles/80's Dance.mid"",""Factory Styles/Classic Beat.mid"",""Factory Styles/Groove It Up.mid""]"
RHYTHM,BASS,Ending 2,f86eb2e53501234b,3,3,"[""Factory Styles/80's Dance.mid"",""Factory Styles/Analog Ballad 2.mid"",""Factory Styles/Miami Disco.mid""]"
RHYTHM,BASS,Intro 3,35f6196d64dccf4d,3,3,"[""Factory Styles/Acoustic Bld_3_4.mid"",""Factory Styles/Black Funk.mid"",""Factory Styles/Tap Dance.mid""]"
RHYTHM,PERC,Variation 2,0f7ea5fb9c748047,3,3,"[""Factory Styles/Alpen Ballade.mid"",""Factory Styles/Country Schlager.mid"",""Factory Styles/SchlagerShuffle1.mid""]"
RHYTHM,BASS,Intro 3,1c8dd74567e57de6,3,3,"[""Factory Styles/Alpen Rock.mid"",""Factory Styles/Easy Pop 1.mid"",""Factory Styles/Funky Sisters.mid""]"
RHYTHM,ACC4,Ending 3,3eeb760a81aa8786,3,3,"[""Factory Styles/Alpen Rock.mid"",""Factory Styles/Movie Swing.mid"",""Factory Styles/Slow Fox.mid""]"
RHYTHM,PERC,Ending 3,aebf7d94141fe9fa,3,3,"[""Factory Styles/AM _ PM.mid"",""Factory Styles/Organ Evergreens.mid"",""Factory Styles/Pop Hit Ballad.mid""]"
RHYTHM,BASS,Fill 2,cba2fdf5c5772adc,3,3,"[""Factory Styles/Analog Ballad 2.mid"",""Factory Styles/Country Ballad 1.mid"",""Factory Styles/Techno.mid""]"
RHYTHM,PERC,Ending 3,d3d30fc769025b35,3,3,"[""Factory Styles/Analog Beat 2.mid"",""Factory Styles/Club House.mid"",""Factory Styles/Pop Funk.mid""]"
RHYTHM,ACC1,Break,0e72a4788c62d97d,3,3,"[""Factory Styles/Ballad 6_8 1.mid"",""Factory Styles/ClassicSchlager2.mid"",""Factory Styles/Pop 6_8.mid""]"
RHYTHM,BASS,Break,653d112d74dc6c37,3,3,"[""Factory Styles/Bar Country.mid"",""Factory Styles/Irish Fox.mid"",""Factory Styles/UnpluggedBallad2.mid""]"
RHYTHM,ACC5,Ending 3,2250a26be4be4aad,3,3,"[""Factory Styles/Barry Dance.mid"",""Factory Styles/Classic Beat.mid"",""Factory Styles/Kool Funk.mid""]"
RHYTHM,PERC,Fill 2,9ad0cfd38294a5ea,3,3,"[""Factory Styles/Bavarian Pop.mid"",""Factory Styles/ClassicSchlager3.mid"",""Factory Styles/Rock Schlager.mid""]"
RHYTHM,DRUM,Variation 2,64319fd1d614a1ae,3,3,"[""Factory Styles/Big Band 40's.mid"",""Factory Styles/Big Band Fox.mid"",""Factory Styles/Slow Fox.mid""]"
RHYTHM,PERC,Fill 1,227250e95ffdc256,3,3,"[""Factory Styles/Black Funk.mid"",""Factory Styles/Easy Ballad.mid"",""Factory Styles/Groove Funk.mid""]"
RHYTHM,PERC,Fill 2,227250e95ffdc256,3,3,"[""Factory Styles/Black Funk.mid"",""Factory Styles/Groove Funk.mid"",""Factory Styles/Guitar Pop.mid""]"
RHYTHM,ACC4,Ending 3,87ab98c90c7d5222,3,3,"[""Factory Styles/Black Funk.mid"",""Factory Styles/Easy Listening.mid"",""Factory Styles/UnpluggedBallad3.mid""]"
RHYTHM,DRUM,Variation 4,12b2b3e22c35d031,3,3,"[""Factory Styles/Blue Ballad.mid"",""Factory Styles/Slow & Jazzy.mid"",""Factory Styles/UnpluggedBallad3.mid""]"
RHYTHM,BASS,Fill 2,977cc060e796db2c,3,3,"[""Factory Styles/Blue Ballad.mid"",""Factory Styles/Pop 16 Beat.mid"",""Factory Styles/Pop Hit Ballad.mid""]"
RHYTHM,BASS,Break,1411bd1acd1f7df7,3,3,"[""Factory Styles/British Pop.mid"",""Factory Styles/Funky Sisters.mid"",""Factory Styles/Pop Groove.mid""]"
RHYTHM,DRUM,Intro 3,8da5548a35880d88,3,3,"[""Factory Styles/Broadway.mid"",""Factory Styles/Fast Big Band 2.mid"",""Factory Styles/Serenade Band.mid""]"
RHYTHM,DRUM,Break,27b5eb1cdd041d63,3,3,"[""Factory Styles/Broadway.mid"",""Factory Styles/Fast Big Band 2.mid"",""Factory Styles/Serenade Band.mid""]"
RHYTHM,BASS,Break,fb136043833dd5d5,3,3,"[""Factory Styles/Classic Beat.mid"",""Factory Styles/Guitar Ballad.mid"",""Factory Styles/Soft 16 Beat.mid""]"
RHYTHM,ACC3,Break,ac076306716bfe56,3,3,"[""Factory Styles/Classic Beat.mid"",""Factory Styles/Soft 16 Beat.mid"",""Factory Styles/Western Movie.mid""]"
RHYTHM,ACC5,Ending 2,89edcdfee125bf3c,3,3,"[""Factory Styles/Classic Beat.mid"",""Factory Styles/Schlager Rhumba.mid"",""Factory Styles/Unplugged Latin.mid""]"
RHYTHM,DRUM,Break,6d428a8b68a85759,3,3,"[""Factory Styles/Classic Funk.mid"",""Factory Styles/Elektrik Funk.mid"",""Factory Styles/Kool Beat.mid""]"
RHYTHM,BASS,Break,6696778b003652da,3,3,"[""Factory Styles/Country 3_4.mid"",""Factory Styles/French Waltz.mid"",""Factory Styles/Musette Waltz.mid""]"
RHYTHM,DRUM,Intro 3,f680796671f9e4b4,3,3,"[""Factory Styles/Country 8 Beat.mid"",""Factory Styles/Easy Beat 2.mid"",""Factory Styles/Pop 16 Beat.mid""]"
RHYTHM,ACC2,Fill 1,cbbb233e1293faca,3,3,"[""Factory Styles/Country Ballad 1.mid"",""Factory Styles/Modern Gospel 1.mid"",""Factory Styles/Samba Medley.mid""]"
RHYTHM,DRUM,Ending 3,242c9fa43fefb61a,3,3,"[""Factory Styles/Country Beat 2.mid"",""Factory Styles/Schlager 4.mid"",""Factory Styles/Unplugged Gtr 3.mid""]"
RHYTHM,BASS,Intro 3,73b5dd2f8dc38c35,3,3,"[""Factory Styles/Country Beat 2.mid"",""Factory Styles/Funky Disco.mid"",""Factory Styles/Unplugged Slow.mid""]"
RHYTHM,BASS,Fill 2,653d112d74dc6c37,3,3,"[""Factory Styles/Country Beat 2.mid"",""Factory Styles/Irish Fox.mid"",""Factory Styles/Meditando.mid""]"
RHYTHM,ACC2,Break,cb5190fc30c196a2,3,3,"[""Factory Styles/Country QuikStep.mid"",""Factory Styles/Country Strum.mid"",""Factory Styles/Standard 8 Beat.mid""]"
RHYTHM,DRUM,Ending 3,723862b7fa3ca9a1,3,3,"[""Factory Styles/Country Schlager.mid"",""Factory Styles/Pop Ballad.mid"",""Factory Styles/Unplugged Latin.mid""]"
RHYTHM,BASS,Intro 3,4684cf328029caa0,3,3,"[""Factory Styles/Dance Fever.mid"",""Factory Styles/Rock Schlager.mid"",""Factory Styles/Sister & Girl.mid""]"
RHYTHM,DRUM,Intro 3,61688b2e003beac5,3,3,"[""Factory Styles/Dance Schlager.mid"",""Factory Styles/Modern Country.mid"",""Factory Styles/UnpluggedBallad1.mid""]"
RHYTHM,ACC3,Fill 1,baa34b882dad3ead,3,3,"[""Factory Styles/Disco Gully.mid"",""Factory Styles/Pop Shuffle 2.mid"",""Factory Styles/SchlagerShuffle1.mid""]"
RHYTHM,ACC1,Ending 3,0e4e631474b3696a,3,3,"[""Factory Styles/Disco Schlager.mid"",""Factory Styles/Medium Schlager.mid"",""Factory Styles/Twist.mid""]"
RHYTHM,PERC,Ending 2,1e7588a7117d1611,3,3,"[""Factory Styles/Easy Listening.mid"",""Factory Styles/Slide Blues.mid"",""Factory Styles/Unplugged Rock.mid""]"
RHYTHM,ACC3,Ending 2,1e7588a7117d1611,3,3,"[""Factory Styles/Easy Listening.mid"",""Factory Styles/Karma.mid"",""Factory Styles/Modern Ballad.mid""]"
RHYTHM,PERC,Ending 3,cbbb233e1293faca,3,3,"[""Factory Styles/Easy Pop 1.mid"",""Factory Styles/Easy Pop 2.mid"",""Factory Styles/Miami Disco.mid""]"
RHYTHM,ACC1,Intro 2,c19637d579edc933,3,3,"[""Factory Styles/Elektro Funk.mid"",""Factory Styles/Funky Ballad.mid"",""Factory Styles/Jazzy PopFunk.mid""]"
RHYTHM,BASS,Variation 4,295ab2fd02be5343,3,3,"[""Factory Styles/Fashion Funk.mid"",""Factory Styles/Party Mix.mid"",""Factory Styles/Rock Schlager.mid""]"
RHYTHM,BASS,Ending 3,cba2fdf5c5772adc,3,3,"[""Factory Styles/Fast Big Band 1.mid"",""Factory Styles/Guitar Ballad.mid"",""Factory Styles/Medium BigBand2.mid""]"
RHYTHM,PERC,Ending 3,0e4e631474b3696a,3,3,"[""Factory Styles/Fox Schlager.mid"",""Factory Styles/Standard 16 Beat.mid"",""Factory Styles/Standard 8 Beat.mid""]"
RHYTHM,ACC1,Break,67f4d4340b1a6ebc,3,3,"[""Factory Styles/Fox Shuffle 2.mid"",""Factory Styles/Pop 12_8.mid"",""Factory Styles/Pop Chart 2.mid""]"
RHYTHM,BASS,Fill 2,0a9944d3105eb59f,3,3,"[""Factory Styles/Foxtrot 1.mid"",""Factory Styles/Movie Swing.mid"",""Factory Styles/Slow Band.mid""]"
RHYTHM,ACC1,Intro 1,abe69ae507a0b9ec,3,3,"[""Factory Styles/Foxtrot 2.mid"",""Factory Styles/Organ Foxtrot.mid"",""Factory Styles/Slow Fox.mid""]"
RHYTHM,ACC5,Fill 2,6696778b003652da,3,3,"[""Factory Styles/French Waltz.mid"",""Factory Styles/Musette Waltz.mid"",""Factory Styles/Waltz Ballad.mid""]"
RHYTHM,DRUM,Intro 3,113b9fe5daa5c5b4,3,3,"[""Factory Styles/German Waltz 1.mid"",""Factory Styles/Oberkr_ Waltz 1.mid"",""Factory Styles/Oberkr_ Waltz 2.mid""]"
RHYTHM,BASS,Fill 2,3887e0a2521b4a9c,3,3,"[""Factory Styles/German Waltz 1.mid"",""Factory Styles/German Waltz 2.mid"",""Factory Styles/Oberkr_ Waltz 1.mid""]"
RHYTHM,ACC4,Fill 2,eff7f5b5b7138bb4,3,3,"[""Factory Styles/German Waltz 1.mid"",""Factory Styles/Oberkr_ Waltz 1.mid"",""Factory Styles/Unplugged 3_4.mid""]"
RHYTHM,ACC2,Variation 2,9c2a6eaffdb5db30,3,3,"[""Factory Styles/German Waltz 1.mid"",""Factory Styles/German Waltz 2.mid"",""Factory Styles/Oberkr_ Waltz 1.mid""]"
RHYTHM,ACC2,Ending 3,bf4e4d1f491dc2b6,3,3,"[""Factory Styles/German Waltz 2.mid"",""Factory Styles/Oberkr_ Waltz 1.mid"",""Factory Styles/Oberkr_ Waltz 2.mid""]"
RHYTHM,ACC1,Fill 1,6a8c4430fcf8b414,3,3,"[""Factory Styles/Gospel.mid"",""Factory Styles/Groove.mid"",""Factory Styles/Little Boy.mid""]"
RHYTHM,ACC3,Break,09b4e04addc054c3,3,3,"[""Factory Styles/Groove Ballad.mid"",""Factory Styles/Meditando.mid"",""Factory Styles/Standard 8 Beat.mid""]"
RHYTHM,DRUM,Intro 2,d3267a0d73460b13,3,3,"[""Factory Styles/Groove It Up.mid"",""Factory Styles/Pop Funk.mid"",""Factory Styles/Slow & Jazzy.mid""]"
RHYTHM,ACC3,Ending 3,2250a26be4be4aad,3,3,"[""Factory Styles/Groove It Up.mid"",""Factory Styles/Oriental Ballad.mid"",""Factory Styles/Pop Funk 2.mid""]"
RHYTHM,ACC1,Fill 2,ce92af26d11aa780,3,3,"[""Factory Styles/Half Beat.mid"",""Factory Styles/Modern Beat.mid"",""Factory Styles/Standard 16 Beat.mid""]"
RHYTHM,ACC1,Break,ce92af26d11aa780,3,3,"[""Factory Styles/Half Beat.mid"",""Factory Styles/Karma.mid"",""Factory Styles/Modern Beat.mid""]"
RHYTHM,ACC5,Break,54015302c3c0b258,3,3,"[""Factory Styles/Half Beat.mid"",""Factory Styles/Modern Beat.mid"",""Factory Styles/Slow & Jazzy.mid""]"
RHYTHM,ACC5,Variation 2,988fd885c6359260,3,3,"[""Factory Styles/Irish Fox.mid"",""Factory Styles/Italian Tango 1.mid"",""Factory Styles/Sister & Girl.mid""]"
RHYTHM,BASS,Fill 2,cead3ac21ebc79c3,3,3,"[""Factory Styles/Irish Waltz.mid"",""Factory Styles/Musette Waltz.mid"",""Factory Styles/Vienna Waltz.mid""]"
RHYTHM,ACC3,Ending 3,f86eb2e53501234b,3,3,"[""Factory Styles/Island View.mid"",""Factory Styles/Organ Ballad.mid"",""Factory Styles/Pop 12_8.mid""]"
RHYTHM,DRUM,Intro 3,ea026ee5c50d7a3c,3,3,"[""Factory Styles/Meditando.mid"",""Factory Styles/Moonlight Ballad.mid"",""Factory Styles/Movie Ballad.mid""]"
RHYTHM,BASS,Fill 1,1d16aa4e408f01c4,3,3,"[""Factory Styles/Moonlight Ballad.mid"",""Factory Styles/Unplugged 8 Bt.mid"",""Factory Styles/Unplugged Latin.mid""]"
RHYTHM,DRUM,Intro 3,9966bd56e7b0d394,3,3,"[""Factory Styles/Organ Foxtrot.mid"",""Factory Styles/Pop Shuffle 1.mid"",""Factory Styles/Quick Step 1.mid""]"
RHYTHM,ACC4,Variation 4,e5882406e029f464,3,3,"[""Factory Styles/Pop 12_8.mid"",""Factory Styles/Pop Chart 2.mid"",""Factory Styles/Unplugged Gtr 2.mid""]"
RHYTHM,ACC4,Ending 2,89edcdfee125bf3c,3,3,"[""Factory Styles/Pop 12_8.mid"",""Factory Styles/Schlager Rhumba.mid"",""Factory Styles/Unplugged Gtr 2.mid""]"
RHYTHM,ACC1,Ending 3,11f8289e546b1c3d,3,3,"[""Factory Styles/Pop Ballad.mid"",""Factory Styles/Soft 16 Beat.mid"",""Factory Styles/Soft 8 Beat.mid""]"
RHYTHM,ACC4,Variation 2,e5882406e029f464,3,3,"[""Factory Styles/Pop Chart 2.mid"",""Factory Styles/Pop Funk 2.mid"",""Factory Styles/Unplugged Gtr 2.mid""]"
RHYTHM,BASS,Fill 1,b8d8f4003381891a,3,3,"[""Factory Styles/Pop Jazz.mid"",""Factory Styles/Standard 8 Beat.mid"",""Factory Styles/Unplugged Slow.mid""]"
RHYTHM,DRUM,Variation 1,12b2b3e22c35d031,3,3,"[""Factory Styles/Pop Schlager.mid"",""Factory Styles/Samba Medley.mid"",""Factory Styles/Slow & Jazzy.mid""]"
RHYTHM,DRUM,Fill 2,5047ee61fa8e27ad,3,3,"[""Factory Styles/Pop Shuffle 2.mid"",""Factory Styles/Pop Shuffle 3.mid"",""Factory Styles/Unplugged Swing.mid""]"
PERFORMANCE,ACC2,Fill 2,b079cd60f97a92cc,3,3,"[""Factory Styles/60's Dance.mid"",""Factory Styles/Schlager 2.mid"",""Factory Styles/Schlager 3.mid""]"
PERFORMANCE,ACC2,Ending 3,29b68bc28cd76881,3,3,"[""Factory Styles/70's Disco 1.mid"",""Factory Styles/Club House.mid"",""Factory Styles/UnpluggedBallad1.mid""]"
PERFORMANCE,ACC5,Fill 1,cf40a5513b7006af,3,3,"[""Factory Styles/70's Disco 1.mid"",""Factory Styles/Easy Pop 1.mid"",""Factory Styles/Pop Hit Ballad.mid""]"
PERFORMANCE,ACC4,Variation 1,fcc64df40ac60bc6,3,3,"[""Factory Styles/8 Beat Analog 1.mid"",""Factory Styles/French Waltz.mid"",""Factory Styles/Schlager Rhumba.mid""]"
PERFORMANCE,ACC4,Ending 3,91cbcfd0604660a0,3,3,"[""Factory Styles/8 Beat Analog 1.mid"",""Factory Styles/Real 16 Beat.mid"",""Factory Styles/Real 8 Beat.mid""]"
PERFORMANCE,ACC3,Variation 1,29b68bc28cd76881,3,3,"[""Factory Styles/80's Dance.mid"",""Factory Styles/Movie Ballad.mid"",""Factory Styles/Pop Schlager.mid""]"
PERFORMANCE,ACC4,Fill 1,fcc64df40ac60bc6,3,3,"[""Factory Styles/Alpen Ballade.mid"",""Factory Styles/Schlager Rhumba.mid"",""Factory Styles/Unplugged Gtr 2.mid""]"
PERFORMANCE,ACC5,Break,7a1899becfa94bb8,3,3,"[""Factory Styles/Alpen Ballade.mid"",""Factory Styles/Modern Latin.mid"",""Factory Styles/Pop Groove.mid""]"
PERFORMANCE,ACC5,Fill 2,8aac0256efa23588,3,3,"[""Factory Styles/AM _ PM.mid"",""Factory Styles/Country Ballad 1.mid"",""Factory Styles/Little Shuffle.mid""]"
PERFORMANCE,ACC4,Break,008bedb44c21871a,3,3,"[""Factory Styles/Analog Ballad 1.mid"",""Factory Styles/Party Mix.mid"",""Factory Styles/Volkst_ Schlager.mid""]"
PERFORMANCE,ACC5,Fill 2,29b68bc28cd76881,3,3,"[""Factory Styles/Analog Ballad 1.mid"",""Factory Styles/Pop Funk 1.mid"",""Factory Styles/Sister & Girl.mid""]"
PERFORMANCE,ACC5,Ending 2,cf40a5513b7006af,3,3,"[""Factory Styles/Analog Beat 2.mid"",""Factory Styles/Easy Beat 2.mid"",""Factory Styles/Techno.mid""]"
PERFORMANCE,ACC3,Ending 3,827cbe89d728ef3e,3,3,"[""Factory Styles/Ballad 6_8 1.mid"",""Factory Styles/Pop Shuffle 1.mid"",""Factory Styles/Slow 6_8.mid""]"
PERFORMANCE,ACC3,Variation 4,29b68bc28cd76881,3,3,"[""Factory Styles/Ballad 6_8 2.mid"",""Factory Styles/Modern Ballad.mid"",""Factory Styles/Pop Schlager.mid""]"
PERFORMANCE,ACC4,Variation 4,fcc64df40ac60bc6,3,3,"[""Factory Styles/Black Funk.mid"",""Factory Styles/Party Mix.mid"",""Factory Styles/Schlager Rhumba.mid""]"
PERFORMANCE,ACC1,Fill 1,91cbcfd0604660a0,3,3,"[""Factory Styles/Blue Ballad.mid"",""Factory Styles/British Pop.mid"",""Factory Styles/Modern Beat.mid""]"
PERFORMANCE,ACC5,Break,b079cd60f97a92cc,3,3,"[""Factory Styles/Classic Funk.mid"",""Factory Styles/Elektrik Funk.mid"",""Factory Styles/Foxtrot 1.mid""]"
PERFORMANCE,ACC4,Fill 2,29b68bc28cd76881,3,3,"[""Factory Styles/Club House.mid"",""Factory Styles/Funky Sisters.mid"",""Factory Styles/Kool Funk.mid""]"
PERFORMANCE,ACC5,Variation 3,29b68bc28cd76881,3,3,"[""Factory Styles/Country Schlager.mid"",""Factory Styles/Soft Ballad.mid"",""Factory Styles/Unplugged Latin.mid""]"
PERFORMANCE,ACC1,Break,b079cd60f97a92cc,3,3,"[""Factory Styles/CountryShuffle 2.mid"",""Factory Styles/Pop 6_8.mid"",""Factory Styles/Rock Ballad 2.mid""]"
PERFORMANCE,ACC3,Ending 3,dcc7e767310982b0,3,3,"[""Factory Styles/Disco Schlager.mid"",""Factory Styles/Medium Schlager.mid"",""Factory Styles/Organ Evergreens.mid""]"
PERFORMANCE,BASS,Intro 3,4f96b8ae4351c594,3,3,"[""Factory Styles/Easy Ballad.mid"",""Factory Styles/Schlager 1.mid"",""Factory Styles/Slow HipHop.mid""]"
PERFORMANCE,ACC2,Break,fcc64df40ac60bc6,3,3,"[""Factory Styles/Easy Listening.mid"",""Factory Styles/German Waltz 3.mid"",""Factory Styles/Real 16 Beat.mid""]"
PERFORMANCE,ACC3,Fill 2,cab2fb13ea1ad71d,3,3,"[""Factory Styles/Easy Pop 1.mid"",""Factory Styles/Pop Ballad.mid"",""Factory Styles/Pop Funk 1.mid""]"
PERFORMANCE,ACC5,Fill 2,821e4a1733acac33,3,3,"[""Factory Styles/Easy Pop 1.mid"",""Factory Styles/House Garage.mid"",""Factory Styles/Musette Waltz.mid""]"
PERFORMANCE,ACC5,Variation 4,fcc64df40ac60bc6,3,3,"[""Factory Styles/Fast Pop.mid"",""Factory Styles/Take Beat.mid"",""Factory Styles/Techno.mid""]"
PERFORMANCE,ACC5,Ending 2,de080a1ae6f810c1,3,3,"[""Factory Styles/Folk Beat.mid"",""Factory Styles/Guitar Beat.mid"",""Factory Styles/Kool Beat.mid""]"
PERFORMANCE,BASS,Fill 1,b079cd60f97a92cc,3,3,"[""Factory Styles/French Waltz.mid"",""Factory Styles/Musette Waltz.mid"",""Factory Styles/Unplugged 3_4.mid""]"
PERFORMANCE,DRUM,Intro 3,6997520ed7ea6524,3,3,"[""Factory Styles/German Polka.mid"",""Factory Styles/Italian Polka 3.mid"",""Factory Styles/Show Time.mid""]"
PERFORMANCE,BASS,Fill 2,d96137f5da78a2c2,3,3,"[""Factory Styles/German Waltz 1.mid"",""Factory Styles/German Waltz 2.mid"",""Factory Styles/German Waltz 3.mid""]"
PERFORMANCE,ACC3,Break,017364ee00db91a0,3,3,"[""Factory Styles/German Waltz 1.mid"",""Factory Styles/German Waltz 2.mid"",""Factory Styles/Oberkr_ Waltz 1.mid""]"
PERFORMANCE,ACC4,Ending 3,fcc64df40ac60bc6,3,3,"[""Factory Styles/Groove Funk.mid"",""Factory Styles/Guitar Ballad.mid"",""Factory Styles/Schlager Rhumba.mid""]"
PERFORMANCE,ACC2,Fill 2,91cbcfd0604660a0,3,3,"[""Factory Styles/HipHop Funk.mid"",""Factory Styles/Hully Gully.mid"",""Factory Styles/Techno.mid""]"
PERFORMANCE,ACC3,Fill 1,91cbcfd0604660a0,3,3,"[""Factory Styles/Hollywood 1.mid"",""Factory Styles/SchlagerShuffle2.mid"",""Factory Styles/Slow 6_8.mid""]"
PERFORMANCE,ACC4,Ending 2,821e4a1733acac33,3,3,"[""Factory Styles/Karma.mid"",""Factory Styles/Philly Disco.mid"",""Factory Styles/Slow Latin Pop.mid""]"
PERFORMANCE,ACC5,Variation 3,de080a1ae6f810c1,3,3,"[""Factory Styles/Kool Beat.mid"",""Factory Styles/Little Shuffle.mid"",""Factory Styles/Modern Latin.mid""]"
PERFORMANCE,ACC3,Ending 3,fcc64df40ac60bc6,3,3,"[""Factory Styles/Little Shuffle.mid"",""Factory Styles/Pop 16 Beat.mid"",""Factory Styles/Smooth Jazz.mid""]"
PERFORMANCE,ACC2,Variation 4,29b68bc28cd76881,3,3,"[""Factory Styles/Pop Funk.mid"",""Factory Styles/Unplugged Slow.mid"",""Factory Styles/UnpluggedBallad1.mid""]"
PERFORMANCE,BASS,Intro 3,929f26d3bb7090ee,3,3,"[""Factory Styles/Schlager 2.mid"",""Factory Styles/SchlagerShuffle1.mid"",""Factory Styles/Soft 8 Beat.mid""]"
RHYTHM,PERC,Variation 4,b6e8ac9db06318c1,10,2,"[""Factory Styles/Gospel.mid"",""Factory Styles/Pop Shuffle 2.mid""]"
RHYTHM,BASS,Variation 1,abe69ae507a0b9ec,9,2,"[""Factory Styles/Big Band Jump.mid"",""Factory Styles/Jive.mid""]"
RHYTHM,ACC3,Variation 1,ced3e80fd8da78f7,8,2,"[""Factory Styles/Easy Listening.mid"",""Factory Styles/Pop Shuffle 3.mid""]"
RHYTHM,PERC,Variation 3,b6e8ac9db06318c1,8,2,"[""Factory Styles/Gospel.mid"",""Factory Styles/Pop Shuffle 2.mid""]"
RHYTHM,PERC,Variation 4,d3a70f14ffaa7117,8,2,"[""Factory Styles/Italian Polka 3.mid"",""Factory Styles/Oberkr_ Polka 2.mid""]"
RHYTHM,PERC,Variation 3,56fc38eac7c10cbd,7,2,"[""Factory Styles/60's Dance.mid"",""Factory Styles/Country Beat 2.mid""]"
RHYTHM,PERC,Variation 2,ced3e80fd8da78f7,7,2,"[""Factory Styles/Jive.mid"",""Factory Styles/Operetta.mid""]"
RHYTHM,ACC4,Variation 4,8304acca20a725a8,7,2,"[""Factory Styles/Movie Swing.mid"",""Factory Styles/Slow Fox.mid""]"
RHYTHM,ACC1,Variation 1,a6a795ffd4fa67b3,7,2,"[""Factory Styles/Pop Shuffle 3.mid"",""Factory Styles/Soft Ballad.mid""]"
RHYTHM,DRUM,Variation 3,53b8afcf73475dce,6,2,"[""Factory Styles/ClassicSchlager1.mid"",""Factory Styles/Easy Listening.mid""]"
RHYTHM,BASS,Variation 3,9a67c024393937f0,6,2,"[""Factory Styles/Folk Ballad 1.mid"",""Factory Styles/Folk Ballad 2.mid""]"
RHYTHM,BASS,Variation 4,9a14e5f696207384,6,2,"[""Factory Styles/Folk Ballad 1.mid"",""Factory Styles/Folk Ballad 2.mid""]"
RHYTHM,ACC4,Variation 2,0c4a28679f9eb2f3,6,2,"[""Factory Styles/Foxtrot 2.mid"",""Factory Styles/Movie Swing.mid""]"
RHYTHM,ACC5,Variation 2,c1ac29b064795486,6,2,"[""Factory Styles/German Waltz 1.mid"",""Factory Styles/German Waltz 2.mid""]"
RHYTHM,ACC5,Variation 3,504bc7f94a0a58b0,6,2,"[""Factory Styles/German Waltz 1.mid"",""Factory Styles/German Waltz 2.mid""]"
RHYTHM,ACC5,Variation 4,987a4f3295afd5bc,6,2,"[""Factory Styles/German Waltz 1.mid"",""Factory Styles/German Waltz 2.mid""]"
RHYTHM,DRUM,Variation 1,40eb7dc597af99ec,6,2,"[""Factory Styles/German Waltz 2.mid"",""Factory Styles/Oberkr_ Waltz 2.mid""]"
RHYTHM,BASS,Variation 1,cb8172c7db7fa5d7,6,2,"[""Factory Styles/German Waltz 2.mid"",""Factory Styles/Oberkr_ Waltz 2.mid""]"
RHYTHM,BASS,Variation 2,cb8172c7db7fa5d7,6,2,"[""Factory Styles/German Waltz 2.mid"",""Factory Styles/Oberkr_ Waltz 2.mid""]"
RHYTHM,ACC4,Variation 3,8304acca20a725a8,6,2,"[""Factory Styles/Movie Swing.mid"",""Factory Styles/Slow Fox.mid""]"
RHYTHM,DRUM,Variation 4,014bc0dacfde20a7,6,2,"[""Factory Styles/Pop Hit Ballad.mid"",""Factory Styles/Rock Ballad 2.mid""]"
PERFORMANCE,ACC4,Variation 4,7a1899becfa94bb8,6,2,"[""Factory Styles/Al Funk.mid"",""Factory Styles/Meditando.mid""]"
PERFORMANCE,DRUM,Variation 3,373dee752a20a5f9,6,2,"[""Factory Styles/German Waltz 2.mid"",""Factory Styles/Oberkr_ Waltz 1.mid""]"
PERFORMANCE,DRUM,Variation 4,adbbce42a4083482,6,2,"[""Factory Styles/German Waltz 2.mid"",""Factory Styles/Oberkr_ Waltz 1.mid""]"
RHYTHM,BASS,Variation 2,56fc38eac7c10cbd,5,2,"[""Factory Styles/70's Disco 2.mid"",""Factory Styles/Dance Mix.mid""]"
RHYTHM,DRUM,Variation 1,eb097254effc628a,5,2,"[""Factory Styles/Big Band 40's.mid"",""Factory Styles/Big Band Fox.mid""]"
RHYTHM,DRUM,Variation 3,eb097254effc628a,5,2,"[""Factory Styles/Big Band 40's.mid"",""Factory Styles/Big Band Fox.mid""]"
RHYTHM,PERC,Variation 1,419aee395a05b99c,5,2,"[""Factory Styles/Big Band 40's.mid"",""Factory Styles/Big Band Fox.mid""]"
RHYTHM,PERC,Variation 2,419aee395a05b99c,5,2,"[""Factory Styles/Big Band 40's.mid"",""Factory Styles/Big Band Fox.mid""]"
RHYTHM,PERC,Variation 3,c3fed7684e48cd76,5,2,"[""Factory Styles/Big Band 40's.mid"",""Factory Styles/Big Band Fox.mid""]"
RHYTHM,PERC,Variation 1,80c09662af52d260,5,2,"[""Factory Styles/Bluegrass.mid"",""Factory Styles/The Avalon.mid""]"
RHYTHM,DRUM,Variation 2,53b8afcf73475dce,5,2,"[""Factory Styles/ClassicSchlager1.mid"",""Factory Styles/Easy Listening.mid""]"
RHYTHM,BASS,Variation 1,f0486667f0d899de,5,2,"[""Factory Styles/ClassicSchlager1.mid"",""Factory Styles/Disco Gully.mid""]"
RHYTHM,BASS,Variation 4,f0486667f0d899de,5,2,"[""Factory Styles/ClassicSchlager1.mid"",""Factory Styles/Disco Gully.mid""]"
RHYTHM,ACC1,Variation 1,1e7588a7117d1611,5,2,"[""Factory Styles/ClassicSchlager1.mid"",""Factory Styles/Fox Schlager.mid""]"
RHYTHM,ACC3,Variation 1,988fd885c6359260,5,2,"[""Factory Styles/Dance Mix.mid"",""Factory Styles/Oriental Ballad.mid""]"
RHYTHM,DRUM,Variation 2,c458cc5d12a63b7f,5,2,"[""Factory Styles/Folk Ballad 2.mid"",""Factory Styles/UnpluggedBallad2.mid""]"
RHYTHM,DRUM,Variation 3,ee00212e6dd01f6e,5,2,"[""Factory Styles/Folk Ballad 2.mid"",""Factory Styles/UnpluggedBallad2.mid""]"
RHYTHM,DRUM,Variation 4,03a0d09948201f50,5,2,"[""Factory Styles/Folk Ballad 2.mid"",""Factory Styles/UnpluggedBallad2.mid""]"
RHYTHM,PERC,Variation 2,292735429c933587,5,2,"[""Factory Styles/Folk Ballad 2.mid"",""Factory Styles/UnpluggedBallad2.mid""]"
RHYTHM,PERC,Variation 3,5aa1b7c0842f8e9d,5,2,"[""Factory Styles/Folk Ballad 2.mid"",""Factory Styles/UnpluggedBallad2.mid""]"
RHYTHM,ACC4,Variation 2,ea1acbc8e6fa75a0,5,2,"[""Factory Styles/Folk Ballad 2.mid"",""Factory Styles/UnpluggedBallad2.mid""]"
RHYTHM,ACC4,Variation 4,3500994252438442,5,2,"[""Factory Styles/Folk Ballad 2.mid"",""Factory Styles/UnpluggedBallad2.mid""]"
RHYTHM,PERC,Variation 3,b22e9e67a891c8d4,5,2,"[""Factory Styles/Foxtrot 2.mid"",""Factory Styles/Slow Fox.mid""]"
RHYTHM,DRUM,Variation 4,00f175604100d27f,5,2,"[""Factory Styles/Funky Disco.mid"",""Factory Styles/Pop Jazz.mid""]"
RHYTHM,DRUM,Variation 3,e160668c3de15472,5,2,"[""Factory Styles/Funky R&B.mid"",""Factory Styles/Talkin' Jazz.mid""]"
RHYTHM,DRUM,Variation 4,e160668c3de15472,5,2,"[""Factory Styles/Funky R&B.mid"",""Factory Styles/Talkin' Jazz.mid""]"
RHYTHM,BASS,Variation 3,cb8172c7db7fa5d7,5,2,"[""Factory Styles/German Waltz 2.mid"",""Factory Styles/Oberkr_ Waltz 2.mid""]"
RHYTHM,ACC3,Variation 4,473959fc26fa03bf,5,2,"[""Factory Styles/German Waltz 2.mid"",""Factory Styles/German Waltz 3.mid""]"
RHYTHM,ACC2,Variation 4,61b615e77603e761,5,2,"[""Factory Styles/German Waltz 2.mid"",""Factory Styles/Oberkr_ Waltz 1.mid""]"
RHYTHM,ACC1,Variation 1,2b9cee3d3277369e,5,2,"[""Factory Styles/Hollywood 1.mid"",""Factory Styles/Show Time.mid""]"
RHYTHM,ACC3,Variation 3,e596c7d9022d90cc,5,2,"[""Factory Styles/Irish Fox.mid"",""Factory Styles/Movie Swing.mid""]"
RHYTHM,PERC,Variation 2,97ee3e04f679563d,5,2,"[""Factory Styles/Italian Polka 3.mid"",""Factory Styles/Polka Pop.mid""]"
RHYTHM,BASS,Variation 4,d478c27b46b38ebf,5,2,"[""Factory Styles/Italian Polka 3.mid"",""Factory Styles/Oberkr_ Polka 2.mid""]"
RHYTHM,ACC1,Variation 3,295ab2fd02be5343,5,2,"[""Factory Styles/Medium Schlager.mid"",""Factory Styles/Tap Dance.mid""]"
RHYTHM,PERC,Variation 3,54f1226636bee94e,5,2,"[""Factory Styles/Oberkr_ Polka 1.mid"",""Factory Styles/Oberkr_ Polka 2.mid""]"
RHYTHM,DRUM,Variation 4,bc7c52cd0abf6a20,5,2,"[""Factory Styles/Oberkr_ Polka 2.mid"",""Factory Styles/Pasodoble.mid""]"
RHYTHM,ACC1,Variation 1,54f1226636bee94e,5,2,"[""Factory Styles/Oberkr_ Polka 2.mid"",""Factory Styles/Polka Pop.mid""]"
RHYTHM,ACC1,Variation 2,4b12f5a377bdecba,5,2,"[""Factory Styles/Quick Step 2.mid"",""Factory Styles/Slow Fox.mid""]"
RHYTHM,DRUM,Variation 1,99127d32688ff238,5,2,"[""Factory Styles/Schlager 1.mid"",""Factory Styles/Slow Latin Pop.mid""]"
RHYTHM,DRUM,Variation 2,99127d32688ff238,5,2,"[""Factory Styles/Schlager 1.mid"",""Factory Styles/Slow Latin Pop.mid""]"
PERFORMANCE,PERC,Variation 1,045c193feea36a7a,5,2,"[""Factory Styles/Big Band 40's.mid"",""Factory Styles/Big Band Fox.mid""]"
PERFORMANCE,PERC,Variation 2,045c193feea36a7a,5,2,"[""Factory Styles/Big Band 40's.mid"",""Factory Styles/Big Band Fox.mid""]"
PERFORMANCE,PERC,Variation 3,203309376bcab9c5,5,2,"[""Factory Styles/Big Band 40's.mid"",""Factory Styles/Big Band Fox.mid""]"
PERFORMANCE,ACC1,Variation 1,cab2fb13ea1ad71d,5,2,"[""Factory Styles/Black Funk.mid"",""Factory Styles/ClassicSchlager1.mid""]"
PERFORMANCE,PERC,Variation 2,a4c81645de2bb743,5,2,"[""Factory Styles/Broadway.mid"",""Factory Styles/Hollywood 2.mid""]"
PERFORMANCE,ACC3,Variation 3,cab2fb13ea1ad71d,5,2,"[""Factory Styles/Disco Latin.mid"",""Factory Styles/Pop Ballad.mid""]"
PERFORMANCE,ACC4,Variation 2,1d0e5ccff98db3cf,5,2,"[""Factory Styles/Folk Ballad 2.mid"",""Factory Styles/UnpluggedBallad2.mid""]"
RHYTHM,BASS,Variation 2,f0b7ad9ecb05e6fc,4,2,"[""Factory Styles/Acoustic Bld_3_4.mid"",""Factory Styles/Broadway.mid""]"
RHYTHM,ACC5,Variation 3,93b5c2399bacfb08,4,2,"[""Factory Styles/Acoustic Bld_3_4.mid"",""Factory Styles/Fox Schlager.mid""]"
RHYTHM,ACC3,Variation 2,9563e88e0e82528f,4,2,"[""Factory Styles/Analog Ballad 1.mid"",""Factory Styles/Meditando.mid""]"
RHYTHM,ACC3,Variation 3,9563e88e0e82528f,4,2,"[""Factory Styles/Analog Ballad 1.mid"",""Factory Styles/Meditando.mid""]"
RHYTHM,PERC,Fill 1,ab177c7c0b17b27e,4,2,"[""Factory Styles/Analog Beat 2.mid"",""Factory Styles/Fast Pop.mid""]"
RHYTHM,PERC,Ending 1,f6485897b756969d,4,2,"[""Factory Styles/Analog Beat 2.mid"",""Factory Styles/Guitar Beat.mid""]"
RHYTHM,ACC2,Variation 4,064cd1578de627f7,4,2,"[""Factory Styles/Analog Beat 2.mid"",""Factory Styles/Disco Schlager.mid""]"
RHYTHM,PERC,Variation 3,56ad4ba27795db2f,4,2,"[""Factory Styles/Bavarian Pop.mid"",""Factory Styles/Party Mix.mid""]"
RHYTHM,BASS,Variation 1,295ab2fd02be5343,4,2,"[""Factory Styles/Bavarian Pop.mid"",""Factory Styles/Rock Schlager.mid""]"
RHYTHM,BASS,Variation 2,295ab2fd02be5343,4,2,"[""Factory Styles/Bavarian Pop.mid"",""Factory Styles/Rock Schlager.mid""]"
RHYTHM,BASS,Variation 3,d1c8065c81c04bc0,4,2,"[""Factory Styles/Bavarian Pop.mid"",""Factory Styles/Volkst_ Schlager.mid""]"
RHYTHM,BASS,Variation 4,d1c8065c81c04bc0,4,2,"[""Factory Styles/Bavarian Pop.mid"",""Factory Styles/Volkst_ Schlager.mid""]"
RHYTHM,ACC2,Variation 3,295ab2fd02be5343,4,2,"[""Factory Styles/Bavarian Pop.mid"",""Factory Styles/Rock Schlager.mid""]"
RHYTHM,BASS,Variation 3,4b12f5a377bdecba,4,2,"[""Factory Styles/Big Band 40's.mid"",""Factory Styles/Movie Swing.mid""]"
RHYTHM,ACC1,Variation 1,f0486667f0d899de,4,2,"[""Factory Styles/Big Band Jump.mid"",""Factory Styles/Fox Shuffle 2.mid""]"
RHYTHM,ACC1,Fill 1,141636272f7d97c7,4,2,"[""Factory Styles/Big Band Jump.mid"",""Factory Styles/Gospel Shuffle.mid""]"
RHYTHM,ACC1,Fill 2,141636272f7d97c7,4,2,"[""Factory Styles/Big Band Jump.mid"",""Factory Styles/Gospel Shuffle.mid""]"
RHYTHM,PERC,Variation 1,e160668c3de15472,4,2,"[""Factory Styles/Black Funk.mid"",""Factory Styles/Easy Ballad.mid""]"
RHYTHM,PERC,Variation 2,e160668c3de15472,4,2,"[""Factory Styles/Black Funk.mid"",""Factory Styles/Easy Ballad.mid""]"
RHYTHM,ACC5,Variation 4,4b12f5a377bdecba,4,2,"[""Factory Styles/Bluegrass.mid"",""Factory Styles/Country Pop.mid""]"
RHYTHM,PERC,Variation 4,cc4f7144a108476a,4,2,"[""Factory Styles/Blues Ballad.mid"",""Factory Styles/Pop 12_8.mid""]"
RHYTHM,BASS,Fill 1,dd7ee02edd96a631,4,2,"[""Factory Styles/Blues Ballad.mid"",""Factory Styles/Slide Blues.mid""]"
RHYTHM,PERC,Variation 1,2b9cee3d3277369e,4,2,"[""Factory Styles/Classic Beat.mid"",""Factory Styles/Dance Schlager.mid""]"
RHYTHM,DRUM,Variation 1,f0486667f0d899de,4,2,"[""Factory Styles/ClassicSchlager1.mid"",""Factory Styles/Pop Chart 2.mid""]"
RHYTHM,ACC3,Variation 4,a6a795ffd4fa67b3,4,2,"[""Factory Styles/Color Ballad.mid"",""Factory Styles/Pop Ballad.mid""]"
RHYTHM,DRUM,Ending 2,ebceffb1a0840d5a,4,2,"[""Factory Styles/Country 16 Beat.mid"",""Factory Styles/Country 8 Beat.mid""]"
RHYTHM,DRUM,Ending 3,999b578078d996b6,4,2,"[""Factory Styles/Country 16 Beat.mid"",""Factory Styles/Country 8 Beat.mid""]"
RHYTHM,PERC,Ending 1,4176ba7732ab1ab7,4,2,"[""Factory Styles/Country 16 Beat.mid"",""Factory Styles/Country 8 Beat.mid""]"
RHYTHM,PERC,Ending 2,d24c1735403eb5be,4,2,"[""Factory Styles/Country 16 Beat.mid"",""Factory Styles/Country 8 Beat.mid""]"
RHYTHM,BASS,Ending 2,37dd0d817f70d1b4,4,2,"[""Factory Styles/Country 16 Beat.mid"",""Factory Styles/Country 8 Beat.mid""]"
RHYTHM,ACC1,Fill 2,62505fab07ff0364,4,2,"[""Factory Styles/Country 16 Beat.mid"",""Factory Styles/Country 8 Beat.mid""]"
RHYTHM,ACC1,Ending 1,d51c3e7b97d4c046,4,2,"[""Factory Styles/Country 16 Beat.mid"",""Factory Styles/Country 8 Beat.mid""]"
RHYTHM,ACC1,Ending 2,2f864d3474e21428,4,2,"[""Factory Styles/Country 16 Beat.mid"",""Factory Styles/Country 8 Beat.mid""]"
RHYTHM,ACC1,Ending 3,ba3e5898de0bb9e8,4,2,"[""Factory Styles/Country 16 Beat.mid"",""Factory Styles/Country 8 Beat.mid""]"
RHYTHM,ACC2,Fill 2,99fa1b9a5c84a13a,4,2,"[""Factory Styles/Country 16 Beat.mid"",""Factory Styles/Country 8 Beat.mid""]"
RHYTHM,ACC2,Ending 1,d0d49e5e8c72119c,4,2,"[""Factory Styles/Country 16 Beat.mid"",""Factory Styles/Country 8 Beat.mid""]"
RHYTHM,ACC2,Ending 2,02bb7886bc1d7bc6,4,2,"[""Factory Styles/Country 16 Beat.mid"",""Factory Styles/Country 8 Beat.mid""]"
RHYTHM,ACC2,Ending 3,b4b1608edd44b209,4,2,"[""Factory Styles/Country 16 Beat.mid"",""Factory Styles/Country 8 Beat.mid""]"
RHYTHM,ACC3,Fill 2,800598da3c389f8f,4,2,"[""Factory Styles/Country 16 Beat.mid"",""Factory Styles/Country 8 Beat.mid""]"
RHYTHM,ACC3,Ending 2,c9e6af5b1e69e88f,4,2,"[""Factory Styles/Country 16 Beat.mid"",""Factory Styles/Country 8 Beat.mid""]"
RHYTHM,ACC3,Ending 3,3eeb760a81aa8786,4,2,"[""Factory Styles/Country 16 Beat.mid"",""Factory Styles/Country 8 Beat.mid""]"
RHYTHM,ACC4,Fill 2,cf9c230c2453fab5,4,2,"[""Factory Styles/Country 16 Beat.mid"",""Factory Styles/Country 8 Beat.mid""]"
RHYTHM,ACC4,Ending 1,fc5d750ac2be0616,4,2,"[""Factory Styles/Country 16 Beat.mid"",""Factory Styles/Country 8 Beat.mid""]"
RHYTHM,ACC4,Ending 2,663bb7ee26885fd1,4,2,"[""Factory Styles/Country 16 Beat.mid"",""Factory Styles/Country 8 Beat.mid""]"
RHYTHM,ACC4,Ending 3,0e73332828fecfe1,4,2,"[""Factory Styles/Country 16 Beat.mid"",""Factory Styles/Country 8 Beat.mid""]"
RHYTHM,ACC5,Fill 2,a364d68af0723982,4,2,"[""Factory Styles/Country 16 Beat.mid"",""Factory Styles/Country 8 Beat.mid""]"
RHYTHM,ACC5,Ending 2,2557fe4edb5639ba,4,2,"[""Factory Styles/Country 16 Beat.mid"",""Factory Styles/Country 8 Beat.mid""]"
RHYTHM,ACC5,Ending 3,59698950d5cb4ade,4,2,"[""Factory Styles/Country 16 Beat.mid"",""Factory Styles/Country 8 Beat.mid""]"
RHYTHM,BASS,Fill 1,0c6c29a70df334f9,4,2,"[""Factory Styles/Country 8 Beat.mid"",""Factory Styles/Schlager 4.mid""]"
RHYTHM,ACC4,Ending 2,8787c4c3faa465d3,4,2,"[""Factory Styles/Country Ballad 1.mid"",""Factory Styles/Country Ballad 2.mid""]"
RHYTHM,BASS,Variation 2,8304acca20a725a8,4,2,"[""Factory Styles/Country Beat 2.mid"",""Factory Styles/Operetta.mid""]"
RHYTHM,BASS,Variation 3,8304acca20a725a8,4,2,"[""Factory Styles/Country Beat 2.mid"",""Factory Styles/Operetta.mid""]"
RHYTHM,BASS,Variation 4,8304acca20a725a8,4,2,"[""Factory Styles/Country Beat 2.mid"",""Factory Styles/Operetta.mid""]"
RHYTHM,DRUM,Intro 1,f34a0f295bdccbaa,4,2,"[""Factory Styles/Country Pop.mid"",""Factory Styles/Disco Latin.mid""]"
RHYTHM,DRUM,Ending 3,146c254c1fec44fa,4,2,"[""Factory Styles/Country Pop.mid"",""Factory Styles/Modern Country.mid""]"
RHYTHM,PERC,Ending 3,2f9f974e5eb00efe,4,2,"[""Factory Styles/Country Pop.mid"",""Factory Styles/Modern Country.mid""]"
RHYTHM,ACC2,Ending 3,e2c2e7a538960da7,4,2,"[""Factory Styles/Country Pop.mid"",""Factory Styles/Modern Country.mid""]"
RHYTHM,DRUM,Ending 1,4e32bea90f1ba98d,4,2,"[""Factory Styles/Country QuikStep.mid"",""Factory Styles/Country Strum.mid""]"
RHYTHM,PERC,Ending 1,f3e3d34a45784bfd,4,2,"[""Factory Styles/Country QuikStep.mid"",""Factory Styles/Country Strum.mid""]"
RHYTHM,BASS,Ending 1,22a14f3c047842a4,4,2,"[""Factory Styles/Country QuikStep.mid"",""Factory Styles/Country Strum.mid""]"
RHYTHM,ACC3,Ending 1,9d75d02798409f68,4,2,"[""Factory Styles/Country QuikStep.mid"",""Factory Styles/Country Strum.mid""]"
RHYTHM,PERC,Intro 1,99127d32688ff238,4,2,"[""Factory Styles/Country Schlager.mid"",""Factory Styles/SchlagerShuffle1.mid""]"
RHYTHM,ACC1,Variation 1,295ab2fd02be5343,4,2,"[""Factory Styles/Country Schlager.mid"",""Factory Styles/Tap Dance.mid""]"
RHYTHM,BASS,Ending 1,bf758410956a4d36,4,2,"[""Factory Styles/Dance Mix.mid"",""Factory Styles/Disco Latin.mid""]"
RHYTHM,ACC1,Ending 1,ff5ca5e65758eff6,4,2,"[""Factory Styles/Dance Mix.mid"",""Factory Styles/Disco Latin.mid""]"
RHYTHM,ACC2,Ending 1,7a6444fb29e78fbb,4,2,"[""Factory Styles/Dance Mix.mid"",""Factory Styles/Disco Latin.mid""]"
RHYTHM,ACC3,Ending 1,2521a423771d64f8,4,2,"[""Factory Styles/Dance Mix.mid"",""Factory Styles/Disco Latin.mid""]"
RHYTHM,DRUM,Ending 1,b0dd4f1092955948,4,2,"[""Factory Styles/Dance Motown.mid"",""Factory Styles/Love Disco.mid""]"
RHYTHM,PERC,Ending 1,5bbfa4c2b61a0e14,4,2,"[""Factory Styles/Dance Motown.mid"",""Factory Styles/Love Disco.mid""]"
RHYTHM,DRUM,Variation 1,53b8afcf73475dce,4,2,"[""Factory Styles/Desert Shuffle.mid"",""Factory Styles/Easy Listening.mid""]"
RHYTHM,ACC5,Ending 1,c19637d579edc933,4,2,"[""Factory Styles/Disco Gully.mid"",""Factory Styles/Italian Tango 1.mid""]"
RHYTHM,PERC,Variation 1,3b6951a87fde538a,4,2,"[""Factory Styles/Disco Latin.mid"",""Factory Styles/Pop 16 Beat.mid""]"
RHYTHM,PERC,Variation 2,3b6951a87fde538a,4,2,"[""Factory Styles/Disco Latin.mid"",""Factory Styles/Pop 16 Beat.mid""]"
RHYTHM,DRUM,Fill 2,3a2c8487c0de19a6,4,2,"[""Factory Styles/Disco Schlager.mid"",""Factory Styles/Pop Schlager.mid""]"
RHYTHM,DRUM,Ending 1,7ae20d6205000110,4,2,"[""Factory Styles/Disco Schlager.mid"",""Factory Styles/Medium Schlager.mid""]"
RHYTHM,DRUM,Ending 2,e782d045834989d9,4,2,"[""Factory Styles/Disco Schlager.mid"",""Factory Styles/Medium Schlager.mid""]"
RHYTHM,PERC,Fill 2,2001d89de0db5765,4,2,"[""Factory Styles/Disco Schlager.mid"",""Factory Styles/Pop Schlager.mid""]"
RHYTHM,PERC,Ending 1,2a26bb3ade9c9a52,4,2,"[""Factory Styles/Disco Schlager.mid"",""Factory Styles/Medium Schlager.mid""]"
RHYTHM,PERC,Ending 2,ab575b1c3401fa68,4,2,"[""Factory Styles/Disco Schlager.mid"",""Factory Styles/Medium Schlager.mid""]"
RHYTHM,BASS,Fill 2,9443ba396a36f048,4,2,"[""Factory Styles/Disco Schlager.mid"",""Factory Styles/Pop Schlager.mid""]"
RHYTHM,BASS,Ending 1,e1f5d0ca754e5857,4,2,"[""Factory Styles/Disco Schlager.mid"",""Factory Styles/Medium Schlager.mid""]"
RHYTHM,BASS,Ending 2,cf3a1e9fb6f8f653,4,2,"[""Factory Styles/Disco Schlager.mid"",""Factory Styles/Medium Schlager.mid""]"
RHYTHM,ACC1,Fill 1,c4c37efb8ef9102c,4,2,"[""Factory Styles/Disco Schlager.mid"",""Factory Styles/Pop Schlager.mid""]"
RHYTHM,ACC1,Ending 1,3074f372fa50bfca,4,2,"[""Factory Styles/Disco Schlager.mid"",""Factory Styles/Medium Schlager.mid""]"
RHYTHM,ACC1,Ending 2,c182967dce2a507b,4,2,"[""Factory Styles/Disco Schlager.mid"",""Factory Styles/Medium Schlager.mid""]"
RHYTHM,ACC2,Fill 2,9443ba396a36f048,4,2,"[""Factory Styles/Disco Schlager.mid"",""Factory Styles/Pop Schlager.mid""]"
RHYTHM,ACC2,Ending 1,2ab79fa4f276a3e1,4,2,"[""Factory Styles/Disco Schlager.mid"",""Factory Styles/Medium Schlager.mid""]"
RHYTHM,ACC2,Ending 2,9583feb4b004905e,4,2,"[""Factory Styles/Disco Schlager.mid"",""Factory Styles/Medium Schlager.mid""]"
RHYTHM,ACC3,Ending 1,4be2707b8ab73374,4,2,"[""Factory Styles/Disco Schlager.mid"",""Factory Styles/Medium Schlager.mid""]"
RHYTHM,ACC3,Ending 2,24a9d5f3fabdf55c,4,2,"[""Factory Styles/Disco Schlager.mid"",""Factory Styles/Medium Schlager.mid""]"
RHYTHM,ACC4,Fill 1,ab575b1c3401fa68,4,2,"[""Factory Styles/Disco Schlager.mid"",""Factory Styles/Pop Schlager.mid""]"
RHYTHM,ACC4,Fill 2,9443ba396a36f048,4,2,"[""Factory Styles/Disco Schlager.mid"",""Factory Styles/Pop Schlager.mid""]"
RHYTHM,ACC4,Ending 2,1a82eed82ca91b1a,4,2,"[""Factory Styles/Disco Schlager.mid"",""Factory Styles/Medium Schlager.mid""]"
RHYTHM,ACC5,Ending 1,016e3d8a13512f5c,4,2,"[""Factory Styles/Disco Schlager.mid"",""Factory Styles/Medium Schlager.mid""]"
RHYTHM,PERC,Variation 3,ced3e80fd8da78f7,4,2,"[""Factory Styles/Easy Listening.mid"",""Factory Styles/Operetta.mid""]"
RHYTHM,ACC4,Variation 4,1b44db378d271dbf,4,2,"[""Factory Styles/Elektro Pop.mid"",""Factory Styles/Groove It Up.mid""]"
RHYTHM,DRUM,Ending 1,ee52db6986c6e1c9,4,2,"[""Factory Styles/Fast Big Band 1.mid"",""Factory Styles/Medium BigBand2.mid""]"
RHYTHM,BASS,Ending 1,291dc55c7c14db7f,4,2,"[""Factory Styles/Fast Big Band 1.mid"",""Factory Styles/Medium BigBand2.mid""]"
RHYTHM,ACC1,Fill 1,2c1eb8261cf26959,4,2,"[""Factory Styles/Fast Big Band 1.mid"",""Factory Styles/Jazz Club.mid""]"
RHYTHM,ACC1,Ending 1,ffed277d4277d865,4,2,"[""Factory Styles/Fast Big Band 1.mid"",""Factory Styles/Medium BigBand2.mid""]"
RHYTHM,ACC2,Ending 1,7b70fbfbc5240c6e,4,2,"[""Factory Styles/Fast Big Band 1.mid"",""Factory Styles/Medium BigBand2.mid""]"
RHYTHM,ACC3,Ending 1,6707e5664a31294d,4,2,"[""Factory Styles/Fast Big Band 1.mid"",""Factory Styles/Medium BigBand2.mid""]"
RHYTHM,ACC4,Ending 1,2407b0bb5627a22e,4,2,"[""Factory Styles/Fast Big Band 1.mid"",""Factory Styles/Medium BigBand2.mid""]"
RHYTHM,ACC5,Ending 1,81540cec8176d307,4,2,"[""Factory Styles/Fast Big Band 1.mid"",""Factory Styles/Medium BigBand2.mid""]"
RHYTHM,PERC,Ending 1,df5997914a4014a9,4,2,"[""Factory Styles/Fast Big Band 2.mid"",""Factory Styles/Serenade Band.mid""]"
RHYTHM,PERC,Fill 2,72d2b52b896bdf73,4,2,"[""Factory Styles/Folk Ballad 1.mid"",""Factory Styles/Folk Ballad 2.mid""]"
RHYTHM,BASS,Variation 1,405d5ee1132a077b,4,2,"[""Factory Styles/Folk Ballad 1.mid"",""Factory Styles/Folk Ballad 2.mid""]"
RHYTHM,BASS,Variation 2,6d9a3e6c610ae6bf,4,2,"[""Factory Styles/Folk Ballad 1.mid"",""Factory Styles/Folk Ballad 2.mid""]"
RHYTHM,BASS,Fill 1,8a93255ed99cd2bf,4,2,"[""Factory Styles/Folk Ballad 1.mid"",""Factory Styles/Folk Ballad 2.mid""]"
RHYTHM,DRUM,Variation 1,fd4e549f05d90729,4,2,"[""Factory Styles/Folk Ballad 2.mid"",""Factory Styles/UnpluggedBallad2.mid""]"
RHYTHM,PERC,Variation 1,d32b2c6dccd733e0,4,2,"[""Factory Styles/Folk Ballad 2.mid"",""Factory Styles/UnpluggedBallad2.mid""]"
RHYTHM,ACC1,Variation 1,99127d32688ff238,4,2,"[""Factory Styles/Foxtrot 2.mid"",""Factory Styles/Organ Evergreens.mid""]"
RHYTHM,ACC4,Variation 1,209a92e28766ba0f,4,2,"[""Factory Styles/Foxtrot 2.mid"",""Factory Styles/Guitar Ballad.mid""]"
RHYTHM,PERC,Intro 1,1b44db378d271dbf,4,2,"[""Factory Styles/Funky Ballad.mid"",""Factory Styles/UnpluggedBallad3.mid""]"
RHYTHM,PERC,Intro 1,295ab2fd02be5343,4,2,"[""Factory Styles/German Polka.mid"",""Factory Styles/Organ Evergreens.mid""]"
RHYTHM,DRUM,Intro 2,3748670cc01a486b,4,2,"[""Factory Styles/German Waltz 1.mid"",""Factory Styles/Oberkr_ Waltz 1.mid""]"
RHYTHM,BASS,Intro 2,bf77d2f28c0da5b4,4,2,"[""Factory Styles/German Waltz 1.mid"",""Factory Styles/Oberkr_ Waltz 1.mid""]"
RHYTHM,ACC1,Variation 3,ae091063b22dcafb,4,2,"[""Factory Styles/German Waltz 1.mid"",""Factory Styles/Oberkr_ Waltz 1.mid""]"
RHYTHM,ACC1,Fill 2,051825f64b185da3,4,2,"[""Factory Styles/German Waltz 1.mid"",""Factory Styles/Oberkr_ Waltz 1.mid""]"
RHYTHM,ACC2,Intro 2,fb1da4287cc95982,4,2,"[""Factory Styles/German Waltz 1.mid"",""Factory Styles/Oberkr_ Waltz 1.mid""]"
RHYTHM,ACC3,Fill 2,7185c6bcd0a9de3e,4,2,"[""Factory Styles/German Waltz 1.mid"",""Factory Styles/Oberkr_ Waltz 1.mid""]"
RHYTHM,ACC4,Variation 1,ecb87dd937b264cf,4,2,"[""Factory Styles/German Waltz 1.mid"",""Factory Styles/German Waltz 2.mid""]"
RHYTHM,ACC4,Fill 1,56dbcd1ed379cfe7,4,2,"[""Factory Styles/German Waltz 1.mid"",""Factory Styles/Oberkr_ Waltz 1.mid""]"
RHYTHM,ACC5,Fill 1,9b39e0c5200d71b2,4,2,"[""Factory Styles/German Waltz 1.mid"",""Factory Styles/Oberkr_ Waltz 1.mid""]"
RHYTHM,ACC3,Fill 2,9b9751a69d68f71c,4,2,"[""Factory Styles/German Waltz 2.mid"",""Factory Styles/Oberkr_ Waltz 2.mid""]"
RHYTHM,ACC2,Fill 1,7b59255878f258f7,4,2,"[""Factory Styles/Groove It Up.mid"",""Factory Styles/Schlager 1.mid""]"
RHYTHM,PERC,Variation 1,0d7bd880373ca7ce,4,2,"[""Factory Styles/Half Beat.mid"",""Factory Styles/Standard 8 Beat.mid""]"
RHYTHM,BASS,Variation 1,e5882406e029f464,4,2,"[""Factory Styles/Island View.mid"",""Factory Styles/Schlager 1.mid""]"
RHYTHM,ACC3,Variation 4,e9c8c18e254d2ad5,4,2,"[""Factory Styles/Italian Mazurka2.mid"",""Factory Styles/Slow Waltz 1.mid""]"
RHYTHM,BASS,Variation 3,d478c27b46b38ebf,4,2,"[""Factory Styles/Italian Polka 3.mid"",""Factory Styles/Oberkr_ Polka 2.mid""]"
RHYTHM,DRUM,Fill 2,4c2a10a6fde9d93f,4,2,"[""Factory Styles/Jazz Funk.mid"",""Factory Styles/Motown Shuffle 1.mid""]"
RHYTHM,DRUM,Ending 2,1a3d498f0b5c8f74,4,2,"[""Factory Styles/Jazz Funk.mid"",""Factory Styles/Motown Shuffle 1.mid""]"
RHYTHM,DRUM,Ending 3,86bd2fdbc19463d8,4,2,"[""Factory Styles/Jazz Funk.mid"",""Factory Styles/Motown Shuffle 1.mid""]"
RHYTHM,PERC,Fill 2,8ad4f377623f0743,4,2,"[""Factory Styles/Jazz Funk.mid"",""Factory Styles/Motown Shuffle 1.mid""]"
RHYTHM,PERC,Ending 2,9ed86fe2bc3b02e0,4,2,"[""Factory Styles/Jazz Funk.mid"",""Factory Styles/Motown Shuffle 1.mid""]"
RHYTHM,PERC,Ending 3,554e66af7364a87a,4,2,"[""Factory Styles/Jazz Funk.mid"",""Factory Styles/Motown Shuffle 1.mid""]"
RHYTHM,BASS,Fill 2,4340f7225b864d26,4,2,"[""Factory Styles/Jazz Funk.mid"",""Factory Styles/Motown Shuffle 1.mid""]"
RHYTHM,BASS,Ending 2,1929349752c9705a,4,2,"[""Factory Styles/Jazz Funk.mid"",""Factory Styles/Motown Shuffle 1.mid""]"
RHYTHM,BASS,Ending 3,8b72509718f6dc2a,4,2,"[""Factory Styles/Jazz Funk.mid"",""Factory Styles/Motown Shuffle 1.mid""]"
RHYTHM,ACC1,Fill 2,a4152e66f1a3a7d9,4,2,"[""Factory Styles/Jazz Funk.mid"",""Factory Styles/Motown Shuffle 1.mid""]"
RHYTHM,ACC1,Ending 2,581ab83f9f5adf52,4,2,"[""Factory Styles/Jazz Funk.mid"",""Factory Styles/Motown Shuffle 1.mid""]"
RHYTHM,ACC1,Ending 3,cd1aca2ada51b0bd,4,2,"[""Factory Styles/Jazz Funk.mid"",""Factory Styles/Motown Shuffle 1.mid""]"
RHYTHM,ACC2,Fill 2,277a5b8b1d8083b9,4,2,"[""Factory Styles/Jazz Funk.mid"",""Factory Styles/Motown Shuffle 1.mid""]"
RHYTHM,ACC2,Ending 2,ae2b21277852a902,4,2,"[""Factory Styles/Jazz Funk.mid"",""Factory Styles/Motown Shuffle 1.mid""]"
RHYTHM,ACC2,Ending 3,10a9344e817f96b8,4,2,"[""Factory Styles/Jazz Funk.mid"",""Factory Styles/Motown Shuffle 1.mid""]"
RHYTHM,ACC3,Fill 2,95d9bc6c868eb24e,4,2,"[""Factory Styles/Jazz Funk.mid"",""Factory Styles/Motown Shuffle 1.mid""]"
RHYTHM,ACC3,Ending 1,dd8c8ea80f3c6ac4,4,2,"[""Factory Styles/Jazz Funk.mid"",""Factory Styles/Motown Shuffle 1.mid""]"
RHYTHM,ACC3,Ending 3,4ba9688556b32e4d,4,2,"[""Factory Styles/Jazz Funk.mid"",""Factory Styles/Motown Shuffle 1.mid""]"
RHYTHM,PERC,Ending 1,1b44db378d271dbf,4,2,"[""Factory Styles/Kool Beat.mid"",""Factory Styles/Miami Disco.mid""]"
RHYTHM,PERC,Variation 2,6a7525faea1a0a80,4,2,"[""Factory Styles/Modern Ballad.mid"",""Factory Styles/Talkin' Jazz.mid""]"
RHYTHM,ACC2,Variation 1,93b5c2399bacfb08,4,2,"[""Factory Styles/Movie Ballad.mid"",""Factory Styles/Schlager 1.mid""]"
RHYTHM,ACC2,Fill 1,457436e520d592a9,4,2,"[""Factory Styles/Movie Swing.mid"",""Factory Styles/Quick Step 1.mid""]"
RHYTHM,DRUM,Variation 2,9226e8d06a586675,4,2,"[""Factory Styles/Organ Foxtrot.mid"",""Factory Styles/Unplugged Swing.mid""]"
RHYTHM,DRUM,Variation 4,2d31bb4a0bbd266f,4,2,"[""Factory Styles/Organ Foxtrot.mid"",""Factory Styles/Unplugged Swing.mid""]"
RHYTHM,ACC1,Variation 3,fe16c3dbabb93bff,4,2,"[""Factory Styles/Pop Schlager.mid"",""Factory Styles/Schlager 2.mid""]"
RHYTHM,DRUM,Ending 1,06f82bbaeb5fd146,4,2,"[""Factory Styles/Pop Shuffle 2.mid"",""Factory Styles/Pop Shuffle 3.mid""]"
RHYTHM,PERC,Ending 1,9f3f3e3b3041397f,4,2,"[""Factory Styles/Pop Shuffle 2.mid"",""Factory Styles/Pop Shuffle 3.mid""]"
RHYTHM,PERC,Ending 3,000cbcea27a82360,4,2,"[""Factory Styles/Pop Shuffle 2.mid"",""Factory Styles/Pop Shuffle 3.mid""]"
RHYTHM,BASS,Ending 1,5ea7b249fd7a5329,4,2,"[""Factory Styles/Pop Shuffle 2.mid"",""Factory Styles/Pop Shuffle 3.mid""]"
RHYTHM,ACC1,Fill 2,23e73525e277bfb2,4,2,"[""Factory Styles/Pop Shuffle 2.mid"",""Factory Styles/Pop Shuffle 3.mid""]"
RHYTHM,ACC1,Ending 1,b0e37e83997f4eae,4,2,"[""Factory Styles/Pop Shuffle 2.mid"",""Factory Styles/Pop Shuffle 3.mid""]"
RHYTHM,ACC1,Ending 3,ce9e2f1ab1aae007,4,2,"[""Factory Styles/Pop Shuffle 2.mid"",""Factory Styles/Pop Shuffle 3.mid""]"
RHYTHM,ACC2,Fill 2,7da7bc54c237f66f,4,2,"[""Factory Styles/Pop Shuffle 2.mid"",""Factory Styles/Pop Shuffle 3.mid""]"
RHYTHM,ACC2,Ending 1,f8aba86aafde8b38,4,2,"[""Factory Styles/Pop Shuffle 2.mid"",""Factory Styles/Pop Shuffle 3.mid""]"
RHYTHM,ACC2,Ending 3,71dcaa1e8d139114,4,2,"[""Factory Styles/Pop Shuffle 2.mid"",""Factory Styles/Pop Shuffle 3.mid""]"
RHYTHM,ACC3,Variation 3,ced3e80fd8da78f7,4,2,"[""Factory Styles/Pop Shuffle 2.mid"",""Factory Styles/Pop Shuffle 3.mid""]"
RHYTHM,ACC3,Fill 2,c9e97a8e3d5d63f7,4,2,"[""Factory Styles/Pop Shuffle 2.mid"",""Factory Styles/Pop Shuffle 3.mid""]"
RHYTHM,ACC3,Ending 1,1f016ffeab08753d,4,2,"[""Factory Styles/Pop Shuffle 2.mid"",""Factory Styles/Pop Shuffle 3.mid""]"
RHYTHM,ACC3,Ending 3,25c1c99b97c97d08,4,2,"[""Factory Styles/Pop Shuffle 2.mid"",""Factory Styles/Pop Shuffle 3.mid""]"
RHYTHM,ACC4,Fill 2,f26e1cae0d4e964e,4,2,"[""Factory Styles/Pop Shuffle 2.mid"",""Factory Styles/Pop Shuffle 3.mid""]"
RHYTHM,ACC4,Ending 1,6510fdc8040b592f,4,2,"[""Factory Styles/Pop Shuffle 2.mid"",""Factory Styles/Pop Shuffle 3.mid""]"
RHYTHM,ACC5,Ending 1,233635304e7c8f68,4,2,"[""Factory Styles/Pop Shuffle 2.mid"",""Factory Styles/Pop Shuffle 3.mid""]"
RHYTHM,ACC1,Variation 1,ced3e80fd8da78f7,4,2,"[""Factory Styles/Quick Step 2.mid"",""Factory Styles/Slow Band.mid""]"
RHYTHM,DRUM,Ending 1,9d0ee9f4ce6e6887,4,2,"[""Factory Styles/Real 16 Beat.mid"",""Factory Styles/Real 8 Beat.mid""]"
RHYTHM,PERC,Ending 1,102786c969cb327d,4,2,"[""Factory Styles/Real 16 Beat.mid"",""Factory Styles/Real 8 Beat.mid""]"
RHYTHM,PERC,Intro 1,93b5c2399bacfb08,4,2,"[""Factory Styles/Schlager 1.mid"",""Factory Styles/Volkst_ Schlager.mid""]"
RHYTHM,DRUM,Fill 2,32cf9692e2fbc990,4,2,"[""Factory Styles/Schlager 2.mid"",""Factory Styles/Schlager 3.mid""]"
RHYTHM,DRUM,Ending 1,d6d30b7504cf07fb,4,2,"[""Factory Styles/Schlager 2.mid"",""Factory Styles/Schlager 3.mid""]"
RHYTHM,DRUM,Ending 2,225ef476a517771f,4,2,"[""Factory Styles/Schlager 2.mid"",""Factory Styles/Schlager 3.mid""]"
RHYTHM,PERC,Ending 1,51ee6cbec1d30eb4,4,2,"[""Factory Styles/Schlager 2.mid"",""Factory Styles/Schlager 3.mid""]"
RHYTHM,PERC,Ending 2,a5704c6d6690d2d5,4,2,"[""Factory Styles/Schlager 2.mid"",""Factory Styles/Schlager 3.mid""]"
RHYTHM,BASS,Ending 1,263a864150369873,4,2,"[""Factory Styles/Schlager 2.mid"",""Factory Styles/Schlager 3.mid""]"
RHYTHM,BASS,Ending 2,0e4e631474b3696a,4,2,"[""Factory Styles/Schlager 2.mid"",""Factory Styles/Schlager 3.mid""]"
RHYTHM,ACC1,Ending 1,422fb37b42043578,4,2,"[""Factory Styles/Schlager 2.mid"",""Factory Styles/Schlager 3.mid""]"
RHYTHM,ACC1,Ending 2,c609811815e1db2c,4,2,"[""Factory Styles/Schlager 2.mid"",""Factory Styles/Schlager 3.mid""]"
RHYTHM,ACC2,Ending 1,6f933f26dd5b0a87,4,2,"[""Factory Styles/Schlager 2.mid"",""Factory Styles/Schlager 3.mid""]"
RHYTHM,ACC2,Ending 2,7c5d77dfacfc6ab5,4,2,"[""Factory Styles/Schlager 2.mid"",""Factory Styles/Schlager 3.mid""]"
RHYTHM,ACC3,Ending 1,8fe6219023f7909e,4,2,"[""Factory Styles/Schlager 2.mid"",""Factory Styles/Schlager 3.mid""]"
RHYTHM,ACC3,Ending 2,fbe5603d7d9ffd97,4,2,"[""Factory Styles/Schlager 2.mid"",""Factory Styles/Schlager 3.mid""]"
RHYTHM,ACC4,Variation 4,9f635c71e82e80df,4,2,"[""Factory Styles/Schlager 2.mid"",""Factory Styles/Tap Dance.mid""]"
RHYTHM,ACC4,Ending 1,2731abb6a2487234,4,2,"[""Factory Styles/Schlager 2.mid"",""Factory Styles/Schlager 3.mid""]"
RHYTHM,ACC4,Ending 2,11f8289e546b1c3d,4,2,"[""Factory Styles/Schlager 2.mid"",""Factory Styles/Schlager 3.mid""]"
RHYTHM,ACC5,Ending 1,ae2904e5d2e6daa7,4,2,"[""Factory Styles/Schlager 2.mid"",""Factory Styles/Schlager 3.mid""]"
RHYTHM,ACC5,Ending 2,3da5c61182785283,4,2,"[""Factory Styles/Schlager 2.mid"",""Factory Styles/Schlager 3.mid""]"
RHYTHM,DRUM,Ending 1,1354e3c208cb6709,4,2,"[""Factory Styles/Slide Blues.mid"",""Factory Styles/Unplugged Rock.mid""]"
RHYTHM,BASS,Ending 1,d93d4bb18e4ef441,4,2,"[""Factory Styles/Slide Blues.mid"",""Factory Styles/Unplugged Rock.mid""]"
RHYTHM,ACC1,Fill 2,5ba326722714b163,4,2,"[""Factory Styles/Slide Blues.mid"",""Factory Styles/Unplugged Rock.mid""]"
RHYTHM,ACC1,Ending 1,9b1540054e6b83ad,4,2,"[""Factory Styles/Slide Blues.mid"",""Factory Styles/Unplugged Rock.mid""]"
RHYTHM,ACC2,Fill 2,55ec6ddb79fa009e,4,2,"[""Factory Styles/Slide Blues.mid"",""Factory Styles/Unplugged Rock.mid""]"
RHYTHM,ACC1,Variation 1,abe69ae507a0b9ec,4,2,"[""Factory Styles/Slow Fox.mid"",""Factory Styles/Unplugged Swing.mid""]"
RHYTHM,PERC,Fill 2,410e97d4a0136d33,4,2,"[""Factory Styles/Soul.mid"",""Factory Styles/The Avalon.mid""]"
RHYTHM,DRUM,Ending 2,ae12de3fa428d41b,4,2,"[""Factory Styles/Standard 16 Beat.mid"",""Factory Styles/Standard 8 Beat.mid""]"
RHYTHM,PERC,Ending 2,cb2ee7135c67abcd,4,2,"[""Factory Styles/Standard 16 Beat.mid"",""Factory Styles/Standard 8 Beat.mid""]"
RHYTHM,BASS,Ending 2,1c0fe8b7fd4a4360,4,2,"[""Factory Styles/Standard 16 Beat.mid"",""Factory Styles/Standard 8 Beat.mid""]"
RHYTHM,ACC1,Ending 2,60414fac0fd777bc,4,2,"[""Factory Styles/Standard 16 Beat.mid"",""Factory Styles/Standard 8 Beat.mid""]"
RHYTHM,ACC2,Ending 2,ac94ebd5ae61ff8b,4,2,"[""Factory Styles/Standard 16 Beat.mid"",""Factory Styles/Standard 8 Beat.mid""]"
RHYTHM,ACC3,Ending 2,f87d81806baf9d49,4,2,"[""Factory Styles/Standard 16 Beat.mid"",""Factory Styles/Standard 8 Beat.mid""]"
RHYTHM,ACC4,Ending 2,cf580014a57cbb26,4,2,"[""Factory Styles/Standard 16 Beat.mid"",""Factory Styles/Standard 8 Beat.mid""]"
RHYTHM,ACC5,Ending 2,11819bf135b67eaf,4,2,"[""Factory Styles/Standard 16 Beat.mid"",""Factory Styles/Standard 8 Beat.mid""]"
PERFORMANCE,PERC,Variation 1,e8e9fbb8add7e41d,4,2,"[""Factory Styles/Alpen Ballade.mid"",""Factory Styles/Schlager 2.mid""]"
PERFORMANCE,ACC5,Variation 3,abab7a8149c77c22,4,2,"[""Factory Styles/Analog Beat 1.mid"",""Factory Styles/Slow HipHop.mid""]"
PERFORMANCE,ACC1,Variation 4,cab2fb13ea1ad71d,4,2,"[""Factory Styles/Black Funk.mid"",""Factory Styles/ClassicSchlager1.mid""]"
PERFORMANCE,ACC3,Variation 4,8aac0256efa23588,4,2,"[""Factory Styles/Classic Funk.mid"",""Factory Styles/Italian Mazurka2.mid""]"
PERFORMANCE,DRUM,Ending 2,860ed36ae82af93f,4,2,"[""Factory Styles/Country 16 Beat.mid"",""Factory Styles/Country 8 Beat.mid""]"
PERFORMANCE,DRUM,Ending 3,ef34e0479e5f8bcb,4,2,"[""Factory Styles/Country 16 Beat.mid"",""Factory Styles/Country 8 Beat.mid""]"
PERFORMANCE,PERC,Ending 1,3b371bedbf9c659c,4,2,"[""Factory Styles/Country 16 Beat.mid"",""Factory Styles/Country 8 Beat.mid""]"
PERFORMANCE,PERC,Ending 2,a9afbbd1d06963b0,4,2,"[""Factory Styles/Country 16 Beat.mid"",""Factory Styles/Country 8 Beat.mid""]"
PERFORMANCE,PERC,Ending 3,49d3916003396cc4,4,2,"[""Factory Styles/Country 16 Beat.mid"",""Factory Styles/Country 8 Beat.mid""]"
PERFORMANCE,BASS,Fill 2,9806327dff11cc4e,4,2,"[""Factory Styles/Country 16 Beat.mid"",""Factory Styles/Country 8 Beat.mid""]"
PERFORMANCE,BASS,Fill 1,008bedb44c21871a,4,2,"[""Factory Styles/Country Beat 1.mid"",""Factory Styles/Meditando.mid""]"
PERFORMANCE,DRUM,Ending 3,6428c93d4dfe44e7,4,2,"[""Factory Styles/Country Pop.mid"",""Factory Styles/Modern Country.mid""]"
PERFORMANCE,PERC,Ending 3,0a15e646bd738e52,4,2,"[""Factory Styles/Country Pop.mid"",""Factory Styles/Modern Country.mid""]"
PERFORMANCE,DRUM,Ending 1,c5467828c6cc356c,4,2,"[""Factory Styles/Country QuikStep.mid"",""Factory Styles/Country Strum.mid""]"
PERFORMANCE,PERC,Ending 1,d89248b9a64aecfe,4,2,"[""Factory Styles/Country QuikStep.mid"",""Factory Styles/Country Strum.mid""]"
PERFORMANCE,DRUM,Ending 1,aa3e85bc695b101a,4,2,"[""Factory Styles/Dance Motown.mid"",""Factory Styles/Love Disco.mid""]"
PERFORMANCE,PERC,Ending 1,51d93531c9b9a7f0,4,2,"[""Factory Styles/Dance Motown.mid"",""Factory Styles/Love Disco.mid""]"
PERFORMANCE,ACC5,Variation 4,008bedb44c21871a,4,2,"[""Factory Styles/Disco Gully.mid"",""Factory Styles/Funky Ballad.mid""]"
PERFORMANCE,DRUM,Fill 1,af7d4ebbbacfdfa5,4,2,"[""Factory Styles/Disco Schlager.mid"",""Factory Styles/Pop Schlager.mid""]"
PERFORMANCE,DRUM,Fill 2,1c7054915c3178bf,4,2,"[""Factory Styles/Disco Schlager.mid"",""Factory Styles/Pop Schlager.mid""]"
PERFORMANCE,DRUM,Ending 2,49b8d79146918cc0,4,2,"[""Factory Styles/Disco Schlager.mid"",""Factory Styles/Medium Schlager.mid""]"
PERFORMANCE,PERC,Fill 1,2a629bc06ca1f3d0,4,2,"[""Factory Styles/Disco Schlager.mid"",""Factory Styles/Pop Schlager.mid""]"
PERFORMANCE,PERC,Fill 2,8ac6e7b48b95a222,4,2,"[""Factory Styles/Disco Schlager.mid"",""Factory Styles/Pop Schlager.mid""]"
PERFORMANCE,PERC,Ending 1,2dbe0f38bd746c82,4,2,"[""Factory Styles/Disco Schlager.mid"",""Factory Styles/Medium Schlager.mid""]"
PERFORMANCE,PERC,Ending 2,388b39d9c5f824f6,4,2,"[""Factory Styles/Disco Schlager.mid"",""Factory Styles/Medium Schlager.mid""]"
PERFORMANCE,ACC2,Ending 2,351cc19aa5248808,4,2,"[""Factory Styles/Disco Schlager.mid"",""Factory Styles/Medium Schlager.mid""]"
PERFORMANCE,ACC3,Fill 1,7a1899becfa94bb8,4,2,"[""Factory Styles/Disco Schlager.mid"",""Factory Styles/Pop Schlager.mid""]"
PERFORMANCE,ACC5,Ending 2,47095e614e21d0ef,4,2,"[""Factory Styles/Disco Schlager.mid"",""Factory Styles/Medium Schlager.mid""]"
PERFORMANCE,DRUM,Ending 1,b48a6932fbc8fe48,4,2,"[""Factory Styles/Fast Big Band 1.mid"",""Factory Styles/Medium BigBand2.mid""]"
PERFORMANCE,PERC,Ending 1,40198424741e2fdf,4,2,"[""Factory Styles/Fast Big Band 2.mid"",""Factory Styles/Serenade Band.mid""]"
PERFORMANCE,PERC,Variation 1,e6dcfc71cf19a7eb,4,2,"[""Factory Styles/Folk Ballad 2.mid"",""Factory Styles/UnpluggedBallad2.mid""]"
PERFORMANCE,PERC,Fill 1,302a3178a561e254,4,2,"[""Factory Styles/German Waltz 1.mid"",""Factory Styles/Oberkr_ Waltz 1.mid""]"
PERFORMANCE,PERC,Fill 2,302a3178a561e254,4,2,"[""Factory Styles/German Waltz 1.mid"",""Factory Styles/Oberkr_ Waltz 1.mid""]"
PERFORMANCE,ACC5,Variation 4,0327aa7782606421,4,2,"[""Factory Styles/German Waltz 1.mid"",""Factory Styles/German Waltz 2.mid""]"
PERFORMANCE,ACC1,Fill 1,e4b6a862623d658e,4,2,"[""Factory Styles/German Waltz 2.mid"",""Factory Styles/Oberkr_ Waltz 1.mid""]"
PERFORMANCE,ACC1,Variation 3,a9264d47b6f163ea,4,2,"[""Factory Styles/German Waltz 2.mid"",""Factory Styles/Oberkr_ Waltz 1.mid""]"
PERFORMANCE,ACC2,Variation 1,2e50aa0b22d2b42e,4,2,"[""Factory Styles/German Waltz 2.mid"",""Factory Styles/Oberkr_ Waltz 1.mid""]"
PERFORMANCE,ACC2,Variation 3,aedd3b15a9692bb4,4,2,"[""Factory Styles/German Waltz 2.mid"",""Factory Styles/Oberkr_ Waltz 1.mid""]"
PERFORMANCE,ACC3,Intro 1,2a0799ede34791eb,4,2,"[""Factory Styles/Groove It Up.mid"",""Factory Styles/Pop Shuffle 3.mid""]"
PERFORMANCE,DRUM,Fill 2,56c88aa2182db7bd,4,2,"[""Factory Styles/Jazz Funk.mid"",""Factory Styles/Motown Shuffle 1.mid""]"
PERFORMANCE,DRUM,Ending 2,71d0a4b17f787681,4,2,"[""Factory Styles/Jazz Funk.mid"",""Factory Styles/Motown Shuffle 1.mid""]"
PERFORMANCE,PERC,Fill 2,82a8e8249c025ed1,4,2,"[""Factory Styles/Jazz Funk.mid"",""Factory Styles/Motown Shuffle 1.mid""]"
PERFORMANCE,PERC,Ending 2,77bb22fcdae09ead,4,2,"[""Factory Styles/Jazz Funk.mid"",""Factory Styles/Motown Shuffle 1.mid""]"
PERFORMANCE,PERC,Ending 3,e4247fbff30a6d6f,4,2,"[""Factory Styles/Jazz Funk.mid"",""Factory Styles/Motown Shuffle 1.mid""]"
PERFORMANCE,ACC1,Fill 2,2f96932c1e510e72,4,2,"[""Factory Styles/Jazz Funk.mid"",""Factory Styles/Motown Shuffle 1.mid""]"
PERFORMANCE,ACC1,Variation 2,5a86d1fcfa2cff40,4,2,"[""Factory Styles/Jazzy PopFunk.mid"",""Factory Styles/Kool Funk.mid""]"
PERFORMANCE,ACC3,Variation 4,cf40a5513b7006af,4,2,"[""Factory Styles/Karma.mid"",""Factory Styles/Slow 6_8.mid""]"
PERFORMANCE,ACC1,Variation 1,2f485c69bcc649c6,4,2,"[""Factory Styles/Kool Funk.mid"",""Factory Styles/Smooth Jazz.mid""]"
PERFORMANCE,DRUM,Ending 1,3e5ba4f63c886f33,4,2,"[""Factory Styles/Pop Shuffle 2.mid"",""Factory Styles/Pop Shuffle 3.mid""]"
PERFORMANCE,PERC,Fill 2,9f8bfcf209950558,4,2,"[""Factory Styles/Pop Shuffle 2.mid"",""Factory Styles/Pop Shuffle 3.mid""]"
PERFORMANCE,PERC,Ending 1,2d5a36c544e59362,4,2,"[""Factory Styles/Pop Shuffle 2.mid"",""Factory Styles/Pop Shuffle 3.mid""]"
PERFORMANCE,PERC,Ending 3,9f8bfcf209950558,4,2,"[""Factory Styles/Pop Shuffle 2.mid"",""Factory Styles/Pop Shuffle 3.mid""]"
PERFORMANCE,DRUM,Ending 1,0c1433703309c532,4,2,"[""Factory Styles/Real 16 Beat.mid"",""Factory Styles/Real 8 Beat.mid""]"
PERFORMANCE,PERC,Ending 1,89c781727f34543f,4,2,"[""Factory Styles/Real 16 Beat.mid"",""Factory Styles/Real 8 Beat.mid""]"
PERFORMANCE,DRUM,Fill 2,c151d907d455c99e,4,2,"[""Factory Styles/Schlager 2.mid"",""Factory Styles/Schlager 3.mid""]"
PERFORMANCE,DRUM,Break,579831869355613f,4,2,"[""Factory Styles/Schlager 2.mid"",""Factory Styles/Schlager 3.mid""]"
PERFORMANCE,DRUM,Ending 1,1dca4c409c721528,4,2,"[""Factory Styles/Schlager 2.mid"",""Factory Styles/Schlager 3.mid""]"
PERFORMANCE,DRUM,Ending 2,a067a4de91c75ed8,4,2,"[""Factory Styles/Schlager 2.mid"",""Factory Styles/Schlager 3.mid""]"
PERFORMANCE,PERC,Fill 2,42da25e1d34a1d42,4,2,"[""Factory Styles/Schlager 2.mid"",""Factory Styles/Schlager 3.mid""]"
PERFORMANCE,PERC,Ending 1,c82df77857e8917c,4,2,"[""Factory Styles/Schlager 2.mid"",""Factory Styles/Schlager 3.mid""]"
PERFORMANCE,PERC,Ending 2,fa676380bd3fb628,4,2,"[""Factory Styles/Schlager 2.mid"",""Factory Styles/Schlager 3.mid""]"
PERFORMANCE,BASS,Ending 1,208eacead615ee02,4,2,"[""Factory Styles/Schlager 2.mid"",""Factory Styles/Schlager 3.mid""]"
PERFORMANCE,ACC1,Ending 1,6d081c99363d457d,4,2,"[""Factory Styles/Schlager 2.mid"",""Factory Styles/Schlager 3.mid""]"
PERFORMANCE,ACC1,Ending 2,d7174ccd643eba76,4,2,"[""Factory Styles/Schlager 2.mid"",""Factory Styles/Schlager 3.mid""]"
PERFORMANCE,ACC3,Ending 1,c0d6b4869f919055,4,2,"[""Factory Styles/Schlager 2.mid"",""Factory Styles/Schlager 3.mid""]"
PERFORMANCE,ACC3,Ending 2,363c07403f458f4e,4,2,"[""Factory Styles/Schlager 2.mid"",""Factory Styles/Schlager 3.mid""]"
PERFORMANCE,ACC4,Ending 1,16eae1b62efd33a9,4,2,"[""Factory Styles/Schlager 2.mid"",""Factory Styles/Schlager 3.mid""]"
PERFORMANCE,DRUM,Ending 1,263f017964c3d47a,4,2,"[""Factory Styles/Slide Blues.mid"",""Factory Styles/Unplugged Rock.mid""]"
PERFORMANCE,ACC1,Fill 2,8c0445997748a1de,4,2,"[""Factory Styles/Slide Blues.mid"",""Factory Styles/Unplugged Rock.mid""]"
PERFORMANCE,DRUM,Ending 2,485cff2bda1e3053,4,2,"[""Factory Styles/Standard 16 Beat.mid"",""Factory Styles/Standard 8 Beat.mid""]"
PERFORMANCE,PERC,Ending 2,9ffb774c1813d726,4,2,"[""Factory Styles/Standard 16 Beat.mid"",""Factory Styles/Standard 8 Beat.mid""]"
RHYTHM,ACC3,Fill 1,a9e0803975080f5c,3,2,"[""Factory Styles/60's Dance.mid"",""Factory Styles/Bar Country.mid""]"
RHYTHM,BASS,Variation 1,93b5c2399bacfb08,3,2,"[""Factory Styles/70's Disco 1.mid"",""Factory Styles/Dance Schlager.mid""]"
RHYTHM,BASS,Variation 2,93b5c2399bacfb08,3,2,"[""Factory Styles/70's Disco 1.mid"",""Factory Styles/Dance Schlager.mid""]"
RHYTHM,DRUM,Fill 1,9b8fc5c835ae93d9,3,2,"[""Factory Styles/8 Beat Analog 1.mid"",""Factory Styles/Schlager 1.mid""]"
RHYTHM,ACC5,Variation 4,1b44db378d271dbf,3,2,"[""Factory Styles/Acoustic Bld_3_4.mid"",""Factory Styles/Classic Funk.mid""]"
RHYTHM,BASS,Variation 1,d1c8065c81c04bc0,3,2,"[""Factory Styles/Acoustic Bld_3_4.mid"",""Factory Styles/Hollywood 2.mid""]"
RHYTHM,ACC3,Break,19e2901592136a4a,3,2,"[""Factory Styles/Al Funk.mid"",""Factory Styles/Western Movie.mid""]"
RHYTHM,ACC1,Fill 1,e77b4151451d09d8,3,2,"[""Factory Styles/Alpen Ballade.mid"",""Factory Styles/Gospel Swing.mid""]"
RHYTHM,PERC,Variation 3,d9d199a69210a403,3,2,"[""Factory Styles/Analog Ballad 1.mid"",""Factory Styles/Schlager 4.mid""]"
RHYTHM,DRUM,Intro 2,295ab2fd02be5343,3,2,"[""Factory Styles/Analog Beat 1.mid"",""Factory Styles/Pop Ballad.mid""]"
RHYTHM,PERC,Variation 2,053a2edbcccee563,3,2,"[""Factory Styles/Analog Beat 1.mid"",""Factory Styles/Classic Funk.mid""]"
RHYTHM,ACC1,Fill 2,b37583dc71b8c2b2,3,2,"[""Factory Styles/Argentina Tango.mid"",""Factory Styles/Fox Schlager.mid""]"
RHYTHM,ACC1,Fill 1,653d112d74dc6c37,3,2,"[""Factory Styles/Army Band.mid"",""Factory Styles/Color Ballad.mid""]"
RHYTHM,ACC2,Fill 2,b37583dc71b8c2b2,3,2,"[""Factory Styles/Army Band.mid"",""Factory Styles/Fox Schlager.mid""]"
RHYTHM,ACC3,Intro 1,6743a33b8df5829c,3,2,"[""Factory Styles/Bavarian Pop.mid"",""Factory Styles/Pop Shuffle 1.mid""]"
RHYTHM,BASS,Break,2c1eb8261cf26959,3,2,"[""Factory Styles/Bigger Band.mid"",""Factory Styles/Fast Big Band 1.mid""]"
RHYTHM,PERC,Variation 4,e160668c3de15472,3,2,"[""Factory Styles/Black Funk.mid"",""Factory Styles/Guitar Pop.mid""]"
RHYTHM,DRUM,Ending 3,8dfaf098fb970e53,3,2,"[""Factory Styles/Bluegrass.mid"",""Factory Styles/German Polka.mid""]"
RHYTHM,BASS,Ending 2,52f09836fb5dc9fc,3,2,"[""Factory Styles/Bluegrass.mid"",""Factory Styles/Hollywood 2.mid""]"
RHYTHM,ACC5,Fill 1,692031560615db20,3,2,"[""Factory Styles/Bluegrass.mid"",""Factory Styles/House Garage.mid""]"
RHYTHM,DRUM,Fill 1,e57fc0974f91ec0b,3,2,"[""Factory Styles/Blues Ballad.mid"",""Factory Styles/Disco Gully.mid""]"
RHYTHM,PERC,Variation 1,99127d32688ff238,3,2,"[""Factory Styles/Blues Ballad.mid"",""Factory Styles/Organ Evergreens.mid""]"
RHYTHM,PERC,Fill 1,021d235bc56e9818,3,2,"[""Factory Styles/Blues Ballad.mid"",""Factory Styles/Fox Shuffle 1.mid""]"
RHYTHM,DRUM,Intro 2,cc4f7144a108476a,3,2,"[""Factory Styles/Blues.mid"",""Factory Styles/Disco Gully.mid""]"
RHYTHM,PERC,Fill 1,cba2fdf5c5772adc,3,2,"[""Factory Styles/British Pop.mid"",""Factory Styles/Groove It Up.mid""]"
RHYTHM,BASS,Intro 2,6274b18da8d6546e,3,2,"[""Factory Styles/British Pop.mid"",""Factory Styles/Country Ballad 1.mid""]"
RHYTHM,ACC3,Fill 1,653d112d74dc6c37,3,2,"[""Factory Styles/Broadway.mid"",""Factory Styles/Motown Shuffle 2.mid""]"
RHYTHM,BASS,Variation 4,fedc25cd3ee9190e,3,2,"[""Factory Styles/Caribbean.mid"",""Factory Styles/Disco Schlager.mid""]"
RHYTHM,BASS,Variation 1,d82eb07f8f0b3691,3,2,"[""Factory Styles/Classic Beat.mid"",""Factory Styles/Easy Beat 1.mid""]"
RHYTHM,DRUM,Variation 4,f0486667f0d899de,3,2,"[""Factory Styles/ClassicSchlager1.mid"",""Factory Styles/Pop Chart 2.mid""]"
RHYTHM,ACC1,Fill 1,b37583dc71b8c2b2,3,2,"[""Factory Styles/ClassicSchlager1.mid"",""Factory Styles/Hip Hindi Hop.mid""]"
RHYTHM,ACC4,Fill 2,0e72a4788c62d97d,3,2,"[""Factory Styles/ClassicSchlager2.mid"",""Factory Styles/Slow Pop 6_8.mid""]"
RHYTHM,ACC1,Break,54015302c3c0b258,3,2,"[""Factory Styles/Color Ballad.mid"",""Factory Styles/Take Beat.mid""]"
RHYTHM,ACC2,Fill 1,9e34d20914f008da,3,2,"[""Factory Styles/Color Ballad.mid"",""Factory Styles/Slow & Jazzy.mid""]"
RHYTHM,ACC2,Fill 2,54015302c3c0b258,3,2,"[""Factory Styles/Color Ballad.mid"",""Factory Styles/Unplugged Slow.mid""]"
RHYTHM,BASS,Ending 3,fae316fc1428ada9,3,2,"[""Factory Styles/Country 3_4.mid"",""Factory Styles/French Waltz.mid""]"
RHYTHM,ACC3,Variation 3,d28cfcf57f4956da,3,2,"[""Factory Styles/Country 8 Beat.mid"",""Factory Styles/Soca Dance.mid""]"
RHYTHM,BASS,Fill 1,5b62c3e79d097c9a,3,2,"[""Factory Styles/Country Ballad 1.mid"",""Factory Styles/Motown Shuffle 2.mid""]"
RHYTHM,ACC2,Variation 3,1b44db378d271dbf,3,2,"[""Factory Styles/Country Ballad 1.mid"",""Factory Styles/Philly Disco.mid""]"
RHYTHM,ACC2,Variation 4,1b44db378d271dbf,3,2,"[""Factory Styles/Country Ballad 1.mid"",""Factory Styles/Philly Disco.mid""]"
RHYTHM,ACC3,Variation 4,209a92e28766ba0f,3,2,"[""Factory Styles/Country Ballad 1.mid"",""Factory Styles/Groove.mid""]"
RHYTHM,ACC3,Ending 1,cba2fdf5c5772adc,3,2,"[""Factory Styles/Country Ballad 1.mid"",""Factory Styles/Country Ballad 2.mid""]"
RHYTHM,ACC3,Fill 1,ea026ee5c50d7a3c,3,2,"[""Factory Styles/Country Beat 1.mid"",""Factory Styles/Italian Tango 2.mid""]"
RHYTHM,ACC2,Fill 1,ab575b1c3401fa68,3,2,"[""Factory Styles/Country Boogie.mid"",""Factory Styles/Rock Schlager.mid""]"
RHYTHM,ACC2,Fill 1,c19637d579edc933,3,2,"[""Factory Styles/Country QuikStep.mid"",""Factory Styles/Hully Gully.mid""]"
RHYTHM,ACC1,Intro 2,295ab2fd02be5343,3,2,"[""Factory Styles/Country Schlager.mid"",""Factory Styles/Medium Schlager.mid""]"
RHYTHM,BASS,Ending 1,d88a7368386ca805,3,2,"[""Factory Styles/CountryShuffle 2.mid"",""Factory Styles/Irish Fox.mid""]"
RHYTHM,ACC2,Fill 1,5075e2d0ec32e8db,3,2,"[""Factory Styles/CountryShuffle 2.mid"",""Factory Styles/SchlagerShuffle1.mid""]"
RHYTHM,DRUM,Ending 1,aeca57af9332e6c2,3,2,"[""Factory Styles/Dance Mix.mid"",""Factory Styles/Disco Latin.mid""]"
RHYTHM,PERC,Ending 1,57ba1724fafeb6ae,3,2,"[""Factory Styles/Dance Mix.mid"",""Factory Styles/Disco Latin.mid""]"
RHYTHM,DRUM,Variation 4,f4de0f61ed63523d,3,2,"[""Factory Styles/Dance Schlager.mid"",""Factory Styles/Oriental Dance.mid""]"
RHYTHM,DRUM,Variation 2,cc4f7144a108476a,3,2,"[""Factory Styles/Disco Gully.mid"",""Factory Styles/Pop 12_8.mid""]"
RHYTHM,ACC1,Fill 1,5ba326722714b163,3,2,"[""Factory Styles/Disco Gully.mid"",""Factory Styles/Slide Blues.mid""]"
RHYTHM,DRUM,Break,3a2c8487c0de19a6,3,2,"[""Factory Styles/Disco Schlager.mid"",""Factory Styles/Pop Schlager.mid""]"
RHYTHM,PERC,Intro 3,cbbb233e1293faca,3,2,"[""Factory Styles/Disco Schlager.mid"",""Factory Styles/Standard 16 Beat.mid""]"
RHYTHM,BASS,Intro 2,54b357a8d20990cf,3,2,"[""Factory Styles/Disco Schlager.mid"",""Factory Styles/Organ Evergreens.mid""]"
RHYTHM,ACC4,Variation 1,fe16c3dbabb93bff,3,2,"[""Factory Styles/Disco Schlager.mid"",""Factory Styles/Volkst_ Schlager.mid""]"
RHYTHM,ACC4,Variation 2,fe16c3dbabb93bff,3,2,"[""Factory Styles/Disco Schlager.mid"",""Factory Styles/Volkst_ Schlager.mid""]"
RHYTHM,DRUM,Fill 1,5adbd8642abaedb3,3,2,"[""Factory Styles/Easy Beat 2.mid"",""Factory Styles/Rock Ballad 2.mid""]"
RHYTHM,PERC,Intro 2,4506c305571a3fb8,3,2,"[""Factory Styles/Easy Listening.mid"",""Factory Styles/Standard 8 Beat.mid""]"
RHYTHM,ACC4,Fill 1,2c1eb8261cf26959,3,2,"[""Factory Styles/Easy Listening.mid"",""Factory Styles/Fox Shuffle 2.mid""]"
RHYTHM,ACC4,Fill 2,2c1eb8261cf26959,3,2,"[""Factory Styles/Easy Listening.mid"",""Factory Styles/Fox Shuffle 2.mid""]"
RHYTHM,BASS,Fill 1,453c2c5f79b9af51,3,2,"[""Factory Styles/Fast Pop.mid"",""Factory Styles/Half Beat.mid""]"
RHYTHM,DRUM,Fill 2,5adbd8642abaedb3,3,2,"[""Factory Styles/Folk Ballad 1.mid"",""Factory Styles/Unplugged 8 Bt.mid""]"
RHYTHM,BASS,Fill 2,e15a3ee6c856008c,3,2,"[""Factory Styles/Folk Ballad 1.mid"",""Factory Styles/Folk Ballad 2.mid""]"
RHYTHM,ACC1,Break,19e2901592136a4a,3,2,"[""Factory Styles/Folk Ballad 2.mid"",""Factory Styles/Unplugged Gtr 2.mid""]"
RHYTHM,BASS,Variation 1,cd9b639ffa0e0608,3,2,"[""Factory Styles/French Waltz.mid"",""Factory Styles/Irish Waltz.mid""]"
RHYTHM,BASS,Ending 1,c995c688064c6d23,3,2,"[""Factory Styles/French Waltz.mid"",""Factory Styles/Musette Waltz.mid""]"
RHYTHM,ACC2,Fill 1,eff7f5b5b7138bb4,3,2,"[""Factory Styles/French Waltz.mid"",""Factory Styles/Italian Waltz.mid""]"
RHYTHM,ACC2,Fill 2,eff7f5b5b7138bb4,3,2,"[""Factory Styles/French Waltz.mid"",""Factory Styles/Italian Waltz.mid""]"
RHYTHM,ACC3,Ending 1,0b52fabec2a85313,3,2,"[""Factory Styles/French Waltz.mid"",""Factory Styles/Musette Waltz.mid""]"
RHYTHM,ACC4,Variation 4,7a0ae22ad226b867,3,2,"[""Factory Styles/French Waltz.mid"",""Factory Styles/Italian Waltz.mid""]"
RHYTHM,BASS,Variation 1,570ea8b7c63d508d,3,2,"[""Factory Styles/Funky Ballad.mid"",""Factory Styles/Philly Disco.mid""]"
RHYTHM,ACC2,Fill 2,5a329b7caf7ae269,3,2,"[""Factory Styles/Funky Ballad.mid"",""Factory Styles/Modern Gospel 1.mid""]"
RHYTHM,DRUM,Fill 1,f930bf0de96d894b,3,2,"[""Factory Styles/German Polka.mid"",""Factory Styles/Unplugged Latin.mid""]"
RHYTHM,ACC1,Variation 3,b041613d5691fc6c,3,2,"[""Factory Styles/German Waltz 2.mid"",""Factory Styles/Oberkr_ Waltz 2.mid""]"
RHYTHM,PERC,Fill 1,ea026ee5c50d7a3c,3,2,"[""Factory Styles/Gospel Shuffle.mid"",""Factory Styles/Samba Medley.mid""]"
RHYTHM,DRUM,Variation 4,b6e8ac9db06318c1,3,2,"[""Factory Styles/Gospel Swing.mid"",""Factory Styles/Pop Shuffle 2.mid""]"
RHYTHM,DRUM,Variation 2,abe69ae507a0b9ec,3,2,"[""Factory Styles/Groove Ballad.mid"",""Factory Styles/Hip Hindi Hop.mid""]"
RHYTHM,DRUM,Variation 2,22112baeee492959,3,2,"[""Factory Styles/Groove Funk.mid"",""Factory Styles/Swing HipHop.mid""]"
RHYTHM,DRUM,Variation 3,22112baeee492959,3,2,"[""Factory Styles/Groove Funk.mid"",""Factory Styles/Swing HipHop.mid""]"
RHYTHM,ACC4,Fill 2,cbbb233e1293faca,3,2,"[""Factory Styles/Groove It Up.mid"",""Factory Styles/Kool Beat.mid""]"
RHYTHM,ACC3,Variation 3,209a92e28766ba0f,3,2,"[""Factory Styles/Groove.mid"",""Factory Styles/Miami Disco.mid""]"
RHYTHM,ACC3,Ending 1,209a92e28766ba0f,3,2,"[""Factory Styles/Groove.mid"",""Factory Styles/Modern Ballad.mid""]"
RHYTHM,PERC,Ending 2,d3267a0d73460b13,3,2,"[""Factory Styles/Guitar Beat.mid"",""Factory Styles/Pop Funk.mid""]"
RHYTHM,DRUM,Fill 1,f20ad826404aa581,3,2,"[""Factory Styles/Half Beat.mid"",""Factory Styles/Rock Schlager.mid""]"
RHYTHM,DRUM,Variation 1,abe69ae507a0b9ec,3,2,"[""Factory Styles/Hip Hindi Hop.mid"",""Factory Styles/Techno.mid""]"
RHYTHM,ACC3,Intro 2,1e7588a7117d1611,3,2,"[""Factory Styles/HipHop Funk.mid"",""Factory Styles/Oriental Ballad.mid""]"
RHYTHM,PERC,Intro 2,4ac63021a71e0b61,3,2,"[""Factory Styles/Hollywood 2.mid"",""Factory Styles/Unplugged Slow.mid""]"
RHYTHM,BASS,Intro 2,d1c8065c81c04bc0,3,2,"[""Factory Styles/Hollywood 2.mid"",""Factory Styles/Samba Medley.mid""]"
RHYTHM,ACC2,Variation 1,1e7588a7117d1611,3,2,"[""Factory Styles/Hully Gully.mid"",""Factory Styles/Techno.mid""]"
RHYTHM,BASS,Variation 2,22f20453dc4bf94c,3,2,"[""Factory Styles/Irish Waltz.mid"",""Factory Styles/Musette Waltz.mid""]"
RHYTHM,ACC4,Variation 4,022248b0d5042b90,3,2,"[""Factory Styles/Irish Waltz.mid"",""Factory Styles/Italian Mazurka2.mid""]"
RHYTHM,PERC,Fill 2,e62b948e16bdd69d,3,2,"[""Factory Styles/Italian Mazurka2.mid"",""Factory Styles/Slow Waltz 2.mid""]"
RHYTHM,BASS,Fill 1,4df203b4ea84825b,3,2,"[""Factory Styles/Italian Polka 1.mid"",""Factory Styles/Italian Polka 2.mid""]"
RHYTHM,BASS,Ending 1,0692086ab0d96dd5,3,2,"[""Factory Styles/Italian Polka 1.mid"",""Factory Styles/Italian Polka 2.mid""]"
RHYTHM,ACC4,Fill 1,d36ffd17118e16aa,3,2,"[""Factory Styles/Italian Polka 1.mid"",""Factory Styles/Italian Polka 2.mid""]"
RHYTHM,ACC4,Fill 2,d36ffd17118e16aa,3,2,"[""Factory Styles/Italian Polka 1.mid"",""Factory Styles/Italian Polka 2.mid""]"
RHYTHM,DRUM,Fill 2,fbe8d3e45b25f5d4,3,2,"[""Factory Styles/Italian Polka 2.mid"",""Factory Styles/Oberkr_ Polka 2.mid""]"
RHYTHM,DRUM,Fill 1,ce73669ee6de1d85,3,2,"[""Factory Styles/Italian Tango 1.mid"",""Factory Styles/Pop Ballad.mid""]"
RHYTHM,PERC,Variation 1,abe69ae507a0b9ec,3,2,"[""Factory Styles/Jazzy PopFunk.mid"",""Factory Styles/Philly Disco.mid""]"
RHYTHM,DRUM,Fill 2,db52808de44dc7f7,3,2,"[""Factory Styles/Love Disco.mid"",""Factory Styles/Modern Gospel 1.mid""]"
RHYTHM,PERC,Intro 1,b2008f5bc953f992,3,2,"[""Factory Styles/Love Disco.mid"",""Factory Styles/Miami Disco.mid""]"
RHYTHM,ACC1,Fill 2,3d5a497784e5c7d0,3,2,"[""Factory Styles/Medium BigBand1.mid"",""Factory Styles/Medium BigBand2.mid""]"
RHYTHM,DRUM,Variation 3,d37b7beddb14984f,3,2,"[""Factory Styles/Medium Schlager.mid"",""Factory Styles/Schlager Rhumba.mid""]"
RHYTHM,DRUM,Variation 4,d37b7beddb14984f,3,2,"[""Factory Styles/Medium Schlager.mid"",""Factory Styles/Schlager Rhumba.mid""]"
RHYTHM,PERC,Variation 4,d37b7beddb14984f,3,2,"[""Factory Styles/Medium Schlager.mid"",""Factory Styles/Schlager Rhumba.mid""]"
RHYTHM,PERC,Fill 2,12a3fc46515c6528,3,2,"[""Factory Styles/Medium Schlager.mid"",""Factory Styles/Unplugged Latin.mid""]"
RHYTHM,ACC3,Fill 1,80dd7d07626917e4,3,2,"[""Factory Styles/Motown Shuffle 2.mid"",""Factory Styles/Pop Shuffle 3.mid""]"
RHYTHM,ACC1,Fill 1,5b62c3e79d097c9a,3,2,"[""Factory Styles/Motown Shuffle 2.mid"",""Factory Styles/Show Time.mid""]"
RHYTHM,BASS,Break,9c2db94f2076782f,3,2,"[""Factory Styles/Movie Swing.mid"",""Factory Styles/Quick Step 2.mid""]"
RHYTHM,ACC2,Variation 3,e9865b564f64dda5,3,2,"[""Factory Styles/Musette Waltz.mid"",""Factory Styles/Vienna Waltz.mid""]"
RHYTHM,ACC2,Variation 4,e9865b564f64dda5,3,2,"[""Factory Styles/Musette Waltz.mid"",""Factory Styles/Vienna Waltz.mid""]"
RHYTHM,DRUM,Variation 3,97ee3e04f679563d,3,2,"[""Factory Styles/Oberkr_ Polka 1.mid"",""Factory Styles/Polka Pop.mid""]"
RHYTHM,DRUM,Variation 4,97ee3e04f679563d,3,2,"[""Factory Styles/Oberkr_ Polka 1.mid"",""Factory Styles/Polka Pop.mid""]"
RHYTHM,ACC2,Fill 2,e62b948e16bdd69d,3,2,"[""Factory Styles/Oberkr_ Waltz 2.mid"",""Factory Styles/Slow Waltz 2.mid""]"
RHYTHM,BASS,Break,e646b9f03f7f8e10,3,2,"[""Factory Styles/Organ Ballad.mid"",""Factory Styles/Pop Funk 2.mid""]"
RHYTHM,ACC2,Variation 2,3cb7657ee1f2095f,3,2,"[""Factory Styles/Organ Ballad.mid"",""Factory Styles/Soft 8 Beat.mid""]"
RHYTHM,ACC3,Intro 2,fbe5603d7d9ffd97,3,2,"[""Factory Styles/Organ Evergreens.mid"",""Factory Styles/Schlager 2.mid""]"
RHYTHM,DRUM,Fill 2,42f2547dd020b14a,3,2,"[""Factory Styles/Party Polka.mid"",""Factory Styles/Western Movie.mid""]"
RHYTHM,ACC5,Break,6a8c4430fcf8b414,3,2,"[""Factory Styles/Philly Disco.mid"",""Factory Styles/Unplugged Slow.mid""]"
RHYTHM,PERC,Fill 1,8ad4f377623f0743,3,2,"[""Factory Styles/Pop Groove.mid"",""Factory Styles/The Avalon.mid""]"
RHYTHM,ACC1,Fill 2,25a4d185a47ebcce,3,2,"[""Factory Styles/Rhythm & Blues.mid"",""Factory Styles/Unplugged.mid""]"
RHYTHM,BASS,Break,dc943f12b5f4151e,3,2,"[""Factory Styles/Rock Schlager.mid"",""Factory Styles/Slow Latin Pop.mid""]"
RHYTHM,PERC,Fill 1,6a8c4430fcf8b414,3,2,"[""Factory Styles/Slow HipHop.mid"",""Factory Styles/Unplugged Slow.mid""]"
RHYTHM,ACC1,Variation 2,c240df0209eab94a,3,2,"[""Factory Styles/Slow HipHop.mid"",""Factory Styles/UnpluggedBallad3.mid""]"
RHYTHM,BASS,Break,14cb00f872b378b0,3,2,"[""Factory Styles/Slow Waltz 1.mid"",""Factory Styles/Waltz Ballad.mid""]"
RHYTHM,ACC1,Fill 1,e62b948e16bdd69d,3,2,"[""Factory Styles/Slow Waltz 1.mid"",""Factory Styles/Vienna Waltz.mid""]"
RHYTHM,DRUM,Ending 1,89059abf6fc68630,3,2,"[""Factory Styles/Standard 16 Beat.mid"",""Factory Styles/Standard 8 Beat.mid""]"
RHYTHM,PERC,Ending 1,42606b713dda2407,3,2,"[""Factory Styles/Standard 16 Beat.mid"",""Factory Styles/Standard 8 Beat.mid""]"
PERFORMANCE,ACC2,Fill 1,827cbe89d728ef3e,3,2,"[""Factory Styles/8 Beat Analog 1.mid"",""Factory Styles/Fox Schlager.mid""]"
PERFORMANCE,ACC2,Fill 1,821e4a1733acac33,3,2,"[""Factory Styles/Analog Ballad 2.mid"",""Factory Styles/Easy Listening.mid""]"
PERFORMANCE,ACC2,Fill 2,821e4a1733acac33,3,2,"[""Factory Styles/Analog Ballad 2.mid"",""Factory Styles/Medium Schlager.mid""]"
PERFORMANCE,ACC5,Variation 3,fcc64df40ac60bc6,3,2,"[""Factory Styles/Analog Beat 2.mid"",""Factory Styles/Fox Shuffle 1.mid""]"
PERFORMANCE,ACC1,Variation 2,ccb3d17431b59ce2,3,2,"[""Factory Styles/British Pop.mid"",""Factory Styles/Unplugged 16 Bt.mid""]"
PERFORMANCE,ACC3,Fill 2,821e4a1733acac33,3,2,"[""Factory Styles/ClassicSchlager2.mid"",""Factory Styles/Pop 6_8.mid""]"
PERFORMANCE,ACC4,Fill 2,821e4a1733acac33,3,2,"[""Factory Styles/ClassicSchlager2.mid"",""Factory Styles/Easy Beat 1.mid""]"
PERFORMANCE,ACC3,Variation 1,827cbe89d728ef3e,3,2,"[""Factory Styles/Color Ballad.mid"",""Factory Styles/Folk Beat.mid""]"
PERFORMANCE,ACC3,Fill 2,827cbe89d728ef3e,3,2,"[""Factory Styles/Color Ballad.mid"",""Factory Styles/Pop Shuffle 1.mid""]"
PERFORMANCE,ACC5,Variation 3,008bedb44c21871a,3,2,"[""Factory Styles/Country 8 Beat.mid"",""Factory Styles/Disco Gully.mid""]"
PERFORMANCE,ACC3,Fill 1,fcc64df40ac60bc6,3,2,"[""Factory Styles/Country Schlager.mid"",""Factory Styles/Schlager 1.mid""]"
PERFORMANCE,ACC5,Variation 3,827cbe89d728ef3e,3,2,"[""Factory Styles/Dance Fever.mid"",""Factory Styles/Fox Shuffle 2.mid""]"
PERFORMANCE,DRUM,Ending 1,06ad5e04c6949cce,3,2,"[""Factory Styles/Dance Mix.mid"",""Factory Styles/Disco Latin.mid""]"
PERFORMANCE,PERC,Ending 1,35c8fdc69faafb7a,3,2,"[""Factory Styles/Dance Mix.mid"",""Factory Styles/Disco Latin.mid""]"
PERFORMANCE,ACC2,Variation 3,cf40a5513b7006af,3,2,"[""Factory Styles/Disco Latin.mid"",""Factory Styles/House Garage.mid""]"
PERFORMANCE,DRUM,Break,786166d658a85b61,3,2,"[""Factory Styles/Disco Schlager.mid"",""Factory Styles/Pop Schlager.mid""]"
PERFORMANCE,ACC4,Fill 2,b079cd60f97a92cc,3,2,"[""Factory Styles/Fashion Funk.mid"",""Factory Styles/House Garage.mid""]"
PERFORMANCE,BASS,Variation 3,6a498b0c7a6afbd4,3,2,"[""Factory Styles/Folk Ballad 1.mid"",""Factory Styles/Folk Ballad 2.mid""]"
PERFORMANCE,ACC2,Variation 4,008bedb44c21871a,3,2,"[""Factory Styles/Fox Shuffle 2.mid"",""Factory Styles/Gospel.mid""]"
PERFORMANCE,BASS,Variation 3,e88dba0217dcb4a2,3,2,"[""Factory Styles/German Waltz 1.mid"",""Factory Styles/German Waltz 2.mid""]"
PERFORMANCE,BASS,Variation 4,78160ded7d7df47e,3,2,"[""Factory Styles/German Waltz 1.mid"",""Factory Styles/German Waltz 2.mid""]"
PERFORMANCE,DRUM,Break,cb60e2a5af227dd7,3,2,"[""Factory Styles/German Waltz 2.mid"",""Factory Styles/Oberkr_ Waltz 1.mid""]"
PERFORMANCE,ACC2,Break,43b53947a3cd2abb,3,2,"[""Factory Styles/German Waltz 2.mid"",""Factory Styles/Oberkr_ Waltz 1.mid""]"
PERFORMANCE,ACC2,Variation 2,2e50aa0b22d2b42e,3,2,"[""Factory Styles/German Waltz 2.mid"",""Factory Styles/Oberkr_ Waltz 1.mid""]"
PERFORMANCE,ACC3,Intro 2,29b68bc28cd76881,3,2,"[""Factory Styles/HipHop Funk.mid"",""Factory Styles/Pop Schlager.mid""]"
PERFORMANCE,ACC2,Variation 1,91cbcfd0604660a0,3,2,"[""Factory Styles/Hully Gully.mid"",""Factory Styles/Techno.mid""]"
PERFORMANCE,ACC2,Intro 2,91cbcfd0604660a0,3,2,"[""Factory Styles/Hully Gully.mid"",""Factory Styles/Techno.mid""]"
PERFORMANCE,ACC2,Fill 1,91cbcfd0604660a0,3,2,"[""Factory Styles/Hully Gully.mid"",""Factory Styles/Meditando.mid""]"
PERFORMANCE,BASS,Fill 1,cab2fb13ea1ad71d,3,2,"[""Factory Styles/Italian Mazurka2.mid"",""Factory Styles/Twist.mid""]"
PERFORMANCE,ACC4,Variation 2,abab7a8149c77c22,3,2,"[""Factory Styles/Italian Polka 1.mid"",""Factory Styles/Italian Polka 2.mid""]"
PERFORMANCE,ACC4,Fill 1,abab7a8149c77c22,3,2,"[""Factory Styles/Italian Polka 1.mid"",""Factory Styles/Italian Polka 2.mid""]"
PERFORMANCE,ACC2,Fill 1,cab2fb13ea1ad71d,3,2,"[""Factory Styles/Jazz Funk.mid"",""Factory Styles/Love Disco.mid""]"
PERFORMANCE,ACC5,Variation 1,ccb3d17431b59ce2,3,2,"[""Factory Styles/Karma.mid"",""Factory Styles/Philly Disco.mid""]"
PERFORMANCE,ACC5,Ending 2,29b68bc28cd76881,3,2,"[""Factory Styles/Little Shuffle.mid"",""Factory Styles/Soft Ballad.mid""]"
PERFORMANCE,ACC3,Variation 1,91cbcfd0604660a0,3,2,"[""Factory Styles/Medium Schlager.mid"",""Factory Styles/SchlagerShuffle2.mid""]"
PERFORMANCE,ACC3,Variation 4,2f485c69bcc649c6,3,2,"[""Factory Styles/Polka Pop.mid"",""Factory Styles/Smooth Jazz.mid""]"
PERFORMANCE,ACC1,Fill 1,821e4a1733acac33,3,2,"[""Factory Styles/Pop Ballad.mid"",""Factory Styles/Standard 8 Beat.mid""]"
PERFORMANCE,ACC3,Fill 1,cab2fb13ea1ad71d,3,2,"[""Factory Styles/Pop Ballad.mid"",""Factory Styles/Slow Waltz 2.mid""]"
PERFORMANCE,ACC4,Variation 1,91cbcfd0604660a0,3,2,"[""Factory Styles/SchlagerShuffle1.mid"",""Factory Styles/UnpluggedBallad2.mid""]"
PERFORMANCE,DRUM,Ending 1,4edf657487317fdd,3,2,"[""Factory Styles/Standard 16 Beat.mid"",""Factory Styles/Standard 8 Beat.mid""]"
PERFORMANCE,PERC,Ending 1,09f3c1dc05fea556,3,2,"[""Factory Styles/Standard 16 Beat.mid"",""Factory Styles/Standard 8 Beat.mid""]"
RHYTHM,BASS,Fill 2,50274194db44705c,2,2,"[""Factory Styles/50's  Fox.mid"",""Factory Styles/Polka Pop.mid""]"
RHYTHM,ACC1,Fill 1,9af550be753f0d15,2,2,"[""Factory Styles/50's  Fox.mid"",""Factory Styles/Polka Pop.mid""]"
RHYTHM,ACC1,Break,d36ffd17118e16aa,2,2,"[""Factory Styles/50's  Fox.mid"",""Factory Styles/Italian Polka 3.mid""]"
RHYTHM,ACC2,Break,d36ffd17118e16aa,2,2,"[""Factory Styles/50's  Fox.mid"",""Factory Styles/Italian Polka 3.mid""]"
RHYTHM,BASS,Fill 2,54015302c3c0b258,2,2,"[""Factory Styles/60's Dance.mid"",""Factory Styles/Soca Dance.mid""]"
RHYTHM,ACC1,Fill 1,cbbb233e1293faca,2,2,"[""Factory Styles/70's Disco 1.mid"",""Factory Styles/Techno.mid""]"
RHYTHM,ACC2,Ending 3,c19637d579edc933,2,2,"[""Factory Styles/70's Disco 1.mid"",""Factory Styles/Take Beat.mid""]"
RHYTHM,DRUM,Break,6295c5f99215c364,2,2,"[""Factory Styles/70's Disco 2.mid"",""Factory Styles/Fast Pop.mid""]"
RHYTHM,DRUM,Variation 2,cce3d53ca7bd7b50,2,2,"[""Factory Styles/8 Beat Analog 1.mid"",""Factory Styles/Guitar Ballad.mid""]"
RHYTHM,DRUM,Intro 3,833a4b9d2188d3de,2,2,"[""Factory Styles/8 Beat Analog 1.mid"",""Factory Styles/Schlager 1.mid""]"
RHYTHM,DRUM,Break,833a4b9d2188d3de,2,2,"[""Factory Styles/8 Beat Analog 1.mid"",""Factory Styles/German Polka.mid""]"
RHYTHM,ACC5,Variation 3,6f7a17b184daf461,2,2,"[""Factory Styles/8 Beat Analog 1.mid"",""Factory Styles/British Pop.mid""]"
RHYTHM,ACC5,Variation 4,209a92e28766ba0f,2,2,"[""Factory Styles/8 Beat Analog 1.mid"",""Factory Styles/Easy Beat 1.mid""]"
RHYTHM,ACC2,Intro 2,cba2fdf5c5772adc,2,2,"[""Factory Styles/8 Beat Analog 2.mid"",""Factory Styles/Orchestral Tango.mid""]"
RHYTHM,ACC2,Ending 2,cba2fdf5c5772adc,2,2,"[""Factory Styles/8 Beat Analog 2.mid"",""Factory Styles/Groove.mid""]"
RHYTHM,DRUM,Fill 2,cbbb233e1293faca,2,2,"[""Factory Styles/8 Beat Analog 2.mid"",""Factory Styles/Analog Beat 1.mid""]"
RHYTHM,ACC3,Variation 3,e5882406e029f464,2,2,"[""Factory Styles/80's Dance.mid"",""Factory Styles/Island View.mid""]"
RHYTHM,ACC3,Ending 1,0c4a28679f9eb2f3,2,2,"[""Factory Styles/80's Dance.mid"",""Factory Styles/Island View.mid""]"
RHYTHM,ACC5,Intro 3,35f6196d64dccf4d,2,2,"[""Factory Styles/Acoustic Bld_3_4.mid"",""Factory Styles/Smooth Jazz.mid""]"
RHYTHM,BASS,Fill 2,831eeca421bf3885,2,2,"[""Factory Styles/Acoustic Bld_3_4.mid"",""Factory Styles/Unplugged Gtr 3.mid""]"
RHYTHM,ACC5,Fill 1,1dd980dbf89ea550,2,2,"[""Factory Styles/Acoustic Bld_3_4.mid"",""Factory Styles/Party Polka.mid""]"
RHYTHM,ACC2,Intro 2,9e34d20914f008da,2,2,"[""Factory Styles/Al Funk.mid"",""Factory Styles/Rap.mid""]"
RHYTHM,ACC1,Fill 1,bba69972a9d3dc0e,2,2,"[""Factory Styles/Al Funk.mid"",""Factory Styles/Slow & Jazzy.mid""]"
RHYTHM,PERC,Fill 2,e48a3fccbea0df0b,2,2,"[""Factory Styles/Al Swing.mid"",""Factory Styles/Jazzy PopFunk.mid""]"
RHYTHM,DRUM,Intro 3,d44303539eaf14f3,2,2,"[""Factory Styles/Alpen Rock.mid"",""Factory Styles/ClassicSchlager3.mid""]"
RHYTHM,ACC3,Intro 3,b149aaeeae4053fc,2,2,"[""Factory Styles/Alpen Rock.mid"",""Factory Styles/Easy Beat 2.mid""]"
RHYTHM,ACC3,Fill 2,ab575b1c3401fa68,2,2,"[""Factory Styles/Alpen Rock.mid"",""Factory Styles/Easy Beat 1.mid""]"
RHYTHM,ACC5,Variation 3,295ab2fd02be5343,2,2,"[""Factory Styles/Alpen Rock.mid"",""Factory Styles/Party Mix.mid""]"
RHYTHM,ACC5,Variation 4,295ab2fd02be5343,2,2,"[""Factory Styles/Alpen Rock.mid"",""Factory Styles/Party Mix.mid""]"
RHYTHM,BASS,Break,5b62c3e79d097c9a,2,2,"[""Factory Styles/AM _ PM.mid"",""Factory Styles/Hollywood 1.mid""]"
RHYTHM,DRUM,Fill 2,9ceb3e332422864b,2,2,"[""Factory Styles/Analog Ballad 1.mid"",""Factory Styles/House Garage.mid""]"
RHYTHM,DRUM,Ending 2,0019449c897c2578,2,2,"[""Factory Styles/Analog Ballad 1.mid"",""Factory Styles/Karma.mid""]"
RHYTHM,DRUM,Ending 3,c8d30d481ed47f56,2,2,"[""Factory Styles/Analog Ballad 1.mid"",""Factory Styles/Karma.mid""]"
RHYTHM,PERC,Intro 3,9e34d20914f008da,2,2,"[""Factory Styles/Analog Ballad 1.mid"",""Factory Styles/Army Band.mid""]"
RHYTHM,ACC3,Fill 1,29e316af04e7ca3d,2,2,"[""Factory Styles/Analog Ballad 1.mid"",""Factory Styles/Moonlight Ballad.mid""]"
RHYTHM,ACC3,Fill 2,8865c6b9db101be7,2,2,"[""Factory Styles/Analog Ballad 1.mid"",""Factory Styles/Easy Ballad.mid""]"
RHYTHM,ACC4,Variation 2,209a92e28766ba0f,2,2,"[""Factory Styles/Analog Ballad 2.mid"",""Factory Styles/Guitar Ballad.mid""]"
RHYTHM,ACC4,Ending 3,f86eb2e53501234b,2,2,"[""Factory Styles/Analog Ballad 2.mid"",""Factory Styles/Pop 12_8.mid""]"
RHYTHM,DRUM,Intro 3,e69358bc614df2db,2,2,"[""Factory Styles/Analog Beat 2.mid"",""Factory Styles/Fast Pop.mid""]"
RHYTHM,DRUM,Fill 2,ccbf37de984b607f,2,2,"[""Factory Styles/Analog Beat 2.mid"",""Factory Styles/Party Mix.mid""]"
RHYTHM,ACC1,Ending 3,5a1e4779478ff72a,2,2,"[""Factory Styles/Analog Beat 2.mid"",""Factory Styles/Pop Schlager.mid""]"
RHYTHM,ACC2,Variation 1,dd9e67c9d85f8bb6,2,2,"[""Factory Styles/Argentina Tango.mid"",""Factory Styles/Italian Tango 1.mid""]"
RHYTHM,ACC3,Fill 1,3fe3a33b89499c7f,2,2,"[""Factory Styles/Argentina Tango.mid"",""Factory Styles/Italian Tango 1.mid""]"
RHYTHM,ACC4,Intro 3,ea026ee5c50d7a3c,2,2,"[""Factory Styles/Argentina Tango.mid"",""Factory Styles/Fox Schlager.mid""]"
RHYTHM,ACC4,Fill 1,ea026ee5c50d7a3c,2,2,"[""Factory Styles/Argentina Tango.mid"",""Factory Styles/Dance Schlager.mid""]"
RHYTHM,PERC,Variation 2,5423cd071fa75485,2,2,"[""Factory Styles/Argentina Tango.mid"",""Factory Styles/Unplugged Slow.mid""]"
RHYTHM,ACC2,Ending 3,040538799ecad1f6,2,2,"[""Factory Styles/Army Band.mid"",""Factory Styles/Orchestral Tango.mid""]"
RHYTHM,PERC,Fill 2,cba2fdf5c5772adc,2,2,"[""Factory Styles/Army Band.mid"",""Factory Styles/Irish Fox.mid""]"
RHYTHM,BASS,Break,8d16c370783ce809,2,2,"[""Factory Styles/Army Band.mid"",""Factory Styles/Gospel.mid""]"
RHYTHM,ACC5,Fill 1,ea026ee5c50d7a3c,2,2,"[""Factory Styles/Army Band.mid"",""Factory Styles/Motown Shuffle 1.mid""]"
RHYTHM,BASS,Fill 1,154a172304e20ce5,2,2,"[""Factory Styles/Ballad 6_8 1.mid"",""Factory Styles/Slow Pop 6_8.mid""]"
RHYTHM,ACC3,Fill 2,809e11dda405c0a1,2,2,"[""Factory Styles/Ballad 6_8 1.mid"",""Factory Styles/Slow 6_8.mid""]"
RHYTHM,ACC1,Break,fb136043833dd5d5,2,2,"[""Factory Styles/Barry Dance.mid"",""Factory Styles/Sister & Girl.mid""]"
RHYTHM,DRUM,Fill 1,03a7a2c9bf114d1b,2,2,"[""Factory Styles/Bavarian Pop.mid"",""Factory Styles/Country Ballad 1.mid""]"
RHYTHM,PERC,Fill 1,0996650fd771d0e4,2,2,"[""Factory Styles/Bavarian Pop.mid"",""Factory Styles/Modern Ballad.mid""]"
RHYTHM,PERC,Break,210244b74858cd18,2,2,"[""Factory Styles/Bavarian Pop.mid"",""Factory Styles/Motown Shuffle 2.mid""]"
RHYTHM,BASS,Ending 3,967467dec29ca788,2,2,"[""Factory Styles/Bavarian Pop.mid"",""Factory Styles/Volkst_ Schlager.mid""]"
RHYTHM,ACC2,Intro 3,ea026ee5c50d7a3c,2,2,"[""Factory Styles/Bavarian Pop.mid"",""Factory Styles/Fox Schlager.mid""]"
RHYTHM,DRUM,Variation 1,64319fd1d614a1ae,2,2,"[""Factory Styles/Big Band 40's.mid"",""Factory Styles/Big Band Fox.mid""]"
RHYTHM,DRUM,Variation 3,64319fd1d614a1ae,2,2,"[""Factory Styles/Big Band 40's.mid"",""Factory Styles/Big Band Fox.mid""]"
RHYTHM,DRUM,Variation 4,64319fd1d614a1ae,2,2,"[""Factory Styles/Big Band 40's.mid"",""Factory Styles/Big Band Fox.mid""]"
RHYTHM,PERC,Variation 1,a002f09c61b92d28,2,2,"[""Factory Styles/Big Band 40's.mid"",""Factory Styles/Big Band Fox.mid""]"
RHYTHM,PERC,Variation 2,a002f09c61b92d28,2,2,"[""Factory Styles/Big Band 40's.mid"",""Factory Styles/Big Band Fox.mid""]"
RHYTHM,PERC,Variation 3,96224a26e7da07ea,2,2,"[""Factory Styles/Big Band 40's.mid"",""Factory Styles/Big Band Fox.mid""]"
RHYTHM,PERC,Variation 4,a002f09c61b92d28,2,2,"[""Factory Styles/Big Band 40's.mid"",""Factory Styles/Big Band Fox.mid""]"
RHYTHM,ACC1,Variation 3,dd777e918b80fbbd,2,2,"[""Factory Styles/Big Band Fox.mid"",""Factory Styles/Fox Shuffle 1.mid""]"
RHYTHM,ACC1,Variation 4,dd777e918b80fbbd,2,2,"[""Factory Styles/Big Band Fox.mid"",""Factory Styles/Fox Shuffle 1.mid""]"
RHYTHM,PERC,Intro 3,4684cf328029caa0,2,2,"[""Factory Styles/Blue Ballad.mid"",""Factory Styles/Easy Ballad.mid""]"
RHYTHM,BASS,Ending 3,486293e6f9aeb934,2,2,"[""Factory Styles/Blue Ballad.mid"",""Factory Styles/Funky Ballad.mid""]"
RHYTHM,ACC1,Ending 1,dd8c8ea80f3c6ac4,2,2,"[""Factory Styles/Blue Ballad.mid"",""Factory Styles/Guitar Ballad.mid""]"
RHYTHM,ACC4,Ending 2,bba69972a9d3dc0e,2,2,"[""Factory Styles/Blue Ballad.mid"",""Factory Styles/Slow & Jazzy.mid""]"
RHYTHM,DRUM,Ending 3,ea15c50481985584,2,2,"[""Factory Styles/Blues Ballad.mid"",""Factory Styles/Pop Shuffle 1.mid""]"
RHYTHM,ACC2,Fill 1,e77b4151451d09d8,2,2,"[""Factory Styles/Blues.mid"",""Factory Styles/Disco Gully.mid""]"
RHYTHM,DRUM,Break,4be5febcc69ce7e1,2,2,"[""Factory Styles/Caribbean.mid"",""Factory Styles/UnpluggedBallad1.mid""]"
RHYTHM,ACC2,Variation 1,c19637d579edc933,2,2,"[""Factory Styles/Caribbean.mid"",""Factory Styles/Folk Beat.mid""]"
RHYTHM,DRUM,Break,5670eb0a77f28dbf,2,2,"[""Factory Styles/Classic Beat.mid"",""Factory Styles/Soft 16 Beat.mid""]"
RHYTHM,BASS,Fill 1,b06a409278923da0,2,2,"[""Factory Styles/Classic Beat.mid"",""Factory Styles/Soft 16 Beat.mid""]"
RHYTHM,BASS,Fill 2,bfddab7808d3768e,2,2,"[""Factory Styles/Classic Beat.mid"",""Factory Styles/Soft 16 Beat.mid""]"
RHYTHM,ACC1,Fill 1,d59fae254e11856e,2,2,"[""Factory Styles/Classic Beat.mid"",""Factory Styles/Soft 16 Beat.mid""]"
RHYTHM,ACC1,Fill 2,d59fae254e11856e,2,2,"[""Factory Styles/Classic Beat.mid"",""Factory Styles/Soft 16 Beat.mid""]"
RHYTHM,ACC2,Fill 1,ce4c67f718cd1764,2,2,"[""Factory Styles/Classic Beat.mid"",""Factory Styles/Soft 16 Beat.mid""]"
RHYTHM,ACC2,Fill 2,ce4c67f718cd1764,2,2,"[""Factory Styles/Classic Beat.mid"",""Factory Styles/Soft 16 Beat.mid""]"
RHYTHM,ACC3,Fill 1,0e373431e57bcaea,2,2,"[""Factory Styles/Classic Beat.mid"",""Factory Styles/Soft 16 Beat.mid""]"
RHYTHM,ACC3,Fill 2,0e373431e57bcaea,2,2,"[""Factory Styles/Classic Beat.mid"",""Factory Styles/Soft 16 Beat.mid""]"
RHYTHM,ACC4,Fill 2,5f5e335d981dceab,2,2,"[""Factory Styles/Classic Beat.mid"",""Factory Styles/Soft 16 Beat.mid""]"
RHYTHM,ACC4,Break,c872cb90b9785c73,2,2,"[""Factory Styles/Classic Beat.mid"",""Factory Styles/Soft 16 Beat.mid""]"
RHYTHM,DRUM,Ending 1,161ab6afa914dff5,2,2,"[""Factory Styles/Classic Funk.mid"",""Factory Styles/Elektrik Funk.mid""]"
RHYTHM,DRUM,Ending 2,95c01b168ade6155,2,2,"[""Factory Styles/Classic Funk.mid"",""Factory Styles/Elektrik Funk.mid""]"
RHYTHM,DRUM,Ending 3,32e8169f816bc92a,2,2,"[""Factory Styles/Classic Funk.mid"",""Factory Styles/Elektrik Funk.mid""]"
RHYTHM,PERC,Fill 1,ea1bf83178435675,2,2,"[""Factory Styles/Classic Funk.mid"",""Factory Styles/Kool Beat.mid""]"
RHYTHM,PERC,Break,391d206a24380875,2,2,"[""Factory Styles/Classic Funk.mid"",""Factory Styles/Elektrik Funk.mid""]"
RHYTHM,PERC,Ending 1,90c3c49af4f0977d,2,2,"[""Factory Styles/Classic Funk.mid"",""Factory Styles/Elektrik Funk.mid""]"
RHYTHM,PERC,Ending 2,edad2b2c1225fac6,2,2,"[""Factory Styles/Classic Funk.mid"",""Factory Styles/Elektrik Funk.mid""]"
RHYTHM,PERC,Ending 3,919aecd63415608c,2,2,"[""Factory Styles/Classic Funk.mid"",""Factory Styles/Elektrik Funk.mid""]"
RHYTHM,BASS,Break,c229e7016fa8be93,2,2,"[""Factory Styles/Classic Funk.mid"",""Factory Styles/Elektrik Funk.mid""]"
RHYTHM,BASS,Ending 1,e011c764557c19d5,2,2,"[""Factory Styles/Classic Funk.mid"",""Factory Styles/Elektrik Funk.mid""]"
RHYTHM,BASS,Ending 2,5feb357126dc90ca,2,2,"[""Factory Styles/Classic Funk.mid"",""Factory Styles/Elektrik Funk.mid""]"
RHYTHM,BASS,Ending 3,3062c1dfba89ad1e,2,2,"[""Factory Styles/Classic Funk.mid"",""Factory Styles/Elektrik Funk.mid""]"
RHYTHM,ACC1,Ending 1,4be74e60707059a2,2,2,"[""Factory Styles/Classic Funk.mid"",""Factory Styles/Elektrik Funk.mid""]"
RHYTHM,ACC1,Ending 2,54b3a7cdf972bc82,2,2,"[""Factory Styles/Classic Funk.mid"",""Factory Styles/Elektrik Funk.mid""]"
RHYTHM,ACC1,Ending 3,49bcca1cb1bf6054,2,2,"[""Factory Styles/Classic Funk.mid"",""Factory Styles/Elektrik Funk.mid""]"
RHYTHM,ACC2,Ending 1,4b4f59f689874dd1,2,2,"[""Factory Styles/Classic Funk.mid"",""Factory Styles/Elektrik Funk.mid""]"
RHYTHM,ACC2,Ending 2,abce2abe32344f84,2,2,"[""Factory Styles/Classic Funk.mid"",""Factory Styles/Elektrik Funk.mid""]"
RHYTHM,ACC2,Ending 3,faf71aa3e1d6dd53,2,2,"[""Factory Styles/Classic Funk.mid"",""Factory Styles/Elektrik Funk.mid""]"
RHYTHM,ACC3,Ending 1,c75b9c3f12b35c7c,2,2,"[""Factory Styles/Classic Funk.mid"",""Factory Styles/Elektrik Funk.mid""]"
RHYTHM,ACC3,Ending 2,8518ba4bc444d9cf,2,2,"[""Factory Styles/Classic Funk.mid"",""Factory Styles/Elektrik Funk.mid""]"
RHYTHM,ACC3,Ending 3,e00821268ae2d75c,2,2,"[""Factory Styles/Classic Funk.mid"",""Factory Styles/Elektrik Funk.mid""]"
RHYTHM,ACC4,Ending 1,a661851c7883dfe7,2,2,"[""Factory Styles/Classic Funk.mid"",""Factory Styles/Elektrik Funk.mid""]"
RHYTHM,ACC4,Ending 2,9fdc8189301a1e18,2,2,"[""Factory Styles/Classic Funk.mid"",""Factory Styles/Elektrik Funk.mid""]"
RHYTHM,ACC4,Ending 3,348f9272c3f58d54,2,2,"[""Factory Styles/Classic Funk.mid"",""Factory Styles/Elektrik Funk.mid""]"
RHYTHM,ACC5,Fill 2,51f7e22113c10dca,2,2,"[""Factory Styles/Classic Funk.mid"",""Factory Styles/Elektrik Funk.mid""]"
RHYTHM,ACC5,Ending 1,1eae44ee1c9609e6,2,2,"[""Factory Styles/Classic Funk.mid"",""Factory Styles/Elektrik Funk.mid""]"
RHYTHM,ACC5,Ending 2,26a3d0c02dc65acd,2,2,"[""Factory Styles/Classic Funk.mid"",""Factory Styles/Elektrik Funk.mid""]"
RHYTHM,ACC5,Ending 3,b9bc225e58e09a7b,2,2,"[""Factory Styles/Classic Funk.mid"",""Factory Styles/Elektrik Funk.mid""]"
RHYTHM,DRUM,Ending 1,e6b3430d6d0428e6,2,2,"[""Factory Styles/Classic Funk.mid"",""Factory Styles/Elektrik Funk.mid""]"
RHYTHM,PERC,Ending 1,6e8457ed15c08a6c,2,2,"[""Factory Styles/Classic Funk.mid"",""Factory Styles/Elektrik Funk.mid""]"
RHYTHM,BASS,Ending 1,4908faa1c7bad742,2,2,"[""Factory Styles/Classic Funk.mid"",""Factory Styles/Elektrik Funk.mid""]"
RHYTHM,ACC1,Ending 1,8559091b217582d3,2,2,"[""Factory Styles/Classic Funk.mid"",""Factory Styles/Elektrik Funk.mid""]"
RHYTHM,ACC2,Ending 1,713f62dfe497dfb9,2,2,"[""Factory Styles/Classic Funk.mid"",""Factory Styles/Elektrik Funk.mid""]"
RHYTHM,ACC3,Ending 1,dc213aba6ab8aa39,2,2,"[""Factory Styles/Classic Funk.mid"",""Factory Styles/Elektrik Funk.mid""]"
RHYTHM,ACC4,Ending 1,a2273865a3cf3e57,2,2,"[""Factory Styles/Classic Funk.mid"",""Factory Styles/Elektrik Funk.mid""]"
RHYTHM,ACC5,Ending 1,cbb86adecdab56d5,2,2,"[""Factory Styles/Classic Funk.mid"",""Factory Styles/Elektrik Funk.mid""]"
RHYTHM,DRUM,Intro 3,d88a7368386ca805,2,2,"[""Factory Styles/ClassicSchlager1.mid"",""Factory Styles/Groove Funk.mid""]"
RHYTHM,ACC3,Fill 1,0e72a4788c62d97d,2,2,"[""Factory Styles/ClassicSchlager2.mid"",""Factory Styles/Slow 6_8.mid""]"
RHYTHM,ACC3,Ending 3,8e44646694711a70,2,2,"[""Factory Styles/ClassicSchlager2.mid"",""Factory Styles/Pop 6_8.mid""]"
RHYTHM,DRUM,Fill 1,77ae2c3daa5aed2c,2,2,"[""Factory Styles/ClassicSchlager3.mid"",""Factory Styles/Twist.mid""]"
RHYTHM,BASS,Variation 1,c19637d579edc933,2,2,"[""Factory Styles/Club House.mid"",""Factory Styles/Take Beat.mid""]"
RHYTHM,ACC2,Variation 4,e5882406e029f464,2,2,"[""Factory Styles/Club House.mid"",""Factory Styles/Groove Funk.mid""]"
RHYTHM,ACC2,Fill 2,73b5dd2f8dc38c35,2,2,"[""Factory Styles/Club House.mid"",""Factory Styles/UnpluggedBallad1.mid""]"
RHYTHM,DRUM,Ending 1,a70771e29e39beff,2,2,"[""Factory Styles/Country 16 Beat.mid"",""Factory Styles/Country 8 Beat.mid""]"
RHYTHM,BASS,Ending 1,f39e6e4d405abc21,2,2,"[""Factory Styles/Country 16 Beat.mid"",""Factory Styles/Country 8 Beat.mid""]"
RHYTHM,ACC2,Break,81524115706c61e0,2,2,"[""Factory Styles/Country 16 Beat.mid"",""Factory Styles/Country 8 Beat.mid""]"
RHYTHM,ACC3,Break,462987a38cd02a9b,2,2,"[""Factory Styles/Country 16 Beat.mid"",""Factory Styles/Country 8 Beat.mid""]"
RHYTHM,ACC3,Ending 1,90ed64eb0cd3e5bc,2,2,"[""Factory Styles/Country 16 Beat.mid"",""Factory Styles/Country 8 Beat.mid""]"
RHYTHM,ACC5,Ending 1,43eb023ade8a1d43,2,2,"[""Factory Styles/Country 16 Beat.mid"",""Factory Styles/Country 8 Beat.mid""]"
RHYTHM,DRUM,Fill 2,f4e6477915761668,2,2,"[""Factory Styles/Country 16 Beat.mid"",""Factory Styles/Country 8 Beat.mid""]"
RHYTHM,DRUM,Ending 1,fbb34233944b0261,2,2,"[""Factory Styles/Country 16 Beat.mid"",""Factory Styles/Country 8 Beat.mid""]"
RHYTHM,BASS,Ending 1,0579a56751eece31,2,2,"[""Factory Styles/Country 16 Beat.mid"",""Factory Styles/Country 8 Beat.mid""]"
RHYTHM,ACC3,Ending 1,29254a02d21ec54a,2,2,"[""Factory Styles/Country 16 Beat.mid"",""Factory Styles/Country 8 Beat.mid""]"
RHYTHM,ACC5,Ending 1,25522ac91bbbb20b,2,2,"[""Factory Styles/Country 16 Beat.mid"",""Factory Styles/Country 8 Beat.mid""]"
RHYTHM,ACC3,Ending 3,fae316fc1428ada9,2,2,"[""Factory Styles/Country 3_4.mid"",""Factory Styles/French Waltz.mid""]"
RHYTHM,DRUM,Break,fb3917b12e2d2eab,2,2,"[""Factory Styles/Country Ballad 1.mid"",""Factory Styles/UnpluggedBallad3.mid""]"
RHYTHM,DRUM,Ending 3,87abef1e4d78286f,2,2,"[""Factory Styles/Country Ballad 1.mid"",""Factory Styles/Country Ballad 2.mid""]"
RHYTHM,BASS,Ending 3,4f52cd65b9f5aa17,2,2,"[""Factory Styles/Country Ballad 1.mid"",""Factory Styles/Country Ballad 2.mid""]"
RHYTHM,ACC1,Ending 3,5e701b87e1e700eb,2,2,"[""Factory Styles/Country Ballad 1.mid"",""Factory Styles/Country Ballad 2.mid""]"
RHYTHM,ACC2,Variation 1,1b44db378d271dbf,2,2,"[""Factory Styles/Country Ballad 1.mid"",""Factory Styles/Elektrik Funk.mid""]"
RHYTHM,ACC2,Ending 3,a6d30fb581c8c0d0,2,2,"[""Factory Styles/Country Ballad 1.mid"",""Factory Styles/Country Ballad 2.mid""]"
RHYTHM,ACC3,Ending 3,dcae62dd3c9fe866,2,2,"[""Factory Styles/Country Ballad 1.mid"",""Factory Styles/Country Ballad 2.mid""]"
RHYTHM,ACC4,Ending 3,5c30dfe412e391cc,2,2,"[""Factory Styles/Country Ballad 1.mid"",""Factory Styles/Country Ballad 2.mid""]"
RHYTHM,ACC5,Ending 3,b63a2b20300f0853,2,2,"[""Factory Styles/Country Ballad 1.mid"",""Factory Styles/Country Ballad 2.mid""]"
RHYTHM,DRUM,Break,61688b2e003beac5,2,2,"[""Factory Styles/Country Ballad 2.mid"",""Factory Styles/Schlager 4.mid""]"
RHYTHM,BASS,Fill 2,0c6c29a70df334f9,2,2,"[""Factory Styles/Country Ballad 2.mid"",""Factory Styles/Slow Latin Pop.mid""]"
RHYTHM,PERC,Intro 2,93b5c2399bacfb08,2,2,"[""Factory Styles/Country Beat 2.mid"",""Factory Styles/Slow Latin Pop.mid""]"
RHYTHM,BASS,Fill 2,6a8c4430fcf8b414,2,2,"[""Factory Styles/Country Beat 2.mid"",""Factory Styles/Operetta.mid""]"
RHYTHM,BASS,Variation 1,306bd16bf7418d17,2,2,"[""Factory Styles/Country Beat 2.mid"",""Factory Styles/Movie Swing.mid""]"
RHYTHM,DRUM,Break,c182967dce2a507b,2,2,"[""Factory Styles/Country Pop.mid"",""Factory Styles/UnpluggedBallad2.mid""]"
RHYTHM,DRUM,Fill 2,a37f2860c5e70205,2,2,"[""Factory Styles/Country Pop.mid"",""Factory Styles/Unplugged.mid""]"
RHYTHM,DRUM,Fill 2,f8d8ac0f440f8344,2,2,"[""Factory Styles/Country QuikStep.mid"",""Factory Styles/Country Strum.mid""]"
RHYTHM,DRUM,Ending 2,6ba7bb00e6be0c1f,2,2,"[""Factory Styles/Country QuikStep.mid"",""Factory Styles/Country Strum.mid""]"
RHYTHM,DRUM,Ending 3,ad9e7047679f6cea,2,2,"[""Factory Styles/Country QuikStep.mid"",""Factory Styles/Country Strum.mid""]"
RHYTHM,PERC,Fill 2,003f4523bee6864f,2,2,"[""Factory Styles/Country QuikStep.mid"",""Factory Styles/Country Strum.mid""]"
RHYTHM,PERC,Ending 2,26a4e2f9cb8043d5,2,2,"[""Factory Styles/Country QuikStep.mid"",""Factory Styles/Country Strum.mid""]"
RHYTHM,PERC,Ending 3,8865c6b9db101be7,2,2,"[""Factory Styles/Country QuikStep.mid"",""Factory Styles/Country Strum.mid""]"
RHYTHM,BASS,Fill 2,28ea5295287380df,2,2,"[""Factory Styles/Country QuikStep.mid"",""Factory Styles/Country Strum.mid""]"
RHYTHM,BASS,Ending 2,3273a5f6bd0a3a58,2,2,"[""Factory Styles/Country QuikStep.mid"",""Factory Styles/Country Strum.mid""]"
RHYTHM,BASS,Ending 3,42e01f0874af7d39,2,2,"[""Factory Styles/Country QuikStep.mid"",""Factory Styles/Country Strum.mid""]"
RHYTHM,ACC2,Fill 2,4812a7fa93abaf52,2,2,"[""Factory Styles/Country QuikStep.mid"",""Factory Styles/Country Strum.mid""]"
RHYTHM,ACC2,Ending 1,08d374a32268a3a0,2,2,"[""Factory Styles/Country QuikStep.mid"",""Factory Styles/Country Strum.mid""]"
RHYTHM,ACC2,Ending 2,49b268c52979d346,2,2,"[""Factory Styles/Country QuikStep.mid"",""Factory Styles/Country Strum.mid""]"
RHYTHM,ACC2,Ending 3,dcb7af1de01484e1,2,2,"[""Factory Styles/Country QuikStep.mid"",""Factory Styles/Country Strum.mid""]"
RHYTHM,ACC3,Fill 2,c8466bcf36fa081c,2,2,"[""Factory Styles/Country QuikStep.mid"",""Factory Styles/Country Strum.mid""]"
RHYTHM,ACC3,Break,c865839819de8f7c,2,2,"[""Factory Styles/Country QuikStep.mid"",""Factory Styles/Country Strum.mid""]"
RHYTHM,ACC3,Ending 2,3ab76baed39d7325,2,2,"[""Factory Styles/Country QuikStep.mid"",""Factory Styles/Country Strum.mid""]"
RHYTHM,ACC3,Ending 3,191fdf529f1fb702,2,2,"[""Factory Styles/Country QuikStep.mid"",""Factory Styles/Country Strum.mid""]"
RHYTHM,ACC4,Fill 2,86d2670ebc08f0cd,2,2,"[""Factory Styles/Country QuikStep.mid"",""Factory Styles/Country Strum.mid""]"
RHYTHM,ACC4,Ending 1,eba2414598480f5e,2,2,"[""Factory Styles/Country QuikStep.mid"",""Factory Styles/Country Strum.mid""]"
RHYTHM,ACC4,Ending 2,268b2cca38995cde,2,2,"[""Factory Styles/Country QuikStep.mid"",""Factory Styles/Country Strum.mid""]"
RHYTHM,ACC4,Ending 3,1cc46098d544fd16,2,2,"[""Factory Styles/Country QuikStep.mid"",""Factory Styles/Country Strum.mid""]"
RHYTHM,DRUM,Fill 2,e85b7d3f9dd82d27,2,2,"[""Factory Styles/Country QuikStep.mid"",""Factory Styles/Country Strum.mid""]"
RHYTHM,PERC,Fill 2,9ee51250f0398673,2,2,"[""Factory Styles/Country QuikStep.mid"",""Factory Styles/Country Strum.mid""]"
RHYTHM,BASS,Fill 2,deea035786f86b93,2,2,"[""Factory Styles/Country QuikStep.mid"",""Factory Styles/Country Strum.mid""]"
RHYTHM,ACC2,Fill 2,ca12873dc195f906,2,2,"[""Factory Styles/Country QuikStep.mid"",""Factory Styles/Country Strum.mid""]"
RHYTHM,ACC2,Ending 1,f143debe44e7cd31,2,2,"[""Factory Styles/Country QuikStep.mid"",""Factory Styles/Country Strum.mid""]"
RHYTHM,ACC3,Fill 2,1aed3f973515328c,2,2,"[""Factory Styles/Country QuikStep.mid"",""Factory Styles/Country Strum.mid""]"
RHYTHM,ACC4,Fill 2,c207e0b58eb3680c,2,2,"[""Factory Styles/Country QuikStep.mid"",""Factory Styles/Country Strum.mid""]"
RHYTHM,ACC4,Ending 1,d40ffc9141b30d3e,2,2,"[""Factory Styles/Country QuikStep.mid"",""Factory Styles/Country Strum.mid""]"
RHYTHM,PERC,Fill 1,8d9e373dbabff0a7,2,2,"[""Factory Styles/Country Schlager.mid"",""Factory Styles/Soft 8 Beat.mid""]"
RHYTHM,BASS,Variation 1,4ac63021a71e0b61,2,2,"[""Factory Styles/Country Schlager.mid"",""Factory Styles/Little Boy.mid""]"
RHYTHM,BASS,Variation 2,4ac63021a71e0b61,2,2,"[""Factory Styles/Country Schlager.mid"",""Factory Styles/Little Boy.mid""]"
RHYTHM,BASS,Intro 2,4ac63021a71e0b61,2,2,"[""Factory Styles/Country Schlager.mid"",""Factory Styles/Pop Jazz.mid""]"
RHYTHM,ACC2,Intro 2,295ab2fd02be5343,2,2,"[""Factory Styles/Country Schlager.mid"",""Factory Styles/Rock Schlager.mid""]"
RHYTHM,ACC5,Variation 2,c19637d579edc933,2,2,"[""Factory Styles/Country Schlager.mid"",""Factory Styles/Schlager Rhumba.mid""]"
RHYTHM,DRUM,Intro 3,ab575b1c3401fa68,2,2,"[""Factory Styles/Country Strum.mid"",""Factory Styles/Unplugged 8 Bt.mid""]"
RHYTHM,DRUM,Break,f00b683cd74b2d72,2,2,"[""Factory Styles/Dance Fever.mid"",""Factory Styles/Fox Schlager.mid""]"
RHYTHM,DRUM,Ending 2,2d9e28c15620964a,2,2,"[""Factory Styles/Dance Mix.mid"",""Factory Styles/Disco Latin.mid""]"
RHYTHM,DRUM,Ending 3,f534e3d6a9644086,2,2,"[""Factory Styles/Dance Mix.mid"",""Factory Styles/Disco Latin.mid""]"
RHYTHM,PERC,Ending 3,7ec2c9b061d9d305,2,2,"[""Factory Styles/Dance Mix.mid"",""Factory Styles/Disco Latin.mid""]"
RHYTHM,BASS,Ending 2,c8adbe5ad9197d46,2,2,"[""Factory Styles/Dance Mix.mid"",""Factory Styles/Disco Latin.mid""]"
RHYTHM,BASS,Ending 3,64ac5131a101551f,2,2,"[""Factory Styles/Dance Mix.mid"",""Factory Styles/Disco Latin.mid""]"
RHYTHM,ACC1,Ending 2,c8adbe5ad9197d46,2,2,"[""Factory Styles/Dance Mix.mid"",""Factory Styles/Disco Latin.mid""]"
RHYTHM,ACC1,Ending 3,64ac5131a101551f,2,2,"[""Factory Styles/Dance Mix.mid"",""Factory Styles/Disco Latin.mid""]"
RHYTHM,ACC2,Ending 2,a7b73e80e55a558e,2,2,"[""Factory Styles/Dance Mix.mid"",""Factory Styles/Disco Latin.mid""]"
RHYTHM,ACC2,Ending 3,554cfef676732fd7,2,2,"[""Factory Styles/Dance Mix.mid"",""Factory Styles/Disco Latin.mid""]"
RHYTHM,ACC3,Ending 2,1c43ec7d9dac2f1c,2,2,"[""Factory Styles/Dance Mix.mid"",""Factory Styles/Disco Latin.mid""]"
RHYTHM,ACC3,Ending 3,64ac5131a101551f,2,2,"[""Factory Styles/Dance Mix.mid"",""Factory Styles/Disco Latin.mid""]"
RHYTHM,DRUM,Fill 1,ca11e36b00bb5ae4,2,2,"[""Factory Styles/Dance Motown.mid"",""Factory Styles/Motown Shuffle 2.mid""]"
RHYTHM,DRUM,Ending 2,7dee045155935629,2,2,"[""Factory Styles/Dance Motown.mid"",""Factory Styles/Love Disco.mid""]"
RHYTHM,DRUM,Ending 3,8b3d34426ad389f1,2,2,"[""Factory Styles/Dance Motown.mid"",""Factory Styles/Love Disco.mid""]"
RHYTHM,PERC,Ending 2,592ca24b38610b0e,2,2,"[""Factory Styles/Dance Motown.mid"",""Factory Styles/Love Disco.mid""]"
RHYTHM,BASS,Ending 1,0b18f9270cc4991b,2,2,"[""Factory Styles/Dance Motown.mid"",""Factory Styles/Love Disco.mid""]"
RHYTHM,BASS,Ending 2,b69b732e1bc6639d,2,2,"[""Factory Styles/Dance Motown.mid"",""Factory Styles/Love Disco.mid""]"
RHYTHM,BASS,Ending 3,9c0e9010048bd63c,2,2,"[""Factory Styles/Dance Motown.mid"",""Factory Styles/Love Disco.mid""]"
RHYTHM,ACC1,Ending 1,6e32246ac9dfbdbe,2,2,"[""Factory Styles/Dance Motown.mid"",""Factory Styles/Love Disco.mid""]"
RHYTHM,ACC1,Ending 2,adf650d4b89de684,2,2,"[""Factory Styles/Dance Motown.mid"",""Factory Styles/Love Disco.mid""]"
RHYTHM,ACC1,Ending 3,a8d4fe7ccda4738f,2,2,"[""Factory Styles/Dance Motown.mid"",""Factory Styles/Love Disco.mid""]"
RHYTHM,ACC2,Ending 1,212955833ac9a76a,2,2,"[""Factory Styles/Dance Motown.mid"",""Factory Styles/Love Disco.mid""]"
RHYTHM,ACC2,Ending 2,a1fa4afa739f7ccc,2,2,"[""Factory Styles/Dance Motown.mid"",""Factory Styles/Love Disco.mid""]"
RHYTHM,ACC2,Ending 3,c5634e7bfef2df97,2,2,"[""Factory Styles/Dance Motown.mid"",""Factory Styles/Love Disco.mid""]"
RHYTHM,ACC3,Ending 1,245637d4da941832,2,2,"[""Factory Styles/Dance Motown.mid"",""Factory Styles/Love Disco.mid""]"
RHYTHM,ACC3,Ending 2,931ae3a45c52189d,2,2,"[""Factory Styles/Dance Motown.mid"",""Factory Styles/Love Disco.mid""]"
RHYTHM,ACC3,Ending 3,66d8f19d86f74d7c,2,2,"[""Factory Styles/Dance Motown.mid"",""Factory Styles/Love Disco.mid""]"
RHYTHM,ACC4,Ending 1,3912aaac26e6a8ee,2,2,"[""Factory Styles/Dance Motown.mid"",""Factory Styles/Love Disco.mid""]"
RHYTHM,ACC4,Ending 2,b2c0b04747308d3b,2,2,"[""Factory Styles/Dance Motown.mid"",""Factory Styles/Love Disco.mid""]"
RHYTHM,ACC4,Ending 3,64207de2cb29044a,2,2,"[""Factory Styles/Dance Motown.mid"",""Factory Styles/Love Disco.mid""]"
RHYTHM,ACC5,Ending 1,72bb8b82fdda6988,2,2,"[""Factory Styles/Dance Motown.mid"",""Factory Styles/Love Disco.mid""]"
RHYTHM,ACC5,Ending 2,ce3f9fcc5acb5a45,2,2,"[""Factory Styles/Dance Motown.mid"",""Factory Styles/Love Disco.mid""]"
RHYTHM,ACC5,Ending 3,a1ecb2cdb2b3f5f1,2,2,"[""Factory Styles/Dance Motown.mid"",""Factory Styles/Love Disco.mid""]"
RHYTHM,BASS,Ending 1,63ebee322f5d5eff,2,2,"[""Factory Styles/Dance Motown.mid"",""Factory Styles/Love Disco.mid""]"
RHYTHM,ACC1,Ending 1,cc7e82b3f1934247,2,2,"[""Factory Styles/Dance Motown.mid"",""Factory Styles/Love Disco.mid""]"
RHYTHM,ACC2,Ending 1,5aafeb7659b0eccb,2,2,"[""Factory Styles/Dance Motown.mid"",""Factory Styles/Love Disco.mid""]"
RHYTHM,ACC3,Ending 1,098a1d2c19ccab72,2,2,"[""Factory Styles/Dance Motown.mid"",""Factory Styles/Love Disco.mid""]"
RHYTHM,ACC4,Ending 1,5aafeb7659b0eccb,2,2,"[""Factory Styles/Dance Motown.mid"",""Factory Styles/Love Disco.mid""]"
RHYTHM,ACC5,Ending 1,0a0215fc20cc74b2,2,2,"[""Factory Styles/Dance Motown.mid"",""Factory Styles/Love Disco.mid""]"
RHYTHM,BASS,Break,67f4d4340b1a6ebc,2,2,"[""Factory Styles/Disco Gully.mid"",""Factory Styles/Slow Band.mid""]"
RHYTHM,ACC1,Fill 2,2c1eb8261cf26959,2,2,"[""Factory Styles/Disco Gully.mid"",""Factory Styles/Unplugged Swing.mid""]"
RHYTHM,DRUM,Intro 3,b6b3a54a0353fc80,2,2,"[""Factory Styles/Disco Latin.mid"",""Factory Styles/Schlager 2.mid""]"
RHYTHM,ACC2,Intro 1,aa48f14ec9afc874,2,2,"[""Factory Styles/Disco Latin.mid"",""Factory Styles/Wave Jazz.mid""]"
RHYTHM,DRUM,Ending 3,6ace39e00715655d,2,2,"[""Factory Styles/Disco Schlager.mid"",""Factory Styles/Medium Schlager.mid""]"
RHYTHM,PERC,Ending 3,f682e9c6f47747e1,2,2,"[""Factory Styles/Disco Schlager.mid"",""Factory Styles/Medium Schlager.mid""]"
RHYTHM,ACC4,Ending 1,0e54b0f428d516cf,2,2,"[""Factory Styles/Disco Schlager.mid"",""Factory Styles/Medium Schlager.mid""]"
RHYTHM,ACC4,Ending 3,ba43dcbfcd68b94a,2,2,"[""Factory Styles/Disco Schlager.mid"",""Factory Styles/Medium Schlager.mid""]"
RHYTHM,ACC4,Ending 1,8d28005bf65d7aa0,2,2,"[""Factory Styles/Disco Schlager.mid"",""Factory Styles/Medium Schlager.mid""]"
RHYTHM,PERC,Variation 3,9d39545144a08559,2,2,"[""Factory Styles/Easy Ballad.mid"",""Factory Styles/Groove Funk.mid""]"
RHYTHM,ACC2,Break,ce92af26d11aa780,2,2,"[""Factory Styles/Easy Beat 1.mid"",""Factory Styles/Guitar Beat.mid""]"
RHYTHM,ACC3,Break,bc511b3bf0e88d4b,2,2,"[""Factory Styles/Easy Beat 1.mid"",""Factory Styles/Guitar Beat.mid""]"
RHYTHM,ACC5,Ending 3,5a1e4779478ff72a,2,2,"[""Factory Styles/Easy Beat 1.mid"",""Factory Styles/Pop Schlager.mid""]"
RHYTHM,DRUM,Variation 3,60574f22bec5a42d,2,2,"[""Factory Styles/Easy Beat 2.mid"",""Factory Styles/Kool Beat.mid""]"
RHYTHM,DRUM,Fill 2,95ca24ec66d1f7d8,2,2,"[""Factory Styles/Easy Beat 2.mid"",""Factory Styles/Unplugged Gtr 2.mid""]"
RHYTHM,ACC1,Fill 2,dc34ac75a2a55ec2,2,2,"[""Factory Styles/Easy Beat 2.mid"",""Factory Styles/Smooth Jazz.mid""]"
RHYTHM,ACC2,Break,44e7ac5775a11c12,2,2,"[""Factory Styles/Easy Beat 2.mid"",""Factory Styles/Pop 16 Beat.mid""]"
RHYTHM,ACC2,Ending 2,1e7588a7117d1611,2,2,"[""Factory Styles/Easy Listening.mid"",""Factory Styles/Fox Shuffle 2.mid""]"
RHYTHM,PERC,Variation 3,014bc0dacfde20a7,2,2,"[""Factory Styles/Easy Pop 1.mid"",""Factory Styles/Pop Funk 1.mid""]"
RHYTHM,BASS,Ending 3,6b6e4cb1e873eab4,2,2,"[""Factory Styles/Easy Pop 1.mid"",""Factory Styles/Easy Pop 2.mid""]"
RHYTHM,ACC1,Ending 3,9f7cee76734d4433,2,2,"[""Factory Styles/Easy Pop 1.mid"",""Factory Styles/Easy Pop 2.mid""]"
RHYTHM,ACC2,Ending 3,3311319b69f5ce0a,2,2,"[""Factory Styles/Easy Pop 1.mid"",""Factory Styles/Easy Pop 2.mid""]"
RHYTHM,ACC5,Variation 3,988fd885c6359260,2,2,"[""Factory Styles/Easy Pop 1.mid"",""Factory Styles/Irish Fox.mid""]"
RHYTHM,DRUM,Fill 1,9ceb3e332422864b,2,2,"[""Factory Styles/Elektro Funk.mid"",""Factory Styles/House Garage.mid""]"
RHYTHM,DRUM,Ending 2,4de035a9e414b003,2,2,"[""Factory Styles/Elektro Funk.mid"",""Factory Styles/House Garage.mid""]"
RHYTHM,DRUM,Ending 3,9ceb3e332422864b,2,2,"[""Factory Styles/Elektro Funk.mid"",""Factory Styles/House Garage.mid""]"
RHYTHM,ACC4,Ending 3,aebf7d94141fe9fa,2,2,"[""Factory Styles/Elektro Pop.mid"",""Factory Styles/Groove It Up.mid""]"
RHYTHM,ACC4,Ending 3,be03a7f4acab806f,2,2,"[""Factory Styles/Elektro Pop.mid"",""Factory Styles/Take Beat.mid""]"
RHYTHM,ACC3,Break,4c9a5afd9e915677,2,2,"[""Factory Styles/English Tango.mid"",""Factory Styles/Unplugged Swing.mid""]"
RHYTHM,DRUM,Intro 3,5d5dfc0a872909dd,2,2,"[""Factory Styles/Fast Big Band 1.mid"",""Factory Styles/Medium BigBand1.mid""]"
RHYTHM,DRUM,Ending 2,3f2be031f9616acb,2,2,"[""Factory Styles/Fast Big Band 1.mid"",""Factory Styles/Medium BigBand2.mid""]"
RHYTHM,BASS,Ending 2,e3b8328b3f13f43b,2,2,"[""Factory Styles/Fast Big Band 1.mid"",""Factory Styles/Medium BigBand2.mid""]"
RHYTHM,ACC1,Ending 2,fdf97597a8348b6e,2,2,"[""Factory Styles/Fast Big Band 1.mid"",""Factory Styles/Medium BigBand2.mid""]"
RHYTHM,ACC1,Ending 3,d123065fbb8224ae,2,2,"[""Factory Styles/Fast Big Band 1.mid"",""Factory Styles/Medium BigBand2.mid""]"
RHYTHM,ACC2,Ending 2,a30b37848a544d59,2,2,"[""Factory Styles/Fast Big Band 1.mid"",""Factory Styles/Medium BigBand2.mid""]"
RHYTHM,ACC2,Ending 3,abe43acb25865c06,2,2,"[""Factory Styles/Fast Big Band 1.mid"",""Factory Styles/Medium BigBand2.mid""]"
RHYTHM,ACC3,Ending 2,b91aa79057acfe13,2,2,"[""Factory Styles/Fast Big Band 1.mid"",""Factory Styles/Medium BigBand2.mid""]"
RHYTHM,ACC3,Ending 3,d0093d4b4f1a6d4b,2,2,"[""Factory Styles/Fast Big Band 1.mid"",""Factory Styles/Medium BigBand2.mid""]"
RHYTHM,ACC4,Ending 2,4a74714599af759f,2,2,"[""Factory Styles/Fast Big Band 1.mid"",""Factory Styles/Medium BigBand2.mid""]"
RHYTHM,ACC5,Ending 2,85687c032e6282ac,2,2,"[""Factory Styles/Fast Big Band 1.mid"",""Factory Styles/Medium BigBand2.mid""]"
RHYTHM,DRUM,Ending 3,acbca913c913e26a,2,2,"[""Factory Styles/Fast Big Band 1.mid"",""Factory Styles/Medium BigBand2.mid""]"
RHYTHM,BASS,Ending 3,2c1eb8261cf26959,2,2,"[""Factory Styles/Fast Big Band 1.mid"",""Factory Styles/Medium BigBand2.mid""]"
RHYTHM,ACC1,Ending 3,2c1eb8261cf26959,2,2,"[""Factory Styles/Fast Big Band 1.mid"",""Factory Styles/Medium BigBand2.mid""]"
RHYTHM,ACC2,Ending 3,2c1eb8261cf26959,2,2,"[""Factory Styles/Fast Big Band 1.mid"",""Factory Styles/Medium BigBand2.mid""]"
RHYTHM,ACC3,Ending 3,2c1eb8261cf26959,2,2,"[""Factory Styles/Fast Big Band 1.mid"",""Factory Styles/Medium BigBand2.mid""]"
RHYTHM,DRUM,Intro 2,b2b344683bebed9b,2,2,"[""Factory Styles/Fast Big Band 2.mid"",""Factory Styles/Serenade Band.mid""]"
RHYTHM,DRUM,Fill 1,a997bc1612ccb38b,2,2,"[""Factory Styles/Fast Big Band 2.mid"",""Factory Styles/Serenade Band.mid""]"
RHYTHM,DRUM,Fill 2,3a6271746687ed07,2,2,"[""Factory Styles/Fast Big Band 2.mid"",""Factory Styles/Serenade Band.mid""]"
RHYTHM,DRUM,Ending 1,e0e3545b8aa82206,2,2,"[""Factory Styles/Fast Big Band 2.mid"",""Factory Styles/Serenade Band.mid""]"
RHYTHM,DRUM,Ending 2,ed939d4b78bff7a1,2,2,"[""Factory Styles/Fast Big Band 2.mid"",""Factory Styles/Serenade Band.mid""]"
RHYTHM,DRUM,Ending 3,eec96a467a2e74a7,2,2,"[""Factory Styles/Fast Big Band 2.mid"",""Factory Styles/Serenade Band.mid""]"
RHYTHM,PERC,Intro 2,e2d23693152a2c05,2,2,"[""Factory Styles/Fast Big Band 2.mid"",""Factory Styles/Serenade Band.mid""]"
RHYTHM,PERC,Fill 2,210ec76c9db5719c,2,2,"[""Factory Styles/Fast Big Band 2.mid"",""Factory Styles/Serenade Band.mid""]"
RHYTHM,PERC,Ending 2,e2d23693152a2c05,2,2,"[""Factory Styles/Fast Big Band 2.mid"",""Factory Styles/Serenade Band.mid""]"
RHYTHM,PERC,Ending 3,84c371fd255ecbe8,2,2,"[""Factory Styles/Fast Big Band 2.mid"",""Factory Styles/Serenade Band.mid""]"
RHYTHM,BASS,Intro 2,7a36eb0468885c69,2,2,"[""Factory Styles/Fast Big Band 2.mid"",""Factory Styles/Serenade Band.mid""]"
RHYTHM,BASS,Fill 1,4220ea393b5e408e,2,2,"[""Factory Styles/Fast Big Band 2.mid"",""Factory Styles/Serenade Band.mid""]"
RHYTHM,BASS,Fill 2,d6631dcdbf54b5c3,2,2,"[""Factory Styles/Fast Big Band 2.mid"",""Factory Styles/Serenade Band.mid""]"
RHYTHM,BASS,Ending 1,b9abdccacfb46086,2,2,"[""Factory Styles/Fast Big Band 2.mid"",""Factory Styles/Serenade Band.mid""]"
RHYTHM,BASS,Ending 2,496757f6f28feb24,2,2,"[""Factory Styles/Fast Big Band 2.mid"",""Factory Styles/Serenade Band.mid""]"
RHYTHM,BASS,Ending 3,5dee1476aa46e520,2,2,"[""Factory Styles/Fast Big Band 2.mid"",""Factory Styles/Serenade Band.mid""]"
RHYTHM,ACC1,Intro 2,8d4b560177709290,2,2,"[""Factory Styles/Fast Big Band 2.mid"",""Factory Styles/Serenade Band.mid""]"
RHYTHM,ACC1,Fill 1,8fae734954936ae6,2,2,"[""Factory Styles/Fast Big Band 2.mid"",""Factory Styles/Serenade Band.mid""]"
RHYTHM,ACC1,Fill 2,45d743075cf270c8,2,2,"[""Factory Styles/Fast Big Band 2.mid"",""Factory Styles/Serenade Band.mid""]"
RHYTHM,ACC1,Ending 1,bee7edd84146ed45,2,2,"[""Factory Styles/Fast Big Band 2.mid"",""Factory Styles/Serenade Band.mid""]"
RHYTHM,ACC1,Ending 2,68e0f521f9f0898d,2,2,"[""Factory Styles/Fast Big Band 2.mid"",""Factory Styles/Serenade Band.mid""]"
RHYTHM,ACC1,Ending 3,9dacaeaa73d05756,2,2,"[""Factory Styles/Fast Big Band 2.mid"",""Factory Styles/Serenade Band.mid""]"
RHYTHM,ACC2,Intro 2,75de312aa51143b5,2,2,"[""Factory Styles/Fast Big Band 2.mid"",""Factory Styles/Serenade Band.mid""]"
RHYTHM,ACC2,Fill 1,c6e1a38798873889,2,2,"[""Factory Styles/Fast Big Band 2.mid"",""Factory Styles/Serenade Band.mid""]"
RHYTHM,ACC2,Fill 2,568f672aa7143939,2,2,"[""Factory Styles/Fast Big Band 2.mid"",""Factory Styles/Serenade Band.mid""]"
RHYTHM,ACC2,Ending 1,b7969fc29a1a3851,2,2,"[""Factory Styles/Fast Big Band 2.mid"",""Factory Styles/Serenade Band.mid""]"
RHYTHM,ACC2,Ending 2,56b56d9eb2bf53d1,2,2,"[""Factory Styles/Fast Big Band 2.mid"",""Factory Styles/Serenade Band.mid""]"
RHYTHM,ACC2,Ending 3,0a7cb0e683c4da6c,2,2,"[""Factory Styles/Fast Big Band 2.mid"",""Factory Styles/Serenade Band.mid""]"
RHYTHM,ACC3,Intro 2,3f702a43a1ba70cd,2,2,"[""Factory Styles/Fast Big Band 2.mid"",""Factory Styles/Serenade Band.mid""]"
RHYTHM,ACC3,Fill 1,0c4eb9256298353a,2,2,"[""Factory Styles/Fast Big Band 2.mid"",""Factory Styles/Serenade Band.mid""]"
RHYTHM,ACC3,Fill 2,5b04799c71dddf55,2,2,"[""Factory Styles/Fast Big Band 2.mid"",""Factory Styles/Serenade Band.mid""]"
RHYTHM,ACC3,Ending 1,e01f039572779cdc,2,2,"[""Factory Styles/Fast Big Band 2.mid"",""Factory Styles/Serenade Band.mid""]"
RHYTHM,ACC3,Ending 2,0f2b80d66f0b4675,2,2,"[""Factory Styles/Fast Big Band 2.mid"",""Factory Styles/Serenade Band.mid""]"
RHYTHM,ACC3,Ending 3,9dacaeaa73d05756,2,2,"[""Factory Styles/Fast Big Band 2.mid"",""Factory Styles/Serenade Band.mid""]"
RHYTHM,ACC4,Intro 2,75de312aa51143b5,2,2,"[""Factory Styles/Fast Big Band 2.mid"",""Factory Styles/Serenade Band.mid""]"
RHYTHM,ACC4,Fill 1,c6e1a38798873889,2,2,"[""Factory Styles/Fast Big Band 2.mid"",""Factory Styles/Serenade Band.mid""]"
RHYTHM,ACC4,Fill 2,568f672aa7143939,2,2,"[""Factory Styles/Fast Big Band 2.mid"",""Factory Styles/Serenade Band.mid""]"
RHYTHM,ACC4,Ending 1,b7969fc29a1a3851,2,2,"[""Factory Styles/Fast Big Band 2.mid"",""Factory Styles/Serenade Band.mid""]"
RHYTHM,ACC4,Ending 2,56b56d9eb2bf53d1,2,2,"[""Factory Styles/Fast Big Band 2.mid"",""Factory Styles/Serenade Band.mid""]"
RHYTHM,ACC4,Ending 3,aebf9ebe128ebf47,2,2,"[""Factory Styles/Fast Big Band 2.mid"",""Factory Styles/Serenade Band.mid""]"
RHYTHM,DRUM,Ending 1,10ab4dd2e3fd28c1,2,2,"[""Factory Styles/Fast Big Band 2.mid"",""Factory Styles/Serenade Band.mid""]"
RHYTHM,BASS,Ending 1,1e326f1394a9024e,2,2,"[""Factory Styles/Fast Big Band 2.mid"",""Factory Styles/Serenade Band.mid""]"
RHYTHM,ACC1,Ending 1,0bab32f02a917bbf,2,2,"[""Factory Styles/Fast Big Band 2.mid"",""Factory Styles/Serenade Band.mid""]"
RHYTHM,ACC2,Ending 1,8a39f9a119b99b79,2,2,"[""Factory Styles/Fast Big Band 2.mid"",""Factory Styles/Serenade Band.mid""]"
RHYTHM,ACC3,Ending 1,27b13f7d04f5f4cc,2,2,"[""Factory Styles/Fast Big Band 2.mid"",""Factory Styles/Serenade Band.mid""]"
RHYTHM,ACC4,Ending 1,8a39f9a119b99b79,2,2,"[""Factory Styles/Fast Big Band 2.mid"",""Factory Styles/Serenade Band.mid""]"
RHYTHM,ACC5,Variation 1,c19637d579edc933,2,2,"[""Factory Styles/Folk Beat.mid"",""Factory Styles/Schlager Rhumba.mid""]"
RHYTHM,DRUM,Ending 3,b81304537303f24a,2,2,"[""Factory Styles/Fox Shuffle 1.mid"",""Factory Styles/Foxtrot 2.mid""]"
RHYTHM,BASS,Ending 3,67aa1dea7898456d,2,2,"[""Factory Styles/Fox Shuffle 1.mid"",""Factory Styles/Foxtrot 2.mid""]"
RHYTHM,ACC1,Ending 3,8548448aa6f78403,2,2,"[""Factory Styles/Fox Shuffle 1.mid"",""Factory Styles/Foxtrot 2.mid""]"
RHYTHM,ACC2,Ending 3,67aa1dea7898456d,2,2,"[""Factory Styles/Fox Shuffle 1.mid"",""Factory Styles/Foxtrot 2.mid""]"
RHYTHM,ACC3,Ending 3,67aa1dea7898456d,2,2,"[""Factory Styles/Fox Shuffle 1.mid"",""Factory Styles/Foxtrot 2.mid""]"
RHYTHM,PERC,Fill 1,5075e2d0ec32e8db,2,2,"[""Factory Styles/Fox Shuffle 2.mid"",""Factory Styles/Pop Chart 2.mid""]"
RHYTHM,BASS,Variation 1,209a92e28766ba0f,2,2,"[""Factory Styles/Fox Shuffle 2.mid"",""Factory Styles/Movie Ballad.mid""]"
RHYTHM,BASS,Fill 2,86f8aed836f7bb91,2,2,"[""Factory Styles/Fox Shuffle 2.mid"",""Factory Styles/Quick Step 2.mid""]"
RHYTHM,BASS,Ending 3,377c0d74fec3c9e2,2,2,"[""Factory Styles/Fox Shuffle 2.mid"",""Factory Styles/Movie Swing.mid""]"
RHYTHM,ACC2,Ending 1,aa48f14ec9afc874,2,2,"[""Factory Styles/Fox Shuffle 2.mid"",""Factory Styles/Wave Jazz.mid""]"
RHYTHM,DRUM,Variation 1,05c49bfd78fb62f6,2,2,"[""Factory Styles/Foxtrot 1.mid"",""Factory Styles/Italian Fox.mid""]"
RHYTHM,BASS,Variation 1,3b0b19cbfe57f1ce,2,2,"[""Factory Styles/Foxtrot 1.mid"",""Factory Styles/Pop Chart 2.mid""]"
RHYTHM,BASS,Variation 2,3b0b19cbfe57f1ce,2,2,"[""Factory Styles/Foxtrot 1.mid"",""Factory Styles/Pop Chart 2.mid""]"
RHYTHM,ACC1,Ending 3,236aadd652eb85b6,2,2,"[""Factory Styles/Foxtrot 1.mid"",""Factory Styles/Funky R&B.mid""]"
RHYTHM,ACC3,Fill 2,3d5a497784e5c7d0,2,2,"[""Factory Styles/Foxtrot 2.mid"",""Factory Styles/Medium BigBand2.mid""]"
RHYTHM,ACC4,Intro 2,209a92e28766ba0f,2,2,"[""Factory Styles/Foxtrot 2.mid"",""Factory Styles/Slow Fox.mid""]"
RHYTHM,DRUM,Break,37e55713b8d5d2fb,2,2,"[""Factory Styles/French Waltz.mid"",""Factory Styles/Italian Waltz.mid""]"
RHYTHM,BASS,Intro 2,dc761f00a1b5106d,2,2,"[""Factory Styles/French Waltz.mid"",""Factory Styles/Italian Waltz.mid""]"
RHYTHM,ACC2,Variation 3,e2bf90edbcfa4257,2,2,"[""Factory Styles/French Waltz.mid"",""Factory Styles/Italian Mazurka2.mid""]"
RHYTHM,ACC4,Variation 2,7a0ae22ad226b867,2,2,"[""Factory Styles/French Waltz.mid"",""Factory Styles/Italian Waltz.mid""]"
RHYTHM,ACC4,Variation 3,7a0ae22ad226b867,2,2,"[""Factory Styles/French Waltz.mid"",""Factory Styles/Italian Waltz.mid""]"
RHYTHM,ACC4,Ending 2,bfeff95593557f9c,2,2,"[""Factory Styles/French Waltz.mid"",""Factory Styles/Waltz Ballad.mid""]"
RHYTHM,BASS,Fill 2,b6c9eef0282b1a1f,2,2,"[""Factory Styles/Funky Ballad.mid"",""Factory Styles/Unplugged 16 Bt.mid""]"
RHYTHM,ACC1,Fill 1,fb136043833dd5d5,2,2,"[""Factory Styles/Funky Ballad.mid"",""Factory Styles/Kool Beat.mid""]"
RHYTHM,PERC,Break,df5d0373a50875f5,2,2,"[""Factory Styles/Funky Disco.mid"",""Factory Styles/Guitar Pop.mid""]"
RHYTHM,ACC3,Fill 2,9e34d20914f008da,2,2,"[""Factory Styles/Funky Disco.mid"",""Factory Styles/Groove It Up.mid""]"
RHYTHM,DRUM,Intro 3,38eaff589072b526,2,2,"[""Factory Styles/Funky R&B.mid"",""Factory Styles/Jazz Funk.mid""]"
RHYTHM,DRUM,Variation 3,e57295fd0c898a62,2,2,"[""Factory Styles/German Polka.mid"",""Factory Styles/Unplugged 8 Bt.mid""]"
RHYTHM,DRUM,Intro 3,692031560615db20,2,2,"[""Factory Styles/German Polka.mid"",""Factory Styles/Show Time.mid""]"
RHYTHM,PERC,Intro 2,aa2a62664349b013,2,2,"[""Factory Styles/German Waltz 1.mid"",""Factory Styles/Oberkr_ Waltz 1.mid""]"
RHYTHM,ACC1,Variation 1,ef265c2b5ccb6656,2,2,"[""Factory Styles/German Waltz 1.mid"",""Factory Styles/Oberkr_ Waltz 1.mid""]"
RHYTHM,ACC3,Variation 4,48a3b71726de5f00,2,2,"[""Factory Styles/German Waltz 1.mid"",""Factory Styles/Oberkr_ Waltz 1.mid""]"
RHYTHM,ACC4,Fill 2,21c6cd1a534b5858,2,2,"[""Factory Styles/German Waltz 1.mid"",""Factory Styles/Oberkr_ Waltz 1.mid""]"
RHYTHM,DRUM,Break,c132bf727cb51486,2,2,"[""Factory Styles/German Waltz 2.mid"",""Factory Styles/German Waltz 3.mid""]"
RHYTHM,ACC2,Ending 3,51d94dbf668b2f92,2,2,"[""Factory Styles/German Waltz 3.mid"",""Factory Styles/Italian Waltz.mid""]"
RHYTHM,ACC5,Ending 3,a7a9323fc1b5010f,2,2,"[""Factory Styles/German Waltz 3.mid"",""Factory Styles/Waltz Ballad.mid""]"
RHYTHM,DRUM,Intro 3,0b04467b6a4eea37,2,2,"[""Factory Styles/Gospel Shuffle.mid"",""Factory Styles/Slow Fox.mid""]"
RHYTHM,DRUM,Ending 3,a350ae9096822145,2,2,"[""Factory Styles/Gospel Swing.mid"",""Factory Styles/Gospel.mid""]"
RHYTHM,ACC1,Ending 3,92aec6cd856f967f,2,2,"[""Factory Styles/Gospel Swing.mid"",""Factory Styles/Gospel.mid""]"
RHYTHM,DRUM,Ending 3,51b5b40ff8e7fde1,2,2,"[""Factory Styles/Gospel Swing.mid"",""Factory Styles/Gospel.mid""]"
RHYTHM,BASS,Ending 3,3f03740973def219,2,2,"[""Factory Styles/Gospel Swing.mid"",""Factory Styles/Gospel.mid""]"
RHYTHM,ACC1,Ending 3,cb4a7af840dd228e,2,2,"[""Factory Styles/Gospel Swing.mid"",""Factory Styles/Gospel.mid""]"
RHYTHM,ACC2,Ending 3,0852aa311c83b8b2,2,2,"[""Factory Styles/Gospel Swing.mid"",""Factory Styles/Gospel.mid""]"
RHYTHM,ACC3,Ending 3,0cb4d4eb3f3778d7,2,2,"[""Factory Styles/Gospel Swing.mid"",""Factory Styles/Gospel.mid""]"
RHYTHM,BASS,Variation 4,570ea8b7c63d508d,2,2,"[""Factory Styles/Groove Ballad.mid"",""Factory Styles/Unplugged 16 Bt.mid""]"
RHYTHM,BASS,Intro 2,209a92e28766ba0f,2,2,"[""Factory Styles/Groove Ballad.mid"",""Factory Styles/Real 8 Beat.mid""]"
RHYTHM,ACC2,Variation 1,e5882406e029f464,2,2,"[""Factory Styles/Groove Funk.mid"",""Factory Styles/Real 8 Beat.mid""]"
RHYTHM,DRUM,Intro 3,6d428a8b68a85759,2,2,"[""Factory Styles/Groove It Up.mid"",""Factory Styles/Miami Disco.mid""]"
RHYTHM,ACC1,Break,ee0594365d5ff7ae,2,2,"[""Factory Styles/Groove.mid"",""Factory Styles/Pop Groove.mid""]"
RHYTHM,DRUM,Variation 4,9ef857cb3f84a681,2,2,"[""Factory Styles/Guitar Ballad.mid"",""Factory Styles/Real 8 Beat.mid""]"
RHYTHM,DRUM,Fill 1,29ec6244c687cd1a,2,2,"[""Factory Styles/Guitar Ballad.mid"",""Factory Styles/Unplugged Gtr 2.mid""]"
RHYTHM,DRUM,Break,92a1e9404178fb8d,2,2,"[""Factory Styles/Guitar Ballad.mid"",""Factory Styles/Pop Funk.mid""]"
RHYTHM,ACC1,Ending 3,cba2fdf5c5772adc,2,2,"[""Factory Styles/Guitar Ballad.mid"",""Factory Styles/Western Movie.mid""]"
RHYTHM,PERC,Variation 1,d9d199a69210a403,2,2,"[""Factory Styles/Guitar Beat.mid"",""Factory Styles/Samba Medley.mid""]"
RHYTHM,ACC1,Ending 1,960922d3eefffdbf,2,2,"[""Factory Styles/Guitar Beat.mid"",""Factory Styles/Kool Beat.mid""]"
RHYTHM,ACC4,Ending 1,960922d3eefffdbf,2,2,"[""Factory Styles/Guitar Beat.mid"",""Factory Styles/Kool Beat.mid""]"
RHYTHM,ACC1,Ending 2,19d756151734ef00,2,2,"[""Factory Styles/Guitar Beat.mid"",""Factory Styles/Slow HipHop.mid""]"
RHYTHM,PERC,Intro 3,1c8dd74567e57de6,2,2,"[""Factory Styles/Guitar Pop.mid"",""Factory Styles/Wave Jazz.mid""]"
RHYTHM,PERC,Ending 2,6334cfe20c42fae0,2,2,"[""Factory Styles/Guitar Pop.mid"",""Factory Styles/Jazzy PopFunk.mid""]"
RHYTHM,PERC,Ending 3,e48a3fccbea0df0b,2,2,"[""Factory Styles/Guitar Pop.mid"",""Factory Styles/Jazzy PopFunk.mid""]"
RHYTHM,DRUM,Fill 2,a5fc940a4cc77377,2,2,"[""Factory Styles/Half Beat.mid"",""Factory Styles/Modern Beat.mid""]"
RHYTHM,DRUM,Break,8a88b28d71ba32c9,2,2,"[""Factory Styles/Half Beat.mid"",""Factory Styles/Modern Beat.mid""]"
RHYTHM,DRUM,Ending 1,f0ea5981cff25542,2,2,"[""Factory Styles/Half Beat.mid"",""Factory Styles/Modern Beat.mid""]"
RHYTHM,DRUM,Ending 2,f0ea5981cff25542,2,2,"[""Factory Styles/Half Beat.mid"",""Factory Styles/Modern Beat.mid""]"
RHYTHM,DRUM,Ending 3,fc9c16758e9e8519,2,2,"[""Factory Styles/Half Beat.mid"",""Factory Styles/Modern Beat.mid""]"
RHYTHM,PERC,Variation 4,99127d32688ff238,2,2,"[""Factory Styles/Half Beat.mid"",""Factory Styles/Pop Chart 2.mid""]"
RHYTHM,PERC,Fill 2,419ab4e73c4686c2,2,2,"[""Factory Styles/Half Beat.mid"",""Factory Styles/Modern Beat.mid""]"
RHYTHM,PERC,Break,34b0667558653e4b,2,2,"[""Factory Styles/Half Beat.mid"",""Factory Styles/Modern Beat.mid""]"
RHYTHM,PERC,Ending 1,c02912a4171bb67e,2,2,"[""Factory Styles/Half Beat.mid"",""Factory Styles/Modern Beat.mid""]"
RHYTHM,PERC,Ending 2,c02912a4171bb67e,2,2,"[""Factory Styles/Half Beat.mid"",""Factory Styles/Modern Beat.mid""]"
RHYTHM,PERC,Ending 3,419ab4e73c4686c2,2,2,"[""Factory Styles/Half Beat.mid"",""Factory Styles/Modern Beat.mid""]"
RHYTHM,BASS,Fill 2,101de909ba336921,2,2,"[""Factory Styles/Half Beat.mid"",""Factory Styles/Modern Beat.mid""]"
RHYTHM,BASS,Ending 1,b0f1898f4dbe1137,2,2,"[""Factory Styles/Half Beat.mid"",""Factory Styles/Modern Beat.mid""]"
RHYTHM,BASS,Ending 2,c1176d3dc65d1f02,2,2,"[""Factory Styles/Half Beat.mid"",""Factory Styles/Modern Beat.mid""]"
RHYTHM,BASS,Ending 3,c03619e74c13e223,2,2,"[""Factory Styles/Half Beat.mid"",""Factory Styles/Modern Beat.mid""]"
RHYTHM,ACC1,Ending 1,2dc4eb06c34adb3c,2,2,"[""Factory Styles/Half Beat.mid"",""Factory Styles/Modern Beat.mid""]"
RHYTHM,ACC1,Ending 2,c96423a95b3debf5,2,2,"[""Factory Styles/Half Beat.mid"",""Factory Styles/Modern Beat.mid""]"
RHYTHM,ACC1,Ending 3,fb136043833dd5d5,2,2,"[""Factory Styles/Half Beat.mid"",""Factory Styles/Modern Beat.mid""]"
RHYTHM,ACC2,Fill 2,c5d7f61704d9a1fd,2,2,"[""Factory Styles/Half Beat.mid"",""Factory Styles/Modern Beat.mid""]"
RHYTHM,ACC2,Break,c5d7f61704d9a1fd,2,2,"[""Factory Styles/Half Beat.mid"",""Factory Styles/Modern Beat.mid""]"
RHYTHM,ACC2,Ending 1,37952db37b4412d0,2,2,"[""Factory Styles/Half Beat.mid"",""Factory Styles/Modern Beat.mid""]"
RHYTHM,ACC2,Ending 2,0ee6ec24354af4cf,2,2,"[""Factory Styles/Half Beat.mid"",""Factory Styles/Modern Beat.mid""]"
RHYTHM,ACC2,Ending 3,c5d7f61704d9a1fd,2,2,"[""Factory Styles/Half Beat.mid"",""Factory Styles/Modern Beat.mid""]"
RHYTHM,ACC3,Fill 2,802674641e522755,2,2,"[""Factory Styles/Half Beat.mid"",""Factory Styles/Modern Beat.mid""]"
RHYTHM,ACC3,Break,802674641e522755,2,2,"[""Factory Styles/Half Beat.mid"",""Factory Styles/Modern Beat.mid""]"
RHYTHM,ACC3,Ending 1,838799aab4b71ab3,2,2,"[""Factory Styles/Half Beat.mid"",""Factory Styles/Modern Beat.mid""]"
RHYTHM,ACC3,Ending 2,13d7c776d66f77e4,2,2,"[""Factory Styles/Half Beat.mid"",""Factory Styles/Modern Beat.mid""]"
RHYTHM,ACC3,Ending 3,aec63e5586cfa856,2,2,"[""Factory Styles/Half Beat.mid"",""Factory Styles/Modern Beat.mid""]"
RHYTHM,ACC4,Ending 1,87d3924b5e9ecec4,2,2,"[""Factory Styles/Half Beat.mid"",""Factory Styles/Modern Beat.mid""]"
RHYTHM,ACC4,Ending 2,5d015ce18952b5b3,2,2,"[""Factory Styles/Half Beat.mid"",""Factory Styles/Modern Beat.mid""]"
RHYTHM,ACC4,Ending 3,ce92af26d11aa780,2,2,"[""Factory Styles/Half Beat.mid"",""Factory Styles/Modern Beat.mid""]"
RHYTHM,ACC5,Ending 1,27d4904da3096baa,2,2,"[""Factory Styles/Half Beat.mid"",""Factory Styles/Modern Beat.mid""]"
RHYTHM,DRUM,Ending 1,c4d6b73bb94aeca5,2,2,"[""Factory Styles/Half Beat.mid"",""Factory Styles/Modern Beat.mid""]"
RHYTHM,PERC,Ending 1,75fa9fc639f0a619,2,2,"[""Factory Styles/Half Beat.mid"",""Factory Styles/Modern Beat.mid""]"
RHYTHM,BASS,Variation 1,dab80c37b13780df,2,2,"[""Factory Styles/Half Beat.mid"",""Factory Styles/Twist.mid""]"
RHYTHM,BASS,Variation 2,dab80c37b13780df,2,2,"[""Factory Styles/Half Beat.mid"",""Factory Styles/Twist.mid""]"
RHYTHM,BASS,Ending 1,1d1283d8b37712bf,2,2,"[""Factory Styles/Half Beat.mid"",""Factory Styles/Modern Beat.mid""]"
RHYTHM,ACC1,Ending 1,2ee8ed7bc4588359,2,2,"[""Factory Styles/Half Beat.mid"",""Factory Styles/Modern Beat.mid""]"
RHYTHM,ACC2,Ending 1,97f4b08c26d72153,2,2,"[""Factory Styles/Half Beat.mid"",""Factory Styles/Modern Beat.mid""]"
RHYTHM,ACC3,Ending 1,7225214ce14b743a,2,2,"[""Factory Styles/Half Beat.mid"",""Factory Styles/Modern Beat.mid""]"
RHYTHM,ACC4,Ending 1,6aae87515e4892dc,2,2,"[""Factory Styles/Half Beat.mid"",""Factory Styles/Modern Beat.mid""]"
RHYTHM,ACC5,Ending 1,2d97422b8aafe4ba,2,2,"[""Factory Styles/Half Beat.mid"",""Factory Styles/Modern Beat.mid""]"
RHYTHM,ACC3,Fill 1,b37583dc71b8c2b2,2,2,"[""Factory Styles/Hip Hindi Hop.mid"",""Factory Styles/Irish Fox.mid""]"
RHYTHM,ACC4,Fill 2,a9e0803975080f5c,2,2,"[""Factory Styles/Hip Hindi Hop.mid"",""Factory Styles/UnpluggedBallad1.mid""]"
RHYTHM,BASS,Break,ac076306716bfe56,2,2,"[""Factory Styles/House Garage.mid"",""Factory Styles/Real 16 Beat.mid""]"
RHYTHM,BASS,Variation 1,8304acca20a725a8,2,2,"[""Factory Styles/Irish Fox.mid"",""Factory Styles/Operetta.mid""]"
RHYTHM,ACC5,Variation 1,988fd885c6359260,2,2,"[""Factory Styles/Irish Fox.mid"",""Factory Styles/Italian Tango 1.mid""]"
RHYTHM,DRUM,Intro 3,c132bf727cb51486,2,2,"[""Factory Styles/Irish Waltz.mid"",""Factory Styles/Waltz Ballad.mid""]"
RHYTHM,ACC2,Fill 2,ea026ee5c50d7a3c,2,2,"[""Factory Styles/Italian Fox.mid"",""Factory Styles/Italian Tango 1.mid""]"
RHYTHM,BASS,Break,0d232ea3d56a21a1,2,2,"[""Factory Styles/Italian Mazurka2.mid"",""Factory Styles/Italian Waltz.mid""]"
RHYTHM,BASS,Ending 3,6d6369ab438d5451,2,2,"[""Factory Styles/Italian Mazurka2.mid"",""Factory Styles/Italian Waltz.mid""]"
RHYTHM,ACC2,Fill 2,3dff5711a4c0d75a,2,2,"[""Factory Styles/Italian Mazurka2.mid"",""Factory Styles/Musette Waltz.mid""]"
RHYTHM,ACC2,Break,0d232ea3d56a21a1,2,2,"[""Factory Styles/Italian Mazurka2.mid"",""Factory Styles/Italian Waltz.mid""]"
RHYTHM,DRUM,Variation 1,84c6199682b763b5,2,2,"[""Factory Styles/Italian Polka 1.mid"",""Factory Styles/Oberkr_ Polka 1.mid""]"
RHYTHM,DRUM,Variation 2,84c6199682b763b5,2,2,"[""Factory Styles/Italian Polka 1.mid"",""Factory Styles/Oberkr_ Polka 1.mid""]"
RHYTHM,BASS,Variation 3,956dc1eb98c3a987,2,2,"[""Factory Styles/Italian Polka 1.mid"",""Factory Styles/Pasodoble.mid""]"
RHYTHM,BASS,Break,4df203b4ea84825b,2,2,"[""Factory Styles/Italian Polka 1.mid"",""Factory Styles/Italian Polka 2.mid""]"
RHYTHM,BASS,Ending 3,b7346386940ffaaa,2,2,"[""Factory Styles/Italian Polka 2.mid"",""Factory Styles/Oberkr_ Polka 2.mid""]"
RHYTHM,DRUM,Variation 1,cddd8f1842c08692,2,2,"[""Factory Styles/Italian Tango 1.mid"",""Factory Styles/Italian Tango 2.mid""]"
RHYTHM,DRUM,Variation 2,2c42dacc8f63f4cd,2,2,"[""Factory Styles/Italian Tango 1.mid"",""Factory Styles/Italian Tango 2.mid""]"
RHYTHM,DRUM,Variation 4,8bc0077700c40010,2,2,"[""Factory Styles/Italian Tango 1.mid"",""Factory Styles/Italian Tango 2.mid""]"
RHYTHM,DRUM,Fill 2,d44303539eaf14f3,2,2,"[""Factory Styles/Italian Tango 1.mid"",""Factory Styles/Schlager 4.mid""]"
RHYTHM,BASS,Variation 1,b6f3037f266733e7,2,2,"[""Factory Styles/Italian Tango 1.mid"",""Factory Styles/Italian Tango 2.mid""]"
RHYTHM,BASS,Intro 2,eaf721edb568a05f,2,2,"[""Factory Styles/Italian Tango 1.mid"",""Factory Styles/Italian Tango 2.mid""]"
RHYTHM,BASS,Break,1e282d61c14af003,2,2,"[""Factory Styles/Italian Tango 1.mid"",""Factory Styles/Italian Tango 2.mid""]"
RHYTHM,ACC1,Variation 1,a2eb3d2940882902,2,2,"[""Factory Styles/Italian Tango 1.mid"",""Factory Styles/Italian Tango 2.mid""]"
RHYTHM,ACC1,Variation 2,a2eb3d2940882902,2,2,"[""Factory Styles/Italian Tango 1.mid"",""Factory Styles/Italian Tango 2.mid""]"
RHYTHM,ACC1,Variation 4,e342cea7bf674e27,2,2,"[""Factory Styles/Italian Tango 1.mid"",""Factory Styles/Italian Tango 2.mid""]"
RHYTHM,ACC1,Fill 1,0b2cf8c69b4c270b,2,2,"[""Factory Styles/Italian Tango 1.mid"",""Factory Styles/Italian Tango 2.mid""]"
RHYTHM,ACC1,Fill 2,0b2cf8c69b4c270b,2,2,"[""Factory Styles/Italian Tango 1.mid"",""Factory Styles/Italian Tango 2.mid""]"
RHYTHM,ACC3,Variation 2,4b12f5a377bdecba,2,2,"[""Factory Styles/Italian Tango 1.mid"",""Factory Styles/Italian Tango 2.mid""]"
RHYTHM,ACC3,Variation 4,9081f50807653441,2,2,"[""Factory Styles/Italian Tango 1.mid"",""Factory Styles/Italian Tango 2.mid""]"
RHYTHM,DRUM,Variation 1,60801faf49d90a62,2,2,"[""Factory Styles/Italian Waltz.mid"",""Factory Styles/Musette Waltz.mid""]"
RHYTHM,BASS,Variation 1,9b8fd786ad84dfe8,2,2,"[""Factory Styles/Italian Waltz.mid"",""Factory Styles/Musette Waltz.mid""]"
RHYTHM,DRUM,Break,38eaff589072b526,2,2,"[""Factory Styles/Jazz Funk.mid"",""Factory Styles/Motown Shuffle 1.mid""]"
RHYTHM,DRUM,Ending 1,1973c6f4fc17888a,2,2,"[""Factory Styles/Jazz Funk.mid"",""Factory Styles/Motown Shuffle 1.mid""]"
RHYTHM,PERC,Break,4ed9ee5e77752927,2,2,"[""Factory Styles/Jazz Funk.mid"",""Factory Styles/Motown Shuffle 1.mid""]"
RHYTHM,PERC,Ending 1,69aee9cf616e7b68,2,2,"[""Factory Styles/Jazz Funk.mid"",""Factory Styles/Motown Shuffle 1.mid""]"
RHYTHM,BASS,Ending 1,90585eaf8fa49cdd,2,2,"[""Factory Styles/Jazz Funk.mid"",""Factory Styles/Motown Shuffle 1.mid""]"
RHYTHM,ACC1,Ending 1,50601d68c6db46d5,2,2,"[""Factory Styles/Jazz Funk.mid"",""Factory Styles/Motown Shuffle 1.mid""]"
RHYTHM,ACC2,Ending 1,2379847432560095,2,2,"[""Factory Styles/Jazz Funk.mid"",""Factory Styles/Motown Shuffle 1.mid""]"
RHYTHM,ACC3,Ending 1,29b97027aca93d0c,2,2,"[""Factory Styles/Jazz Funk.mid"",""Factory Styles/Motown Shuffle 1.mid""]"
RHYTHM,DRUM,Ending 1,5341ff568987b00c,2,2,"[""Factory Styles/Jazz Funk.mid"",""Factory Styles/Motown Shuffle 1.mid""]"
RHYTHM,PERC,Ending 1,84c5cda4792f8b4d,2,2,"[""Factory Styles/Jazz Funk.mid"",""Factory Styles/Motown Shuffle 1.mid""]"
RHYTHM,BASS,Ending 1,7bf36df2a89b4008,2,2,"[""Factory Styles/Jazz Funk.mid"",""Factory Styles/Motown Shuffle 1.mid""]"
RHYTHM,ACC1,Ending 1,494d1bb17cb7b126,2,2,"[""Factory Styles/Jazz Funk.mid"",""Factory Styles/Motown Shuffle 1.mid""]"
RHYTHM,ACC2,Ending 1,b89b41e55fe2a81e,2,2,"[""Factory Styles/Jazz Funk.mid"",""Factory Styles/Motown Shuffle 1.mid""]"
RHYTHM,ACC3,Ending 1,51c6f8c76e041542,2,2,"[""Factory Styles/Jazz Funk.mid"",""Factory Styles/Motown Shuffle 1.mid""]"
RHYTHM,ACC5,Fill 2,9e34d20914f008da,2,2,"[""Factory Styles/Jazzy PopFunk.mid"",""Factory Styles/Modern Latin.mid""]"
RHYTHM,DRUM,Ending 1,c15bfbb7365c7518,2,2,"[""Factory Styles/Karma.mid"",""Factory Styles/Pop Funk.mid""]"
RHYTHM,BASS,Variation 3,d82eb07f8f0b3691,2,2,"[""Factory Styles/Karma.mid"",""Factory Styles/Real 8 Beat.mid""]"
RHYTHM,ACC1,Fill 2,6a8c4430fcf8b414,2,2,"[""Factory Styles/Little Boy.mid"",""Factory Styles/Slow & Jazzy.mid""]"
RHYTHM,BASS,Intro 2,9e34d20914f008da,2,2,"[""Factory Styles/Love Disco.mid"",""Factory Styles/Miami Disco.mid""]"
RHYTHM,ACC1,Break,aba5fbd9c7f9c6f8,2,2,"[""Factory Styles/Medium 6_4.mid"",""Factory Styles/Unplugged Gtr 4.mid""]"
RHYTHM,PERC,Intro 3,ab575b1c3401fa68,2,2,"[""Factory Styles/Medium Schlager.mid"",""Factory Styles/Pop Funk 2.mid""]"
RHYTHM,ACC1,Fill 2,9e34d20914f008da,2,2,"[""Factory Styles/Modern Ballad.mid"",""Factory Styles/Modern Latin.mid""]"
RHYTHM,ACC4,Fill 1,9e34d20914f008da,2,2,"[""Factory Styles/Modern Beat.mid"",""Factory Styles/Take Beat.mid""]"
RHYTHM,DRUM,Break,8311133ff89cb56a,2,2,"[""Factory Styles/Modern Country.mid"",""Factory Styles/Pop Ballad.mid""]"
RHYTHM,DRUM,Break,831eeca421bf3885,2,2,"[""Factory Styles/Moonlight Ballad.mid"",""Factory Styles/Take Beat.mid""]"
RHYTHM,BASS,Ending 3,3eeb760a81aa8786,2,2,"[""Factory Styles/Moonlight Ballad.mid"",""Factory Styles/Operetta.mid""]"
RHYTHM,BASS,Ending 3,c132bf727cb51486,2,2,"[""Factory Styles/Musette Waltz.mid"",""Factory Styles/Slow Waltz 1.mid""]"
RHYTHM,ACC5,Fill 1,6696778b003652da,2,2,"[""Factory Styles/Musette Waltz.mid"",""Factory Styles/Waltz Ballad.mid""]"
RHYTHM,DRUM,Ending 3,05c278227bf35fb1,2,2,"[""Factory Styles/Oberkr_ Waltz 1.mid"",""Factory Styles/Oberkr_ Waltz 2.mid""]"
RHYTHM,PERC,Ending 3,c015ef69d2293784,2,2,"[""Factory Styles/Oberkr_ Waltz 1.mid"",""Factory Styles/Oberkr_ Waltz 2.mid""]"
RHYTHM,ACC1,Ending 3,adbfe96c3493ca4f,2,2,"[""Factory Styles/Oberkr_ Waltz 1.mid"",""Factory Styles/Oberkr_ Waltz 2.mid""]"
RHYTHM,ACC3,Ending 3,7fa9c1809310e8e8,2,2,"[""Factory Styles/Oberkr_ Waltz 1.mid"",""Factory Styles/Oberkr_ Waltz 2.mid""]"
RHYTHM,ACC4,Ending 3,7fa9c1809310e8e8,2,2,"[""Factory Styles/Oberkr_ Waltz 1.mid"",""Factory Styles/Oberkr_ Waltz 2.mid""]"
RHYTHM,ACC5,Ending 3,dd74bdef9c8ca138,2,2,"[""Factory Styles/Oberkr_ Waltz 1.mid"",""Factory Styles/Oberkr_ Waltz 2.mid""]"
RHYTHM,DRUM,Intro 3,e88159b1c2fc0954,2,2,"[""Factory Styles/Operetta.mid"",""Factory Styles/SchlagerShuffle2.mid""]"
RHYTHM,PERC,Intro 2,80dd7d07626917e4,2,2,"[""Factory Styles/Operetta.mid"",""Factory Styles/Rap.mid""]"
RHYTHM,ACC3,Ending 2,824ed5853d4950c9,2,2,"[""Factory Styles/Operetta.mid"",""Factory Styles/Pop 12_8.mid""]"
RHYTHM,ACC1,Intro 3,17361906229cb626,2,2,"[""Factory Styles/Organ Ballad.mid"",""Factory Styles/Philly Disco.mid""]"
RHYTHM,PERC,Variation 3,295ab2fd02be5343,2,2,"[""Factory Styles/Organ Evergreens.mid"",""Factory Styles/Schlager Rhumba.mid""]"
RHYTHM,PERC,Intro 3,b149aaeeae4053fc,2,2,"[""Factory Styles/Organ Evergreens.mid"",""Factory Styles/Schlager Rhumba.mid""]"
RHYTHM,PERC,Break,45fadff766869711,2,2,"[""Factory Styles/Organ Evergreens.mid"",""Factory Styles/Schlager Rhumba.mid""]"
RHYTHM,DRUM,Break,cea4c86be171135e,2,2,"[""Factory Styles/Organ Foxtrot.mid"",""Factory Styles/Quick Step 1.mid""]"
RHYTHM,ACC3,Break,0fa6eb767cc64592,2,2,"[""Factory Styles/Organ Foxtrot.mid"",""Factory Styles/Quick Step 1.mid""]"
RHYTHM,DRUM,Variation 1,f4de0f61ed63523d,2,2,"[""Factory Styles/Oriental Dance.mid"",""Factory Styles/Soca Dance.mid""]"
RHYTHM,DRUM,Variation 2,f4de0f61ed63523d,2,2,"[""Factory Styles/Oriental Dance.mid"",""Factory Styles/Soca Dance.mid""]"
RHYTHM,BASS,Variation 3,3611b150837f77ae,2,2,"[""Factory Styles/Oriental Dance.mid"",""Factory Styles/Techno.mid""]"
RHYTHM,BASS,Variation 4,3611b150837f77ae,2,2,"[""Factory Styles/Oriental Dance.mid"",""Factory Styles/Techno.mid""]"
RHYTHM,BASS,Fill 1,68e65d1485ca2906,2,2,"[""Factory Styles/Oriental Dance.mid"",""Factory Styles/Techno.mid""]"
RHYTHM,DRUM,Intro 3,d3d30fc769025b35,2,2,"[""Factory Styles/Party Mix.mid"",""Factory Styles/UnpluggedBallad3.mid""]"
RHYTHM,ACC1,Fill 2,930d8e5a426b0353,2,2,"[""Factory Styles/Party Mix.mid"",""Factory Styles/Samba Medley.mid""]"
RHYTHM,ACC5,Fill 2,a9e0803975080f5c,2,2,"[""Factory Styles/Party Mix.mid"",""Factory Styles/UnpluggedBallad1.mid""]"
RHYTHM,DRUM,Break,b98c71999f3d5207,2,2,"[""Factory Styles/Party Polka.mid"",""Factory Styles/Show Time.mid""]"
RHYTHM,ACC4,Ending 2,cba2fdf5c5772adc,2,2,"[""Factory Styles/Philly Disco.mid"",""Factory Styles/Slow Latin Pop.mid""]"
RHYTHM,ACC1,Variation 4,b6822ddee10d8e57,2,2,"[""Factory Styles/Pop 12_8.mid"",""Factory Styles/Pop Chart 2.mid""]"
RHYTHM,ACC4,Variation 1,e5882406e029f464,2,2,"[""Factory Styles/Pop 12_8.mid"",""Factory Styles/Unplugged Gtr 2.mid""]"
RHYTHM,BASS,Break,806d0183fb19683a,2,2,"[""Factory Styles/Pop 6_8.mid"",""Factory Styles/Slow 6_8.mid""]"
RHYTHM,BASS,Variation 1,364175b330c6fcd5,2,2,"[""Factory Styles/Pop Ballad.mid"",""Factory Styles/Soft Ballad.mid""]"
RHYTHM,BASS,Intro 3,800984d7ddb9c5c7,2,2,"[""Factory Styles/Pop Funk 2.mid"",""Factory Styles/Soft 16 Beat.mid""]"
RHYTHM,ACC1,Variation 1,c61ef6e0f256cce4,2,2,"[""Factory Styles/Pop Hit Ballad.mid"",""Factory Styles/Soft 16 Beat.mid""]"
RHYTHM,ACC2,Variation 1,0df6a8df616fb721,2,2,"[""Factory Styles/Pop Hit Ballad.mid"",""Factory Styles/Unplugged Gtr 2.mid""]"
RHYTHM,BASS,Intro 2,9f635c71e82e80df,2,2,"[""Factory Styles/Pop Schlager.mid"",""Factory Styles/SchlagerShuffle1.mid""]"
RHYTHM,ACC3,Ending 3,5a1e4779478ff72a,2,2,"[""Factory Styles/Pop Schlager.mid"",""Factory Styles/Soca Dance.mid""]"
RHYTHM,DRUM,Fill 2,92915ea2d7c9295e,2,2,"[""Factory Styles/Pop Shuffle 2.mid"",""Factory Styles/Pop Shuffle 3.mid""]"
RHYTHM,DRUM,Break,f82cddc48786a99f,2,2,"[""Factory Styles/Pop Shuffle 2.mid"",""Factory Styles/Pop Shuffle 3.mid""]"
RHYTHM,DRUM,Ending 2,52c280c4fbf88a19,2,2,"[""Factory Styles/Pop Shuffle 2.mid"",""Factory Styles/Pop Shuffle 3.mid""]"
RHYTHM,DRUM,Ending 3,7547b8910c893038,2,2,"[""Factory Styles/Pop Shuffle 2.mid"",""Factory Styles/Pop Shuffle 3.mid""]"
RHYTHM,PERC,Ending 2,02f355986cd77ee6,2,2,"[""Factory Styles/Pop Shuffle 2.mid"",""Factory Styles/Pop Shuffle 3.mid""]"
RHYTHM,BASS,Fill 1,86f8aed836f7bb91,2,2,"[""Factory Styles/Pop Shuffle 2.mid"",""Factory Styles/Quick Step 2.mid""]"
RHYTHM,BASS,Ending 2,a49fb60da791d230,2,2,"[""Factory Styles/Pop Shuffle 2.mid"",""Factory Styles/Pop Shuffle 3.mid""]"
RHYTHM,BASS,Ending 3,e0b22b910425ea66,2,2,"[""Factory Styles/Pop Shuffle 2.mid"",""Factory Styles/Pop Shuffle 3.mid""]"
RHYTHM,ACC1,Ending 2,062fc52ceebfc73b,2,2,"[""Factory Styles/Pop Shuffle 2.mid"",""Factory Styles/Pop Shuffle 3.mid""]"
RHYTHM,ACC2,Ending 2,1c6f78fdd4ce9e29,2,2,"[""Factory Styles/Pop Shuffle 2.mid"",""Factory Styles/Pop Shuffle 3.mid""]"
RHYTHM,ACC3,Ending 2,ef847335adf52d49,2,2,"[""Factory Styles/Pop Shuffle 2.mid"",""Factory Styles/Pop Shuffle 3.mid""]"
RHYTHM,ACC4,Break,7dffcc4790ef6d18,2,2,"[""Factory Styles/Pop Shuffle 2.mid"",""Factory Styles/Pop Shuffle 3.mid""]"
RHYTHM,ACC4,Ending 2,2a582829646f98b3,2,2,"[""Factory Styles/Pop Shuffle 2.mid"",""Factory Styles/Pop Shuffle 3.mid""]"
RHYTHM,ACC4,Ending 3,a638607c92c48ae8,2,2,"[""Factory Styles/Pop Shuffle 2.mid"",""Factory Styles/Pop Shuffle 3.mid""]"
RHYTHM,ACC5,Fill 2,4d314e0289e0ecbd,2,2,"[""Factory Styles/Pop Shuffle 2.mid"",""Factory Styles/Pop Shuffle 3.mid""]"
RHYTHM,ACC5,Ending 2,682327e7934b4bba,2,2,"[""Factory Styles/Pop Shuffle 2.mid"",""Factory Styles/Pop Shuffle 3.mid""]"
RHYTHM,ACC5,Ending 3,ae966b3ca8882e2c,2,2,"[""Factory Styles/Pop Shuffle 2.mid"",""Factory Styles/Pop Shuffle 3.mid""]"
RHYTHM,DRUM,Ending 3,80aeac25ce98ddf8,2,2,"[""Factory Styles/Pop Shuffle 2.mid"",""Factory Styles/Pop Shuffle 3.mid""]"
RHYTHM,BASS,Ending 3,436a14483f8be769,2,2,"[""Factory Styles/Pop Shuffle 2.mid"",""Factory Styles/Pop Shuffle 3.mid""]"
RHYTHM,ACC4,Ending 3,7519d0d91f838509,2,2,"[""Factory Styles/Pop Shuffle 2.mid"",""Factory Styles/Pop Shuffle 3.mid""]"
RHYTHM,ACC5,Ending 3,45a70dc18eb52af6,2,2,"[""Factory Styles/Pop Shuffle 2.mid"",""Factory Styles/Pop Shuffle 3.mid""]"
RHYTHM,ACC1,Intro 2,abe69ae507a0b9ec,2,2,"[""Factory Styles/Quick Step 2.mid"",""Factory Styles/Slow Fox.mid""]"
RHYTHM,DRUM,Ending 2,2ccba1584342f7c7,2,2,"[""Factory Styles/Real 16 Beat.mid"",""Factory Styles/Real 8 Beat.mid""]"
RHYTHM,DRUM,Ending 3,593efd4740bdc2f5,2,2,"[""Factory Styles/Real 16 Beat.mid"",""Factory Styles/Real 8 Beat.mid""]"
RHYTHM,PERC,Ending 2,d0cdbcf409582aac,2,2,"[""Factory Styles/Real 16 Beat.mid"",""Factory Styles/Real 8 Beat.mid""]"
RHYTHM,PERC,Ending 3,43920f2218ef4f7a,2,2,"[""Factory Styles/Real 16 Beat.mid"",""Factory Styles/Real 8 Beat.mid""]"
RHYTHM,BASS,Ending 1,af8257a97853f18d,2,2,"[""Factory Styles/Real 16 Beat.mid"",""Factory Styles/Real 8 Beat.mid""]"
RHYTHM,BASS,Ending 2,11f8289e546b1c3d,2,2,"[""Factory Styles/Real 16 Beat.mid"",""Factory Styles/Real 8 Beat.mid""]"
RHYTHM,BASS,Ending 3,1af5343a72d039a6,2,2,"[""Factory Styles/Real 16 Beat.mid"",""Factory Styles/Real 8 Beat.mid""]"
RHYTHM,ACC1,Ending 1,af235a94d016f0ce,2,2,"[""Factory Styles/Real 16 Beat.mid"",""Factory Styles/Real 8 Beat.mid""]"
RHYTHM,ACC1,Ending 2,227d22880e1fdfcc,2,2,"[""Factory Styles/Real 16 Beat.mid"",""Factory Styles/Real 8 Beat.mid""]"
RHYTHM,ACC1,Ending 3,6f3d092d213a3cda,2,2,"[""Factory Styles/Real 16 Beat.mid"",""Factory Styles/Real 8 Beat.mid""]"
RHYTHM,ACC2,Ending 1,57ab70dbbfd57434,2,2,"[""Factory Styles/Real 16 Beat.mid"",""Factory Styles/Real 8 Beat.mid""]"
RHYTHM,ACC2,Ending 2,fbe5603d7d9ffd97,2,2,"[""Factory Styles/Real 16 Beat.mid"",""Factory Styles/Real 8 Beat.mid""]"
RHYTHM,ACC3,Ending 1,1faecc6d6922b687,2,2,"[""Factory Styles/Real 16 Beat.mid"",""Factory Styles/Real 8 Beat.mid""]"
RHYTHM,ACC3,Ending 2,16f99104c115ad12,2,2,"[""Factory Styles/Real 16 Beat.mid"",""Factory Styles/Real 8 Beat.mid""]"
RHYTHM,ACC3,Ending 3,95106900f83415c7,2,2,"[""Factory Styles/Real 16 Beat.mid"",""Factory Styles/Real 8 Beat.mid""]"
RHYTHM,ACC4,Ending 1,29b9ac0078b84d60,2,2,"[""Factory Styles/Real 16 Beat.mid"",""Factory Styles/Real 8 Beat.mid""]"
RHYTHM,BASS,Ending 1,af319e7ebe1be2d7,2,2,"[""Factory Styles/Real 16 Beat.mid"",""Factory Styles/Real 8 Beat.mid""]"
RHYTHM,ACC1,Ending 1,47b54e03c419995c,2,2,"[""Factory Styles/Real 16 Beat.mid"",""Factory Styles/Real 8 Beat.mid""]"
RHYTHM,ACC2,Ending 1,935ed108c333ca61,2,2,"[""Factory Styles/Real 16 Beat.mid"",""Factory Styles/Real 8 Beat.mid""]"
RHYTHM,ACC3,Ending 1,667452e15bf74ab3,2,2,"[""Factory Styles/Real 16 Beat.mid"",""Factory Styles/Real 8 Beat.mid""]"
RHYTHM,ACC4,Ending 1,79981f867d5aa0a1,2,2,"[""Factory Styles/Real 16 Beat.mid"",""Factory Styles/Real 8 Beat.mid""]"
RHYTHM,PERC,Fill 2,6a8c4430fcf8b414,2,2,"[""Factory Styles/Safari Swing.mid"",""Factory Styles/Unplugged Slow.mid""]"
RHYTHM,DRUM,Variation 2,12b2b3e22c35d031,2,2,"[""Factory Styles/Samba Medley.mid"",""Factory Styles/Slow & Jazzy.mid""]"
RHYTHM,DRUM,Variation 3,12b2b3e22c35d031,2,2,"[""Factory Styles/Samba Medley.mid"",""Factory Styles/Slow & Jazzy.mid""]"
RHYTHM,BASS,Ending 3,fbe5603d7d9ffd97,2,2,"[""Factory Styles/Samba Medley.mid"",""Factory Styles/Twist.mid""]"
RHYTHM,DRUM,Ending 3,66a29486ec41ba4a,2,2,"[""Factory Styles/Schlager 2.mid"",""Factory Styles/Schlager 3.mid""]"
RHYTHM,BASS,Fill 2,61ce6a9d83005ef8,2,2,"[""Factory Styles/Schlager 2.mid"",""Factory Styles/Schlager 3.mid""]"
RHYTHM,BASS,Ending 3,cf7ff231964b5a59,2,2,"[""Factory Styles/Schlager 2.mid"",""Factory Styles/Schlager 3.mid""]"
RHYTHM,ACC1,Ending 3,c609811815e1db2c,2,2,"[""Factory Styles/Schlager 2.mid"",""Factory Styles/Schlager 3.mid""]"
RHYTHM,ACC4,Fill 2,9345a6e512e603f3,2,2,"[""Factory Styles/Schlager 2.mid"",""Factory Styles/Schlager 3.mid""]"
RHYTHM,ACC4,Ending 3,377167d72567dbec,2,2,"[""Factory Styles/Schlager 2.mid"",""Factory Styles/Schlager 3.mid""]"
RHYTHM,ACC5,Fill 2,fae2a2734e1e67b6,2,2,"[""Factory Styles/Schlager 2.mid"",""Factory Styles/Schlager 3.mid""]"
RHYTHM,ACC5,Ending 3,3da5c61182785283,2,2,"[""Factory Styles/Schlager 2.mid"",""Factory Styles/Schlager 3.mid""]"
RHYTHM,BASS,Fill 2,8cbd978215c4c8d6,2,2,"[""Factory Styles/Schlager 2.mid"",""Factory Styles/Schlager 3.mid""]"
RHYTHM,ACC2,Fill 2,205a5429f5aee8dc,2,2,"[""Factory Styles/Schlager 2.mid"",""Factory Styles/Schlager 3.mid""]"
RHYTHM,ACC4,Fill 2,205a5429f5aee8dc,2,2,"[""Factory Styles/Schlager 2.mid"",""Factory Styles/Schlager 3.mid""]"
RHYTHM,ACC5,Fill 2,d7e2ff2fcc30d2ef,2,2,"[""Factory Styles/Schlager 2.mid"",""Factory Styles/Schlager 3.mid""]"
RHYTHM,DRUM,Intro 3,810bb38ee8d1d139,2,2,"[""Factory Styles/Schlager 4.mid"",""Factory Styles/Smooth Jazz.mid""]"
RHYTHM,PERC,Fill 1,12a3fc46515c6528,2,2,"[""Factory Styles/Schlager Rhumba.mid"",""Factory Styles/Unplugged 8 Bt.mid""]"
RHYTHM,DRUM,Variation 3,e6e461627d8baffe,2,2,"[""Factory Styles/SchlagerShuffle1.mid"",""Factory Styles/SchlagerShuffle2.mid""]"
RHYTHM,DRUM,Variation 4,e6e461627d8baffe,2,2,"[""Factory Styles/SchlagerShuffle1.mid"",""Factory Styles/SchlagerShuffle2.mid""]"
RHYTHM,DRUM,Intro 3,394e5b3fba68d631,2,2,"[""Factory Styles/SchlagerShuffle1.mid"",""Factory Styles/Unplugged Swing.mid""]"
RHYTHM,DRUM,Fill 2,837d755b97eb5ea6,2,2,"[""Factory Styles/Slide Blues.mid"",""Factory Styles/Unplugged Rock.mid""]"
RHYTHM,DRUM,Break,c72a61c897cfac3f,2,2,"[""Factory Styles/Slide Blues.mid"",""Factory Styles/Unplugged Rock.mid""]"
RHYTHM,DRUM,Ending 2,232c99d9fe740f7f,2,2,"[""Factory Styles/Slide Blues.mid"",""Factory Styles/Unplugged Rock.mid""]"
RHYTHM,DRUM,Ending 3,a51236fcc7d9ea41,2,2,"[""Factory Styles/Slide Blues.mid"",""Factory Styles/Unplugged Rock.mid""]"
RHYTHM,BASS,Fill 2,f9fe833dd349d2aa,2,2,"[""Factory Styles/Slide Blues.mid"",""Factory Styles/Unplugged Rock.mid""]"
RHYTHM,BASS,Break,30fbe70293f5ff54,2,2,"[""Factory Styles/Slide Blues.mid"",""Factory Styles/Unplugged Rock.mid""]"
RHYTHM,BASS,Ending 2,d4c7199be0c8e290,2,2,"[""Factory Styles/Slide Blues.mid"",""Factory Styles/Unplugged Rock.mid""]"
RHYTHM,BASS,Ending 3,97d906384b219f42,2,2,"[""Factory Styles/Slide Blues.mid"",""Factory Styles/Unplugged Rock.mid""]"
RHYTHM,ACC1,Ending 2,3140f4434c25abd7,2,2,"[""Factory Styles/Slide Blues.mid"",""Factory Styles/Unplugged Rock.mid""]"
RHYTHM,ACC1,Ending 3,7c41cacaee2e0c62,2,2,"[""Factory Styles/Slide Blues.mid"",""Factory Styles/Unplugged Rock.mid""]"
RHYTHM,ACC2,Break,88550717871b2344,2,2,"[""Factory Styles/Slide Blues.mid"",""Factory Styles/Unplugged Rock.mid""]"
RHYTHM,ACC2,Ending 1,ef6c1eceedbc37bb,2,2,"[""Factory Styles/Slide Blues.mid"",""Factory Styles/Unplugged Rock.mid""]"
RHYTHM,ACC2,Ending 2,245a280b3e9af6a3,2,2,"[""Factory Styles/Slide Blues.mid"",""Factory Styles/Unplugged Rock.mid""]"
RHYTHM,ACC2,Ending 3,829d388960723948,2,2,"[""Factory Styles/Slide Blues.mid"",""Factory Styles/Unplugged Rock.mid""]"
RHYTHM,ACC3,Ending 1,f706ee005dbf7eda,2,2,"[""Factory Styles/Slide Blues.mid"",""Factory Styles/Unplugged Rock.mid""]"
RHYTHM,ACC3,Ending 2,428ebded4c8f7e58,2,2,"[""Factory Styles/Slide Blues.mid"",""Factory Styles/Unplugged Rock.mid""]"
RHYTHM,ACC3,Ending 3,4cfdb98a23a233a7,2,2,"[""Factory Styles/Slide Blues.mid"",""Factory Styles/Unplugged Rock.mid""]"
RHYTHM,ACC4,Ending 2,e1f9b6834c279802,2,2,"[""Factory Styles/Slide Blues.mid"",""Factory Styles/Unplugged Rock.mid""]"
RHYTHM,ACC5,Fill 2,226008240aac5cab,2,2,"[""Factory Styles/Slide Blues.mid"",""Factory Styles/Unplugged Rock.mid""]"
RHYTHM,ACC5,Ending 1,fcb8e2d5dc3c0ffd,2,2,"[""Factory Styles/Slide Blues.mid"",""Factory Styles/Unplugged Rock.mid""]"
RHYTHM,ACC5,Ending 2,2e532f300434d63f,2,2,"[""Factory Styles/Slide Blues.mid"",""Factory Styles/Unplugged Rock.mid""]"
RHYTHM,ACC5,Ending 3,6ccc53d3bdddb7ce,2,2,"[""Factory Styles/Slide Blues.mid"",""Factory Styles/Unplugged Rock.mid""]"
RHYTHM,DRUM,Fill 2,07c55a70752e4dce,2,2,"[""Factory Styles/Slide Blues.mid"",""Factory Styles/Unplugged Rock.mid""]"
RHYTHM,BASS,Fill 2,f02b4265f8fd9301,2,2,"[""Factory Styles/Slide Blues.mid"",""Factory Styles/Unplugged Rock.mid""]"
RHYTHM,ACC2,Ending 1,4d8dca95fd719733,2,2,"[""Factory Styles/Slide Blues.mid"",""Factory Styles/Unplugged Rock.mid""]"
RHYTHM,ACC3,Ending 1,85bf886b81219ce2,2,2,"[""Factory Styles/Slide Blues.mid"",""Factory Styles/Unplugged Rock.mid""]"
RHYTHM,ACC5,Fill 2,b1d49a226efab5ec,2,2,"[""Factory Styles/Slide Blues.mid"",""Factory Styles/Unplugged Rock.mid""]"
RHYTHM,ACC5,Ending 1,3f5cb6685f888432,2,2,"[""Factory Styles/Slide Blues.mid"",""Factory Styles/Unplugged Rock.mid""]"
RHYTHM,PERC,Variation 3,d28cfcf57f4956da,2,2,"[""Factory Styles/Slow HipHop.mid"",""Factory Styles/Unplugged Slow.mid""]"
RHYTHM,PERC,Variation 3,5423cd071fa75485,2,2,"[""Factory Styles/Slow HipHop.mid"",""Factory Styles/Unplugged Slow.mid""]"
RHYTHM,DRUM,Intro 3,251c4f7d13817a82,2,2,"[""Factory Styles/Slow Waltz 1.mid"",""Factory Styles/Slow Waltz 2.mid""]"
RHYTHM,ACC3,Fill 1,6696778b003652da,2,2,"[""Factory Styles/Slow Waltz 1.mid"",""Factory Styles/Slow Waltz 2.mid""]"
RHYTHM,DRUM,Ending 1,de61c3b1349dba7a,2,2,"[""Factory Styles/Soft 16 Beat.mid"",""Factory Styles/Soft 8 Beat.mid""]"
RHYTHM,DRUM,Ending 2,fe3702ab8fc9a147,2,2,"[""Factory Styles/Soft 16 Beat.mid"",""Factory Styles/Soft 8 Beat.mid""]"
RHYTHM,DRUM,Ending 3,9fef9afa614af7e3,2,2,"[""Factory Styles/Soft 16 Beat.mid"",""Factory Styles/Soft 8 Beat.mid""]"
RHYTHM,PERC,Ending 1,1fac5aae52caea58,2,2,"[""Factory Styles/Soft 16 Beat.mid"",""Factory Styles/Soft 8 Beat.mid""]"
RHYTHM,PERC,Ending 2,3b218029600be32c,2,2,"[""Factory Styles/Soft 16 Beat.mid"",""Factory Styles/Soft 8 Beat.mid""]"
RHYTHM,PERC,Ending 3,1cdc0b38fad55e04,2,2,"[""Factory Styles/Soft 16 Beat.mid"",""Factory Styles/Soft 8 Beat.mid""]"
RHYTHM,BASS,Ending 1,1a3a5db484640305,2,2,"[""Factory Styles/Soft 16 Beat.mid"",""Factory Styles/Soft 8 Beat.mid""]"
RHYTHM,BASS,Ending 2,314138f634653737,2,2,"[""Factory Styles/Soft 16 Beat.mid"",""Factory Styles/Soft 8 Beat.mid""]"
RHYTHM,BASS,Ending 3,266fbcab93b22943,2,2,"[""Factory Styles/Soft 16 Beat.mid"",""Factory Styles/Soft 8 Beat.mid""]"
RHYTHM,ACC1,Ending 1,a490d383f6280996,2,2,"[""Factory Styles/Soft 16 Beat.mid"",""Factory Styles/Soft 8 Beat.mid""]"
RHYTHM,ACC1,Ending 2,7cc97f6fbdfadb9c,2,2,"[""Factory Styles/Soft 16 Beat.mid"",""Factory Styles/Soft 8 Beat.mid""]"
RHYTHM,ACC2,Ending 1,680467b8497b5142,2,2,"[""Factory Styles/Soft 16 Beat.mid"",""Factory Styles/Soft 8 Beat.mid""]"
RHYTHM,ACC2,Ending 2,5c0f573636d62dd6,2,2,"[""Factory Styles/Soft 16 Beat.mid"",""Factory Styles/Soft 8 Beat.mid""]"
RHYTHM,ACC2,Ending 3,5805912544b49870,2,2,"[""Factory Styles/Soft 16 Beat.mid"",""Factory Styles/Soft 8 Beat.mid""]"
RHYTHM,ACC3,Ending 1,a7db3705b390c95a,2,2,"[""Factory Styles/Soft 16 Beat.mid"",""Factory Styles/Soft 8 Beat.mid""]"
RHYTHM,ACC4,Ending 1,01c61a87127661b8,2,2,"[""Factory Styles/Soft 16 Beat.mid"",""Factory Styles/Soft 8 Beat.mid""]"
RHYTHM,ACC4,Ending 2,35f61099c3f73fef,2,2,"[""Factory Styles/Soft 16 Beat.mid"",""Factory Styles/Soft 8 Beat.mid""]"
RHYTHM,ACC4,Ending 3,790684b27afd9db1,2,2,"[""Factory Styles/Soft 16 Beat.mid"",""Factory Styles/Soft 8 Beat.mid""]"
RHYTHM,ACC5,Ending 1,c480ce4e3454bf0a,2,2,"[""Factory Styles/Soft 16 Beat.mid"",""Factory Styles/Soft 8 Beat.mid""]"
RHYTHM,ACC5,Ending 2,377a4455ca864d26,2,2,"[""Factory Styles/Soft 16 Beat.mid"",""Factory Styles/Soft 8 Beat.mid""]"
RHYTHM,ACC5,Ending 3,1203a7c0a7504ed7,2,2,"[""Factory Styles/Soft 16 Beat.mid"",""Factory Styles/Soft 8 Beat.mid""]"
RHYTHM,DRUM,Ending 1,bc6d581e68434e95,2,2,"[""Factory Styles/Soft 16 Beat.mid"",""Factory Styles/Soft 8 Beat.mid""]"
RHYTHM,PERC,Ending 1,0b32577933024af7,2,2,"[""Factory Styles/Soft 16 Beat.mid"",""Factory Styles/Soft 8 Beat.mid""]"
RHYTHM,BASS,Ending 1,dc94dfb4842e6b99,2,2,"[""Factory Styles/Soft 16 Beat.mid"",""Factory Styles/Soft 8 Beat.mid""]"
RHYTHM,ACC1,Ending 1,a81d9d162c9037b7,2,2,"[""Factory Styles/Soft 16 Beat.mid"",""Factory Styles/Soft 8 Beat.mid""]"
RHYTHM,ACC2,Ending 1,66eb7bc60484045e,2,2,"[""Factory Styles/Soft 16 Beat.mid"",""Factory Styles/Soft 8 Beat.mid""]"
RHYTHM,ACC3,Ending 1,7441c95d5901dd5a,2,2,"[""Factory Styles/Soft 16 Beat.mid"",""Factory Styles/Soft 8 Beat.mid""]"
RHYTHM,ACC4,Ending 1,0452fe153fafe506,2,2,"[""Factory Styles/Soft 16 Beat.mid"",""Factory Styles/Soft 8 Beat.mid""]"
RHYTHM,ACC5,Ending 1,58d57b9db20b3f4c,2,2,"[""Factory Styles/Soft 16 Beat.mid"",""Factory Styles/Soft 8 Beat.mid""]"
RHYTHM,ACC1,Fill 1,9cd09ce873f9fa63,2,2,"[""Factory Styles/Soft HipHop.mid"",""Factory Styles/Swing HipHop.mid""]"
RHYTHM,DRUM,Ending 3,53f62b3706dec629,2,2,"[""Factory Styles/Standard 16 Beat.mid"",""Factory Styles/Standard 8 Beat.mid""]"
RHYTHM,BASS,Ending 1,96f07ffdde1f55d0,2,2,"[""Factory Styles/Standard 16 Beat.mid"",""Factory Styles/Standard 8 Beat.mid""]"
RHYTHM,ACC1,Ending 1,7365bf64eb1a2e85,2,2,"[""Factory Styles/Standard 16 Beat.mid"",""Factory Styles/Standard 8 Beat.mid""]"
RHYTHM,ACC2,Ending 1,b08d1c60952831e3,2,2,"[""Factory Styles/Standard 16 Beat.mid"",""Factory Styles/Standard 8 Beat.mid""]"
RHYTHM,ACC2,Ending 3,4520055fb006850b,2,2,"[""Factory Styles/Standard 16 Beat.mid"",""Factory Styles/Standard 8 Beat.mid""]"
RHYTHM,ACC3,Ending 1,72aa843946f25e32,2,2,"[""Factory Styles/Standard 16 Beat.mid"",""Factory Styles/Standard 8 Beat.mid""]"
RHYTHM,ACC3,Ending 3,4ac5a2431fd4a59f,2,2,"[""Factory Styles/Standard 16 Beat.mid"",""Factory Styles/Standard 8 Beat.mid""]"
RHYTHM,ACC4,Ending 1,40279da6bf8edbf0,2,2,"[""Factory Styles/Standard 16 Beat.mid"",""Factory Styles/Standard 8 Beat.mid""]"
RHYTHM,ACC5,Ending 1,247a72459ab5a201,2,2,"[""Factory Styles/Standard 16 Beat.mid"",""Factory Styles/Standard 8 Beat.mid""]"
RHYTHM,ACC5,Ending 3,50cd11c019d2cb2f,2,2,"[""Factory Styles/Standard 16 Beat.mid"",""Factory Styles/Standard 8 Beat.mid""]"
RHYTHM,BASS,Ending 1,99cae077ce40b3cc,2,2,"[""Factory Styles/Standard 16 Beat.mid"",""Factory Styles/Standard 8 Beat.mid""]"
RHYTHM,ACC1,Ending 1,6b9a2adeb6ac351e,2,2,"[""Factory Styles/Standard 16 Beat.mid"",""Factory Styles/Standard 8 Beat.mid""]"
RHYTHM,ACC2,Ending 1,7931841bb6916bfd,2,2,"[""Factory Styles/Standard 16 Beat.mid"",""Factory Styles/Standard 8 Beat.mid""]"
RHYTHM,ACC3,Ending 1,a1bf315f65732916,2,2,"[""Factory Styles/Standard 16 Beat.mid"",""Factory Styles/Standard 8 Beat.mid""]"
RHYTHM,ACC4,Ending 1,aef2ee3f7084cf13,2,2,"[""Factory Styles/Standard 16 Beat.mid"",""Factory Styles/Standard 8 Beat.mid""]"
RHYTHM,ACC5,Ending 1,781b5be69d297954,2,2,"[""Factory Styles/Standard 16 Beat.mid"",""Factory Styles/Standard 8 Beat.mid""]"
RHYTHM,ACC4,Fill 2,ab575b1c3401fa68,2,2,"[""Factory Styles/Take Beat.mid"",""Factory Styles/Unplugged Slow.mid""]"
RHYTHM,BASS,Fill 2,453c2c5f79b9af51,2,2,"[""Factory Styles/Twist.mid"",""Factory Styles/Western Movie.mid""]"
RHYTHM,DRUM,Ending 2,0f806c3bee58b6c4,2,2,"[""Factory Styles/Unplugged 16 Bt.mid"",""Factory Styles/Unplugged 8 Bt.mid""]"
RHYTHM,DRUM,Ending 3,d655d2603fced997,2,2,"[""Factory Styles/Unplugged 16 Bt.mid"",""Factory Styles/Unplugged 8 Bt.mid""]"
RHYTHM,PERC,Ending 2,6056df2d30c54694,2,2,"[""Factory Styles/Unplugged 16 Bt.mid"",""Factory Styles/Unplugged 8 Bt.mid""]"
RHYTHM,PERC,Ending 3,e782d045834989d9,2,2,"[""Factory Styles/Unplugged 16 Bt.mid"",""Factory Styles/Unplugged 8 Bt.mid""]"
RHYTHM,BASS,Ending 2,9b64f15f3f6cb98e,2,2,"[""Factory Styles/Unplugged 16 Bt.mid"",""Factory Styles/Unplugged 8 Bt.mid""]"
RHYTHM,BASS,Ending 3,77f54ade98914af8,2,2,"[""Factory Styles/Unplugged 16 Bt.mid"",""Factory Styles/Unplugged 8 Bt.mid""]"
RHYTHM,ACC1,Ending 2,00e74ed147389907,2,2,"[""Factory Styles/Unplugged 16 Bt.mid"",""Factory Styles/Unplugged 8 Bt.mid""]"
RHYTHM,ACC2,Ending 2,f871c428655826e5,2,2,"[""Factory Styles/Unplugged 16 Bt.mid"",""Factory Styles/Unplugged 8 Bt.mid""]"
RHYTHM,ACC2,Ending 3,b6c577b34b95631b,2,2,"[""Factory Styles/Unplugged 16 Bt.mid"",""Factory Styles/Unplugged 8 Bt.mid""]"
RHYTHM,ACC3,Ending 2,e1bc2c57349af078,2,2,"[""Factory Styles/Unplugged 16 Bt.mid"",""Factory Styles/Unplugged 8 Bt.mid""]"
RHYTHM,ACC3,Ending 3,e2e79463266b9232,2,2,"[""Factory Styles/Unplugged 16 Bt.mid"",""Factory Styles/Unplugged 8 Bt.mid""]"
RHYTHM,ACC4,Ending 3,2e7af0c0d1980408,2,2,"[""Factory Styles/Unplugged 16 Bt.mid"",""Factory Styles/Unplugged 8 Bt.mid""]"
RHYTHM,ACC5,Ending 2,0695785db3a77550,2,2,"[""Factory Styles/Unplugged 16 Bt.mid"",""Factory Styles/Unplugged 8 Bt.mid""]"
RHYTHM,ACC1,Ending 1,32fc8c5ad05ce464,2,2,"[""Factory Styles/Unplugged 16 Bt.mid"",""Factory Styles/Unplugged 8 Bt.mid""]"
RHYTHM,ACC2,Ending 1,df23711710ea825f,2,2,"[""Factory Styles/Unplugged 16 Bt.mid"",""Factory Styles/Unplugged 8 Bt.mid""]"
RHYTHM,ACC3,Ending 1,95f23ab8189e746e,2,2,"[""Factory Styles/Unplugged 16 Bt.mid"",""Factory Styles/Unplugged 8 Bt.mid""]"
RHYTHM,ACC4,Ending 1,d665ef47f9420f68,2,2,"[""Factory Styles/Unplugged 16 Bt.mid"",""Factory Styles/Unplugged 8 Bt.mid""]"
RHYTHM,ACC5,Ending 1,eab7acc0b4e3c111,2,2,"[""Factory Styles/Unplugged 16 Bt.mid"",""Factory Styles/Unplugged 8 Bt.mid""]"
RHYTHM,ACC4,Ending 1,0fdea9bfb1da45b2,2,2,"[""Factory Styles/Unplugged 8 Bt.mid"",""Factory Styles/Unplugged Slow.mid""]"
PERFORMANCE,DRUM,Intro 3,92a41399383e33cf,2,2,"[""Factory Styles/60's Dance.mid"",""Factory Styles/Soca Dance.mid""]"
PERFORMANCE,DRUM,Break,00bd813d0b39498e,2,2,"[""Factory Styles/60's Dance.mid"",""Factory Styles/Soca Dance.mid""]"
PERFORMANCE,ACC2,Variation 3,29b68bc28cd76881,2,2,"[""Factory Styles/70's Disco 1.mid"",""Factory Styles/Unplugged Slow.mid""]"
PERFORMANCE,ACC2,Fill 1,29b68bc28cd76881,2,2,"[""Factory Styles/70's Disco 1.mid"",""Factory Styles/Medium BigBand2.mid""]"
PERFORMANCE,ACC5,Variation 4,cf40a5513b7006af,2,2,"[""Factory Styles/70's Disco 1.mid"",""Factory Styles/HipHop.mid""]"
PERFORMANCE,ACC2,Break,827cbe89d728ef3e,2,2,"[""Factory Styles/8 Beat Analog 1.mid"",""Factory Styles/Pop Jazz.mid""]"
PERFORMANCE,ACC4,Variation 2,fcc64df40ac60bc6,2,2,"[""Factory Styles/8 Beat Analog 1.mid"",""Factory Styles/Schlager Rhumba.mid""]"
PERFORMANCE,ACC5,Intro 2,cf40a5513b7006af,2,2,"[""Factory Styles/8 Beat Analog 1.mid"",""Factory Styles/Argentina Tango.mid""]"
PERFORMANCE,ACC5,Fill 1,02a1f226febef658,2,2,"[""Factory Styles/8 Beat Analog 1.mid"",""Factory Styles/Musette Waltz.mid""]"
PERFORMANCE,ACC1,Ending 2,fcc64df40ac60bc6,2,2,"[""Factory Styles/8 Beat Analog 2.mid"",""Factory Styles/Kool Funk.mid""]"
PERFORMANCE,ACC3,Variation 2,7a1899becfa94bb8,2,2,"[""Factory Styles/80's Dance.mid"",""Factory Styles/Rock Schlager.mid""]"
PERFORMANCE,ACC2,Intro 2,a5f6862c5c623235,2,2,"[""Factory Styles/Al Funk.mid"",""Factory Styles/Standard 16 Beat.mid""]"
PERFORMANCE,PERC,Variation 2,e8e9fbb8add7e41d,2,2,"[""Factory Styles/Alpen Ballade.mid"",""Factory Styles/Country Schlager.mid""]"
PERFORMANCE,ACC4,Break,827cbe89d728ef3e,2,2,"[""Factory Styles/Alpen Rock.mid"",""Factory Styles/Serenade.mid""]"
PERFORMANCE,BASS,Fill 1,82011bdd43d0a486,2,2,"[""Factory Styles/Analog Ballad 2.mid"",""Factory Styles/Little Boy.mid""]"
PERFORMANCE,ACC4,Fill 1,cab2fb13ea1ad71d,2,2,"[""Factory Styles/Analog Ballad 2.mid"",""Factory Styles/Foxtrot 2.mid""]"
PERFORMANCE,ACC3,Ending 3,008bedb44c21871a,2,2,"[""Factory Styles/Bavarian Pop.mid"",""Factory Styles/Blue Ballad.mid""]"
PERFORMANCE,ACC3,Variation 3,008bedb44c21871a,2,2,"[""Factory Styles/Bavarian Pop.mid"",""Factory Styles/Blue Ballad.mid""]"
PERFORMANCE,ACC3,Variation 4,008bedb44c21871a,2,2,"[""Factory Styles/Bavarian Pop.mid"",""Factory Styles/Blue Ballad.mid""]"
PERFORMANCE,PERC,Variation 1,aa890d536364179b,2,2,"[""Factory Styles/Big Band 40's.mid"",""Factory Styles/Big Band Fox.mid""]"
PERFORMANCE,PERC,Variation 2,aa890d536364179b,2,2,"[""Factory Styles/Big Band 40's.mid"",""Factory Styles/Big Band Fox.mid""]"
PERFORMANCE,PERC,Variation 3,070e2b93bae60f58,2,2,"[""Factory Styles/Big Band 40's.mid"",""Factory Styles/Big Band Fox.mid""]"
PERFORMANCE,PERC,Variation 4,58bd6edb5b6ea3c1,2,2,"[""Factory Styles/Big Band 40's.mid"",""Factory Styles/Big Band Fox.mid""]"
PERFORMANCE,BASS,Break,ce5c59392b72a623,2,2,"[""Factory Styles/Big Band Jump.mid"",""Factory Styles/Rock Ballad 2.mid""]"
PERFORMANCE,ACC4,Intro 2,827cbe89d728ef3e,2,2,"[""Factory Styles/Black Funk.mid"",""Factory Styles/Groove Ballad.mid""]"
PERFORMANCE,ACC5,Break,008bedb44c21871a,2,2,"[""Factory Styles/Caribbean.mid"",""Factory Styles/Jazzy PopFunk.mid""]"
PERFORMANCE,DRUM,Fill 1,588796928c41478c,2,2,"[""Factory Styles/Classic Beat.mid"",""Factory Styles/Soft 16 Beat.mid""]"
PERFORMANCE,DRUM,Fill 2,d4e9aa6ec7778684,2,2,"[""Factory Styles/Classic Beat.mid"",""Factory Styles/Soft 16 Beat.mid""]"
PERFORMANCE,DRUM,Break,9c1d09a4333d0527,2,2,"[""Factory Styles/Classic Beat.mid"",""Factory Styles/Soft 16 Beat.mid""]"
PERFORMANCE,BASS,Fill 1,83286f060d20c1d4,2,2,"[""Factory Styles/Classic Beat.mid"",""Factory Styles/Soft 16 Beat.mid""]"
PERFORMANCE,BASS,Fill 2,32a3107f879c8e55,2,2,"[""Factory Styles/Classic Beat.mid"",""Factory Styles/Soft 16 Beat.mid""]"
PERFORMANCE,BASS,Break,9e79857a9c9bd441,2,2,"[""Factory Styles/Classic Beat.mid"",""Factory Styles/Soft 16 Beat.mid""]"
PERFORMANCE,ACC1,Fill 1,4670e54f74094883,2,2,"[""Factory Styles/Classic Beat.mid"",""Factory Styles/Soft 16 Beat.mid""]"
PERFORMANCE,ACC1,Fill 2,4670e54f74094883,2,2,"[""Factory Styles/Classic Beat.mid"",""Factory Styles/Soft 16 Beat.mid""]"
PERFORMANCE,ACC2,Fill 1,8a223c172580f7d3,2,2,"[""Factory Styles/Classic Beat.mid"",""Factory Styles/Soft 16 Beat.mid""]"
PERFORMANCE,ACC2,Fill 2,8a223c172580f7d3,2,2,"[""Factory Styles/Classic Beat.mid"",""Factory Styles/Soft 16 Beat.mid""]"
PERFORMANCE,ACC2,Break,83e254b133af15cc,2,2,"[""Factory Styles/Classic Beat.mid"",""Factory Styles/Soft 16 Beat.mid""]"
PERFORMANCE,ACC3,Fill 1,daa40005f2da87bc,2,2,"[""Factory Styles/Classic Beat.mid"",""Factory Styles/Soft 16 Beat.mid""]"
PERFORMANCE,ACC3,Fill 2,daa40005f2da87bc,2,2,"[""Factory Styles/Classic Beat.mid"",""Factory Styles/Soft 16 Beat.mid""]"
PERFORMANCE,ACC3,Break,c2f51611777e1341,2,2,"[""Factory Styles/Classic Beat.mid"",""Factory Styles/Soft 16 Beat.mid""]"
PERFORMANCE,ACC4,Fill 1,a8a2f2b1b8230886,2,2,"[""Factory Styles/Classic Beat.mid"",""Factory Styles/Soft 16 Beat.mid""]"
PERFORMANCE,ACC4,Fill 2,beb4280db899a975,2,2,"[""Factory Styles/Classic Beat.mid"",""Factory Styles/Soft 16 Beat.mid""]"
PERFORMANCE,ACC4,Break,55de09b706e6f5e3,2,2,"[""Factory Styles/Classic Beat.mid"",""Factory Styles/Soft 16 Beat.mid""]"
PERFORMANCE,DRUM,Break,e74d3bf47307ae8c,2,2,"[""Factory Styles/Classic Funk.mid"",""Factory Styles/Elektrik Funk.mid""]"
PERFORMANCE,DRUM,Ending 1,0794e84772a22ad6,2,2,"[""Factory Styles/Classic Funk.mid"",""Factory Styles/Elektrik Funk.mid""]"
PERFORMANCE,DRUM,Ending 2,dfd75e154db91ccf,2,2,"[""Factory Styles/Classic Funk.mid"",""Factory Styles/Elektrik Funk.mid""]"
PERFORMANCE,DRUM,Ending 3,246d55a6dc9ded69,2,2,"[""Factory Styles/Classic Funk.mid"",""Factory Styles/Elektrik Funk.mid""]"
PERFORMANCE,PERC,Break,7ca1843066b1e721,2,2,"[""Factory Styles/Classic Funk.mid"",""Factory Styles/Elektrik Funk.mid""]"
PERFORMANCE,PERC,Ending 1,c519a6255735add2,2,2,"[""Factory Styles/Classic Funk.mid"",""Factory Styles/Elektrik Funk.mid""]"
PERFORMANCE,PERC,Ending 2,ab5a4c8ffccd3bfb,2,2,"[""Factory Styles/Classic Funk.mid"",""Factory Styles/Elektrik Funk.mid""]"
PERFORMANCE,PERC,Ending 3,1955503324bf4b32,2,2,"[""Factory Styles/Classic Funk.mid"",""Factory Styles/Elektrik Funk.mid""]"
PERFORMANCE,BASS,Break,2d83624ce624e28c,2,2,"[""Factory Styles/Classic Funk.mid"",""Factory Styles/Elektrik Funk.mid""]"
PERFORMANCE,BASS,Ending 1,7e53a07e715ee711,2,2,"[""Factory Styles/Classic Funk.mid"",""Factory Styles/Elektrik Funk.mid""]"
PERFORMANCE,BASS,Ending 2,52eb68968add1a7b,2,2,"[""Factory Styles/Classic Funk.mid"",""Factory Styles/Elektrik Funk.mid""]"
PERFORMANCE,BASS,Ending 3,bbebdacfef951858,2,2,"[""Factory Styles/Classic Funk.mid"",""Factory Styles/Elektrik Funk.mid""]"
PERFORMANCE,ACC1,Ending 1,16756de177cded63,2,2,"[""Factory Styles/Classic Funk.mid"",""Factory Styles/Elektrik Funk.mid""]"
PERFORMANCE,ACC1,Ending 2,61fa3e1e5e0fa62f,2,2,"[""Factory Styles/Classic Funk.mid"",""Factory Styles/Elektrik Funk.mid""]"
PERFORMANCE,ACC1,Ending 3,b4f94e1d17d83d27,2,2,"[""Factory Styles/Classic Funk.mid"",""Factory Styles/Elektrik Funk.mid""]"
PERFORMANCE,ACC2,Variation 3,43fcd0df87be7780,2,2,"[""Factory Styles/Classic Funk.mid"",""Factory Styles/Groove Funk.mid""]"
PERFORMANCE,ACC2,Ending 1,84ac0cd6d21fd9b4,2,2,"[""Factory Styles/Classic Funk.mid"",""Factory Styles/Elektrik Funk.mid""]"
PERFORMANCE,ACC2,Ending 2,fef140949d90b0c1,2,2,"[""Factory Styles/Classic Funk.mid"",""Factory Styles/Elektrik Funk.mid""]"
PERFORMANCE,ACC2,Ending 3,ba62e8f8fa48b276,2,2,"[""Factory Styles/Classic Funk.mid"",""Factory Styles/Elektrik Funk.mid""]"
PERFORMANCE,ACC3,Ending 1,5eb6515c920933ec,2,2,"[""Factory Styles/Classic Funk.mid"",""Factory Styles/Elektrik Funk.mid""]"
PERFORMANCE,ACC3,Ending 2,131e7fe51d49174d,2,2,"[""Factory Styles/Classic Funk.mid"",""Factory Styles/Elektrik Funk.mid""]"
PERFORMANCE,ACC3,Ending 3,524a4a8efa283f07,2,2,"[""Factory Styles/Classic Funk.mid"",""Factory Styles/Elektrik Funk.mid""]"
PERFORMANCE,ACC4,Ending 1,51f6fcedc351e942,2,2,"[""Factory Styles/Classic Funk.mid"",""Factory Styles/Elektrik Funk.mid""]"
PERFORMANCE,ACC4,Ending 2,af47b782e6f2e6f7,2,2,"[""Factory Styles/Classic Funk.mid"",""Factory Styles/Elektrik Funk.mid""]"
PERFORMANCE,ACC4,Ending 3,c0709aefb7624d22,2,2,"[""Factory Styles/Classic Funk.mid"",""Factory Styles/Elektrik Funk.mid""]"
PERFORMANCE,ACC5,Fill 2,e1d9d95ef72fd408,2,2,"[""Factory Styles/Classic Funk.mid"",""Factory Styles/Elektrik Funk.mid""]"
PERFORMANCE,ACC5,Ending 1,4ce953c8a67892ff,2,2,"[""Factory Styles/Classic Funk.mid"",""Factory Styles/Elektrik Funk.mid""]"
PERFORMANCE,ACC5,Ending 2,e9caf1f9bb1c068b,2,2,"[""Factory Styles/Classic Funk.mid"",""Factory Styles/Elektrik Funk.mid""]"
PERFORMANCE,ACC5,Ending 3,2930c45d4ba7ec36,2,2,"[""Factory Styles/Classic Funk.mid"",""Factory Styles/Elektrik Funk.mid""]"
PERFORMANCE,DRUM,Ending 1,3cf7fc0478a8b97a,2,2,"[""Factory Styles/Classic Funk.mid"",""Factory Styles/Elektrik Funk.mid""]"
PERFORMANCE,PERC,Ending 1,eac24499765e2846,2,2,"[""Factory Styles/Classic Funk.mid"",""Factory Styles/Elektrik Funk.mid""]"
PERFORMANCE,BASS,Ending 1,dd156ee64b7140ed,2,2,"[""Factory Styles/Classic Funk.mid"",""Factory Styles/Elektrik Funk.mid""]"
PERFORMANCE,ACC1,Ending 1,cf02ee1f5d4c756c,2,2,"[""Factory Styles/Classic Funk.mid"",""Factory Styles/Elektrik Funk.mid""]"
PERFORMANCE,ACC2,Ending 1,30174fefa9110b33,2,2,"[""Factory Styles/Classic Funk.mid"",""Factory Styles/Elektrik Funk.mid""]"
PERFORMANCE,ACC3,Ending 1,1b979dbbdf6db79f,2,2,"[""Factory Styles/Classic Funk.mid"",""Factory Styles/Elektrik Funk.mid""]"
PERFORMANCE,ACC4,Ending 1,e77b0a753a9f0b2f,2,2,"[""Factory Styles/Classic Funk.mid"",""Factory Styles/Elektrik Funk.mid""]"
PERFORMANCE,ACC5,Ending 1,7293b97b9b4cba08,2,2,"[""Factory Styles/Classic Funk.mid"",""Factory Styles/Elektrik Funk.mid""]"
PERFORMANCE,ACC3,Fill 1,821e4a1733acac33,2,2,"[""Factory Styles/ClassicSchlager2.mid"",""Factory Styles/Samba Medley.mid""]"
PERFORMANCE,DRUM,Variation 1,0aa611476eea7bb3,2,2,"[""Factory Styles/Club House.mid"",""Factory Styles/Party Mix.mid""]"
PERFORMANCE,ACC4,Ending 2,827cbe89d728ef3e,2,2,"[""Factory Styles/Club House.mid"",""Factory Styles/Kool Funk.mid""]"
PERFORMANCE,DRUM,Fill 2,ade525a7a8a9a983,2,2,"[""Factory Styles/Country 16 Beat.mid"",""Factory Styles/Country 8 Beat.mid""]"
PERFORMANCE,DRUM,Break,6bbc5a3c09183656,2,2,"[""Factory Styles/Country 16 Beat.mid"",""Factory Styles/Country 8 Beat.mid""]"
PERFORMANCE,DRUM,Ending 1,ca3482db9e6fb81f,2,2,"[""Factory Styles/Country 16 Beat.mid"",""Factory Styles/Country 8 Beat.mid""]"
PERFORMANCE,PERC,Fill 2,e724734a18b0d7cd,2,2,"[""Factory Styles/Country 16 Beat.mid"",""Factory Styles/Country 8 Beat.mid""]"
PERFORMANCE,BASS,Ending 1,cefc333a1f8d8d73,2,2,"[""Factory Styles/Country 16 Beat.mid"",""Factory Styles/Country 8 Beat.mid""]"
PERFORMANCE,BASS,Ending 2,b300293f984ab4a0,2,2,"[""Factory Styles/Country 16 Beat.mid"",""Factory Styles/Country 8 Beat.mid""]"
PERFORMANCE,BASS,Ending 3,27959e5354add270,2,2,"[""Factory Styles/Country 16 Beat.mid"",""Factory Styles/Country 8 Beat.mid""]"
PERFORMANCE,ACC1,Fill 2,235c5c81d818206d,2,2,"[""Factory Styles/Country 16 Beat.mid"",""Factory Styles/Country 8 Beat.mid""]"
PERFORMANCE,ACC1,Break,ba2f832fc700ea54,2,2,"[""Factory Styles/Country 16 Beat.mid"",""Factory Styles/Country 8 Beat.mid""]"
PERFORMANCE,ACC1,Ending 1,8559138a216dd93f,2,2,"[""Factory Styles/Country 16 Beat.mid"",""Factory Styles/Country 8 Beat.mid""]"
PERFORMANCE,ACC1,Ending 2,a86c97a197c3e522,2,2,"[""Factory Styles/Country 16 Beat.mid"",""Factory Styles/Country 8 Beat.mid""]"
PERFORMANCE,ACC1,Ending 3,24bdadc586bc3622,2,2,"[""Factory Styles/Country 16 Beat.mid"",""Factory Styles/Country 8 Beat.mid""]"
PERFORMANCE,ACC2,Fill 2,18caa720fe5db3a8,2,2,"[""Factory Styles/Country 16 Beat.mid"",""Factory Styles/Country 8 Beat.mid""]"
PERFORMANCE,ACC2,Break,973e036c9773c6e6,2,2,"[""Factory Styles/Country 16 Beat.mid"",""Factory Styles/Country 8 Beat.mid""]"
PERFORMANCE,ACC2,Ending 1,e7cf39a48b35675a,2,2,"[""Factory Styles/Country 16 Beat.mid"",""Factory Styles/Country 8 Beat.mid""]"
PERFORMANCE,ACC2,Ending 2,3104337537f943e5,2,2,"[""Factory Styles/Country 16 Beat.mid"",""Factory Styles/Country 8 Beat.mid""]"
PERFORMANCE,ACC2,Ending 3,9c303c9e094f237a,2,2,"[""Factory Styles/Country 16 Beat.mid"",""Factory Styles/Country 8 Beat.mid""]"
PERFORMANCE,ACC3,Fill 2,50152caed909b60a,2,2,"[""Factory Styles/Country 16 Beat.mid"",""Factory Styles/Country 8 Beat.mid""]"
PERFORMANCE,ACC3,Break,7a20fd60c31fbc19,2,2,"[""Factory Styles/Country 16 Beat.mid"",""Factory Styles/Country 8 Beat.mid""]"
PERFORMANCE,ACC3,Ending 1,9b8e6cf7b0c44ab2,2,2,"[""Factory Styles/Country 16 Beat.mid"",""Factory Styles/Country 8 Beat.mid""]"
PERFORMANCE,ACC3,Ending 2,56048ad03871f7be,2,2,"[""Factory Styles/Country 16 Beat.mid"",""Factory Styles/Country 8 Beat.mid""]"
PERFORMANCE,ACC3,Ending 3,97fbda37cd2d8093,2,2,"[""Factory Styles/Country 16 Beat.mid"",""Factory Styles/Country 8 Beat.mid""]"
PERFORMANCE,ACC4,Fill 2,d55227d8f79aeb87,2,2,"[""Factory Styles/Country 16 Beat.mid"",""Factory Styles/Country 8 Beat.mid""]"
PERFORMANCE,ACC4,Ending 1,35684a3335b14397,2,2,"[""Factory Styles/Country 16 Beat.mid"",""Factory Styles/Country 8 Beat.mid""]"
PERFORMANCE,ACC4,Ending 2,9155de43a3ad40d5,2,2,"[""Factory Styles/Country 16 Beat.mid"",""Factory Styles/Country 8 Beat.mid""]"
PERFORMANCE,ACC4,Ending 3,f72f4edfd867055b,2,2,"[""Factory Styles/Country 16 Beat.mid"",""Factory Styles/Country 8 Beat.mid""]"
PERFORMANCE,ACC5,Fill 2,ac810f960c154979,2,2,"[""Factory Styles/Country 16 Beat.mid"",""Factory Styles/Country 8 Beat.mid""]"
PERFORMANCE,ACC5,Ending 1,61f3d63782e037eb,2,2,"[""Factory Styles/Country 16 Beat.mid"",""Factory Styles/Country 8 Beat.mid""]"
PERFORMANCE,ACC5,Ending 2,033e12fd031ba90f,2,2,"[""Factory Styles/Country 16 Beat.mid"",""Factory Styles/Country 8 Beat.mid""]"
PERFORMANCE,ACC5,Ending 3,bdfab271d60c46fe,2,2,"[""Factory Styles/Country 16 Beat.mid"",""Factory Styles/Country 8 Beat.mid""]"
PERFORMANCE,DRUM,Fill 2,6c2ea82dae1c25b9,2,2,"[""Factory Styles/Country 16 Beat.mid"",""Factory Styles/Country 8 Beat.mid""]"
PERFORMANCE,DRUM,Ending 1,265ac0b784350a09,2,2,"[""Factory Styles/Country 16 Beat.mid"",""Factory Styles/Country 8 Beat.mid""]"
PERFORMANCE,PERC,Fill 2,49d3916003396cc4,2,2,"[""Factory Styles/Country 16 Beat.mid"",""Factory Styles/Country 8 Beat.mid""]"
PERFORMANCE,BASS,Ending 1,7176100ba758631e,2,2,"[""Factory Styles/Country 16 Beat.mid"",""Factory Styles/Country 8 Beat.mid""]"
PERFORMANCE,BASS,Ending 2,a145538a00ad26eb,2,2,"[""Factory Styles/Country 16 Beat.mid"",""Factory Styles/Country 8 Beat.mid""]"
PERFORMANCE,BASS,Ending 3,f24e372313e00699,2,2,"[""Factory Styles/Country 16 Beat.mid"",""Factory Styles/Country 8 Beat.mid""]"
PERFORMANCE,ACC1,Fill 2,9d3b006ce1045b9a,2,2,"[""Factory Styles/Country 16 Beat.mid"",""Factory Styles/Country 8 Beat.mid""]"
PERFORMANCE,ACC1,Ending 1,e64754a9ca0a182f,2,2,"[""Factory Styles/Country 16 Beat.mid"",""Factory Styles/Country 8 Beat.mid""]"
PERFORMANCE,ACC1,Ending 2,727bf0859100b4e8,2,2,"[""Factory Styles/Country 16 Beat.mid"",""Factory Styles/Country 8 Beat.mid""]"
PERFORMANCE,ACC1,Ending 3,6727a4bb72216d63,2,2,"[""Factory Styles/Country 16 Beat.mid"",""Factory Styles/Country 8 Beat.mid""]"
PERFORMANCE,ACC2,Fill 2,97616cce49cf9e26,2,2,"[""Factory Styles/Country 16 Beat.mid"",""Factory Styles/Country 8 Beat.mid""]"
PERFORMANCE,ACC2,Ending 1,a3df782b0a38109e,2,2,"[""Factory Styles/Country 16 Beat.mid"",""Factory Styles/Country 8 Beat.mid""]"
PERFORMANCE,ACC2,Ending 2,4db3de1f0681251a,2,2,"[""Factory Styles/Country 16 Beat.mid"",""Factory Styles/Country 8 Beat.mid""]"
PERFORMANCE,ACC2,Ending 3,f95ed154ff9047a4,2,2,"[""Factory Styles/Country 16 Beat.mid"",""Factory Styles/Country 8 Beat.mid""]"
PERFORMANCE,ACC3,Fill 2,8bfd58eceb2367f8,2,2,"[""Factory Styles/Country 16 Beat.mid"",""Factory Styles/Country 8 Beat.mid""]"
PERFORMANCE,ACC3,Ending 1,cc4bc2cc5ec2e435,2,2,"[""Factory Styles/Country 16 Beat.mid"",""Factory Styles/Country 8 Beat.mid""]"
PERFORMANCE,ACC3,Ending 2,f5efe4aa75518306,2,2,"[""Factory Styles/Country 16 Beat.mid"",""Factory Styles/Country 8 Beat.mid""]"
PERFORMANCE,ACC3,Ending 3,85a8a415ba594686,2,2,"[""Factory Styles/Country 16 Beat.mid"",""Factory Styles/Country 8 Beat.mid""]"
PERFORMANCE,ACC4,Fill 2,a2ad3fb46d328ddb,2,2,"[""Factory Styles/Country 16 Beat.mid"",""Factory Styles/Country 8 Beat.mid""]"
PERFORMANCE,ACC4,Ending 1,d25de0dc4012a3da,2,2,"[""Factory Styles/Country 16 Beat.mid"",""Factory Styles/Country 8 Beat.mid""]"
PERFORMANCE,ACC4,Ending 2,eae86b184c7f9952,2,2,"[""Factory Styles/Country 16 Beat.mid"",""Factory Styles/Country 8 Beat.mid""]"
PERFORMANCE,ACC4,Ending 3,56f88cc9120dee9f,2,2,"[""Factory Styles/Country 16 Beat.mid"",""Factory Styles/Country 8 Beat.mid""]"
PERFORMANCE,ACC5,Fill 2,9aaecd45bcfec8a7,2,2,"[""Factory Styles/Country 16 Beat.mid"",""Factory Styles/Country 8 Beat.mid""]"
PERFORMANCE,ACC5,Ending 1,394927c98d9242ef,2,2,"[""Factory Styles/Country 16 Beat.mid"",""Factory Styles/Country 8 Beat.mid""]"
PERFORMANCE,ACC5,Ending 2,0217cf826d802712,2,2,"[""Factory Styles/Country 16 Beat.mid"",""Factory Styles/Country 8 Beat.mid""]"
PERFORMANCE,ACC5,Ending 3,025fb8f9485e8ffa,2,2,"[""Factory Styles/Country 16 Beat.mid"",""Factory Styles/Country 8 Beat.mid""]"
PERFORMANCE,DRUM,Ending 3,ffc96d668ee3a371,2,2,"[""Factory Styles/Country Ballad 1.mid"",""Factory Styles/Country Ballad 2.mid""]"
PERFORMANCE,BASS,Ending 3,05594cd1de8b66b8,2,2,"[""Factory Styles/Country Ballad 1.mid"",""Factory Styles/Country Ballad 2.mid""]"
PERFORMANCE,ACC1,Ending 3,8761684492d7f1cb,2,2,"[""Factory Styles/Country Ballad 1.mid"",""Factory Styles/Country Ballad 2.mid""]"
PERFORMANCE,ACC2,Ending 3,ad7148593410c223,2,2,"[""Factory Styles/Country Ballad 1.mid"",""Factory Styles/Country Ballad 2.mid""]"
PERFORMANCE,ACC3,Ending 3,777393d80e389d8b,2,2,"[""Factory Styles/Country Ballad 1.mid"",""Factory Styles/Country Ballad 2.mid""]"
PERFORMANCE,ACC4,Break,cf40a5513b7006af,2,2,"[""Factory Styles/Country Ballad 1.mid"",""Factory Styles/Pop Chart 2.mid""]"
PERFORMANCE,ACC4,Ending 2,ea700bb82e1a177f,2,2,"[""Factory Styles/Country Ballad 1.mid"",""Factory Styles/Country Ballad 2.mid""]"
PERFORMANCE,ACC4,Ending 3,73107ed5f9591aef,2,2,"[""Factory Styles/Country Ballad 1.mid"",""Factory Styles/Country Ballad 2.mid""]"
PERFORMANCE,ACC5,Ending 2,ea6461be322b2cee,2,2,"[""Factory Styles/Country Ballad 1.mid"",""Factory Styles/Country Ballad 2.mid""]"
PERFORMANCE,ACC5,Ending 3,332985fe94aca9c0,2,2,"[""Factory Styles/Country Ballad 1.mid"",""Factory Styles/Country Ballad 2.mid""]"
PERFORMANCE,ACC4,Ending 2,d4fecdcf6cae6688,2,2,"[""Factory Styles/Country Ballad 1.mid"",""Factory Styles/Country Ballad 2.mid""]"
PERFORMANCE,ACC5,Ending 2,8718abdebe148faa,2,2,"[""Factory Styles/Country Ballad 1.mid"",""Factory Styles/Country Ballad 2.mid""]"
PERFORMANCE,BASS,Intro 3,c06a7d87504292ef,2,2,"[""Factory Styles/Country Beat 1.mid"",""Factory Styles/Country Strum.mid""]"
PERFORMANCE,ACC2,Ending 3,a4c9166d39f95f46,2,2,"[""Factory Styles/Country Pop.mid"",""Factory Styles/Modern Country.mid""]"
PERFORMANCE,ACC2,Ending 3,00e3eb5bf4a6f453,2,2,"[""Factory Styles/Country Pop.mid"",""Factory Styles/Modern Country.mid""]"
PERFORMANCE,DRUM,Fill 2,a0960514de836e60,2,2,"[""Factory Styles/Country QuikStep.mid"",""Factory Styles/Country Strum.mid""]"
PERFORMANCE,DRUM,Break,edc5c0db1bb3a1bf,2,2,"[""Factory Styles/Country QuikStep.mid"",""Factory Styles/Country Strum.mid""]"
PERFORMANCE,DRUM,Ending 2,4ba6f98c54047c10,2,2,"[""Factory Styles/Country QuikStep.mid"",""Factory Styles/Country Strum.mid""]"
PERFORMANCE,DRUM,Ending 3,d54a40e816dccc66,2,2,"[""Factory Styles/Country QuikStep.mid"",""Factory Styles/Country Strum.mid""]"
PERFORMANCE,PERC,Fill 2,6235ab271e4dba49,2,2,"[""Factory Styles/Country QuikStep.mid"",""Factory Styles/Country Strum.mid""]"
PERFORMANCE,PERC,Break,eb3772d30df6a749,2,2,"[""Factory Styles/Country QuikStep.mid"",""Factory Styles/Country Strum.mid""]"
PERFORMANCE,PERC,Ending 2,8c0d2de256970e12,2,2,"[""Factory Styles/Country QuikStep.mid"",""Factory Styles/Country Strum.mid""]"
PERFORMANCE,PERC,Ending 3,6235ab271e4dba49,2,2,"[""Factory Styles/Country QuikStep.mid"",""Factory Styles/Country Strum.mid""]"
PERFORMANCE,BASS,Fill 2,c42242a91da3575e,2,2,"[""Factory Styles/Country QuikStep.mid"",""Factory Styles/Country Strum.mid""]"
PERFORMANCE,BASS,Break,0497fe9695db484e,2,2,"[""Factory Styles/Country QuikStep.mid"",""Factory Styles/Country Strum.mid""]"
PERFORMANCE,BASS,Ending 1,6f3c325794802df5,2,2,"[""Factory Styles/Country QuikStep.mid"",""Factory Styles/Country Strum.mid""]"
PERFORMANCE,BASS,Ending 2,5ac4cc5c6fcbe851,2,2,"[""Factory Styles/Country QuikStep.mid"",""Factory Styles/Country Strum.mid""]"
PERFORMANCE,BASS,Ending 3,24b58a42a697db64,2,2,"[""Factory Styles/Country QuikStep.mid"",""Factory Styles/Country Strum.mid""]"
PERFORMANCE,ACC2,Fill 2,069fdc06e590778f,2,2,"[""Factory Styles/Country QuikStep.mid"",""Factory Styles/Country Strum.mid""]"
PERFORMANCE,ACC2,Break,5807e30a53816854,2,2,"[""Factory Styles/Country QuikStep.mid"",""Factory Styles/Country Strum.mid""]"
PERFORMANCE,ACC2,Ending 1,0849c4f76c2fa1ae,2,2,"[""Factory Styles/Country QuikStep.mid"",""Factory Styles/Country Strum.mid""]"
PERFORMANCE,ACC2,Ending 2,ffbaf95f3f388d1f,2,2,"[""Factory Styles/Country QuikStep.mid"",""Factory Styles/Country Strum.mid""]"
PERFORMANCE,ACC2,Ending 3,4d95845efc0d3249,2,2,"[""Factory Styles/Country QuikStep.mid"",""Factory Styles/Country Strum.mid""]"
PERFORMANCE,ACC3,Fill 2,f13bf4336c28a03c,2,2,"[""Factory Styles/Country QuikStep.mid"",""Factory Styles/Country Strum.mid""]"
PERFORMANCE,ACC3,Break,13343a74c24f5217,2,2,"[""Factory Styles/Country QuikStep.mid"",""Factory Styles/Country Strum.mid""]"
PERFORMANCE,ACC3,Ending 1,828c1dc8600b5637,2,2,"[""Factory Styles/Country QuikStep.mid"",""Factory Styles/Country Strum.mid""]"
PERFORMANCE,ACC3,Ending 2,93c859d4d62825e3,2,2,"[""Factory Styles/Country QuikStep.mid"",""Factory Styles/Country Strum.mid""]"
PERFORMANCE,ACC3,Ending 3,5bf68f47146f8f9c,2,2,"[""Factory Styles/Country QuikStep.mid"",""Factory Styles/Country Strum.mid""]"
PERFORMANCE,ACC4,Fill 2,cac7a8bb8c41cf3d,2,2,"[""Factory Styles/Country QuikStep.mid"",""Factory Styles/Country Strum.mid""]"
PERFORMANCE,ACC4,Ending 1,7b7708b24ffcf562,2,2,"[""Factory Styles/Country QuikStep.mid"",""Factory Styles/Country Strum.mid""]"
PERFORMANCE,ACC4,Ending 2,33c2430bc513b675,2,2,"[""Factory Styles/Country QuikStep.mid"",""Factory Styles/Country Strum.mid""]"
PERFORMANCE,ACC4,Ending 3,394a6c24e01c7077,2,2,"[""Factory Styles/Country QuikStep.mid"",""Factory Styles/Country Strum.mid""]"
PERFORMANCE,DRUM,Fill 2,314355e05f4777e4,2,2,"[""Factory Styles/Country QuikStep.mid"",""Factory Styles/Country Strum.mid""]"
PERFORMANCE,PERC,Fill 2,916967576a101a11,2,2,"[""Factory Styles/Country QuikStep.mid"",""Factory Styles/Country Strum.mid""]"
PERFORMANCE,BASS,Fill 2,4e66e0bb2beb36d2,2,2,"[""Factory Styles/Country QuikStep.mid"",""Factory Styles/Country Strum.mid""]"
PERFORMANCE,BASS,Ending 1,b6a2bf0e97f01b6e,2,2,"[""Factory Styles/Country QuikStep.mid"",""Factory Styles/Country Strum.mid""]"
PERFORMANCE,ACC2,Fill 2,f80a83a18b5683b1,2,2,"[""Factory Styles/Country QuikStep.mid"",""Factory Styles/Country Strum.mid""]"
PERFORMANCE,ACC2,Ending 1,2778c1b31069e886,2,2,"[""Factory Styles/Country QuikStep.mid"",""Factory Styles/Country Strum.mid""]"
PERFORMANCE,ACC3,Fill 2,f145afbb03ff8ef8,2,2,"[""Factory Styles/Country QuikStep.mid"",""Factory Styles/Country Strum.mid""]"
PERFORMANCE,ACC3,Ending 1,8e7896b2a553cc54,2,2,"[""Factory Styles/Country QuikStep.mid"",""Factory Styles/Country Strum.mid""]"
PERFORMANCE,ACC4,Fill 2,f896f9895b965d5f,2,2,"[""Factory Styles/Country QuikStep.mid"",""Factory Styles/Country Strum.mid""]"
PERFORMANCE,ACC4,Ending 1,a416810a15b21ebd,2,2,"[""Factory Styles/Country QuikStep.mid"",""Factory Styles/Country Strum.mid""]"
PERFORMANCE,ACC5,Variation 2,827cbe89d728ef3e,2,2,"[""Factory Styles/Country Schlager.mid"",""Factory Styles/Waltz Ballad.mid""]"
PERFORMANCE,DRUM,Ending 2,330b3dec36ec4b3d,2,2,"[""Factory Styles/Dance Mix.mid"",""Factory Styles/Disco Latin.mid""]"
PERFORMANCE,DRUM,Ending 3,b29356c776c6700c,2,2,"[""Factory Styles/Dance Mix.mid"",""Factory Styles/Disco Latin.mid""]"
PERFORMANCE,PERC,Ending 3,5278455a89afc409,2,2,"[""Factory Styles/Dance Mix.mid"",""Factory Styles/Disco Latin.mid""]"
PERFORMANCE,BASS,Ending 1,9338dd501c564f4b,2,2,"[""Factory Styles/Dance Mix.mid"",""Factory Styles/Disco Latin.mid""]"
PERFORMANCE,BASS,Ending 2,4233824a8b062eb9,2,2,"[""Factory Styles/Dance Mix.mid"",""Factory Styles/Disco Latin.mid""]"
PERFORMANCE,BASS,Ending 3,9a31532d78ee10f6,2,2,"[""Factory Styles/Dance Mix.mid"",""Factory Styles/Disco Latin.mid""]"
PERFORMANCE,ACC1,Ending 1,f6ebdf2cb4b7008b,2,2,"[""Factory Styles/Dance Mix.mid"",""Factory Styles/Disco Latin.mid""]"
PERFORMANCE,ACC1,Ending 2,3a58a9ef4f4fca82,2,2,"[""Factory Styles/Dance Mix.mid"",""Factory Styles/Disco Latin.mid""]"
PERFORMANCE,ACC1,Ending 3,fd12ff7e72ab0082,2,2,"[""Factory Styles/Dance Mix.mid"",""Factory Styles/Disco Latin.mid""]"
PERFORMANCE,ACC2,Ending 1,7ffd196574d434ee,2,2,"[""Factory Styles/Dance Mix.mid"",""Factory Styles/Disco Latin.mid""]"
PERFORMANCE,ACC2,Ending 2,b31df5731a7355c0,2,2,"[""Factory Styles/Dance Mix.mid"",""Factory Styles/Disco Latin.mid""]"
PERFORMANCE,ACC2,Ending 3,af1ea3281f41dd19,2,2,"[""Factory Styles/Dance Mix.mid"",""Factory Styles/Disco Latin.mid""]"
PERFORMANCE,ACC3,Ending 1,8b5f981d70791e0f,2,2,"[""Factory Styles/Dance Mix.mid"",""Factory Styles/Disco Latin.mid""]"
PERFORMANCE,ACC3,Ending 2,b1866e5dabfc8c72,2,2,"[""Factory Styles/Dance Mix.mid"",""Factory Styles/Disco Latin.mid""]"
PERFORMANCE,ACC3,Ending 3,8fc784f15132bb89,2,2,"[""Factory Styles/Dance Mix.mid"",""Factory Styles/Disco Latin.mid""]"
PERFORMANCE,BASS,Ending 1,4fab2da326c1a88b,2,2,"[""Factory Styles/Dance Mix.mid"",""Factory Styles/Disco Latin.mid""]"
PERFORMANCE,ACC1,Ending 1,e5943ae928401e8c,2,2,"[""Factory Styles/Dance Mix.mid"",""Factory Styles/Disco Latin.mid""]"
PERFORMANCE,ACC2,Ending 1,2eb0a11b94343dfc,2,2,"[""Factory Styles/Dance Mix.mid"",""Factory Styles/Disco Latin.mid""]"
PERFORMANCE,ACC3,Ending 1,b19613c7162f0031,2,2,"[""Factory Styles/Dance Mix.mid"",""Factory Styles/Disco Latin.mid""]"
PERFORMANCE,DRUM,Break,f20b5f57b5a28724,2,2,"[""Factory Styles/Dance Motown.mid"",""Factory Styles/Love Disco.mid""]"
PERFORMANCE,DRUM,Ending 2,05bf83ab69fd817d,2,2,"[""Factory Styles/Dance Motown.mid"",""Factory Styles/Love Disco.mid""]"
PERFORMANCE,DRUM,Ending 3,23c8c6f796862386,2,2,"[""Factory Styles/Dance Motown.mid"",""Factory Styles/Love Disco.mid""]"
PERFORMANCE,PERC,Ending 2,9b0fb9c44a910238,2,2,"[""Factory Styles/Dance Motown.mid"",""Factory Styles/Love Disco.mid""]"
PERFORMANCE,PERC,Ending 3,53d86ee9374b4a33,2,2,"[""Factory Styles/Dance Motown.mid"",""Factory Styles/Love Disco.mid""]"
PERFORMANCE,BASS,Break,430ca68105472be7,2,2,"[""Factory Styles/Dance Motown.mid"",""Factory Styles/Love Disco.mid""]"
PERFORMANCE,BASS,Ending 1,8b8a3af260c6dedd,2,2,"[""Factory Styles/Dance Motown.mid"",""Factory Styles/Love Disco.mid""]"
PERFORMANCE,BASS,Ending 2,b1b56b22cf329a55,2,2,"[""Factory Styles/Dance Motown.mid"",""Factory Styles/Love Disco.mid""]"
PERFORMANCE,BASS,Ending 3,290a5da96f364756,2,2,"[""Factory Styles/Dance Motown.mid"",""Factory Styles/Love Disco.mid""]"
PERFORMANCE,ACC1,Fill 2,821e4a1733acac33,2,2,"[""Factory Styles/Dance Motown.mid"",""Factory Styles/Soca Dance.mid""]"
PERFORMANCE,ACC1,Ending 1,c163d38dce5c6119,2,2,"[""Factory Styles/Dance Motown.mid"",""Factory Styles/Love Disco.mid""]"
PERFORMANCE,ACC1,Ending 2,40d881c159e2adc9,2,2,"[""Factory Styles/Dance Motown.mid"",""Factory Styles/Love Disco.mid""]"
PERFORMANCE,ACC1,Ending 3,db4279d7c4583b7e,2,2,"[""Factory Styles/Dance Motown.mid"",""Factory Styles/Love Disco.mid""]"
PERFORMANCE,ACC2,Ending 1,da935d9ca30baf6f,2,2,"[""Factory Styles/Dance Motown.mid"",""Factory Styles/Love Disco.mid""]"
PERFORMANCE,ACC2,Ending 2,3d265750a1cedfba,2,2,"[""Factory Styles/Dance Motown.mid"",""Factory Styles/Love Disco.mid""]"
PERFORMANCE,ACC2,Ending 3,89a52e726dd80cdc,2,2,"[""Factory Styles/Dance Motown.mid"",""Factory Styles/Love Disco.mid""]"
PERFORMANCE,ACC3,Ending 1,e1b689aef9b3cc8a,2,2,"[""Factory Styles/Dance Motown.mid"",""Factory Styles/Love Disco.mid""]"
PERFORMANCE,ACC3,Ending 2,29127744eae3c452,2,2,"[""Factory Styles/Dance Motown.mid"",""Factory Styles/Love Disco.mid""]"
PERFORMANCE,ACC3,Ending 3,a55ae92073f09417,2,2,"[""Factory Styles/Dance Motown.mid"",""Factory Styles/Love Disco.mid""]"
PERFORMANCE,ACC4,Ending 1,bf15cc1dabe5cfdc,2,2,"[""Factory Styles/Dance Motown.mid"",""Factory Styles/Love Disco.mid""]"
PERFORMANCE,ACC4,Ending 2,a1ffbeb61d4deace,2,2,"[""Factory Styles/Dance Motown.mid"",""Factory Styles/Love Disco.mid""]"
PERFORMANCE,ACC4,Ending 3,e8589f5de6e4bd88,2,2,"[""Factory Styles/Dance Motown.mid"",""Factory Styles/Love Disco.mid""]"
PERFORMANCE,ACC5,Ending 1,642350df827bce99,2,2,"[""Factory Styles/Dance Motown.mid"",""Factory Styles/Love Disco.mid""]"
PERFORMANCE,ACC5,Ending 2,b43ccfb8d25045df,2,2,"[""Factory Styles/Dance Motown.mid"",""Factory Styles/Love Disco.mid""]"
PERFORMANCE,ACC5,Ending 3,d8d56b1b59b8eb25,2,2,"[""Factory Styles/Dance Motown.mid"",""Factory Styles/Love Disco.mid""]"
PERFORMANCE,BASS,Ending 1,991f676479dcb1fc,2,2,"[""Factory Styles/Dance Motown.mid"",""Factory Styles/Love Disco.mid""]"
PERFORMANCE,ACC1,Ending 1,e81266c0efd02cc4,2,2,"[""Factory Styles/Dance Motown.mid"",""Factory Styles/Love Disco.mid""]"
PERFORMANCE,ACC2,Ending 1,fb0ffd00072bfe21,2,2,"[""Factory Styles/Dance Motown.mid"",""Factory Styles/Love Disco.mid""]"
PERFORMANCE,ACC3,Ending 1,2569201ad1c05de4,2,2,"[""Factory Styles/Dance Motown.mid"",""Factory Styles/Love Disco.mid""]"
PERFORMANCE,ACC4,Ending 1,f7e44bcd2e5feabf,2,2,"[""Factory Styles/Dance Motown.mid"",""Factory Styles/Love Disco.mid""]"
PERFORMANCE,ACC5,Ending 1,d04c7d3c623d7527,2,2,"[""Factory Styles/Dance Motown.mid"",""Factory Styles/Love Disco.mid""]"
PERFORMANCE,ACC1,Break,c06a7d87504292ef,2,2,"[""Factory Styles/Dance Schlager.mid"",""Factory Styles/Modern Ballad.mid""]"
PERFORMANCE,ACC2,Variation 3,91cbcfd0604660a0,2,2,"[""Factory Styles/Disco Latin.mid"",""Factory Styles/Hully Gully.mid""]"
PERFORMANCE,DRUM,Ending 1,e3312f2554d635d6,2,2,"[""Factory Styles/Disco Schlager.mid"",""Factory Styles/Medium Schlager.mid""]"
PERFORMANCE,DRUM,Ending 3,b74d216d49c78193,2,2,"[""Factory Styles/Disco Schlager.mid"",""Factory Styles/Medium Schlager.mid""]"
PERFORMANCE,PERC,Ending 3,36c815aeb962802c,2,2,"[""Factory Styles/Disco Schlager.mid"",""Factory Styles/Medium Schlager.mid""]"
PERFORMANCE,BASS,Fill 1,23288efb4d30f8bc,2,2,"[""Factory Styles/Disco Schlager.mid"",""Factory Styles/Pop Schlager.mid""]"
PERFORMANCE,BASS,Fill 2,3437e93edd4d0723,2,2,"[""Factory Styles/Disco Schlager.mid"",""Factory Styles/Pop Schlager.mid""]"
PERFORMANCE,BASS,Break,8ad0c6eff19a2425,2,2,"[""Factory Styles/Disco Schlager.mid"",""Factory Styles/Pop Schlager.mid""]"
PERFORMANCE,BASS,Ending 1,a65ee85a55aa128c,2,2,"[""Factory Styles/Disco Schlager.mid"",""Factory Styles/Medium Schlager.mid""]"
PERFORMANCE,BASS,Ending 2,efe58f0b31e6cacb,2,2,"[""Factory Styles/Disco Schlager.mid"",""Factory Styles/Medium Schlager.mid""]"
PERFORMANCE,BASS,Ending 3,7829be6df4d3c786,2,2,"[""Factory Styles/Disco Schlager.mid"",""Factory Styles/Medium Schlager.mid""]"
PERFORMANCE,ACC1,Fill 1,5ab87cae9eda7ebf,2,2,"[""Factory Styles/Disco Schlager.mid"",""Factory Styles/Pop Schlager.mid""]"
PERFORMANCE,ACC1,Ending 1,eadc8f80be7850fe,2,2,"[""Factory Styles/Disco Schlager.mid"",""Factory Styles/Medium Schlager.mid""]"
PERFORMANCE,ACC1,Ending 2,e7a2715913ab57da,2,2,"[""Factory Styles/Disco Schlager.mid"",""Factory Styles/Medium Schlager.mid""]"
PERFORMANCE,ACC1,Ending 3,61c795eff2027113,2,2,"[""Factory Styles/Disco Schlager.mid"",""Factory Styles/Medium Schlager.mid""]"
PERFORMANCE,ACC2,Fill 2,d5f877abb594d44d,2,2,"[""Factory Styles/Disco Schlager.mid"",""Factory Styles/Pop Schlager.mid""]"
PERFORMANCE,ACC2,Ending 1,ae0472fef9758342,2,2,"[""Factory Styles/Disco Schlager.mid"",""Factory Styles/Medium Schlager.mid""]"
PERFORMANCE,ACC2,Ending 3,0fe274fb88dea48c,2,2,"[""Factory Styles/Disco Schlager.mid"",""Factory Styles/Medium Schlager.mid""]"
PERFORMANCE,ACC3,Ending 1,4f710e1d4ea0ca96,2,2,"[""Factory Styles/Disco Schlager.mid"",""Factory Styles/Medium Schlager.mid""]"
PERFORMANCE,ACC3,Ending 2,404ddb81993894f9,2,2,"[""Factory Styles/Disco Schlager.mid"",""Factory Styles/Medium Schlager.mid""]"
PERFORMANCE,ACC4,Fill 1,378d62ca695937bf,2,2,"[""Factory Styles/Disco Schlager.mid"",""Factory Styles/Pop Schlager.mid""]"
PERFORMANCE,ACC4,Fill 2,9a748deab3c983a6,2,2,"[""Factory Styles/Disco Schlager.mid"",""Factory Styles/Pop Schlager.mid""]"
PERFORMANCE,ACC4,Ending 1,d4034042a07f0d0e,2,2,"[""Factory Styles/Disco Schlager.mid"",""Factory Styles/Medium Schlager.mid""]"
PERFORMANCE,ACC4,Ending 2,1eeee4705e23da9a,2,2,"[""Factory Styles/Disco Schlager.mid"",""Factory Styles/Medium Schlager.mid""]"
PERFORMANCE,ACC4,Ending 3,d201b76e0c96d9f5,2,2,"[""Factory Styles/Disco Schlager.mid"",""Factory Styles/Medium Schlager.mid""]"
PERFORMANCE,ACC5,Ending 1,4605e5d9c1065ff1,2,2,"[""Factory Styles/Disco Schlager.mid"",""Factory Styles/Medium Schlager.mid""]"
PERFORMANCE,DRUM,Ending 1,098860617707afad,2,2,"[""Factory Styles/Disco Schlager.mid"",""Factory Styles/Medium Schlager.mid""]"
PERFORMANCE,BASS,Fill 1,cf6c695187d4b097,2,2,"[""Factory Styles/Disco Schlager.mid"",""Factory Styles/Pop Schlager.mid""]"
PERFORMANCE,BASS,Fill 2,dd42f75d6fc82e94,2,2,"[""Factory Styles/Disco Schlager.mid"",""Factory Styles/Pop Schlager.mid""]"
PERFORMANCE,BASS,Ending 1,d226a85269e7479e,2,2,"[""Factory Styles/Disco Schlager.mid"",""Factory Styles/Medium Schlager.mid""]"
PERFORMANCE,BASS,Ending 2,2060e3c9ec4ea756,2,2,"[""Factory Styles/Disco Schlager.mid"",""Factory Styles/Medium Schlager.mid""]"
PERFORMANCE,ACC1,Fill 1,eaa12eafb43f723b,2,2,"[""Factory Styles/Disco Schlager.mid"",""Factory Styles/Pop Schlager.mid""]"
PERFORMANCE,ACC1,Ending 1,9f6b08b3267cdd40,2,2,"[""Factory Styles/Disco Schlager.mid"",""Factory Styles/Medium Schlager.mid""]"
PERFORMANCE,ACC1,Ending 2,a26c10a2a9e1f3bd,2,2,"[""Factory Styles/Disco Schlager.mid"",""Factory Styles/Medium Schlager.mid""]"
PERFORMANCE,ACC2,Fill 2,83913d2fdaa34c74,2,2,"[""Factory Styles/Disco Schlager.mid"",""Factory Styles/Pop Schlager.mid""]"
PERFORMANCE,ACC2,Ending 1,645d78ac0a07f91d,2,2,"[""Factory Styles/Disco Schlager.mid"",""Factory Styles/Medium Schlager.mid""]"
PERFORMANCE,ACC3,Ending 1,74a8a2e20a1b1426,2,2,"[""Factory Styles/Disco Schlager.mid"",""Factory Styles/Medium Schlager.mid""]"
PERFORMANCE,ACC3,Ending 2,116f14676f463033,2,2,"[""Factory Styles/Disco Schlager.mid"",""Factory Styles/Medium Schlager.mid""]"
PERFORMANCE,ACC4,Fill 1,662852279ea8b9c2,2,2,"[""Factory Styles/Disco Schlager.mid"",""Factory Styles/Pop Schlager.mid""]"
PERFORMANCE,ACC4,Fill 2,8841f027b180b4e8,2,2,"[""Factory Styles/Disco Schlager.mid"",""Factory Styles/Pop Schlager.mid""]"
PERFORMANCE,ACC4,Ending 1,ad2054e95f2f772d,2,2,"[""Factory Styles/Disco Schlager.mid"",""Factory Styles/Medium Schlager.mid""]"
PERFORMANCE,ACC4,Ending 2,f431fd2a5407cc6e,2,2,"[""Factory Styles/Disco Schlager.mid"",""Factory Styles/Medium Schlager.mid""]"
PERFORMANCE,ACC5,Ending 1,9854834d798c6019,2,2,"[""Factory Styles/Disco Schlager.mid"",""Factory Styles/Medium Schlager.mid""]"
PERFORMANCE,ACC5,Ending 3,7a1899becfa94bb8,2,2,"[""Factory Styles/Easy Ballad.mid"",""Factory Styles/Wave Jazz.mid""]"
PERFORMANCE,BASS,Break,31182ad79bd4f3d9,2,2,"[""Factory Styles/Easy Beat 1.mid"",""Factory Styles/Guitar Beat.mid""]"
PERFORMANCE,ACC2,Break,0fc6fce1f0ba3f8d,2,2,"[""Factory Styles/Easy Beat 1.mid"",""Factory Styles/Guitar Beat.mid""]"
PERFORMANCE,ACC3,Break,8d33522c4883b6af,2,2,"[""Factory Styles/Easy Beat 1.mid"",""Factory Styles/Guitar Beat.mid""]"
PERFORMANCE,ACC5,Variation 1,5a86d1fcfa2cff40,2,2,"[""Factory Styles/Easy Beat 1.mid"",""Factory Styles/Pop Chart 2.mid""]"
PERFORMANCE,BASS,Break,dcdbff5c3a69ad6a,2,2,"[""Factory Styles/Easy Listening.mid"",""Factory Styles/Medium Schlager.mid""]"
PERFORMANCE,DRUM,Ending 3,dfd389a770e5fc88,2,2,"[""Factory Styles/Easy Pop 1.mid"",""Factory Styles/Easy Pop 2.mid""]"
PERFORMANCE,PERC,Ending 3,f91ad38c4f921cc4,2,2,"[""Factory Styles/Easy Pop 1.mid"",""Factory Styles/Easy Pop 2.mid""]"
PERFORMANCE,BASS,Break,726d5478979ea96e,2,2,"[""Factory Styles/Easy Pop 1.mid"",""Factory Styles/Pop 12_8.mid""]"
PERFORMANCE,BASS,Ending 3,47464e7ef6b36db4,2,2,"[""Factory Styles/Easy Pop 1.mid"",""Factory Styles/Easy Pop 2.mid""]"
PERFORMANCE,ACC1,Ending 3,78552d6dde08d176,2,2,"[""Factory Styles/Easy Pop 1.mid"",""Factory Styles/Easy Pop 2.mid""]"
PERFORMANCE,ACC2,Ending 3,42d8629bfc7bf852,2,2,"[""Factory Styles/Easy Pop 1.mid"",""Factory Styles/Easy Pop 2.mid""]"
PERFORMANCE,ACC3,Ending 3,cab2fb13ea1ad71d,2,2,"[""Factory Styles/Easy Pop 1.mid"",""Factory Styles/Easy Pop 2.mid""]"
PERFORMANCE,ACC4,Intro 2,fcc64df40ac60bc6,2,2,"[""Factory Styles/Easy Pop 1.mid"",""Factory Styles/Schlager Rhumba.mid""]"
PERFORMANCE,ACC5,Ending 3,b079cd60f97a92cc,2,2,"[""Factory Styles/Easy Pop 1.mid"",""Factory Styles/Easy Pop 2.mid""]"
PERFORMANCE,ACC5,Variation 4,abab7a8149c77c22,2,2,"[""Factory Styles/Elektro Pop.mid"",""Factory Styles/Slow & Jazzy.mid""]"
PERFORMANCE,ACC5,Ending 3,02a1f226febef658,2,2,"[""Factory Styles/English Tango.mid"",""Factory Styles/German Waltz 3.mid""]"
PERFORMANCE,DRUM,Intro 3,2dc5db0b3668bedd,2,2,"[""Factory Styles/Fast Big Band 1.mid"",""Factory Styles/Medium BigBand1.mid""]"
PERFORMANCE,DRUM,Ending 2,026c3a46d61d5254,2,2,"[""Factory Styles/Fast Big Band 1.mid"",""Factory Styles/Medium BigBand2.mid""]"
PERFORMANCE,DRUM,Ending 3,fe9a89e728f2562d,2,2,"[""Factory Styles/Fast Big Band 1.mid"",""Factory Styles/Medium BigBand2.mid""]"
PERFORMANCE,BASS,Ending 1,bc06ed684503eecc,2,2,"[""Factory Styles/Fast Big Band 1.mid"",""Factory Styles/Medium BigBand2.mid""]"
PERFORMANCE,BASS,Ending 2,39333942568e130d,2,2,"[""Factory Styles/Fast Big Band 1.mid"",""Factory Styles/Medium BigBand2.mid""]"
PERFORMANCE,BASS,Ending 3,9489b129b4a8d5a5,2,2,"[""Factory Styles/Fast Big Band 1.mid"",""Factory Styles/Medium BigBand2.mid""]"
PERFORMANCE,ACC1,Ending 1,0e48dc5002f822d5,2,2,"[""Factory Styles/Fast Big Band 1.mid"",""Factory Styles/Medium BigBand2.mid""]"
PERFORMANCE,ACC1,Ending 2,4f9391e5e95aa0ff,2,2,"[""Factory Styles/Fast Big Band 1.mid"",""Factory Styles/Medium BigBand2.mid""]"
PERFORMANCE,ACC1,Ending 3,eba8ed59df72599c,2,2,"[""Factory Styles/Fast Big Band 1.mid"",""Factory Styles/Medium BigBand2.mid""]"
PERFORMANCE,ACC2,Ending 1,388053dec62274db,2,2,"[""Factory Styles/Fast Big Band 1.mid"",""Factory Styles/Medium BigBand2.mid""]"
PERFORMANCE,ACC2,Ending 2,7643fa77d49b5381,2,2,"[""Factory Styles/Fast Big Band 1.mid"",""Factory Styles/Medium BigBand2.mid""]"
PERFORMANCE,ACC2,Ending 3,417cd7c7ff80dcdb,2,2,"[""Factory Styles/Fast Big Band 1.mid"",""Factory Styles/Medium BigBand2.mid""]"
PERFORMANCE,ACC3,Ending 1,cd745bcfdc114c04,2,2,"[""Factory Styles/Fast Big Band 1.mid"",""Factory Styles/Medium BigBand2.mid""]"
PERFORMANCE,ACC3,Ending 2,bb7e2ea4b71d2b7e,2,2,"[""Factory Styles/Fast Big Band 1.mid"",""Factory Styles/Medium BigBand2.mid""]"
PERFORMANCE,ACC3,Ending 3,4f4eb517bf956c8f,2,2,"[""Factory Styles/Fast Big Band 1.mid"",""Factory Styles/Medium BigBand2.mid""]"
PERFORMANCE,ACC4,Ending 1,b04b3f79538c4738,2,2,"[""Factory Styles/Fast Big Band 1.mid"",""Factory Styles/Medium BigBand2.mid""]"
PERFORMANCE,ACC4,Ending 2,e6e1ae0618664d8b,2,2,"[""Factory Styles/Fast Big Band 1.mid"",""Factory Styles/Medium BigBand2.mid""]"
PERFORMANCE,ACC5,Ending 1,b2fd8465e0ec2962,2,2,"[""Factory Styles/Fast Big Band 1.mid"",""Factory Styles/Medium BigBand2.mid""]"
PERFORMANCE,ACC5,Ending 2,7ed9dd170c52924f,2,2,"[""Factory Styles/Fast Big Band 1.mid"",""Factory Styles/Medium BigBand2.mid""]"
PERFORMANCE,DRUM,Ending 3,34ec59d2447f6ed7,2,2,"[""Factory Styles/Fast Big Band 1.mid"",""Factory Styles/Medium BigBand2.mid""]"
PERFORMANCE,BASS,Ending 1,b9f35f0a606d05ac,2,2,"[""Factory Styles/Fast Big Band 1.mid"",""Factory Styles/Medium BigBand2.mid""]"
PERFORMANCE,BASS,Ending 3,e1bdc6f758381e3c,2,2,"[""Factory Styles/Fast Big Band 1.mid"",""Factory Styles/Medium BigBand2.mid""]"
PERFORMANCE,ACC1,Ending 1,6935fc3226248842,2,2,"[""Factory Styles/Fast Big Band 1.mid"",""Factory Styles/Medium BigBand2.mid""]"
PERFORMANCE,ACC1,Ending 3,75d7eb253608ad3f,2,2,"[""Factory Styles/Fast Big Band 1.mid"",""Factory Styles/Medium BigBand2.mid""]"
PERFORMANCE,ACC2,Ending 1,1d8eec3d7942fddc,2,2,"[""Factory Styles/Fast Big Band 1.mid"",""Factory Styles/Medium BigBand2.mid""]"
PERFORMANCE,ACC2,Ending 3,2335f8f3dde22d57,2,2,"[""Factory Styles/Fast Big Band 1.mid"",""Factory Styles/Medium BigBand2.mid""]"
PERFORMANCE,ACC3,Ending 1,7880a474213721f4,2,2,"[""Factory Styles/Fast Big Band 1.mid"",""Factory Styles/Medium BigBand2.mid""]"
PERFORMANCE,ACC3,Ending 3,be90349c6eb635e1,2,2,"[""Factory Styles/Fast Big Band 1.mid"",""Factory Styles/Medium BigBand2.mid""]"
PERFORMANCE,ACC4,Ending 1,e6c10d4a1eeb7734,2,2,"[""Factory Styles/Fast Big Band 1.mid"",""Factory Styles/Medium BigBand2.mid""]"
PERFORMANCE,ACC5,Ending 1,07121872f4bdab2f,2,2,"[""Factory Styles/Fast Big Band 1.mid"",""Factory Styles/Medium BigBand2.mid""]"
PERFORMANCE,DRUM,Intro 2,9479bfd9ccab5af9,2,2,"[""Factory Styles/Fast Big Band 2.mid"",""Factory Styles/Serenade Band.mid""]"
PERFORMANCE,DRUM,Intro 3,0b25c3a721aca1fa,2,2,"[""Factory Styles/Fast Big Band 2.mid"",""Factory Styles/Serenade Band.mid""]"
PERFORMANCE,DRUM,Fill 1,53921355cedf6550,2,2,"[""Factory Styles/Fast Big Band 2.mid"",""Factory Styles/Serenade Band.mid""]"
PERFORMANCE,DRUM,Fill 2,3ec350ab9e49d7ce,2,2,"[""Factory Styles/Fast Big Band 2.mid"",""Factory Styles/Serenade Band.mid""]"
PERFORMANCE,DRUM,Break,e885c98c9447436d,2,2,"[""Factory Styles/Fast Big Band 2.mid"",""Factory Styles/Serenade Band.mid""]"
PERFORMANCE,DRUM,Ending 1,ca3d189d4b061307,2,2,"[""Factory Styles/Fast Big Band 2.mid"",""Factory Styles/Serenade Band.mid""]"
PERFORMANCE,DRUM,Ending 2,10809b3fa8d642b2,2,2,"[""Factory Styles/Fast Big Band 2.mid"",""Factory Styles/Serenade Band.mid""]"
PERFORMANCE,DRUM,Ending 3,edb9e18b370fe710,2,2,"[""Factory Styles/Fast Big Band 2.mid"",""Factory Styles/Serenade Band.mid""]"
PERFORMANCE,PERC,Intro 2,3266e51b2d72299b,2,2,"[""Factory Styles/Fast Big Band 2.mid"",""Factory Styles/Serenade Band.mid""]"
PERFORMANCE,PERC,Fill 2,4d67a85a5849cc51,2,2,"[""Factory Styles/Fast Big Band 2.mid"",""Factory Styles/Serenade Band.mid""]"
PERFORMANCE,PERC,Ending 2,3266e51b2d72299b,2,2,"[""Factory Styles/Fast Big Band 2.mid"",""Factory Styles/Serenade Band.mid""]"
PERFORMANCE,PERC,Ending 3,a3204a1ef17e7d80,2,2,"[""Factory Styles/Fast Big Band 2.mid"",""Factory Styles/Serenade Band.mid""]"
PERFORMANCE,BASS,Intro 2,ad1e9113542b5489,2,2,"[""Factory Styles/Fast Big Band 2.mid"",""Factory Styles/Serenade Band.mid""]"
PERFORMANCE,BASS,Fill 1,dd526e96fbe04da6,2,2,"[""Factory Styles/Fast Big Band 2.mid"",""Factory Styles/Serenade Band.mid""]"
PERFORMANCE,BASS,Fill 2,d0247753fbcea049,2,2,"[""Factory Styles/Fast Big Band 2.mid"",""Factory Styles/Serenade Band.mid""]"
PERFORMANCE,BASS,Ending 1,9819c0d591a92be0,2,2,"[""Factory Styles/Fast Big Band 2.mid"",""Factory Styles/Serenade Band.mid""]"
PERFORMANCE,BASS,Ending 2,40ee8e13e72cf0f6,2,2,"[""Factory Styles/Fast Big Band 2.mid"",""Factory Styles/Serenade Band.mid""]"
PERFORMANCE,BASS,Ending 3,fab03839130d5031,2,2,"[""Factory Styles/Fast Big Band 2.mid"",""Factory Styles/Serenade Band.mid""]"
PERFORMANCE,ACC1,Intro 2,e7c7c5ea66add2c0,2,2,"[""Factory Styles/Fast Big Band 2.mid"",""Factory Styles/Serenade Band.mid""]"
PERFORMANCE,ACC1,Fill 1,765c0de33ab0ec1b,2,2,"[""Factory Styles/Fast Big Band 2.mid"",""Factory Styles/Serenade Band.mid""]"
PERFORMANCE,ACC1,Fill 2,01750df87a098d7c,2,2,"[""Factory Styles/Fast Big Band 2.mid"",""Factory Styles/Serenade Band.mid""]"
PERFORMANCE,ACC1,Ending 1,e58d0ef2fe5a3866,2,2,"[""Factory Styles/Fast Big Band 2.mid"",""Factory Styles/Serenade Band.mid""]"
PERFORMANCE,ACC1,Ending 2,8a5239564bf2309c,2,2,"[""Factory Styles/Fast Big Band 2.mid"",""Factory Styles/Serenade Band.mid""]"
PERFORMANCE,ACC1,Ending 3,0218e8d62e5be0e7,2,2,"[""Factory Styles/Fast Big Band 2.mid"",""Factory Styles/Serenade Band.mid""]"
PERFORMANCE,ACC2,Intro 2,a313da80004769fb,2,2,"[""Factory Styles/Fast Big Band 2.mid"",""Factory Styles/Serenade Band.mid""]"
PERFORMANCE,ACC2,Fill 1,ab5a9ecf2c725793,2,2,"[""Factory Styles/Fast Big Band 2.mid"",""Factory Styles/Serenade Band.mid""]"
PERFORMANCE,ACC2,Fill 2,8ef479c4ef25b502,2,2,"[""Factory Styles/Fast Big Band 2.mid"",""Factory Styles/Serenade Band.mid""]"
PERFORMANCE,ACC2,Ending 1,020bc3a0e182f3e9,2,2,"[""Factory Styles/Fast Big Band 2.mid"",""Factory Styles/Serenade Band.mid""]"
PERFORMANCE,ACC2,Ending 2,a79f0593a803f474,2,2,"[""Factory Styles/Fast Big Band 2.mid"",""Factory Styles/Serenade Band.mid""]"
PERFORMANCE,ACC2,Ending 3,a2fe4aae143f8b62,2,2,"[""Factory Styles/Fast Big Band 2.mid"",""Factory Styles/Serenade Band.mid""]"
PERFORMANCE,ACC3,Intro 2,a2125b041f02825f,2,2,"[""Factory Styles/Fast Big Band 2.mid"",""Factory Styles/Serenade Band.mid""]"
PERFORMANCE,ACC3,Fill 1,6e1431dded087a7d,2,2,"[""Factory Styles/Fast Big Band 2.mid"",""Factory Styles/Serenade Band.mid""]"
PERFORMANCE,ACC3,Fill 2,685095799c6d7015,2,2,"[""Factory Styles/Fast Big Band 2.mid"",""Factory Styles/Serenade Band.mid""]"
PERFORMANCE,ACC3,Ending 1,887e67bf74db8a9a,2,2,"[""Factory Styles/Fast Big Band 2.mid"",""Factory Styles/Serenade Band.mid""]"
PERFORMANCE,ACC3,Ending 2,fc3e718c20dd6ebd,2,2,"[""Factory Styles/Fast Big Band 2.mid"",""Factory Styles/Serenade Band.mid""]"
PERFORMANCE,ACC3,Ending 3,1cd269f37d3aaac9,2,2,"[""Factory Styles/Fast Big Band 2.mid"",""Factory Styles/Serenade Band.mid""]"
PERFORMANCE,ACC4,Intro 2,a313da80004769fb,2,2,"[""Factory Styles/Fast Big Band 2.mid"",""Factory Styles/Serenade Band.mid""]"
PERFORMANCE,ACC4,Fill 1,ab5a9ecf2c725793,2,2,"[""Factory Styles/Fast Big Band 2.mid"",""Factory Styles/Serenade Band.mid""]"
PERFORMANCE,ACC4,Fill 2,8ef479c4ef25b502,2,2,"[""Factory Styles/Fast Big Band 2.mid"",""Factory Styles/Serenade Band.mid""]"
PERFORMANCE,ACC4,Ending 1,020bc3a0e182f3e9,2,2,"[""Factory Styles/Fast Big Band 2.mid"",""Factory Styles/Serenade Band.mid""]"
PERFORMANCE,ACC4,Ending 2,a79f0593a803f474,2,2,"[""Factory Styles/Fast Big Band 2.mid"",""Factory Styles/Serenade Band.mid""]"
PERFORMANCE,ACC4,Ending 3,f604777b12607182,2,2,"[""Factory Styles/Fast Big Band 2.mid"",""Factory Styles/Serenade Band.mid""]"
PERFORMANCE,DRUM,Ending 1,692aca63f538a939,2,2,"[""Factory Styles/Fast Big Band 2.mid"",""Factory Styles/Serenade Band.mid""]"
PERFORMANCE,BASS,Ending 1,c07f283454a4f1b3,2,2,"[""Factory Styles/Fast Big Band 2.mid"",""Factory Styles/Serenade Band.mid""]"
PERFORMANCE,ACC1,Ending 1,c752b32ad84c29dd,2,2,"[""Factory Styles/Fast Big Band 2.mid"",""Factory Styles/Serenade Band.mid""]"
PERFORMANCE,ACC2,Ending 1,9f1d475b33f09446,2,2,"[""Factory Styles/Fast Big Band 2.mid"",""Factory Styles/Serenade Band.mid""]"
PERFORMANCE,ACC3,Ending 1,0a4c5a055cb77424,2,2,"[""Factory Styles/Fast Big Band 2.mid"",""Factory Styles/Serenade Band.mid""]"
PERFORMANCE,ACC4,Ending 1,9f1d475b33f09446,2,2,"[""Factory Styles/Fast Big Band 2.mid"",""Factory Styles/Serenade Band.mid""]"
PERFORMANCE,BASS,Variation 2,3bc03553cff5da78,2,2,"[""Factory Styles/Folk Ballad 1.mid"",""Factory Styles/Folk Ballad 2.mid""]"
PERFORMANCE,BASS,Variation 4,1863e2d75c73f436,2,2,"[""Factory Styles/Folk Ballad 1.mid"",""Factory Styles/Folk Ballad 2.mid""]"
PERFORMANCE,BASS,Fill 1,db2cc532c9b4528a,2,2,"[""Factory Styles/Folk Ballad 1.mid"",""Factory Styles/Folk Ballad 2.mid""]"
PERFORMANCE,BASS,Fill 2,b20eca895736091c,2,2,"[""Factory Styles/Folk Ballad 1.mid"",""Factory Styles/Folk Ballad 2.mid""]"
PERFORMANCE,BASS,Variation 1,e2d3b0a30f410788,2,2,"[""Factory Styles/Folk Ballad 1.mid"",""Factory Styles/Folk Ballad 2.mid""]"
PERFORMANCE,BASS,Fill 1,5c74527595a1a736,2,2,"[""Factory Styles/Folk Ballad 1.mid"",""Factory Styles/Folk Ballad 2.mid""]"
PERFORMANCE,DRUM,Ending 3,6ca3ba3d312f87b9,2,2,"[""Factory Styles/Fox Shuffle 1.mid"",""Factory Styles/Foxtrot 2.mid""]"
PERFORMANCE,BASS,Ending 3,06d3631f55bba91b,2,2,"[""Factory Styles/Fox Shuffle 1.mid"",""Factory Styles/Foxtrot 2.mid""]"
PERFORMANCE,ACC1,Ending 3,243aa79a2a92c19d,2,2,"[""Factory Styles/Fox Shuffle 1.mid"",""Factory Styles/Foxtrot 2.mid""]"
PERFORMANCE,ACC2,Ending 3,085325cf7ca534e8,2,2,"[""Factory Styles/Fox Shuffle 1.mid"",""Factory Styles/Foxtrot 2.mid""]"
PERFORMANCE,ACC3,Ending 3,70834b5c92e1c337,2,2,"[""Factory Styles/Fox Shuffle 1.mid"",""Factory Styles/Foxtrot 2.mid""]"
PERFORMANCE,ACC4,Ending 3,cab2fb13ea1ad71d,2,2,"[""Factory Styles/Fox Shuffle 1.mid"",""Factory Styles/Foxtrot 2.mid""]"
PERFORMANCE,ACC2,Fill 2,008bedb44c21871a,2,2,"[""Factory Styles/Fox Shuffle 2.mid"",""Factory Styles/Standard 16 Beat.mid""]"
PERFORMANCE,BASS,Variation 1,08cb1125f8e8882d,2,2,"[""Factory Styles/French Waltz.mid"",""Factory Styles/Oberkr_ Waltz 2.mid""]"
PERFORMANCE,BASS,Ending 1,ad9e1a54bb09d59b,2,2,"[""Factory Styles/French Waltz.mid"",""Factory Styles/Musette Waltz.mid""]"
PERFORMANCE,PERC,Intro 2,5075822efcbddfe8,2,2,"[""Factory Styles/German Waltz 1.mid"",""Factory Styles/Oberkr_ Waltz 1.mid""]"
PERFORMANCE,BASS,Variation 4,022ee99be734fdc3,2,2,"[""Factory Styles/German Waltz 1.mid"",""Factory Styles/German Waltz 2.mid""]"
PERFORMANCE,BASS,Fill 2,3bc3548597720a9b,2,2,"[""Factory Styles/German Waltz 1.mid"",""Factory Styles/German Waltz 2.mid""]"
PERFORMANCE,ACC3,Break,541c49f995852e55,2,2,"[""Factory Styles/German Waltz 1.mid"",""Factory Styles/Oberkr_ Waltz 1.mid""]"
PERFORMANCE,BASS,Variation 1,04315c7a9f2019b3,2,2,"[""Factory Styles/German Waltz 1.mid"",""Factory Styles/Vienna Waltz.mid""]"
PERFORMANCE,BASS,Fill 1,d96137f5da78a2c2,2,2,"[""Factory Styles/German Waltz 1.mid"",""Factory Styles/German Waltz 2.mid""]"
PERFORMANCE,BASS,Break,d96137f5da78a2c2,2,2,"[""Factory Styles/German Waltz 1.mid"",""Factory Styles/German Waltz 2.mid""]"
PERFORMANCE,BASS,Variation 4,ea7b289debdb2813,2,2,"[""Factory Styles/German Waltz 1.mid"",""Factory Styles/German Waltz 2.mid""]"
PERFORMANCE,PERC,Variation 3,a00490dcc00a2aa5,2,2,"[""Factory Styles/German Waltz 1.mid"",""Factory Styles/German Waltz 2.mid""]"
PERFORMANCE,BASS,Variation 4,73b384e6a6e5ef0e,2,2,"[""Factory Styles/German Waltz 2.mid"",""Factory Styles/German Waltz 3.mid""]"
PERFORMANCE,ACC1,Variation 4,21a594049c33e3a5,2,2,"[""Factory Styles/German Waltz 2.mid"",""Factory Styles/Oberkr_ Waltz 1.mid""]"
PERFORMANCE,ACC4,Break,fdd1fc8f7d893f1c,2,2,"[""Factory Styles/German Waltz 2.mid"",""Factory Styles/Oberkr_ Waltz 1.mid""]"
PERFORMANCE,ACC1,Variation 1,c8173d3db1b54497,2,2,"[""Factory Styles/German Waltz 2.mid"",""Factory Styles/Oberkr_ Waltz 1.mid""]"
PERFORMANCE,ACC1,Variation 2,9e4d95d6865b228b,2,2,"[""Factory Styles/German Waltz 2.mid"",""Factory Styles/Oberkr_ Waltz 1.mid""]"
PERFORMANCE,ACC2,Variation 2,aedd3b15a9692bb4,2,2,"[""Factory Styles/German Waltz 2.mid"",""Factory Styles/Oberkr_ Waltz 1.mid""]"
PERFORMANCE,DRUM,Ending 3,b5616d38764b1090,2,2,"[""Factory Styles/Gospel Swing.mid"",""Factory Styles/Gospel.mid""]"
PERFORMANCE,ACC1,Ending 3,e9a3d73a97c35f67,2,2,"[""Factory Styles/Gospel Swing.mid"",""Factory Styles/Gospel.mid""]"
PERFORMANCE,DRUM,Ending 3,c0ff437f41ffa8d5,2,2,"[""Factory Styles/Gospel Swing.mid"",""Factory Styles/Gospel.mid""]"
PERFORMANCE,BASS,Ending 3,8debff859b076690,2,2,"[""Factory Styles/Gospel Swing.mid"",""Factory Styles/Gospel.mid""]"
PERFORMANCE,ACC1,Ending 3,0937c6c74f34ab97,2,2,"[""Factory Styles/Gospel Swing.mid"",""Factory Styles/Gospel.mid""]"
PERFORMANCE,ACC2,Ending 3,8d93469037109dcd,2,2,"[""Factory Styles/Gospel Swing.mid"",""Factory Styles/Gospel.mid""]"
PERFORMANCE,ACC3,Ending 3,9028704fca3f55c8,2,2,"[""Factory Styles/Gospel Swing.mid"",""Factory Styles/Gospel.mid""]"
PERFORMANCE,ACC2,Fill 1,008bedb44c21871a,2,2,"[""Factory Styles/Groove Ballad.mid"",""Factory Styles/Real 16 Beat.mid""]"
PERFORMANCE,DRUM,Fill 2,9e1d7c4808338323,2,2,"[""Factory Styles/Half Beat.mid"",""Factory Styles/Modern Beat.mid""]"
PERFORMANCE,DRUM,Break,e19d1992b573ba29,2,2,"[""Factory Styles/Half Beat.mid"",""Factory Styles/Modern Beat.mid""]"
PERFORMANCE,DRUM,Ending 1,7d85a1fbc3dd9824,2,2,"[""Factory Styles/Half Beat.mid"",""Factory Styles/Modern Beat.mid""]"
PERFORMANCE,DRUM,Ending 2,bac3ef430dd58a72,2,2,"[""Factory Styles/Half Beat.mid"",""Factory Styles/Modern Beat.mid""]"
PERFORMANCE,DRUM,Ending 3,2644af555326c7d4,2,2,"[""Factory Styles/Half Beat.mid"",""Factory Styles/Modern Beat.mid""]"
PERFORMANCE,PERC,Fill 2,c170e581aa0dcb00,2,2,"[""Factory Styles/Half Beat.mid"",""Factory Styles/Modern Beat.mid""]"
PERFORMANCE,PERC,Break,b0a76979405f8669,2,2,"[""Factory Styles/Half Beat.mid"",""Factory Styles/Modern Beat.mid""]"
PERFORMANCE,PERC,Ending 1,0e8699a73aec6c5b,2,2,"[""Factory Styles/Half Beat.mid"",""Factory Styles/Modern Beat.mid""]"
PERFORMANCE,PERC,Ending 2,0e8699a73aec6c5b,2,2,"[""Factory Styles/Half Beat.mid"",""Factory Styles/Modern Beat.mid""]"
PERFORMANCE,PERC,Ending 3,7c886b3d3f6f195f,2,2,"[""Factory Styles/Half Beat.mid"",""Factory Styles/Modern Beat.mid""]"
PERFORMANCE,BASS,Fill 2,36b2fe7c080bf9b0,2,2,"[""Factory Styles/Half Beat.mid"",""Factory Styles/Modern Beat.mid""]"
PERFORMANCE,BASS,Break,20005ef022a21354,2,2,"[""Factory Styles/Half Beat.mid"",""Factory Styles/Modern Beat.mid""]"
PERFORMANCE,BASS,Ending 1,bc869ba77c6de820,2,2,"[""Factory Styles/Half Beat.mid"",""Factory Styles/Modern Beat.mid""]"
PERFORMANCE,BASS,Ending 2,5aa27cd641f6fe0a,2,2,"[""Factory Styles/Half Beat.mid"",""Factory Styles/Modern Beat.mid""]"
PERFORMANCE,BASS,Ending 3,49951217de1c8c83,2,2,"[""Factory Styles/Half Beat.mid"",""Factory Styles/Modern Beat.mid""]"
PERFORMANCE,ACC1,Fill 2,62559c9ca051c710,2,2,"[""Factory Styles/Half Beat.mid"",""Factory Styles/Modern Beat.mid""]"
PERFORMANCE,ACC1,Break,62559c9ca051c710,2,2,"[""Factory Styles/Half Beat.mid"",""Factory Styles/Modern Beat.mid""]"
PERFORMANCE,ACC1,Ending 1,0cc7b38e990dcfe9,2,2,"[""Factory Styles/Half Beat.mid"",""Factory Styles/Modern Beat.mid""]"
PERFORMANCE,ACC1,Ending 2,8a578e4bfc2e3835,2,2,"[""Factory Styles/Half Beat.mid"",""Factory Styles/Modern Beat.mid""]"
PERFORMANCE,ACC1,Ending 3,474e605fc108925c,2,2,"[""Factory Styles/Half Beat.mid"",""Factory Styles/Modern Beat.mid""]"
PERFORMANCE,ACC2,Fill 2,5128c0fa16f91176,2,2,"[""Factory Styles/Half Beat.mid"",""Factory Styles/Modern Beat.mid""]"
PERFORMANCE,ACC2,Break,5128c0fa16f91176,2,2,"[""Factory Styles/Half Beat.mid"",""Factory Styles/Modern Beat.mid""]"
PERFORMANCE,ACC2,Ending 1,575cc3f5ea887892,2,2,"[""Factory Styles/Half Beat.mid"",""Factory Styles/Modern Beat.mid""]"
PERFORMANCE,ACC2,Ending 2,e7484d0828ed64a6,2,2,"[""Factory Styles/Half Beat.mid"",""Factory Styles/Modern Beat.mid""]"
PERFORMANCE,ACC2,Ending 3,5128c0fa16f91176,2,2,"[""Factory Styles/Half Beat.mid"",""Factory Styles/Modern Beat.mid""]"
PERFORMANCE,ACC3,Fill 2,543d331812335ad3,2,2,"[""Factory Styles/Half Beat.mid"",""Factory Styles/Modern Beat.mid""]"
PERFORMANCE,ACC3,Break,543d331812335ad3,2,2,"[""Factory Styles/Half Beat.mid"",""Factory Styles/Modern Beat.mid""]"
PERFORMANCE,ACC3,Ending 1,2ade9049e3b5e136,2,2,"[""Factory Styles/Half Beat.mid"",""Factory Styles/Modern Beat.mid""]"
PERFORMANCE,ACC3,Ending 2,57013dd075bf1376,2,2,"[""Factory Styles/Half Beat.mid"",""Factory Styles/Modern Beat.mid""]"
PERFORMANCE,ACC3,Ending 3,7856adfbe875f752,2,2,"[""Factory Styles/Half Beat.mid"",""Factory Styles/Modern Beat.mid""]"
PERFORMANCE,ACC4,Ending 1,bdb0a453fb095405,2,2,"[""Factory Styles/Half Beat.mid"",""Factory Styles/Modern Beat.mid""]"
PERFORMANCE,ACC4,Ending 2,3acd6426eef2c2d3,2,2,"[""Factory Styles/Half Beat.mid"",""Factory Styles/Modern Beat.mid""]"
PERFORMANCE,ACC4,Ending 3,0545955a087aef91,2,2,"[""Factory Styles/Half Beat.mid"",""Factory Styles/Modern Beat.mid""]"
PERFORMANCE,ACC5,Break,87d5f8839af66fe2,2,2,"[""Factory Styles/Half Beat.mid"",""Factory Styles/Modern Beat.mid""]"
PERFORMANCE,ACC5,Ending 1,e4c91f6aeb5b5c1a,2,2,"[""Factory Styles/Half Beat.mid"",""Factory Styles/Modern Beat.mid""]"
PERFORMANCE,DRUM,Ending 1,5ae59ce58e530554,2,2,"[""Factory Styles/Half Beat.mid"",""Factory Styles/Modern Beat.mid""]"
PERFORMANCE,PERC,Ending 1,af79487753c2b030,2,2,"[""Factory Styles/Half Beat.mid"",""Factory Styles/Modern Beat.mid""]"
PERFORMANCE,BASS,Ending 1,bc27b4f69f3e450c,2,2,"[""Factory Styles/Half Beat.mid"",""Factory Styles/Modern Beat.mid""]"
PERFORMANCE,ACC1,Ending 1,0aeb1b79ba9dcf86,2,2,"[""Factory Styles/Half Beat.mid"",""Factory Styles/Modern Beat.mid""]"
PERFORMANCE,ACC2,Ending 1,8755f33bcab446e8,2,2,"[""Factory Styles/Half Beat.mid"",""Factory Styles/Modern Beat.mid""]"
PERFORMANCE,ACC3,Ending 1,f51c005ea05e941c,2,2,"[""Factory Styles/Half Beat.mid"",""Factory Styles/Modern Beat.mid""]"
PERFORMANCE,ACC4,Ending 1,8b392733b49fd3a0,2,2,"[""Factory Styles/Half Beat.mid"",""Factory Styles/Modern Beat.mid""]"
PERFORMANCE,ACC5,Ending 1,2fae92120ac67200,2,2,"[""Factory Styles/Half Beat.mid"",""Factory Styles/Modern Beat.mid""]"
PERFORMANCE,ACC2,Ending 3,91cbcfd0604660a0,2,2,"[""Factory Styles/Hully Gully.mid"",""Factory Styles/Take Beat.mid""]"
PERFORMANCE,ACC5,Ending 3,cbb48230b8ed63e8,2,2,"[""Factory Styles/Hully Gully.mid"",""Factory Styles/Kool Funk.mid""]"
PERFORMANCE,ACC3,Break,fcc64df40ac60bc6,2,2,"[""Factory Styles/Irish Fox.mid"",""Factory Styles/Slow 6_8.mid""]"
PERFORMANCE,ACC3,Fill 1,e41979392ba14149,2,2,"[""Factory Styles/Italian Fox.mid"",""Factory Styles/Italian Polka 1.mid""]"
PERFORMANCE,ACC4,Variation 2,91cbcfd0604660a0,2,2,"[""Factory Styles/Italian Fox.mid"",""Factory Styles/SchlagerShuffle1.mid""]"
PERFORMANCE,BASS,Ending 1,e7b62ad419554c62,2,2,"[""Factory Styles/Italian Polka 1.mid"",""Factory Styles/Italian Polka 2.mid""]"
PERFORMANCE,ACC4,Variation 4,abab7a8149c77c22,2,2,"[""Factory Styles/Italian Polka 1.mid"",""Factory Styles/Waltz Ballad.mid""]"
PERFORMANCE,DRUM,Variation 1,4626ff902057cc75,2,2,"[""Factory Styles/Italian Tango 1.mid"",""Factory Styles/Italian Tango 2.mid""]"
PERFORMANCE,DRUM,Variation 2,7586e38b689a145e,2,2,"[""Factory Styles/Italian Tango 1.mid"",""Factory Styles/Italian Tango 2.mid""]"
PERFORMANCE,DRUM,Variation 4,c0cdb92bdd55d9a7,2,2,"[""Factory Styles/Italian Tango 1.mid"",""Factory Styles/Italian Tango 2.mid""]"
PERFORMANCE,BASS,Variation 1,c0d646c4773d845f,2,2,"[""Factory Styles/Italian Tango 1.mid"",""Factory Styles/Italian Tango 2.mid""]"
PERFORMANCE,BASS,Intro 2,9782e77189c4973d,2,2,"[""Factory Styles/Italian Tango 1.mid"",""Factory Styles/Italian Tango 2.mid""]"
PERFORMANCE,BASS,Break,25eeba81fae8e9e2,2,2,"[""Factory Styles/Italian Tango 1.mid"",""Factory Styles/Italian Tango 2.mid""]"
PERFORMANCE,ACC3,Variation 2,6df72b26f0108d1c,2,2,"[""Factory Styles/Italian Tango 1.mid"",""Factory Styles/Italian Tango 2.mid""]"
PERFORMANCE,ACC3,Variation 4,5082349cf23e43b3,2,2,"[""Factory Styles/Italian Tango 1.mid"",""Factory Styles/Italian Tango 2.mid""]"
PERFORMANCE,ACC3,Fill 2,ee6519fcf5024b30,2,2,"[""Factory Styles/Italian Tango 1.mid"",""Factory Styles/Italian Tango 2.mid""]"
PERFORMANCE,ACC4,Fill 2,7a1899becfa94bb8,2,2,"[""Factory Styles/Italian Tango 2.mid"",""Factory Styles/Slow Band.mid""]"
PERFORMANCE,DRUM,Break,feeaed8467d9eafb,2,2,"[""Factory Styles/Jazz Funk.mid"",""Factory Styles/Motown Shuffle 1.mid""]"
PERFORMANCE,DRUM,Ending 1,aabd2bb1d59553cd,2,2,"[""Factory Styles/Jazz Funk.mid"",""Factory Styles/Motown Shuffle 1.mid""]"
PERFORMANCE,DRUM,Ending 3,d619ab1e88aad138,2,2,"[""Factory Styles/Jazz Funk.mid"",""Factory Styles/Motown Shuffle 1.mid""]"
PERFORMANCE,PERC,Break,2f243b552e9f21ee,2,2,"[""Factory Styles/Jazz Funk.mid"",""Factory Styles/Motown Shuffle 1.mid""]"
PERFORMANCE,PERC,Ending 1,efa218a69ff77765,2,2,"[""Factory Styles/Jazz Funk.mid"",""Factory Styles/Motown Shuffle 1.mid""]"
PERFORMANCE,BASS,Fill 2,83448b76599e3aca,2,2,"[""Factory Styles/Jazz Funk.mid"",""Factory Styles/Motown Shuffle 1.mid""]"
PERFORMANCE,BASS,Ending 1,81f58bc1fb7ea3bc,2,2,"[""Factory Styles/Jazz Funk.mid"",""Factory Styles/Motown Shuffle 1.mid""]"
PERFORMANCE,BASS,Ending 2,3c36c88d2b9b60de,2,2,"[""Factory Styles/Jazz Funk.mid"",""Factory Styles/Motown Shuffle 1.mid""]"
PERFORMANCE,BASS,Ending 3,d873fc0321d458f1,2,2,"[""Factory Styles/Jazz Funk.mid"",""Factory Styles/Motown Shuffle 1.mid""]"
PERFORMANCE,ACC1,Ending 1,bb3f7832df88a10e,2,2,"[""Factory Styles/Jazz Funk.mid"",""Factory Styles/Motown Shuffle 1.mid""]"
PERFORMANCE,ACC1,Ending 2,0acea9b70b1fe19e,2,2,"[""Factory Styles/Jazz Funk.mid"",""Factory Styles/Motown Shuffle 1.mid""]"
PERFORMANCE,ACC1,Ending 3,41610dae08bc4ca3,2,2,"[""Factory Styles/Jazz Funk.mid"",""Factory Styles/Motown Shuffle 1.mid""]"
PERFORMANCE,ACC2,Fill 2,0613076c48ff088a,2,2,"[""Factory Styles/Jazz Funk.mid"",""Factory Styles/Motown Shuffle 1.mid""]"
PERFORMANCE,ACC2,Ending 1,c74e9ce5f20882dc,2,2,"[""Factory Styles/Jazz Funk.mid"",""Factory Styles/Motown Shuffle 1.mid""]"
PERFORMANCE,ACC2,Ending 2,27dae6847892d3c4,2,2,"[""Factory Styles/Jazz Funk.mid"",""Factory Styles/Motown Shuffle 1.mid""]"
PERFORMANCE,ACC2,Ending 3,0b15b03363f9f592,2,2,"[""Factory Styles/Jazz Funk.mid"",""Factory Styles/Motown Shuffle 1.mid""]"
PERFORMANCE,ACC3,Fill 2,b3da5a25b213a347,2,2,"[""Factory Styles/Jazz Funk.mid"",""Factory Styles/Motown Shuffle 1.mid""]"
PERFORMANCE,ACC3,Ending 1,83c6ac930811357d,2,2,"[""Factory Styles/Jazz Funk.mid"",""Factory Styles/Motown Shuffle 1.mid""]"
PERFORMANCE,ACC3,Ending 1,32d181b3ad8d2348,2,2,"[""Factory Styles/Jazz Funk.mid"",""Factory Styles/Motown Shuffle 1.mid""]"
PERFORMANCE,ACC3,Ending 3,41bc8a9a59101ae9,2,2,"[""Factory Styles/Jazz Funk.mid"",""Factory Styles/Motown Shuffle 1.mid""]"
PERFORMANCE,DRUM,Ending 1,a4fe8cb2d26e68fe,2,2,"[""Factory Styles/Jazz Funk.mid"",""Factory Styles/Motown Shuffle 1.mid""]"
PERFORMANCE,DRUM,Ending 3,e6e92466dc216877,2,2,"[""Factory Styles/Jazz Funk.mid"",""Factory Styles/Motown Shuffle 1.mid""]"
PERFORMANCE,PERC,Ending 1,f39e8d093186eeab,2,2,"[""Factory Styles/Jazz Funk.mid"",""Factory Styles/Motown Shuffle 1.mid""]"
PERFORMANCE,BASS,Fill 2,38c54b8ef7a1f142,2,2,"[""Factory Styles/Jazz Funk.mid"",""Factory Styles/Motown Shuffle 1.mid""]"
PERFORMANCE,BASS,Ending 1,f9230a33f7216789,2,2,"[""Factory Styles/Jazz Funk.mid"",""Factory Styles/Motown Shuffle 1.mid""]"
PERFORMANCE,BASS,Ending 2,9673c8e4ab8733a0,2,2,"[""Factory Styles/Jazz Funk.mid"",""Factory Styles/Motown Shuffle 1.mid""]"
PERFORMANCE,BASS,Ending 3,b91c948ba3b44158,2,2,"[""Factory Styles/Jazz Funk.mid"",""Factory Styles/Motown Shuffle 1.mid""]"
PERFORMANCE,ACC1,Ending 1,a449f555c45e4b7e,2,2,"[""Factory Styles/Jazz Funk.mid"",""Factory Styles/Motown Shuffle 1.mid""]"
PERFORMANCE,ACC1,Ending 2,987400f54c9f9dc0,2,2,"[""Factory Styles/Jazz Funk.mid"",""Factory Styles/Motown Shuffle 1.mid""]"
PERFORMANCE,ACC1,Ending 3,c428e74c691c60ae,2,2,"[""Factory Styles/Jazz Funk.mid"",""Factory Styles/Motown Shuffle 1.mid""]"
PERFORMANCE,ACC2,Fill 2,23b5cf394993a581,2,2,"[""Factory Styles/Jazz Funk.mid"",""Factory Styles/Motown Shuffle 1.mid""]"
PERFORMANCE,ACC2,Ending 1,1f7e4942cb15bf00,2,2,"[""Factory Styles/Jazz Funk.mid"",""Factory Styles/Motown Shuffle 1.mid""]"
PERFORMANCE,ACC2,Ending 2,c080334e5a0711db,2,2,"[""Factory Styles/Jazz Funk.mid"",""Factory Styles/Motown Shuffle 1.mid""]"
PERFORMANCE,ACC2,Ending 3,69b9113ae809e2c7,2,2,"[""Factory Styles/Jazz Funk.mid"",""Factory Styles/Motown Shuffle 1.mid""]"
PERFORMANCE,ACC3,Fill 2,cff930a9fc710184,2,2,"[""Factory Styles/Jazz Funk.mid"",""Factory Styles/Motown Shuffle 1.mid""]"
PERFORMANCE,ACC3,Ending 1,5ca390a6652d4a1f,2,2,"[""Factory Styles/Jazz Funk.mid"",""Factory Styles/Motown Shuffle 1.mid""]"
PERFORMANCE,ACC3,Ending 1,c80e3b40e8daa1e7,2,2,"[""Factory Styles/Jazz Funk.mid"",""Factory Styles/Motown Shuffle 1.mid""]"
PERFORMANCE,ACC3,Ending 3,3b7531958f92c0c6,2,2,"[""Factory Styles/Jazz Funk.mid"",""Factory Styles/Motown Shuffle 1.mid""]"
PERFORMANCE,ACC1,Fill 2,29b68bc28cd76881,2,2,"[""Factory Styles/Kool Funk.mid"",""Factory Styles/Slow Band.mid""]"
PERFORMANCE,ACC2,Fill 2,cab2fb13ea1ad71d,2,2,"[""Factory Styles/Love Disco.mid"",""Factory Styles/Pop Funk 1.mid""]"
PERFORMANCE,ACC5,Variation 2,29b68bc28cd76881,2,2,"[""Factory Styles/Love Disco.mid"",""Factory Styles/Unplugged Latin.mid""]"
PERFORMANCE,BASS,Intro 2,6740dcf13ac40f08,2,2,"[""Factory Styles/Modern Beat.mid"",""Factory Styles/Pop Funk.mid""]"
PERFORMANCE,DRUM,Ending 3,b29e00cd08212b81,2,2,"[""Factory Styles/Oberkr_ Polka 2.mid"",""Factory Styles/Schlager Polka.mid""]"
PERFORMANCE,PERC,Ending 3,ff59ec1aa3813d43,2,2,"[""Factory Styles/Oberkr_ Polka 2.mid"",""Factory Styles/Schlager Polka.mid""]"
PERFORMANCE,BASS,Ending 3,1efb86e0dc60e68a,2,2,"[""Factory Styles/Oberkr_ Polka 2.mid"",""Factory Styles/Schlager Polka.mid""]"
PERFORMANCE,ACC1,Ending 3,ad8c2034e0695d6f,2,2,"[""Factory Styles/Oberkr_ Polka 2.mid"",""Factory Styles/Schlager Polka.mid""]"
PERFORMANCE,ACC2,Ending 3,32a838b0db3dac9f,2,2,"[""Factory Styles/Oberkr_ Polka 2.mid"",""Factory Styles/Schlager Polka.mid""]"
PERFORMANCE,ACC3,Ending 3,5031136c7c6d90e6,2,2,"[""Factory Styles/Oberkr_ Polka 2.mid"",""Factory Styles/Schlager Polka.mid""]"
PERFORMANCE,ACC4,Ending 3,faf04578c2104fdd,2,2,"[""Factory Styles/Oberkr_ Polka 2.mid"",""Factory Styles/Schlager Polka.mid""]"
PERFORMANCE,ACC5,Ending 3,cb3f8e2d3b946500,2,2,"[""Factory Styles/Oberkr_ Polka 2.mid"",""Factory Styles/Schlager Polka.mid""]"
PERFORMANCE,DRUM,Intro 3,80b66146b7be209c,2,2,"[""Factory Styles/Oberkr_ Waltz 1.mid"",""Factory Styles/Oberkr_ Waltz 2.mid""]"
PERFORMANCE,DRUM,Ending 3,bc43ad386edf9e2e,2,2,"[""Factory Styles/Oberkr_ Waltz 1.mid"",""Factory Styles/Oberkr_ Waltz 2.mid""]"
PERFORMANCE,PERC,Ending 3,e37c93772b33a1e0,2,2,"[""Factory Styles/Oberkr_ Waltz 1.mid"",""Factory Styles/Oberkr_ Waltz 2.mid""]"
PERFORMANCE,BASS,Fill 1,b17d24d500a00ed4,2,2,"[""Factory Styles/Oberkr_ Waltz 1.mid"",""Factory Styles/Oberkr_ Waltz 2.mid""]"
PERFORMANCE,BASS,Ending 3,0811212c1a3150d1,2,2,"[""Factory Styles/Oberkr_ Waltz 1.mid"",""Factory Styles/Oberkr_ Waltz 2.mid""]"
PERFORMANCE,ACC1,Ending 3,36a04ed9139f6842,2,2,"[""Factory Styles/Oberkr_ Waltz 1.mid"",""Factory Styles/Oberkr_ Waltz 2.mid""]"
PERFORMANCE,ACC2,Ending 3,ec103780326824c7,2,2,"[""Factory Styles/Oberkr_ Waltz 1.mid"",""Factory Styles/Oberkr_ Waltz 2.mid""]"
PERFORMANCE,ACC3,Ending 3,08234e6ee9f262b4,2,2,"[""Factory Styles/Oberkr_ Waltz 1.mid"",""Factory Styles/Oberkr_ Waltz 2.mid""]"
PERFORMANCE,ACC4,Ending 3,08234e6ee9f262b4,2,2,"[""Factory Styles/Oberkr_ Waltz 1.mid"",""Factory Styles/Oberkr_ Waltz 2.mid""]"
PERFORMANCE,ACC5,Ending 3,3acdcf404f28c021,2,2,"[""Factory Styles/Oberkr_ Waltz 1.mid"",""Factory Styles/Oberkr_ Waltz 2.mid""]"
PERFORMANCE,BASS,Fill 1,7d9aa66650013698,2,2,"[""Factory Styles/Oberkr_ Waltz 1.mid"",""Factory Styles/Oberkr_ Waltz 2.mid""]"
PERFORMANCE,BASS,Fill 2,7d9aa66650013698,2,2,"[""Factory Styles/Oberkr_ Waltz 1.mid"",""Factory Styles/Oberkr_ Waltz 2.mid""]"
PERFORMANCE,BASS,Break,7d9aa66650013698,2,2,"[""Factory Styles/Oberkr_ Waltz 1.mid"",""Factory Styles/Oberkr_ Waltz 2.mid""]"
PERFORMANCE,BASS,Intro 2,91cbcfd0604660a0,2,2,"[""Factory Styles/Orchestral Tango.mid"",""Factory Styles/Techno.mid""]"
PERFORMANCE,DRUM,Intro 3,8d622a35e2e36b36,2,2,"[""Factory Styles/Organ Foxtrot.mid"",""Factory Styles/Quick Step 1.mid""]"
PERFORMANCE,ACC3,Break,fd2de9b6baf0bc5c,2,2,"[""Factory Styles/Organ Foxtrot.mid"",""Factory Styles/Quick Step 1.mid""]"
PERFORMANCE,ACC1,Variation 4,6b685b1c61bed217,2,2,"[""Factory Styles/Pop 12_8.mid"",""Factory Styles/Pop Chart 2.mid""]"
PERFORMANCE,ACC1,Break,838fc4d5f3b7a93d,2,2,"[""Factory Styles/Pop 12_8.mid"",""Factory Styles/Pop Chart 2.mid""]"
PERFORMANCE,ACC5,Intro 2,008bedb44c21871a,2,2,"[""Factory Styles/Pop Chart 2.mid"",""Factory Styles/Pop Hit Ballad.mid""]"
PERFORMANCE,BASS,Intro 3,8ba9b6f257b9b138,2,2,"[""Factory Styles/Pop Funk 2.mid"",""Factory Styles/Soft 16 Beat.mid""]"
PERFORMANCE,ACC2,Break,a1a96418c9dd8855,2,2,"[""Factory Styles/Pop Funk.mid"",""Factory Styles/UnpluggedBallad1.mid""]"
PERFORMANCE,ACC1,Variation 1,2ee4f5e418bd22d5,2,2,"[""Factory Styles/Pop Hit Ballad.mid"",""Factory Styles/Soft 16 Beat.mid""]"
PERFORMANCE,ACC5,Ending 3,dcc7e767310982b0,2,2,"[""Factory Styles/Pop Hit Ballad.mid"",""Factory Styles/Samba Medley.mid""]"
PERFORMANCE,BASS,Variation 1,77be4c2eacc1a043,2,2,"[""Factory Styles/Pop Schlager.mid"",""Factory Styles/Volkst_ Schlager.mid""]"
PERFORMANCE,BASS,Variation 2,77be4c2eacc1a043,2,2,"[""Factory Styles/Pop Schlager.mid"",""Factory Styles/Volkst_ Schlager.mid""]"
PERFORMANCE,DRUM,Fill 2,5d41baaa986891aa,2,2,"[""Factory Styles/Pop Shuffle 2.mid"",""Factory Styles/Pop Shuffle 3.mid""]"
PERFORMANCE,DRUM,Break,ea09a903e8ebb116,2,2,"[""Factory Styles/Pop Shuffle 2.mid"",""Factory Styles/Pop Shuffle 3.mid""]"
PERFORMANCE,DRUM,Ending 2,70d3cebedc07f887,2,2,"[""Factory Styles/Pop Shuffle 2.mid"",""Factory Styles/Pop Shuffle 3.mid""]"
PERFORMANCE,DRUM,Ending 3,1a16b0b4acc06bff,2,2,"[""Factory Styles/Pop Shuffle 2.mid"",""Factory Styles/Pop Shuffle 3.mid""]"
PERFORMANCE,PERC,Ending 2,3e099eb984319bbf,2,2,"[""Factory Styles/Pop Shuffle 2.mid"",""Factory Styles/Pop Shuffle 3.mid""]"
PERFORMANCE,BASS,Fill 2,e21abf8397b75034,2,2,"[""Factory Styles/Pop Shuffle 2.mid"",""Factory Styles/Pop Shuffle 3.mid""]"
PERFORMANCE,BASS,Ending 1,8ea057e7b7a3b000,2,2,"[""Factory Styles/Pop Shuffle 2.mid"",""Factory Styles/Pop Shuffle 3.mid""]"
PERFORMANCE,BASS,Ending 2,c983eeb1a81afe3c,2,2,"[""Factory Styles/Pop Shuffle 2.mid"",""Factory Styles/Pop Shuffle 3.mid""]"
PERFORMANCE,BASS,Ending 3,0b9ab48e1ac4900b,2,2,"[""Factory Styles/Pop Shuffle 2.mid"",""Factory Styles/Pop Shuffle 3.mid""]"
PERFORMANCE,ACC1,Fill 2,1e7809f280e7939c,2,2,"[""Factory Styles/Pop Shuffle 2.mid"",""Factory Styles/Pop Shuffle 3.mid""]"
PERFORMANCE,ACC1,Ending 1,674d01e46a9ff67f,2,2,"[""Factory Styles/Pop Shuffle 2.mid"",""Factory Styles/Pop Shuffle 3.mid""]"
PERFORMANCE,ACC1,Ending 2,a8a6e6db1c4dd8d9,2,2,"[""Factory Styles/Pop Shuffle 2.mid"",""Factory Styles/Pop Shuffle 3.mid""]"
PERFORMANCE,ACC1,Ending 3,777930817ddad37f,2,2,"[""Factory Styles/Pop Shuffle 2.mid"",""Factory Styles/Pop Shuffle 3.mid""]"
PERFORMANCE,ACC2,Fill 2,09aef743d4e29bd7,2,2,"[""Factory Styles/Pop Shuffle 2.mid"",""Factory Styles/Pop Shuffle 3.mid""]"
PERFORMANCE,ACC2,Ending 1,a441f6e5d348406f,2,2,"[""Factory Styles/Pop Shuffle 2.mid"",""Factory Styles/Pop Shuffle 3.mid""]"
PERFORMANCE,ACC2,Ending 2,940fc54e02a0c580,2,2,"[""Factory Styles/Pop Shuffle 2.mid"",""Factory Styles/Pop Shuffle 3.mid""]"
PERFORMANCE,ACC2,Ending 3,70997726b4f00695,2,2,"[""Factory Styles/Pop Shuffle 2.mid"",""Factory Styles/Pop Shuffle 3.mid""]"
PERFORMANCE,ACC3,Fill 2,567c59b41519b288,2,2,"[""Factory Styles/Pop Shuffle 2.mid"",""Factory Styles/Pop Shuffle 3.mid""]"
PERFORMANCE,ACC3,Ending 1,eb83b551279820ed,2,2,"[""Factory Styles/Pop Shuffle 2.mid"",""Factory Styles/Pop Shuffle 3.mid""]"
PERFORMANCE,ACC3,Ending 2,e8a00e78ad9a79f6,2,2,"[""Factory Styles/Pop Shuffle 2.mid"",""Factory Styles/Pop Shuffle 3.mid""]"
PERFORMANCE,ACC3,Ending 3,e7d19e473d376cbd,2,2,"[""Factory Styles/Pop Shuffle 2.mid"",""Factory Styles/Pop Shuffle 3.mid""]"
PERFORMANCE,ACC4,Fill 2,3120ff63f119c74c,2,2,"[""Factory Styles/Pop Shuffle 2.mid"",""Factory Styles/Pop Shuffle 3.mid""]"
PERFORMANCE,ACC4,Break,5d8be5f4df3f1dcb,2,2,"[""Factory Styles/Pop Shuffle 2.mid"",""Factory Styles/Pop Shuffle 3.mid""]"
PERFORMANCE,ACC4,Ending 1,93c0c0e21a1084db,2,2,"[""Factory Styles/Pop Shuffle 2.mid"",""Factory Styles/Pop Shuffle 3.mid""]"
PERFORMANCE,ACC4,Ending 2,d0033fa12e973872,2,2,"[""Factory Styles/Pop Shuffle 2.mid"",""Factory Styles/Pop Shuffle 3.mid""]"
PERFORMANCE,ACC4,Ending 3,84f23537e1628175,2,2,"[""Factory Styles/Pop Shuffle 2.mid"",""Factory Styles/Pop Shuffle 3.mid""]"
PERFORMANCE,ACC5,Fill 2,08f1d1e70fc651be,2,2,"[""Factory Styles/Pop Shuffle 2.mid"",""Factory Styles/Pop Shuffle 3.mid""]"
PERFORMANCE,ACC5,Ending 1,1bc0e35e35b33fb9,2,2,"[""Factory Styles/Pop Shuffle 2.mid"",""Factory Styles/Pop Shuffle 3.mid""]"
PERFORMANCE,ACC5,Ending 2,7edfc5c0d3baf401,2,2,"[""Factory Styles/Pop Shuffle 2.mid"",""Factory Styles/Pop Shuffle 3.mid""]"
PERFORMANCE,ACC5,Ending 3,11ea15c3d83649e4,2,2,"[""Factory Styles/Pop Shuffle 2.mid"",""Factory Styles/Pop Shuffle 3.mid""]"
PERFORMANCE,DRUM,Fill 2,4b87da69b14694ad,2,2,"[""Factory Styles/Pop Shuffle 2.mid"",""Factory Styles/Pop Shuffle 3.mid""]"
PERFORMANCE,DRUM,Ending 3,7337ed5033c596e1,2,2,"[""Factory Styles/Pop Shuffle 2.mid"",""Factory Styles/Pop Shuffle 3.mid""]"
PERFORMANCE,BASS,Fill 2,4bfeced58dea573d,2,2,"[""Factory Styles/Pop Shuffle 2.mid"",""Factory Styles/Pop Shuffle 3.mid""]"
PERFORMANCE,BASS,Ending 1,5006070dcad7adf6,2,2,"[""Factory Styles/Pop Shuffle 2.mid"",""Factory Styles/Pop Shuffle 3.mid""]"
PERFORMANCE,BASS,Ending 3,9eb002ff6bc12e79,2,2,"[""Factory Styles/Pop Shuffle 2.mid"",""Factory Styles/Pop Shuffle 3.mid""]"
PERFORMANCE,ACC1,Fill 2,2ee091569eb53f3e,2,2,"[""Factory Styles/Pop Shuffle 2.mid"",""Factory Styles/Pop Shuffle 3.mid""]"
PERFORMANCE,ACC1,Ending 1,429ce5d698f1002a,2,2,"[""Factory Styles/Pop Shuffle 2.mid"",""Factory Styles/Pop Shuffle 3.mid""]"
PERFORMANCE,ACC1,Ending 3,1a9ceb2d97940f0d,2,2,"[""Factory Styles/Pop Shuffle 2.mid"",""Factory Styles/Pop Shuffle 3.mid""]"
PERFORMANCE,ACC2,Fill 2,f8f563d0f6bfcd66,2,2,"[""Factory Styles/Pop Shuffle 2.mid"",""Factory Styles/Pop Shuffle 3.mid""]"
PERFORMANCE,ACC2,Ending 1,0ebec6947700116f,2,2,"[""Factory Styles/Pop Shuffle 2.mid"",""Factory Styles/Pop Shuffle 3.mid""]"
PERFORMANCE,ACC2,Ending 3,5e6b69cc3313b379,2,2,"[""Factory Styles/Pop Shuffle 2.mid"",""Factory Styles/Pop Shuffle 3.mid""]"
PERFORMANCE,ACC3,Fill 2,1439849541cfa2bd,2,2,"[""Factory Styles/Pop Shuffle 2.mid"",""Factory Styles/Pop Shuffle 3.mid""]"
PERFORMANCE,ACC3,Ending 1,dc2e948572fba461,2,2,"[""Factory Styles/Pop Shuffle 2.mid"",""Factory Styles/Pop Shuffle 3.mid""]"
PERFORMANCE,ACC3,Ending 3,cb93a4ad72c65c6d,2,2,"[""Factory Styles/Pop Shuffle 2.mid"",""Factory Styles/Pop Shuffle 3.mid""]"
PERFORMANCE,ACC4,Fill 2,c6515dfa399e7603,2,2,"[""Factory Styles/Pop Shuffle 2.mid"",""Factory Styles/Pop Shuffle 3.mid""]"
PERFORMANCE,ACC4,Ending 1,776823a85ede0ea1,2,2,"[""Factory Styles/Pop Shuffle 2.mid"",""Factory Styles/Pop Shuffle 3.mid""]"
PERFORMANCE,ACC4,Ending 3,7a206df2c8443db8,2,2,"[""Factory Styles/Pop Shuffle 2.mid"",""Factory Styles/Pop Shuffle 3.mid""]"
PERFORMANCE,ACC5,Fill 2,cab2fb13ea1ad71d,2,2,"[""Factory Styles/Pop Shuffle 2.mid"",""Factory Styles/Pop Shuffle 3.mid""]"
PERFORMANCE,ACC5,Ending 1,e4a9a3d5bab69e59,2,2,"[""Factory Styles/Pop Shuffle 2.mid"",""Factory Styles/Pop Shuffle 3.mid""]"
PERFORMANCE,ACC5,Ending 3,a4336ce70bc34d85,2,2,"[""Factory Styles/Pop Shuffle 2.mid"",""Factory Styles/Pop Shuffle 3.mid""]"
PERFORMANCE,DRUM,Ending 2,333a2138bb62b806,2,2,"[""Factory Styles/Real 16 Beat.mid"",""Factory Styles/Real 8 Beat.mid""]"
PERFORMANCE,DRUM,Ending 3,2741c214e19286f0,2,2,"[""Factory Styles/Real 16 Beat.mid"",""Factory Styles/Real 8 Beat.mid""]"
PERFORMANCE,PERC,Ending 2,f3da7589bc17a421,2,2,"[""Factory Styles/Real 16 Beat.mid"",""Factory Styles/Real 8 Beat.mid""]"
PERFORMANCE,PERC,Ending 3,f3da7589bc17a421,2,2,"[""Factory Styles/Real 16 Beat.mid"",""Factory Styles/Real 8 Beat.mid""]"
PERFORMANCE,BASS,Ending 1,8b07c4ac992fa1cc,2,2,"[""Factory Styles/Real 16 Beat.mid"",""Factory Styles/Real 8 Beat.mid""]"
PERFORMANCE,BASS,Ending 2,6f1d7a61ff870d65,2,2,"[""Factory Styles/Real 16 Beat.mid"",""Factory Styles/Real 8 Beat.mid""]"
PERFORMANCE,BASS,Ending 3,6f4f896c47d47697,2,2,"[""Factory Styles/Real 16 Beat.mid"",""Factory Styles/Real 8 Beat.mid""]"
PERFORMANCE,ACC1,Ending 1,cc8958b72ceb9668,2,2,"[""Factory Styles/Real 16 Beat.mid"",""Factory Styles/Real 8 Beat.mid""]"
PERFORMANCE,ACC1,Ending 2,9546b68e07b95270,2,2,"[""Factory Styles/Real 16 Beat.mid"",""Factory Styles/Real 8 Beat.mid""]"
PERFORMANCE,ACC1,Ending 3,b90a3442d254cb89,2,2,"[""Factory Styles/Real 16 Beat.mid"",""Factory Styles/Real 8 Beat.mid""]"
PERFORMANCE,ACC2,Ending 1,8d1ab5b8d760f46a,2,2,"[""Factory Styles/Real 16 Beat.mid"",""Factory Styles/Real 8 Beat.mid""]"
PERFORMANCE,ACC2,Ending 2,3d19695231ba0912,2,2,"[""Factory Styles/Real 16 Beat.mid"",""Factory Styles/Real 8 Beat.mid""]"
PERFORMANCE,ACC2,Ending 3,e49c35f89ad21795,2,2,"[""Factory Styles/Real 16 Beat.mid"",""Factory Styles/Real 8 Beat.mid""]"
PERFORMANCE,ACC3,Ending 1,d250b074434b05df,2,2,"[""Factory Styles/Real 16 Beat.mid"",""Factory Styles/Real 8 Beat.mid""]"
PERFORMANCE,ACC3,Ending 2,dac083c31a701bff,2,2,"[""Factory Styles/Real 16 Beat.mid"",""Factory Styles/Real 8 Beat.mid""]"
PERFORMANCE,ACC3,Ending 3,b62a7b278e51d31e,2,2,"[""Factory Styles/Real 16 Beat.mid"",""Factory Styles/Real 8 Beat.mid""]"
PERFORMANCE,ACC4,Ending 1,f8b6657ded3cd46a,2,2,"[""Factory Styles/Real 16 Beat.mid"",""Factory Styles/Real 8 Beat.mid""]"
PERFORMANCE,BASS,Ending 1,30bb7bbc7ea0a40d,2,2,"[""Factory Styles/Real 16 Beat.mid"",""Factory Styles/Real 8 Beat.mid""]"
PERFORMANCE,ACC1,Ending 1,d487f9e136a2ff69,2,2,"[""Factory Styles/Real 16 Beat.mid"",""Factory Styles/Real 8 Beat.mid""]"
PERFORMANCE,ACC2,Ending 1,cae5bb130e3e5036,2,2,"[""Factory Styles/Real 16 Beat.mid"",""Factory Styles/Real 8 Beat.mid""]"
PERFORMANCE,ACC3,Ending 1,bb346412a18778ed,2,2,"[""Factory Styles/Real 16 Beat.mid"",""Factory Styles/Real 8 Beat.mid""]"
PERFORMANCE,ACC4,Ending 1,a8b4f9181d0e53f7,2,2,"[""Factory Styles/Real 16 Beat.mid"",""Factory Styles/Real 8 Beat.mid""]"
PERFORMANCE,ACC3,Fill 2,7a1899becfa94bb8,2,2,"[""Factory Styles/Rock Schlager.mid"",""Factory Styles/Soft 8 Beat.mid""]"
PERFORMANCE,BASS,Break,c5c7b838cdc5019c,2,2,"[""Factory Styles/Samba Medley.mid"",""Factory Styles/SchlagerShuffle2.mid""]"
PERFORMANCE,DRUM,Ending 3,cb1dfab2dcc0a3d0,2,2,"[""Factory Styles/Schlager 2.mid"",""Factory Styles/Schlager 3.mid""]"
PERFORMANCE,PERC,Ending 3,42da25e1d34a1d42,2,2,"[""Factory Styles/Schlager 2.mid"",""Factory Styles/Schlager 3.mid""]"
PERFORMANCE,BASS,Fill 2,b0fba8067812f69f,2,2,"[""Factory Styles/Schlager 2.mid"",""Factory Styles/Schlager 3.mid""]"
PERFORMANCE,BASS,Break,a812c8405057e5a7,2,2,"[""Factory Styles/Schlager 2.mid"",""Factory Styles/Schlager 3.mid""]"
PERFORMANCE,BASS,Ending 2,7138dd4cc7f5546d,2,2,"[""Factory Styles/Schlager 2.mid"",""Factory Styles/Schlager 3.mid""]"
PERFORMANCE,BASS,Ending 3,95dfc9622ea276aa,2,2,"[""Factory Styles/Schlager 2.mid"",""Factory Styles/Schlager 3.mid""]"
PERFORMANCE,ACC1,Fill 2,a25d6617db76c557,2,2,"[""Factory Styles/Schlager 2.mid"",""Factory Styles/Schlager 3.mid""]"
PERFORMANCE,ACC1,Break,d02b25ccd2304fa0,2,2,"[""Factory Styles/Schlager 2.mid"",""Factory Styles/Schlager 3.mid""]"
PERFORMANCE,ACC1,Ending 3,35c870f36a036db9,2,2,"[""Factory Styles/Schlager 2.mid"",""Factory Styles/Schlager 3.mid""]"
PERFORMANCE,ACC2,Ending 1,860d5854cf1770f6,2,2,"[""Factory Styles/Schlager 2.mid"",""Factory Styles/Schlager 3.mid""]"
PERFORMANCE,ACC2,Ending 2,f6f6f83109a3da1c,2,2,"[""Factory Styles/Schlager 2.mid"",""Factory Styles/Schlager 3.mid""]"
PERFORMANCE,ACC2,Ending 3,ca9ee9ac91d26bb2,2,2,"[""Factory Styles/Schlager 2.mid"",""Factory Styles/Schlager 3.mid""]"
PERFORMANCE,ACC3,Ending 3,10f6665a71a215e2,2,2,"[""Factory Styles/Schlager 2.mid"",""Factory Styles/Schlager 3.mid""]"
PERFORMANCE,ACC4,Fill 2,ec90f15dfc3f8431,2,2,"[""Factory Styles/Schlager 2.mid"",""Factory Styles/Schlager 3.mid""]"
PERFORMANCE,ACC4,Ending 2,d3f8ed80e3585992,2,2,"[""Factory Styles/Schlager 2.mid"",""Factory Styles/Schlager 3.mid""]"
PERFORMANCE,ACC4,Ending 3,73fd3d5d64c5b11b,2,2,"[""Factory Styles/Schlager 2.mid"",""Factory Styles/Schlager 3.mid""]"
PERFORMANCE,ACC5,Fill 2,d7c08f8f41d2ec67,2,2,"[""Factory Styles/Schlager 2.mid"",""Factory Styles/Schlager 3.mid""]"
PERFORMANCE,ACC5,Ending 1,1191a9b9d2f5c53c,2,2,"[""Factory Styles/Schlager 2.mid"",""Factory Styles/Schlager 3.mid""]"
PERFORMANCE,ACC5,Ending 2,8b4488a6a7c61b4e,2,2,"[""Factory Styles/Schlager 2.mid"",""Factory Styles/Schlager 3.mid""]"
PERFORMANCE,ACC5,Ending 3,b73be103d8106633,2,2,"[""Factory Styles/Schlager 2.mid"",""Factory Styles/Schlager 3.mid""]"
PERFORMANCE,BASS,Fill 2,3c488e63e3e119f1,2,2,"[""Factory Styles/Schlager 2.mid"",""Factory Styles/Schlager 3.mid""]"
PERFORMANCE,BASS,Break,ffb1a03edf04e25b,2,2,"[""Factory Styles/Schlager 2.mid"",""Factory Styles/Schlager 3.mid""]"
PERFORMANCE,BASS,Ending 2,3529320156ef203a,2,2,"[""Factory Styles/Schlager 2.mid"",""Factory Styles/Schlager 3.mid""]"
PERFORMANCE,ACC1,Break,d7ba8a6252673401,2,2,"[""Factory Styles/Schlager 2.mid"",""Factory Styles/Schlager 3.mid""]"
PERFORMANCE,ACC2,Fill 2,fe0b01460844a4a8,2,2,"[""Factory Styles/Schlager 2.mid"",""Factory Styles/Schlager 3.mid""]"
PERFORMANCE,ACC2,Ending 1,5b7f90188a438256,2,2,"[""Factory Styles/Schlager 2.mid"",""Factory Styles/Schlager 3.mid""]"
PERFORMANCE,ACC2,Ending 2,15f57022e391d781,2,2,"[""Factory Styles/Schlager 2.mid"",""Factory Styles/Schlager 3.mid""]"
PERFORMANCE,ACC4,Fill 2,2a1b2469d0ac77cf,2,2,"[""Factory Styles/Schlager 2.mid"",""Factory Styles/Schlager 3.mid""]"
PERFORMANCE,ACC4,Ending 2,60be9bfead9db9b4,2,2,"[""Factory Styles/Schlager 2.mid"",""Factory Styles/Schlager 3.mid""]"
PERFORMANCE,ACC5,Fill 2,d7f5ee92b638fcb3,2,2,"[""Factory Styles/Schlager 2.mid"",""Factory Styles/Schlager 3.mid""]"
PERFORMANCE,ACC5,Ending 1,4a5d4256b1984af7,2,2,"[""Factory Styles/Schlager 2.mid"",""Factory Styles/Schlager 3.mid""]"
PERFORMANCE,ACC5,Ending 2,b4df797e8ac18c75,2,2,"[""Factory Styles/Schlager 2.mid"",""Factory Styles/Schlager 3.mid""]"
PERFORMANCE,ACC4,Variation 3,fcc64df40ac60bc6,2,2,"[""Factory Styles/Schlager Rhumba.mid"",""Factory Styles/SchlagerShuffle1.mid""]"
PERFORMANCE,ACC3,Variation 3,91cbcfd0604660a0,2,2,"[""Factory Styles/SchlagerShuffle2.mid"",""Factory Styles/Slow 6_8.mid""]"
PERFORMANCE,DRUM,Fill 2,0b61767620182269,2,2,"[""Factory Styles/Slide Blues.mid"",""Factory Styles/Unplugged Rock.mid""]"
PERFORMANCE,DRUM,Break,e95d393e584ab8b3,2,2,"[""Factory Styles/Slide Blues.mid"",""Factory Styles/Unplugged Rock.mid""]"
PERFORMANCE,DRUM,Ending 2,541eacc932d149d7,2,2,"[""Factory Styles/Slide Blues.mid"",""Factory Styles/Unplugged Rock.mid""]"
PERFORMANCE,DRUM,Ending 3,ecc573e37a036abe,2,2,"[""Factory Styles/Slide Blues.mid"",""Factory Styles/Unplugged Rock.mid""]"
PERFORMANCE,PERC,Ending 2,dc6c6bca45ce8d4a,2,2,"[""Factory Styles/Slide Blues.mid"",""Factory Styles/Unplugged Rock.mid""]"
PERFORMANCE,BASS,Fill 2,5ab3aa38853299c5,2,2,"[""Factory Styles/Slide Blues.mid"",""Factory Styles/Unplugged Rock.mid""]"
PERFORMANCE,BASS,Break,b976177de94de8dc,2,2,"[""Factory Styles/Slide Blues.mid"",""Factory Styles/Unplugged Rock.mid""]"
PERFORMANCE,BASS,Ending 1,f77dbbfa50cdb145,2,2,"[""Factory Styles/Slide Blues.mid"",""Factory Styles/Unplugged Rock.mid""]"
PERFORMANCE,BASS,Ending 2,28d121f2b47c612e,2,2,"[""Factory Styles/Slide Blues.mid"",""Factory Styles/Unplugged Rock.mid""]"
PERFORMANCE,BASS,Ending 3,aab9b67d7b7c1bac,2,2,"[""Factory Styles/Slide Blues.mid"",""Factory Styles/Unplugged Rock.mid""]"
PERFORMANCE,ACC1,Ending 1,579bb6d97349bbb6,2,2,"[""Factory Styles/Slide Blues.mid"",""Factory Styles/Unplugged Rock.mid""]"
PERFORMANCE,ACC1,Ending 2,f87cabdb32d7436d,2,2,"[""Factory Styles/Slide Blues.mid"",""Factory Styles/Unplugged Rock.mid""]"
PERFORMANCE,ACC1,Ending 3,5e2fd8da17f9fe00,2,2,"[""Factory Styles/Slide Blues.mid"",""Factory Styles/Unplugged Rock.mid""]"
PERFORMANCE,ACC2,Fill 2,25c238105be15db4,2,2,"[""Factory Styles/Slide Blues.mid"",""Factory Styles/Unplugged Rock.mid""]"
PERFORMANCE,ACC2,Break,907019fea83b8224,2,2,"[""Factory Styles/Slide Blues.mid"",""Factory Styles/Unplugged Rock.mid""]"
PERFORMANCE,ACC2,Ending 1,75d799091a3319cc,2,2,"[""Factory Styles/Slide Blues.mid"",""Factory Styles/Unplugged Rock.mid""]"
PERFORMANCE,ACC2,Ending 2,546feb78ceff7022,2,2,"[""Factory Styles/Slide Blues.mid"",""Factory Styles/Unplugged Rock.mid""]"
PERFORMANCE,ACC2,Ending 3,fe26938f1388b446,2,2,"[""Factory Styles/Slide Blues.mid"",""Factory Styles/Unplugged Rock.mid""]"
PERFORMANCE,ACC3,Ending 1,152871585d7a0dac,2,2,"[""Factory Styles/Slide Blues.mid"",""Factory Styles/Unplugged Rock.mid""]"
PERFORMANCE,ACC3,Ending 2,a6d2264779e4036f,2,2,"[""Factory Styles/Slide Blues.mid"",""Factory Styles/Unplugged Rock.mid""]"
PERFORMANCE,ACC3,Ending 3,81da7581cb041c60,2,2,"[""Factory Styles/Slide Blues.mid"",""Factory Styles/Unplugged Rock.mid""]"
PERFORMANCE,ACC4,Ending 2,1db480c81c1fe82f,2,2,"[""Factory Styles/Slide Blues.mid"",""Factory Styles/Unplugged Rock.mid""]"
PERFORMANCE,ACC5,Fill 2,1c8a857431ee744c,2,2,"[""Factory Styles/Slide Blues.mid"",""Factory Styles/Unplugged Rock.mid""]"
PERFORMANCE,ACC5,Ending 1,08b318dab7612c60,2,2,"[""Factory Styles/Slide Blues.mid"",""Factory Styles/Unplugged Rock.mid""]"
PERFORMANCE,ACC5,Ending 2,89f9239738ec1aff,2,2,"[""Factory Styles/Slide Blues.mid"",""Factory Styles/Unplugged Rock.mid""]"
PERFORMANCE,ACC5,Ending 3,bb11488163942587,2,2,"[""Factory Styles/Slide Blues.mid"",""Factory Styles/Unplugged Rock.mid""]"
PERFORMANCE,DRUM,Fill 2,07ec87dc3bdeca5e,2,2,"[""Factory Styles/Slide Blues.mid"",""Factory Styles/Unplugged Rock.mid""]"
PERFORMANCE,BASS,Fill 2,f19f0eb30eceaf7d,2,2,"[""Factory Styles/Slide Blues.mid"",""Factory Styles/Unplugged Rock.mid""]"
PERFORMANCE,BASS,Ending 1,041dcbcb8722bc57,2,2,"[""Factory Styles/Slide Blues.mid"",""Factory Styles/Unplugged Rock.mid""]"
PERFORMANCE,ACC1,Ending 1,a5256cc52f411a1a,2,2,"[""Factory Styles/Slide Blues.mid"",""Factory Styles/Unplugged Rock.mid""]"
PERFORMANCE,ACC2,Fill 2,b61c67f37e8eadad,2,2,"[""Factory Styles/Slide Blues.mid"",""Factory Styles/Unplugged Rock.mid""]"
PERFORMANCE,ACC2,Ending 1,25b78d07d7a2daea,2,2,"[""Factory Styles/Slide Blues.mid"",""Factory Styles/Unplugged Rock.mid""]"
PERFORMANCE,ACC3,Ending 1,abf04b2733a8326e,2,2,"[""Factory Styles/Slide Blues.mid"",""Factory Styles/Unplugged Rock.mid""]"
PERFORMANCE,ACC5,Fill 2,78b92232ee53007b,2,2,"[""Factory Styles/Slide Blues.mid"",""Factory Styles/Unplugged Rock.mid""]"
PERFORMANCE,ACC5,Ending 1,2282fd9870cd4672,2,2,"[""Factory Styles/Slide Blues.mid"",""Factory Styles/Unplugged Rock.mid""]"
PERFORMANCE,ACC5,Ending 3,abab7a8149c77c22,2,2,"[""Factory Styles/Slow & Jazzy.mid"",""Factory Styles/Take Beat.mid""]"
PERFORMANCE,ACC5,Intro 2,91cbcfd0604660a0,2,2,"[""Factory Styles/Slow Pop 6_8.mid"",""Factory Styles/Unplugged 16 Bt.mid""]"
PERFORMANCE,DRUM,Intro 3,52a7992a4518b363,2,2,"[""Factory Styles/Slow Waltz 1.mid"",""Factory Styles/Slow Waltz 2.mid""]"
PERFORMANCE,DRUM,Ending 1,29a0b16646bf187c,2,2,"[""Factory Styles/Soft 16 Beat.mid"",""Factory Styles/Soft 8 Beat.mid""]"
PERFORMANCE,DRUM,Ending 2,234ca16330eec36a,2,2,"[""Factory Styles/Soft 16 Beat.mid"",""Factory Styles/Soft 8 Beat.mid""]"
PERFORMANCE,DRUM,Ending 3,690f1d4bbe9a13f8,2,2,"[""Factory Styles/Soft 16 Beat.mid"",""Factory Styles/Soft 8 Beat.mid""]"
PERFORMANCE,PERC,Ending 1,4ef9f604940cdfa9,2,2,"[""Factory Styles/Soft 16 Beat.mid"",""Factory Styles/Soft 8 Beat.mid""]"
PERFORMANCE,PERC,Ending 2,70ceb3166f693417,2,2,"[""Factory Styles/Soft 16 Beat.mid"",""Factory Styles/Soft 8 Beat.mid""]"
PERFORMANCE,PERC,Ending 3,bc19fc51e0462b6b,2,2,"[""Factory Styles/Soft 16 Beat.mid"",""Factory Styles/Soft 8 Beat.mid""]"
PERFORMANCE,BASS,Ending 1,d2f40209221fb1ae,2,2,"[""Factory Styles/Soft 16 Beat.mid"",""Factory Styles/Soft 8 Beat.mid""]"
PERFORMANCE,BASS,Ending 2,22ee9a4cd2428f08,2,2,"[""Factory Styles/Soft 16 Beat.mid"",""Factory Styles/Soft 8 Beat.mid""]"
PERFORMANCE,BASS,Ending 3,2e7e3d7a25dad8aa,2,2,"[""Factory Styles/Soft 16 Beat.mid"",""Factory Styles/Soft 8 Beat.mid""]"
PERFORMANCE,ACC1,Ending 1,6ceb59af5dbaced4,2,2,"[""Factory Styles/Soft 16 Beat.mid"",""Factory Styles/Soft 8 Beat.mid""]"
PERFORMANCE,ACC1,Ending 2,7ad8459b9f6eff50,2,2,"[""Factory Styles/Soft 16 Beat.mid"",""Factory Styles/Soft 8 Beat.mid""]"
PERFORMANCE,ACC1,Ending 3,eab77515e9915e35,2,2,"[""Factory Styles/Soft 16 Beat.mid"",""Factory Styles/Soft 8 Beat.mid""]"
PERFORMANCE,ACC2,Ending 1,b00eb43d137fb119,2,2,"[""Factory Styles/Soft 16 Beat.mid"",""Factory Styles/Soft 8 Beat.mid""]"
PERFORMANCE,ACC2,Ending 2,39cd1e7bc569d59e,2,2,"[""Factory Styles/Soft 16 Beat.mid"",""Factory Styles/Soft 8 Beat.mid""]"
PERFORMANCE,ACC2,Ending 3,98d7bbe36fc2a412,2,2,"[""Factory Styles/Soft 16 Beat.mid"",""Factory Styles/Soft 8 Beat.mid""]"
PERFORMANCE,ACC3,Ending 1,4260cf0c6ce6c56e,2,2,"[""Factory Styles/Soft 16 Beat.mid"",""Factory Styles/Soft 8 Beat.mid""]"
PERFORMANCE,ACC3,Ending 2,7a1899becfa94bb8,2,2,"[""Factory Styles/Soft 16 Beat.mid"",""Factory Styles/Soft 8 Beat.mid""]"
PERFORMANCE,ACC3,Ending 3,fd6e673ca9af2a75,2,2,"[""Factory Styles/Soft 16 Beat.mid"",""Factory Styles/Soft 8 Beat.mid""]"
PERFORMANCE,ACC4,Ending 1,323cae275e7067f8,2,2,"[""Factory Styles/Soft 16 Beat.mid"",""Factory Styles/Soft 8 Beat.mid""]"
PERFORMANCE,ACC4,Ending 2,cec0ca0f16713eac,2,2,"[""Factory Styles/Soft 16 Beat.mid"",""Factory Styles/Soft 8 Beat.mid""]"
PERFORMANCE,ACC4,Ending 3,a24ee4fca48a4070,2,2,"[""Factory Styles/Soft 16 Beat.mid"",""Factory Styles/Soft 8 Beat.mid""]"
PERFORMANCE,ACC5,Ending 1,bd488d70dd53c664,2,2,"[""Factory Styles/Soft 16 Beat.mid"",""Factory Styles/Soft 8 Beat.mid""]"
PERFORMANCE,ACC5,Ending 2,d77c9db8701177e4,2,2,"[""Factory Styles/Soft 16 Beat.mid"",""Factory Styles/Soft 8 Beat.mid""]"
PERFORMANCE,ACC5,Ending 3,adf79e2472517d7a,2,2,"[""Factory Styles/Soft 16 Beat.mid"",""Factory Styles/Soft 8 Beat.mid""]"
PERFORMANCE,DRUM,Ending 1,4ea185139602d17c,2,2,"[""Factory Styles/Soft 16 Beat.mid"",""Factory Styles/Soft 8 Beat.mid""]"
PERFORMANCE,PERC,Ending 1,8d470f6dc82ad528,2,2,"[""Factory Styles/Soft 16 Beat.mid"",""Factory Styles/Soft 8 Beat.mid""]"
PERFORMANCE,BASS,Ending 1,c9749b6706e99441,2,2,"[""Factory Styles/Soft 16 Beat.mid"",""Factory Styles/Soft 8 Beat.mid""]"
PERFORMANCE,ACC1,Ending 1,cda871df814c554c,2,2,"[""Factory Styles/Soft 16 Beat.mid"",""Factory Styles/Soft 8 Beat.mid""]"
PERFORMANCE,ACC2,Ending 1,846445a10937ec55,2,2,"[""Factory Styles/Soft 16 Beat.mid"",""Factory Styles/Soft 8 Beat.mid""]"
PERFORMANCE,ACC3,Ending 1,3eeb30b4c1f88743,2,2,"[""Factory Styles/Soft 16 Beat.mid"",""Factory Styles/Soft 8 Beat.mid""]"
PERFORMANCE,ACC4,Ending 1,e540fd289c98b803,2,2,"[""Factory Styles/Soft 16 Beat.mid"",""Factory Styles/Soft 8 Beat.mid""]"
PERFORMANCE,ACC5,Ending 1,7b316f54bb1892ff,2,2,"[""Factory Styles/Soft 16 Beat.mid"",""Factory Styles/Soft 8 Beat.mid""]"
PERFORMANCE,DRUM,Ending 3,675cd0bfb02fc85d,2,2,"[""Factory Styles/Standard 16 Beat.mid"",""Factory Styles/Standard 8 Beat.mid""]"
PERFORMANCE,PERC,Ending 3,11609ebe8fb7b35c,2,2,"[""Factory Styles/Standard 16 Beat.mid"",""Factory Styles/Standard 8 Beat.mid""]"
PERFORMANCE,BASS,Ending 1,8fe5179133a44f53,2,2,"[""Factory Styles/Standard 16 Beat.mid"",""Factory Styles/Standard 8 Beat.mid""]"
PERFORMANCE,BASS,Ending 2,85bcffa1f62ce4fc,2,2,"[""Factory Styles/Standard 16 Beat.mid"",""Factory Styles/Standard 8 Beat.mid""]"
PERFORMANCE,BASS,Ending 3,dd9e942f64c5adb3,2,2,"[""Factory Styles/Standard 16 Beat.mid"",""Factory Styles/Standard 8 Beat.mid""]"
PERFORMANCE,ACC1,Ending 1,57b365b96a2be1cc,2,2,"[""Factory Styles/Standard 16 Beat.mid"",""Factory Styles/Standard 8 Beat.mid""]"
PERFORMANCE,ACC1,Ending 2,3e184829af675db4,2,2,"[""Factory Styles/Standard 16 Beat.mid"",""Factory Styles/Standard 8 Beat.mid""]"
PERFORMANCE,ACC1,Ending 3,13b085f5d7947c1a,2,2,"[""Factory Styles/Standard 16 Beat.mid"",""Factory Styles/Standard 8 Beat.mid""]"
PERFORMANCE,ACC2,Ending 1,d883a3a1a918c1ce,2,2,"[""Factory Styles/Standard 16 Beat.mid"",""Factory Styles/Standard 8 Beat.mid""]"
PERFORMANCE,ACC2,Ending 2,65d9971839cde13d,2,2,"[""Factory Styles/Standard 16 Beat.mid"",""Factory Styles/Standard 8 Beat.mid""]"
PERFORMANCE,ACC2,Ending 3,08b8346ec0930dac,2,2,"[""Factory Styles/Standard 16 Beat.mid"",""Factory Styles/Standard 8 Beat.mid""]"
PERFORMANCE,ACC3,Ending 1,5a43b9ef0768762b,2,2,"[""Factory Styles/Standard 16 Beat.mid"",""Factory Styles/Standard 8 Beat.mid""]"
PERFORMANCE,ACC3,Ending 2,f70ffba2901018c7,2,2,"[""Factory Styles/Standard 16 Beat.mid"",""Factory Styles/Standard 8 Beat.mid""]"
PERFORMANCE,ACC3,Ending 3,829c319a81d31b82,2,2,"[""Factory Styles/Standard 16 Beat.mid"",""Factory Styles/Standard 8 Beat.mid""]"
PERFORMANCE,ACC4,Ending 1,da0ffe9ab4bdf342,2,2,"[""Factory Styles/Standard 16 Beat.mid"",""Factory Styles/Standard 8 Beat.mid""]"
PERFORMANCE,ACC4,Ending 2,7b720fb8e65c8b0f,2,2,"[""Factory Styles/Standard 16 Beat.mid"",""Factory Styles/Standard 8 Beat.mid""]"
PERFORMANCE,ACC4,Ending 3,9201aaf4329e2be9,2,2,"[""Factory Styles/Standard 16 Beat.mid"",""Factory Styles/Standard 8 Beat.mid""]"
PERFORMANCE,ACC5,Ending 1,b7ea5e1f8951f243,2,2,"[""Factory Styles/Standard 16 Beat.mid"",""Factory Styles/Standard 8 Beat.mid""]"
PERFORMANCE,ACC5,Ending 2,1859ebd0a659b4cd,2,2,"[""Factory Styles/Standard 16 Beat.mid"",""Factory Styles/Standard 8 Beat.mid""]"
PERFORMANCE,ACC5,Ending 3,f082c1ea2e854c09,2,2,"[""Factory Styles/Standard 16 Beat.mid"",""Factory Styles/Standard 8 Beat.mid""]"
PERFORMANCE,BASS,Ending 1,b739e95569a4655a,2,2,"[""Factory Styles/Standard 16 Beat.mid"",""Factory Styles/Standard 8 Beat.mid""]"
PERFORMANCE,BASS,Ending 2,c1f072d662a60676,2,2,"[""Factory Styles/Standard 16 Beat.mid"",""Factory Styles/Standard 8 Beat.mid""]"
PERFORMANCE,ACC1,Ending 1,650b5c7f4506e55c,2,2,"[""Factory Styles/Standard 16 Beat.mid"",""Factory Styles/Standard 8 Beat.mid""]"
PERFORMANCE,ACC1,Ending 2,714660af3ec4ae0d,2,2,"[""Factory Styles/Standard 16 Beat.mid"",""Factory Styles/Standard 8 Beat.mid""]"
PERFORMANCE,ACC2,Ending 1,a214303bbc35f947,2,2,"[""Factory Styles/Standard 16 Beat.mid"",""Factory Styles/Standard 8 Beat.mid""]"
PERFORMANCE,ACC2,Ending 2,0bfa77beda85e752,2,2,"[""Factory Styles/Standard 16 Beat.mid"",""Factory Styles/Standard 8 Beat.mid""]"
PERFORMANCE,ACC3,Ending 1,c416a1fc696ecd32,2,2,"[""Factory Styles/Standard 16 Beat.mid"",""Factory Styles/Standard 8 Beat.mid""]"
PERFORMANCE,ACC3,Ending 2,5bdab3ed9656e24e,2,2,"[""Factory Styles/Standard 16 Beat.mid"",""Factory Styles/Standard 8 Beat.mid""]"
PERFORMANCE,ACC4,Ending 1,3a9ff54bb36fae9f,2,2,"[""Factory Styles/Standard 16 Beat.mid"",""Factory Styles/Standard 8 Beat.mid""]"
PERFORMANCE,ACC4,Ending 2,da569bcd6d37216a,2,2,"[""Factory Styles/Standard 16 Beat.mid"",""Factory Styles/Standard 8 Beat.mid""]"
PERFORMANCE,ACC5,Ending 1,93ffe50fa2475784,2,2,"[""Factory Styles/Standard 16 Beat.mid"",""Factory Styles/Standard 8 Beat.mid""]"
PERFORMANCE,ACC5,Ending 2,4fbb993dc1a20653,2,2,"[""Factory Styles/Standard 16 Beat.mid"",""Factory Styles/Standard 8 Beat.mid""]"
PERFORMANCE,DRUM,Ending 2,7eb44f7f0b283235,2,2,"[""Factory Styles/Unplugged 16 Bt.mid"",""Factory Styles/Unplugged 8 Bt.mid""]"
PERFORMANCE,DRUM,Ending 3,888446b16ba83df5,2,2,"[""Factory Styles/Unplugged 16 Bt.mid"",""Factory Styles/Unplugged 8 Bt.mid""]"
PERFORMANCE,PERC,Ending 2,26f0157166214569,2,2,"[""Factory Styles/Unplugged 16 Bt.mid"",""Factory Styles/Unplugged 8 Bt.mid""]"
PERFORMANCE,PERC,Ending 3,1b100cae0ee6ca5d,2,2,"[""Factory Styles/Unplugged 16 Bt.mid"",""Factory Styles/Unplugged 8 Bt.mid""]"
PERFORMANCE,BASS,Ending 2,07ae344aed73ea73,2,2,"[""Factory Styles/Unplugged 16 Bt.mid"",""Factory Styles/Unplugged 8 Bt.mid""]"
PERFORMANCE,BASS,Ending 3,97e34c903c333c7b,2,2,"[""Factory Styles/Unplugged 16 Bt.mid"",""Factory Styles/Unplugged 8 Bt.mid""]"
PERFORMANCE,ACC1,Ending 2,5a795ae4b14564ce,2,2,"[""Factory Styles/Unplugged 16 Bt.mid"",""Factory Styles/Unplugged 8 Bt.mid""]"
PERFORMANCE,ACC2,Ending 2,c3e50eeab681dc3d,2,2,"[""Factory Styles/Unplugged 16 Bt.mid"",""Factory Styles/Unplugged 8 Bt.mid""]"
PERFORMANCE,ACC2,Ending 3,f81773a60f20f1f7,2,2,"[""Factory Styles/Unplugged 16 Bt.mid"",""Factory Styles/Unplugged 8 Bt.mid""]"
PERFORMANCE,ACC3,Ending 2,90c64b4b816688d8,2,2,"[""Factory Styles/Unplugged 16 Bt.mid"",""Factory Styles/Unplugged 8 Bt.mid""]"
PERFORMANCE,ACC3,Ending 3,182a594ba1ea9f57,2,2,"[""Factory Styles/Unplugged 16 Bt.mid"",""Factory Styles/Unplugged 8 Bt.mid""]"
PERFORMANCE,ACC4,Ending 3,28405219e527acba,2,2,"[""Factory Styles/Unplugged 16 Bt.mid"",""Factory Styles/Unplugged 8 Bt.mid""]"
PERFORMANCE,ACC5,Ending 2,e9df5a46ea1ea66f,2,2,"[""Factory Styles/Unplugged 16 Bt.mid"",""Factory Styles/Unplugged 8 Bt.mid""]"
PERFORMANCE,ACC1,Ending 1,37dececf05fba9fc,2,2,"[""Factory Styles/Unplugged 16 Bt.mid"",""Factory Styles/Unplugged 8 Bt.mid""]"
PERFORMANCE,ACC2,Ending 1,2151eb0cf3b96ee0,2,2,"[""Factory Styles/Unplugged 16 Bt.mid"",""Factory Styles/Unplugged 8 Bt.mid""]"
PERFORMANCE,ACC3,Ending 1,3bcd83e9e4a8767b,2,2,"[""Factory Styles/Unplugged 16 Bt.mid"",""Factory Styles/Unplugged 8 Bt.mid""]"
PERFORMANCE,ACC4,Ending 1,ea44dff85575a5e1,2,2,"[""Factory Styles/Unplugged 16 Bt.mid"",""Factory Styles/Unplugged 8 Bt.mid""]"
PERFORMANCE,ACC5,Ending 1,bbc0363328015edb,2,2,"[""Factory Styles/Unplugged 16 Bt.mid"",""Factory Styles/Unplugged 8 Bt.mid""]"
PERFORMANCE,BASS,Intro 3,065b33c4a7d2463a,2,2,"[""Factory Styles/Unplugged 3_4.mid"",""Factory Styles/Unplugged Slow.mid""]"
