file,cv,transition,active_roles_delta,added_roles,removed_roles,notes_per_bar_delta,velocity_p50_delta,fine_subdivision_delta,polyphony_delta
Factory Styles/50's  Fox.mid,1,V1->V2,0,[],[],8.0,-3.0,0.2499975,0.22360999999999986
Factory Styles/50's  Fox.mid,1,V2->V3,2,"[""ACC3"",""PERC""]",[],8.0,-6.0,-0.03125031249999999,0.03888999999999987
Factory Styles/50's  Fox.mid,1,V3->V4,2,"[""ACC4"",""ACC5""]",[],21.0,-5.0,0.20577960495283018,-0.47547169811320744
Factory Styles/50's  Fox.mid,2,V1->V2,0,[],[],8.0,0.0,0.2499975,0.22360999999999986
Factory Styles/50's  Fox.mid,2,V2->V3,2,"[""ACC3"",""PERC""]",[],8.0,-7.0,-0.03125031249999999,0.03888999999999987
Factory Styles/50's  Fox.mid,2,V3->V4,2,"[""ACC4"",""ACC5""]",[],21.0,-7.0,0.1869122464622641,-0.47547169811320744
Factory Styles/60's Dance.mid,1,V1->V2,0,[],[],2.25,-2.0,-0.07253446309136365,0.1416889310881564
Factory Styles/60's Dance.mid,1,V2->V3,0,[],[],-7.125,2.0,0.009649448739802752,0.04769574343520433
Factory Styles/60's Dance.mid,1,V3->V4,0,[],[],-0.25,2.0,-0.024981935345217622,-0.028020471978403183
Factory Styles/60's Dance.mid,2,V1->V2,0,[],[],3.75,-2.0,-0.04805415290272193,0.14773830802310228
Factory Styles/60's Dance.mid,2,V2->V3,0,[],[],-7.125,2.0,0.009649448739802752,0.04769574343520433
Factory Styles/60's Dance.mid,2,V3->V4,0,[],[],0.25,2.0,-0.01768097535242883,-0.03158304517973143
Factory Styles/60's Dance.mid,3,V1->V2,0,[],[],3.5,-2.0,-0.04430715406720785,0.13319907144907472
Factory Styles/60's Dance.mid,3,V2->V3,0,[],[],-7.125,2.0,0.015938802496814244,0.057127543050284
Factory Styles/60's Dance.mid,3,V3->V4,0,[],[],0.0,2.0,-0.03501828793774319,-0.022913035019455297
Factory Styles/60's Dance.mid,4,V1->V2,0,[],[],3.625,-2.0,-0.0374431596028281,0.12616685340442246
Factory Styles/60's Dance.mid,4,V2->V3,0,[],[],-8.0,2.0,0.0022584375860360134,0.06976365398381157
Factory Styles/60's Dance.mid,4,V3->V4,0,[],[],0.5,2.0,-0.03580193436269685,-0.026800665292814996
Factory Styles/70's Disco 1.mid,1,V1->V2,3,"[""ACC3"",""ACC4"",""PERC""]",[],87.25,-1.0,0.007431204007285974,0.3186329162112931
Factory Styles/70's Disco 1.mid,1,V2->V3,1,"[""ACC2""]",[],35.25,0.0,-0.08743220400728598,0.26429092436841684
Factory Styles/70's Disco 1.mid,1,V3->V4,0,[],[],13.75,0.0,0.021476,-0.06370623655286467
Factory Styles/70's Disco 2.mid,1,V1->V2,1,"[""ACC4""]",[],31.375,4.0,0.07928568119574297,0.02458053427045903
Factory Styles/70's Disco 2.mid,1,V2->V3,0,[],[],-15.375,4.0,0.08176581424964625,-0.13467850822628535
Factory Styles/70's Disco 2.mid,1,V3->V4,0,"[""ACC5""]","[""PERC""]",-5.875,2.0,-0.15367276070669797,0.368521899735361
Factory Styles/70's Disco 2.mid,2,V1->V2,1,"[""ACC4""]",[],32.375,5.0,0.08245728811795193,0.029041457350819533
Factory Styles/70's Disco 2.mid,2,V2->V3,0,[],[],-16.375,4.0,0.08228387522411629,-0.13287612872361998
Factory Styles/70's Disco 2.mid,2,V3->V4,0,"[""ACC5""]","[""PERC""]",-5.375,2.0,-0.15765392456499716,0.3806466874339085
Factory Styles/70's Disco 2.mid,3,V1->V2,1,"[""ACC4""]",[],32.5,2.0,0.07996604020881529,0.024787869429283793
Factory Styles/8 Beat Analog 1.mid,1,V1->V2,1,"[""ACC1""]",[],2.0,0.0,0.0,0.04938761675824166
Factory Styles/8 Beat Analog 1.mid,1,V2->V3,2,"[""ACC3"",""ACC5"",""PERC""]","[""ACC4""]",12.25,2.0,0.055900621118012424,0.250245469720497
Factory Styles/8 Beat Analog 1.mid,1,V3->V4,0,"[""ACC4""]","[""ACC3""]",18.5,4.0,-0.055900621118012424,0.23421578749834815
Factory Styles/8 Beat Analog 2.mid,1,V1->V2,0,[],[],21.5,-15.0,0.0,0.6149350087319025
Factory Styles/8 Beat Analog 2.mid,1,V2->V3,3,"[""ACC2"",""ACC3"",""ACC4""]",[],58.25,-4.0,0.0,0.06159054093106331
Factory Styles/8 Beat Analog 2.mid,1,V3->V4,0,[],[],24.5,4.0,0.0,0.03293705533522884
Factory Styles/80's Dance.mid,1,V1->V2,0,[],[],29.25,-17.0,0.0,0.5618039740655987
Factory Styles/80's Dance.mid,1,V2->V3,0,[],[],-26.5,4.0,0.0,0.18114805045176174
Factory Styles/80's Dance.mid,1,V3->V4,0,[],[],11.75,14.0,0.0,-0.46449405126254506
Factory Styles/Acoustic Bld_3_4.mid,1,V1->V2,2,"[""ACC5"",""PERC""]",[],26.0,11.5,0.0,-0.4242857142857144
Factory Styles/Acoustic Bld_3_4.mid,1,V2->V3,1,"[""ACC3""]",[],43.0,7.0,0.0,0.5565383762886595
Factory Styles/Acoustic Bld_3_4.mid,1,V3->V4,1,"[""ACC2"",""ACC4""]","[""ACC1""]",22.5,11.0,0.0,-0.2506039620627183
Factory Styles/Acoustic Bld_3_4.mid,2,V1->V2,2,"[""ACC5"",""PERC""]",[],26.0,17.0,0.0,-0.4112820512820514
Factory Styles/Acoustic Bld_3_4.mid,2,V2->V3,1,"[""ACC3""]",[],40.5,4.0,0.0,0.40466580613830594
Factory Styles/Acoustic Bld_3_4.mid,2,V3->V4,1,"[""ACC2"",""ACC4""]","[""ACC1""]",21.0,11.0,0.0,-0.28310645517676747
Factory Styles/Al Funk.mid,1,V1->V2,0,"[""ACC4""]","[""PERC""]",7.75,6.0,0.022490041820924175,0.08367514740161819
Factory Styles/Al Funk.mid,1,V2->V3,0,"[""ACC2""]","[""ACC4""]",41.0,5.0,-0.031035127291009643,0.3889239978975272
Factory Styles/Al Funk.mid,1,V3->V4,3,"[""ACC4"",""ACC5"",""PERC""]",[],16.5,1.0,0.08602441216257764,0.20437212291705098
Factory Styles/Al Funk.mid,2,V1->V2,1,"[""ACC4""]",[],16.0,-2.0,0.0345819616519174,0.378379215557741
Factory Styles/Al Funk.mid,2,V2->V3,0,"[""ACC2""]","[""ACC4""]",34.75,12.0,-0.031180135167899137,0.24817400581888682
Factory Styles/Al Funk.mid,2,V3->V4,3,"[""ACC4"",""ACC5"",""PERC""]",[],14.0,0.0,0.05884048547164286,0.2721886210913351
Factory Styles/Al Funk.mid,3,V1->V2,1,"[""ACC4""]",[],28.5,-2.0,0.024832365591397853,-0.09884544802867379
Factory Styles/Al Funk.mid,3,V2->V3,0,"[""ACC2""]","[""ACC4""]",39.5,8.0,-0.02470524888659236,0.41902590569457776
Factory Styles/Al Funk.mid,3,V3->V4,3,"[""ACC4"",""ACC5"",""PERC""]",[],0.875,-3.0,0.09066077205796409,0.21517545606848887
Factory Styles/Al Funk.mid,4,V3->V4,3,"[""ACC4"",""ACC5"",""PERC""]",[],-10.25,-2.0,0.12342405380083069,-0.04625694610257902
Factory Styles/Al Swing.mid,1,V1->V2,0,[],[],20.0,-10.0,0.09460036640898015,-0.017526984362314035
Factory Styles/Al Swing.mid,1,V2->V3,2,"[""ACC3"",""ACC4""]",[],2.75,7.0,0.018885171654929644,0.0786324777833669
Factory Styles/Al Swing.mid,1,V3->V4,1,"[""ACC5""]",[],19.25,-3.0,-0.02937963143687705,-0.06317888911960146
Factory Styles/Al Swing.mid,2,V1->V2,0,[],[],20.0,-11.0,0.10274376686805833,-0.01850025614123929
Factory Styles/Al Swing.mid,2,V2->V3,2,"[""ACC3"",""ACC4""]",[],2.75,6.5,0.01959885743563472,0.0792836211092609
Factory Styles/Al Swing.mid,2,V3->V4,1,"[""ACC5""]",[],19.25,-1.5,-0.02024554370423942,-0.06406676127632638
Factory Styles/Alpen Ballade.mid,1,V1->V2,0,[],[],25.5,4.0,0.06443276847079038,0.18083198754295537
Factory Styles/Alpen Ballade.mid,1,V2->V3,0,[],[],49.5,5.0,0.021463721913825007,0.19302854771345457
Factory Styles/Alpen Ballade.mid,1,V3->V4,0,[],[],37.0,4.0,0.014676936339522495,0.06933130238726815
Factory Styles/Alpen Rock.mid,1,V1->V2,0,[],[],1.5,3.0,0.1886700944895796,-0.1963526805898972
Factory Styles/Alpen Rock.mid,1,V2->V3,1,"[""ACC5""]",[],13.0,1.0,-0.015153097279716088,0.02689946703134205
Factory Styles/Alpen Rock.mid,1,V3->V4,0,[],[],21.5,0.0,-0.054654532513091686,0.2592281511515586
Factory Styles/AM _ PM.mid,1,V1->V2,1,"[""DRUM""]",[],10.5,13.0,0.0,0.07207658450704235
Factory Styles/AM _ PM.mid,1,V2->V3,0,[],[],13.0,-7.0,0.01694915254237288,0.019900296610169566
Factory Styles/AM _ PM.mid,1,V3->V4,1,"[""ACC5""]",[],40.5,20.0,-0.01694915254237288,0.9900373290179716
Factory Styles/Analog Ballad 1.mid,1,V1->V2,1,"[""ACC3""]",[],9.0,-12.0,0.0,-0.10430587706146932
Factory Styles/Analog Ballad 1.mid,1,V2->V3,2,"[""ACC4"",""ACC5""]",[],21.5,-2.0,0.0,0.2493103430592396
Factory Styles/Analog Ballad 1.mid,1,V3->V4,-1,[],"[""ACC5""]",92.5,-16.0,0.3428571111111111,0.6972833186813188
Factory Styles/Analog Ballad 1.mid,2,V1->V2,1,"[""ACC3""]",[],10.0,-7.0,0.0,-0.08042855560983542
Factory Styles/Analog Ballad 1.mid,2,V2->V3,2,"[""ACC4"",""ACC5""]",[],18.5,0.0,0.04761730158730158,0.2142953879079721
Factory Styles/Analog Ballad 1.mid,2,V3->V4,-1,[],"[""ACC5""]",94.5,-22.0,0.2952398095238095,0.7084209523809524
Factory Styles/Analog Ballad 2.mid,1,V1->V2,1,"[""ACC4"",""DRUM""]","[""ACC2""]",16.5,5.0,0.02747274725274725,-0.09946806366047745
Factory Styles/Analog Ballad 2.mid,1,V2->V3,1,"[""ACC2""]",[],41.0,-2.0,-0.02169147557644667,0.42434062694530894
Factory Styles/Analog Ballad 2.mid,1,V3->V4,0,[],[],12.25,2.0,-0.005781271676300579,0.7988055074266485
Factory Styles/Analog Beat 1.mid,1,V1->V2,3,"[""ACC3"",""ACC4"",""DRUM""]",[],13.75,-3.0,0.0,0.22498008411677395
Factory Styles/Analog Beat 1.mid,1,V2->V3,1,"[""ACC5""]",[],36.5,0.0,0.0,0.020795250945214505
Factory Styles/Analog Beat 1.mid,1,V3->V4,0,[],[],68.0,-4.0,0.003577674418604651,0.7596521067984767
Factory Styles/Analog Beat 1.mid,2,V1->V2,2,"[""ACC3"",""DRUM""]",[],7.0,0.0,0.0,-0.02822338983050865
Factory Styles/Analog Beat 1.mid,2,V2->V3,1,"[""ACC5""]",[],48.25,-2.0,0.003215434083601286,0.2483805924028557
Factory Styles/Analog Beat 2.mid,1,V1->V2,1,"[""ACC3""]",[],8.0,-7.0,0.0,-0.15637216117216113
Factory Styles/Analog Beat 2.mid,1,V2->V3,1,"[""ACC5""]",[],28.5,4.0,0.0,0.7666918458568459
Factory Styles/Analog Beat 2.mid,1,V3->V4,2,"[""ACC2"",""ACC4""]",[],31.5,11.0,0.0,0.19411639746381448
Factory Styles/Analog Beat 2.mid,2,V1->V2,1,"[""ACC3""]",[],8.0,-7.0,0.0,-0.08135384615384633
Factory Styles/Analog Beat 2.mid,2,V2->V3,1,"[""ACC5""]",[],28.5,4.0,0.0,0.9021239812889812
Factory Styles/Analog Beat 2.mid,2,V3->V4,2,"[""ACC2"",""ACC4""]",[],31.5,10.0,0.0,0.2586738459075191
Factory Styles/Argentina Tango.mid,1,V1->V2,3,"[""ACC1"",""ACC3"",""ACC5""]",[],26.125,-18.0,-0.03437345410628019,0.7968378530286142
Factory Styles/Argentina Tango.mid,1,V2->V3,0,[],[],12.5,20.0,0.06290802325581395,-0.8329003920691715
Factory Styles/Argentina Tango.mid,1,V3->V4,0,[],[],0.0,7.0,-0.03100511627906974,0.4334781395348839
Factory Styles/Argentina Tango.mid,2,V2->V3,1,"[""ACC5""]",[],2.5,0.0,0.24999975000000002,-1.1341440303030306
Factory Styles/Army Band.mid,1,V1->V2,3,"[""ACC3"",""ACC4"",""ACC5""]",[],-1.0,8.0,-0.044604945054945055,-0.29310776320453735
Factory Styles/Army Band.mid,1,V2->V3,0,[],[],47.0,28.0,-0.23798610899910905,0.48321590792990765
Factory Styles/Army Band.mid,1,V3->V4,1,"[""PERC""]",[],12.5,19.0,0.0812084588159589,0.32422839060489084
Factory Styles/Army Band.mid,2,V1->V2,3,"[""ACC3"",""ACC4"",""ACC5""]",[],-0.5,16.5,-0.04744839139539314,-0.05876929564058608
Factory Styles/Army Band.mid,2,V2->V3,0,[],[],65.25,34.5,-0.08586458950031628,0.43227244022770384
Factory Styles/Army Band.mid,2,V3->V4,1,"[""PERC""]",[],-3.25,6.0,-0.00033322066799879035,0.3349657850889711
Factory Styles/Army Band.mid,3,V1->V2,3,"[""ACC3"",""ACC4"",""ACC5""]",[],1.75,23.0,-0.01369567814371253,0.2771117934131735
Factory Styles/Army Band.mid,3,V2->V3,0,[],[],49.25,21.0,-0.16748349493321057,0.6238729153780351
Factory Styles/Army Band.mid,3,V3->V4,1,"[""PERC""]",[],6.0,18.0,0.07641091792228394,0.2973675798685851
Factory Styles/Ballad 6_8 1.mid,1,V1->V2,1,"[""ACC1""]",[],4.625,2.0,0.10167642327235776,-0.06327939735772325
Factory Styles/Ballad 6_8 1.mid,1,V2->V3,0,[],[],2.375,8.0,-0.010928070181564276,-0.03113738058659221
Factory Styles/Ballad 6_8 1.mid,1,V3->V4,0,[],[],16.125,-6.0,-0.005225013422331837,-0.1836661372705506
Factory Styles/Ballad 6_8 1.mid,2,V1->V2,1,"[""ACC1""]",[],4.625,2.0,0.10167642327235776,-0.06327939735772325
Factory Styles/Ballad 6_8 1.mid,2,V2->V3,0,[],[],2.625,8.0,-0.015433717886740306,0.006554232734806709
Factory Styles/Ballad 6_8 1.mid,2,V3->V4,0,[],[],15.875,-6.0,-0.0007193657171558065,-0.2213577505919495
Factory Styles/Ballad 6_8 2.mid,1,V1->V2,1,"[""ACC1"",""PERC""]","[""DRUM""]",26.5,12.0,0.0,-0.5644189855072466
Factory Styles/Ballad 6_8 2.mid,1,V2->V3,4,"[""ACC2"",""ACC3"",""ACC5"",""DRUM""]",[],27.0,1.0,0.0,-0.16639372549019615
Factory Styles/Ballad 6_8 2.mid,1,V3->V4,0,[],[],20.5,12.0,0.0,0.14819406913280808
Factory Styles/Bar Country.mid,1,V1->V2,2,"[""ACC1"",""ACC3""]",[],30.375,-1.0,-0.0145025231500866,0.273138489613864
Factory Styles/Bar Country.mid,1,V2->V3,1,"[""ACC4""]",[],1.875,-1.0,0.01147587190166327,-0.08286261186654276
Factory Styles/Bar Country.mid,1,V3->V4,0,[],[],46.875,5.0,-0.028225101322312762,-0.05701616146391353
Factory Styles/Bar Country.mid,2,V3->V4,0,[],[],47.375,5.0,-0.026366259835566397,-0.05529870038570839
Factory Styles/Bar Country.mid,3,V3->V4,0,[],[],47.625,5.0,-0.027275007840682264,-0.07018928803750502
Factory Styles/Barry Dance.mid,1,V1->V2,0,[],[],25.5,4.0,-0.0012615215186742518,-0.034458706035122466
Factory Styles/Barry Dance.mid,1,V2->V3,1,"[""ACC4""]",[],15.75,4.0,-0.004971709531297674,0.04873899828666639
Factory Styles/Barry Dance.mid,1,V3->V4,0,[],[],5.75,3.0,-4.766986267474931e-05,-0.01573047239061398
Factory Styles/Barry Dance.mid,2,V1->V2,0,[],[],25.5,4.0,-0.0012525475243147658,-0.03469722277483056
Factory Styles/Barry Dance.mid,2,V2->V3,1,"[""ACC4""]",[],16.0,4.0,-0.002049282200357783,0.04497280895945144
Factory Styles/Barry Dance.mid,2,V3->V4,0,[],[],10.25,3.0,-0.00024505263661594393,-0.0065343073898618265
Factory Styles/Barry Dance.mid,3,V1->V2,0,[],[],25.5,4.0,-0.0012615215186742518,-0.034458706035122466
Factory Styles/Barry Dance.mid,3,V2->V3,1,"[""ACC4""]",[],16.5,4.0,-0.002070472220145069,0.046869114353548236
Factory Styles/Barry Dance.mid,3,V3->V4,0,[],[],10.25,3.0,-0.00024579337735668345,-0.004185006978339345
Factory Styles/Bavarian Pop.mid,1,V1->V2,1,"[""ACC5""]",[],6.0,0.0,0.006620090477766738,-0.026708264371620993
Factory Styles/Bavarian Pop.mid,1,V2->V3,1,"[""ACC3""]",[],27.0,-5.0,0.18994157660818717,-0.17281676959064307
Factory Styles/Bavarian Pop.mid,1,V3->V4,0,[],[],6.0,-1.0,-0.022053268073136456,0.012773110548523148
Factory Styles/Bavarian Pop.mid,2,V1->V2,1,"[""ACC5""]",[],6.0,0.0,0.006620090477766738,-0.026708264371620993
Factory Styles/Bavarian Pop.mid,2,V2->V3,1,"[""ACC3""]",[],27.0,-5.0,0.18994157660818717,-0.17281676959064307
Factory Styles/Bavarian Pop.mid,2,V3->V4,0,[],[],6.0,-1.0,-0.022053268073136456,0.012773110548523148
Factory Styles/Bavarian Pop.mid,3,V1->V2,1,"[""ACC5""]",[],6.0,0.0,0.08893279046673286,-0.22787785501489566
Factory Styles/Bavarian Pop.mid,3,V2->V3,1,"[""ACC3""]",[],27.0,-2.0,0.1405848514619883,0.01768615438596477
Factory Styles/Bavarian Pop.mid,3,V3->V4,0,[],[],6.0,-1.0,-0.023403479043600517,0.010581043037974691
Factory Styles/Big Band 40's.mid,1,V1->V2,0,[],[],-4.5,-7.0,-0.06316226254965684,0.03611076561935689
Factory Styles/Big Band 40's.mid,1,V2->V3,0,[],[],11.5,0.0,0.020946733163102416,0.17727620065964467
Factory Styles/Big Band 40's.mid,1,V3->V4,0,[],[],13.875,2.0,-0.05330537047014622,0.335851988902339
Factory Styles/Big Band 40's.mid,2,V1->V2,0,[],[],-4.5,-7.0,-0.06316226254965684,0.03611076561935689
Factory Styles/Big Band 40's.mid,2,V2->V3,0,[],[],10.875,0.0,0.016300992581841645,0.1873627640703115
Factory Styles/Big Band 40's.mid,2,V3->V4,0,[],[],14.5,2.0,-0.04865962988888545,0.3257654254916722
Factory Styles/Big Band 40's.mid,3,V1->V2,0,[],[],-4.375,-7.0,-0.06402134084987327,0.021875195418032067
Factory Styles/Big Band 40's.mid,3,V2->V3,0,[],[],10.75,0.0,0.017160070882058065,0.20159833427163631
Factory Styles/Big Band 40's.mid,3,V3->V4,0,[],[],14.5,2.0,-0.04865962988888545,0.3257654254916722
Factory Styles/Big Band 40's.mid,4,V1->V2,0,[],[],1.0,0.0,-0.013965355464238716,0.07924290172696247
Factory Styles/Big Band 40's.mid,4,V2->V3,0,[],[],6.0,-1.0,-0.015665645291619235,0.1720547369729617
Factory Styles/Big Band 40's.mid,4,V3->V4,0,[],[],7.5,1.0,-0.045434008698561346,0.23179373435931727
Factory Styles/Big Band Fox.mid,1,V1->V2,1,"[""ACC3""]",[],5.0,2.0,-0.013349400123918165,0.015290268676892982
Factory Styles/Big Band Fox.mid,1,V2->V3,1,"[""ACC4""]",[],7.25,1.0,-0.0012142047026278968,0.07617128369448278
Factory Styles/Big Band Fox.mid,1,V3->V4,1,"[""ACC5""]",[],6.0,0.0,-0.04527585034013604,0.09479251171579772
Factory Styles/Big Band Fox.mid,2,V1->V2,1,"[""ACC3""]",[],5.0,-1.0,-0.010121811124213842,0.03474781348270439
Factory Styles/Big Band Fox.mid,2,V2->V3,1,"[""ACC4""]",[],7.25,1.5,0.00469737669302428,0.10514635383230253
Factory Styles/Big Band Fox.mid,2,V3->V4,1,"[""ACC5""]",[],6.0,1.0,-0.04620536725906199,0.12877174994128238
Factory Styles/Big Band Fox.mid,3,V1->V2,1,"[""ACC3""]",[],2.75,-0.5,-0.010929569969453934,0.03648816342115313
Factory Styles/Big Band Fox.mid,3,V2->V3,1,"[""ACC4""]",[],3.625,1.0,0.004175677059712668,0.10203060619803472
Factory Styles/Big Band Fox.mid,3,V3->V4,1,"[""ACC5""]",[],3.375,1.0,-0.03672009018607436,0.13917666776710713
Factory Styles/Big Band Jump.mid,1,V1->V2,1,"[""PERC""]",[],12.0,16.0,0.027190275974025957,0.16009889610389605
Factory Styles/Big Band Jump.mid,1,V2->V3,1,"[""ACC3""]",[],45.75,4.0,0.05189443532818527,-0.2555445349245349
Factory Styles/Big Band Jump.mid,1,V3->V4,1,"[""ACC4""]",[],21.375,7.0,-0.0095933151323912,0.02988654652714562
Factory Styles/Big Band Jump.mid,2,V1->V2,1,"[""PERC""]",[],14.0,16.0,0.03356810864551024,0.2712907897876402
Factory Styles/Big Band Jump.mid,2,V2->V3,1,"[""ACC3""]",[],45.75,3.0,0.04381129407737072,-0.4896666902106346
Factory Styles/Big Band Jump.mid,2,V3->V4,1,"[""ACC4""]",[],21.125,8.0,-0.010472425278252484,-0.00908169421949978
Factory Styles/Big Band Jump.mid,3,V1->V2,1,"[""PERC""]",[],14.0,16.0,0.03356488029905358,0.21530393939393955
Factory Styles/Big Band Jump.mid,3,V2->V3,1,"[""ACC3""]",[],46.0,3.0,0.044962858735123845,-0.4426322831050231
Factory Styles/Big Band Jump.mid,3,V3->V4,1,"[""ACC4""]",[],31.625,6.0,0.008926502137503955,0.22948378000493452
Factory Styles/Bigger Band.mid,1,V1->V2,1,"[""ACC1""]",[],9.0,8.0,0.054878640485784,-0.4237827259519893
Factory Styles/Bigger Band.mid,1,V2->V3,2,"[""ACC5"",""PERC""]",[],21.0,10.0,-0.15239819275392422,-0.03041325942850337
Factory Styles/Bigger Band.mid,1,V3->V4,-1,[],"[""ACC1""]",30.25,1.0,-0.09257763715692423,0.20956235489078923
Factory Styles/Bigger Band.mid,2,V1->V2,1,"[""ACC1""]",[],9.625,2.0,0.03168153819411819,0.02276817946067844
Factory Styles/Bigger Band.mid,2,V2->V3,2,"[""ACC5"",""PERC""]",[],18.25,13.0,0.0005688516022117202,-0.1803047442250798
Factory Styles/Bigger Band.mid,2,V3->V4,-1,[],"[""ACC1""]",21.875,2.0,-0.07721786303209574,0.2209950454179701
Factory Styles/Bigger Band.mid,3,V1->V2,1,"[""ACC1""]",[],8.375,4.0,0.04960980181818181,-1.0358183506493508
Factory Styles/Bigger Band.mid,3,V2->V3,2,"[""ACC5"",""PERC""]",[],16.5,13.0,0.08654942043392508,-0.196016118343195
Factory Styles/Bigger Band.mid,3,V3->V4,-1,[],"[""ACC1""]",8.5,13.0,-0.2082878621730555,0.2852098922562387
Factory Styles/Black Funk.mid,1,V1->V2,1,"[""ACC3""]",[],27.5,-12.0,0.11376531531531531,0.13084606117745645
Factory Styles/Black Funk.mid,1,V2->V3,1,"[""ACC2""]",[],12.5,9.5,0.021896125541125577,0.05489697322057796
Factory Styles/Black Funk.mid,1,V3->V4,1,"[""ACC4""]",[],20.0,-1.5,-0.017941709733565403,0.562819212746017
Factory Styles/Black Funk.mid,2,V1->V2,1,"[""ACC3""]",[],27.5,-15.0,0.11591038569706708,0.1322688830855765
Factory Styles/Black Funk.mid,2,V2->V3,1,"[""ACC2""]",[],11.5,10.0,0.02250396153464862,0.0657832358481214
Factory Styles/Black Funk.mid,2,V3->V4,1,"[""ACC4""]",[],20.0,-4.0,-0.016602909358682583,0.5619610389610388
Factory Styles/Blue Ballad.mid,1,V1->V2,1,"[""ACC3""]",[],2.0,6.0,0.0,0.1506053268765133
Factory Styles/Blue Ballad.mid,1,V2->V3,2,"[""ACC2"",""ACC4""]",[],18.0,-18.0,0.1414141414141414,-0.2831168831168829
Factory Styles/Blue Ballad.mid,1,V3->V4,1,"[""ACC5""]",[],20.5,-2.5,-0.0414141414141414,0.0206415259740258
Factory Styles/Bluegrass.mid,1,V1->V2,1,"[""ACC4""]",[],22.125,0.0,0.051032547683923735,-0.013832298196351678
Factory Styles/Bluegrass.mid,1,V2->V3,1,"[""DRUM""]",[],10.375,0.0,-0.1607328169617695,-0.016125221652286692
Factory Styles/Bluegrass.mid,1,V3->V4,0,[],[],22.0,-1.0,0.10288345155377726,0.027692560284291234
Factory Styles/Bluegrass.mid,2,V1->V2,1,"[""ACC4""]",[],22.625,0.0,0.04859573170731707,-0.014721314168527844
Factory Styles/Bluegrass.mid,2,V2->V3,1,"[""DRUM""]",[],9.875,0.0,-0.15951967295578706,-0.015236205680110526
Factory Styles/Bluegrass.mid,2,V3->V4,0,[],[],22.5,-1.0,0.10253543573192037,0.02698808371258221
Factory Styles/Blues Ballad.mid,1,V1->V2,0,[],[],3.5,0.0,-0.03039854574602091,-0.21985834520401548
Factory Styles/Blues Ballad.mid,1,V2->V3,0,[],[],13.5,0.0,0.056276983797497515,0.09511358703799822
Factory Styles/Blues Ballad.mid,1,V3->V4,0,[],[],17.25,0.5,0.015539398316323672,0.2765343668915412
Factory Styles/Blues Ballad.mid,2,V1->V2,0,[],[],3.0,0.0,-0.03320497870054118,-0.2349432646889511
Factory Styles/Blues Ballad.mid,2,V2->V3,0,[],[],14.0,0.0,0.05908341675201778,0.0979502635901599
Factory Styles/Blues Ballad.mid,2,V3->V4,0,[],[],17.25,0.5,0.015539398316323672,0.3329576682234905
Factory Styles/Blues Ballad.mid,3,V2->V3,0,[],[],15.5,2.0,0.060929550550493816,0.10686062091688187
Factory Styles/Blues Ballad.mid,3,V3->V4,0,[],[],21.0,1.0,0.02250340585227406,0.5350791984321854
Factory Styles/Blues.mid,1,V1->V2,0,[],[],17.08333333333333,-10.0,-0.0068410923526383005,0.4031982378726735
Factory Styles/Blues.mid,1,V2->V3,0,[],[],-34.25,6.0,-0.0312763352111165,-0.2945385239551479
Factory Styles/Blues.mid,1,V3->V4,0,[],[],45.33333333333333,-6.0,0.06344927185108196,0.4191006175942551
Factory Styles/Blues.mid,2,V1->V2,2,"[""ACC3"",""ACC4""]",[],28.666666666666664,-9.0,0.01173269330711424,0.485725497289774
Factory Styles/Blues.mid,2,V2->V3,0,[],[],-33.416666666666664,6.0,-0.025960673009173707,-0.3033571234720669
Factory Styles/Blues.mid,2,V3->V4,0,[],[],42.50000000000001,-6.0,0.07265897720514114,0.354461103079333
Factory Styles/British Pop.mid,1,V1->V2,3,"[""ACC3"",""ACC4"",""PERC""]",[],21.75,-6.5,-0.0003807219391399573,-0.09502116053145393
Factory Styles/British Pop.mid,1,V2->V3,1,"[""ACC5""]",[],2.5,0.0,0.02191235966876569,-0.006893716467034405
Factory Styles/British Pop.mid,1,V3->V4,0,[],[],24.75,0.5,0.05934490956452324,0.2440681446547488
Factory Styles/British Pop.mid,2,V1->V2,3,"[""ACC3"",""ACC4"",""PERC""]",[],25.25,-9.5,0.06255861850925015,-0.05012493967289289
Factory Styles/British Pop.mid,2,V2->V3,1,"[""ACC5""]",[],-1.0,2.5,-0.05144751639529625,0.0012557553143373035
Factory Styles/British Pop.mid,2,V3->V4,0,[],[],30.25,0.0,0.08722922186147186,0.1357469653679655
Factory Styles/Broadway.mid,1,V1->V2,1,"[""ACC1""]",[],0.25,0.0,-0.04895194888766316,0.11184847674204845
Factory Styles/Broadway.mid,1,V2->V3,0,[],[],14.25,0.0,-0.0593614620962426,-0.13655884574818766
Factory Styles/Broadway.mid,1,V3->V4,0,[],[],19.5,12.0,0.13549932189950875,0.16833824838403877
Factory Styles/Broadway.mid,2,V1->V2,1,"[""ACC1""]",[],0.25,0.0,-0.04895194888766316,0.11184847674204845
Factory Styles/Broadway.mid,2,V2->V3,0,[],[],14.25,0.0,-0.0593614620962426,-0.13655884574818766
Factory Styles/Broadway.mid,2,V3->V4,0,[],[],19.5,12.0,0.13549932189950875,0.16833824838403877
Factory Styles/Caribbean.mid,1,V1->V2,1,"[""ACC3""]",[],75.0,-10.0,0.016666800000000002,0.12109103333333326
Factory Styles/Caribbean.mid,1,V2->V3,0,[],[],11.5,-0.5,0.12574737956656346,-0.07179797863777093
Factory Styles/Caribbean.mid,1,V3->V4,0,[],[],-5.0,-6.0,-0.011424594902026713,-0.17512850730472085
Factory Styles/Classic Beat.mid,1,V1->V2,-2,"[""ACC1""]","[""ACC2"",""BASS"",""PERC""]",-206.5,-14.0,-0.29977835131347363,0.5719641519457661
Factory Styles/Classic Beat.mid,1,V2->V3,0,"[""ACC3""]","[""ACC1""]",-30.25,5.0,-0.3985257712022367,-0.34446006834420584
Factory Styles/Classic Beat.mid,1,V3->V4,0,[],[],2.5,-11.0,-0.0044688519097609986,0.20626773434591605
Factory Styles/Classic Beat.mid,2,V1->V2,-2,"[""ACC1""]","[""ACC2"",""BASS"",""PERC""]",-207.5,-8.0,-0.31027388921358523,0.5708681739073964
Factory Styles/Classic Beat.mid,2,V2->V3,0,"[""ACC3""]","[""ACC1""]",-29.5,-5.5,-0.3913325831820932,-0.3633546581972167
Factory Styles/Classic Beat.mid,2,V3->V4,0,[],[],2.5,-6.5,-0.004246949632144871,0.2205424335031123
Factory Styles/Classic Funk.mid,1,V1->V2,2,"[""ACC5"",""PERC""]",[],16.0,0.0,-0.009075794399149238,-0.08071605813541316
Factory Styles/Classic Funk.mid,1,V2->V3,3,"[""ACC2"",""ACC3"",""ACC4""]",[],52.5,0.0,-0.0019445355722492261,-0.02459428899690641
Factory Styles/Classic Funk.mid,1,V3->V4,0,[],[],38.75,-4.0,-0.0032669557428872493,0.29410139383561607
Factory Styles/ClassicSchlager1.mid,1,V1->V2,3,"[""ACC3"",""ACC4"",""ACC5""]",[],2.375,0.0,-0.03312193528280183,0.005296924912145062
Factory Styles/ClassicSchlager1.mid,1,V2->V3,-1,[],"[""ACC3""]",0.75,0.0,0.004961131504055749,-0.02785684518102549
Factory Styles/ClassicSchlager1.mid,1,V3->V4,0,"[""ACC3""]","[""ACC4""]",3.875,1.0,-0.03283571171828936,0.04782670485711349
Factory Styles/ClassicSchlager1.mid,2,V1->V2,3,"[""ACC3"",""ACC4"",""ACC5""]",[],2.375,0.0,-0.03312193528280183,0.005296924912145062
Factory Styles/ClassicSchlager1.mid,2,V2->V3,0,[],[],1.25,0.0,0.005978025803078046,-0.03123433036185652
Factory Styles/ClassicSchlager1.mid,2,V3->V4,-2,[],"[""ACC4"",""ACC5""]",2.375,1.0,-0.023597125914044503,0.0528264565740435
Factory Styles/ClassicSchlager1.mid,3,V1->V2,3,"[""ACC3"",""ACC4"",""ACC5""]",[],2.375,0.0,-0.03312193528280183,0.005296924912145062
Factory Styles/ClassicSchlager1.mid,3,V2->V3,0,[],[],1.25,0.0,0.005978025803078046,-0.03123433036185652
Factory Styles/ClassicSchlager2.mid,1,V1->V2,1,"[""ACC3""]",[],9.625,3.0,0.0,0.1546808767507004
Factory Styles/ClassicSchlager2.mid,1,V2->V3,1,"[""ACC4""]",[],22.75,0.0,0.0,0.30789144421404924
Factory Styles/ClassicSchlager2.mid,1,V3->V4,0,[],[],21.25,4.0,0.0,0.10366227041143428
Factory Styles/ClassicSchlager2.mid,2,V1->V2,1,"[""ACC3""]",[],9.625,3.0,0.0,0.1546808767507004
Factory Styles/ClassicSchlager2.mid,2,V2->V3,1,"[""ACC4""]",[],22.5,0.0,0.0,0.30768930707478503
Factory Styles/ClassicSchlager2.mid,2,V3->V4,0,[],[],21.5,4.0,0.0,0.10386440755069848
Factory Styles/ClassicSchlager2.mid,3,V1->V2,1,"[""ACC3""]",[],9.625,3.0,0.0,0.1546808767507004
Factory Styles/ClassicSchlager2.mid,3,V2->V3,1,"[""ACC4""]",[],22.5,0.0,0.0,0.30768930707478503
Factory Styles/ClassicSchlager2.mid,3,V3->V4,0,[],[],22.75,4.0,0.0,0.10317750284250615
Factory Styles/ClassicSchlager3.mid,1,V1->V2,1,"[""ACC3""]",[],13.125,4.0,0.0349299098916675,-0.040182738685835995
Factory Styles/ClassicSchlager3.mid,1,V2->V3,0,[],[],18.625,0.0,0.020577882441704193,0.10038781293471355
Factory Styles/ClassicSchlager3.mid,1,V3->V4,0,[],[],12.25,0.0,0.030800788432267884,-0.007718803189729506
Factory Styles/ClassicSchlager3.mid,2,V1->V2,1,"[""ACC3""]",[],13.125,4.0,0.03665052951301004,-0.040182738685835995
Factory Styles/ClassicSchlager3.mid,2,V2->V3,0,[],[],18.625,0.0,0.018857262820361653,0.10038781293471355
Factory Styles/ClassicSchlager3.mid,2,V3->V4,0,[],[],12.25,0.0,0.030800788432267884,-0.007718803189729506
Factory Styles/Club House.mid,1,V1->V2,2,"[""ACC3"",""ACC5""]",[],28.0,-27.0,-0.04613297150610584,0.21455223880597019
Factory Styles/Club House.mid,1,V2->V3,2,"[""ACC1"",""PERC""]",[],49.5,0.0,0.16004279625966555,1.4450875202301743
Factory Styles/Club House.mid,1,V3->V4,1,"[""ACC4""]",[],10.25,0.0,0.01770121838560676,-0.3497717429503533
Factory Styles/Color Ballad.mid,1,V1->V2,1,"[""ACC2""]",[],5.25,-1.0,0.0031385652173913092,0.0728448816425118
Factory Styles/Color Ballad.mid,1,V2->V3,0,[],[],6.375,3.0,0.07308961471861472,-0.16184528066378046
Factory Styles/Color Ballad.mid,1,V3->V4,0,[],[],4.375,2.0,-0.10412147186147186,0.19333584415584393
Factory Styles/Color Ballad.mid,2,V1->V2,1,"[""ACC2""]",[],5.25,-1.0,0.0031385652173913092,0.0728448816425118
Factory Styles/Color Ballad.mid,2,V2->V3,0,[],[],6.375,3.0,0.07308961471861472,-0.16184528066378046
Factory Styles/Color Ballad.mid,2,V3->V4,0,[],[],4.375,2.0,-0.10412147186147186,0.19333584415584393
Factory Styles/Country 16 Beat.mid,1,V1->V2,3,"[""ACC1"",""BASS"",""PERC""]",[],7.25,0.0,-0.004546015831134564,-0.012864529212212483
Factory Styles/Country 16 Beat.mid,1,V2->V3,1,"[""ACC4""]",[],25.75,-1.0,0.011812613341507988,0.0213148291529357
Factory Styles/Country 16 Beat.mid,1,V3->V4,1,"[""ACC5""]",[],86.25,3.0,-0.018977141645802692,0.07921500529334136
Factory Styles/Country 16 Beat.mid,2,V3->V4,1,"[""ACC5""]",[],86.0,3.0,-0.002650163530772409,0.08254030236404564
Factory Styles/Country 3_4.mid,1,V1->V2,1,"[""ACC3""]",[],1.375,0.0,0.010631932482721984,-0.05314011961722498
Factory Styles/Country 3_4.mid,1,V2->V3,0,[],[],2.625,0.0,0.024985476388599936,0.013290111712086494
Factory Styles/Country 3_4.mid,1,V3->V4,0,[],[],2.75,4.0,0.018496169772256765,-0.010335713595583051
Factory Styles/Country 3_4.mid,2,V1->V2,1,"[""ACC3""]",[],1.25,0.0,0.0033646587081435086,-0.05365166485040618
Factory Styles/Country 3_4.mid,2,V2->V3,0,[],[],2.375,0.0,0.03046695512405606,0.0037854800431498248
Factory Styles/Country 3_4.mid,2,V3->V4,0,[],[],2.375,3.0,0.009325175227686722,-0.017411070127504313
Factory Styles/Country 3_4.mid,3,V1->V2,1,"[""ACC3""]",[],1.125,0.0,0.0010928962170234646,-0.052338856893977104
Factory Styles/Country 3_4.mid,3,V2->V3,0,[],[],2.5,0.0,0.032738717615176105,0.002472672086720751
Factory Styles/Country 3_4.mid,3,V3->V4,0,[],[],2.375,3.0,0.009325175227686722,-0.017411070127504313
Factory Styles/Country 8 Beat.mid,1,V1->V2,3,"[""ACC3"",""ACC5"",""PERC""]",[],23.25,6.0,0.0024226897798225178,0.00981597190272776
Factory Styles/Country 8 Beat.mid,1,V2->V3,0,[],[],25.75,0.0,-0.08798207450980389,0.3571637721568628
Factory Styles/Country 8 Beat.mid,1,V3->V4,0,[],[],14.25,0.0,0.04440779074074072,-0.17600534759259268
Factory Styles/Country 8 Beat.mid,2,V3->V4,0,[],[],14.0,0.0,0.04462751962877032,-0.17467618549110608
Factory Styles/Country Ballad 1.mid,1,V1->V2,1,"[""ACC5""]",[],3.25,0.0,0.0,0.10604044712224514
Factory Styles/Country Ballad 1.mid,1,V2->V3,2,"[""ACC3"",""ACC4""]",[],4.5,0.0,0.0,-0.019510065632092344
Factory Styles/Country Ballad 1.mid,1,V3->V4,1,"[""ACC1""]",[],12.25,17.0,0.05914021505376344,0.12659318617063042
Factory Styles/Country Ballad 1.mid,2,V1->V2,1,"[""ACC5""]",[],2.75,0.0,0.0,0.10648152140672784
Factory Styles/Country Ballad 1.mid,2,V2->V3,2,"[""ACC3"",""ACC4""]",[],3.5,0.0,0.0,0.03888968905472634
Factory Styles/Country Ballad 1.mid,2,V3->V4,1,"[""ACC1""]",[],13.0,18.0,0.05914021505376344,0.06924635933237044
Factory Styles/Country Beat 1.mid,1,V1->V2,1,"[""BASS""]",[],12.0,-4.0,0.06588711050102955,0.1609772409059711
Factory Styles/Country Beat 1.mid,1,V2->V3,1,"[""ACC3""]",[],11.25,2.0,-0.028253723404255332,-0.06449917638984215
Factory Styles/Country Beat 1.mid,1,V3->V4,1,"[""ACC4""]",[],4.5,-3.0,0.013757352941176443,-0.021961095825426824
Factory Styles/Country Beat 1.mid,2,V1->V2,1,"[""BASS""]",[],12.0,-4.0,0.06588711050102955,0.1609772409059711
Factory Styles/Country Beat 1.mid,2,V2->V3,1,"[""ACC3""]",[],11.25,2.0,-0.028253723404255332,-0.06449917638984215
Factory Styles/Country Beat 1.mid,2,V3->V4,1,"[""ACC4""]",[],4.25,-3.0,0.007309794745484405,-0.01521466073414901
Factory Styles/Country Beat 2.mid,1,V1->V2,1,"[""ACC3""]",[],16.625,-6.0,0.0750365272062462,0.017674993664546612
Factory Styles/Country Beat 2.mid,1,V2->V3,0,[],[],14.625,6.0,0.10929600916338567,-0.07172342870353487
Factory Styles/Country Beat 2.mid,1,V3->V4,0,[],[],0.25,0.0,0.03868569414827949,0.012140511324100212
Factory Styles/Country Beat 2.mid,2,V1->V2,1,"[""ACC3""]",[],16.625,-6.0,0.07423374262372234,0.017674993664546612
Factory Styles/Country Beat 2.mid,2,V2->V3,0,[],[],14.375,6.0,0.10193231992858298,-0.07114586266281453
Factory Styles/Country Beat 2.mid,2,V3->V4,0,[],[],0.5,0.0,0.027239689762733277,0.011562945283379866
Factory Styles/Country Beat 2.mid,3,V1->V2,1,"[""ACC3""]",[],16.625,-6.0,0.07303923889406652,0.001888466317776727
Factory Styles/Country Beat 2.mid,3,V2->V3,0,[],[],14.125,6.0,0.10071126035126032,-0.054062866642866636
Factory Styles/Country Beat 2.mid,3,V3->V4,0,[],[],0.5,0.0,0.03397413420717771,0.011562945283379866
Factory Styles/Country Boogie.mid,1,V1->V2,2,"[""ACC4"",""PERC""]",[],48.0,3.0,0.3266458830001834,0.41469527086007707
Factory Styles/Country Boogie.mid,1,V2->V3,2,"[""ACC1"",""ACC3""]",[],30.75,-4.0,-0.12125435540069684,0.3519798780487806
Factory Styles/Country Boogie.mid,1,V3->V4,1,"[""ACC5""]",[],40.375,-5.0,-0.10248626720440435,0.7682026762051084
Factory Styles/Country Boogie.mid,2,V1->V2,2,"[""ACC4"",""PERC""]",[],48.0,0.0,0.32552327397688224,0.36803622201395414
Factory Styles/Country Boogie.mid,2,V2->V3,2,"[""ACC1"",""ACC3""]",[],29.875,-4.0,-0.11543256936683538,0.3368835023921042
Factory Styles/Country Boogie.mid,2,V3->V4,1,"[""ACC5""]",[],40.5,-3.0,-0.10248216206670957,0.7779027131573488
Factory Styles/Country Pop.mid,1,V1->V2,1,"[""ACC3""]",[],5.5,0.0,-0.003593205574912897,-0.01712231761759586
Factory Styles/Country Pop.mid,1,V2->V3,1,"[""ACC4""]",[],-0.375,0.0,0.0002244500972617136,-0.001563147663225184
Factory Styles/Country Pop.mid,1,V3->V4,1,"[""ACC5""]",[],16.0,0.0,-0.007636396177824623,0.07602747554795442
Factory Styles/Country Pop.mid,2,V1->V2,1,"[""ACC3""]",[],5.5,0.0,-0.003593205574912897,-0.01712231761759586
Factory Styles/Country Pop.mid,2,V2->V3,1,"[""ACC4""]",[],-0.375,0.0,0.0002244500972617136,-0.001563147663225184
Factory Styles/Country Pop.mid,2,V3->V4,1,"[""ACC5""]",[],16.0,0.0,-0.007636396177824623,0.07602747554795442
Factory Styles/Country Pop.mid,3,V2->V3,1,"[""ACC4""]",[],-0.375,0.0,0.0002244500972617136,-0.001563147663225184
Factory Styles/Country Pop.mid,3,V3->V4,1,"[""ACC5""]",[],16.0,0.0,-0.007636396177824623,0.07602747554795442
Factory Styles/Country QuikStep.mid,1,V1->V2,-2,"[""ACC1"",""ACC5"",""PERC""]","[""ACC2"",""ACC3"",""ACC4"",""BASS"",""DRUM""]",-300.75,-18.0,0.007376987802381496,0.002136992720776165
Factory Styles/Country QuikStep.mid,2,V1->V2,-2,"[""ACC1"",""ACC5"",""PERC""]","[""ACC2"",""ACC3"",""ACC4"",""BASS"",""DRUM""]",-260.5,-16.0,-0.03711566725486637,0.07116043569518182
Factory Styles/Country QuikStep.mid,3,V1->V2,-2,"[""ACC1"",""ACC5"",""PERC""]","[""ACC2"",""ACC3"",""ACC4"",""BASS"",""DRUM""]",-176.0,-16.0,0.047439344310092,0.4508485549067407
Factory Styles/Country Schlager.mid,1,V1->V2,3,"[""ACC4"",""ACC5"",""PERC""]",[],11.5,-1.0,0.0,0.3491298701298702
Factory Styles/Country Schlager.mid,1,V2->V3,0,[],[],7.0,0.0,0.22807017543859648,0.22757894736842088
Factory Styles/Country Schlager.mid,1,V3->V4,0,[],[],8.0,0.0,-0.028070175438596467,-0.05619433198380541
Factory Styles/Country Strum.mid,1,V1->V2,0,[],[],28.5,-1.0,-0.03227945234547834,0.08759216939816694
Factory Styles/Country Strum.mid,1,V2->V3,2,"[""ACC4"",""PERC""]",[],12.5,1.0,-0.006717686475048494,-0.02548782443677533
Factory Styles/Country Strum.mid,1,V3->V4,0,[],[],25.25,1.0,0.05856565198273104,-0.006483421867147898
Factory Styles/Country Strum.mid,2,V1->V2,0,[],[],29.25,-1.0,-0.032740982286634454,0.09054177133655394
Factory Styles/Country Strum.mid,2,V2->V3,2,"[""ACC4"",""PERC""]",[],12.5,1.0,-0.006602099425628838,-0.025677708457120252
Factory Styles/Country Strum.mid,2,V3->V4,0,[],[],25.25,2.0,0.05826932203771461,-0.010235656065296972
Factory Styles/Country Strum.mid,3,V1->V2,0,[],[],31.0,-1.0,-0.14061749629629627,0.1819148592592592
Factory Styles/Country Strum.mid,3,V2->V3,2,"[""ACC4"",""PERC""]",[],12.5,1.0,-0.006602099425628838,-0.025677708457120252
Factory Styles/Country Strum.mid,3,V3->V4,0,[],[],25.25,2.0,0.05826932203771461,-0.010235656065296972
Factory Styles/CountryShuffle 2.mid,1,V1->V2,0,[],[],7.125,0.0,0.06710485388482901,0.23289243458600084
Factory Styles/CountryShuffle 2.mid,1,V2->V3,0,[],[],6.25,0.0,0.016450909152802673,-0.13238293306842963
Factory Styles/CountryShuffle 2.mid,1,V3->V4,0,[],[],25.875,0.0,0.03195191730034419,-0.13731539817652139
Factory Styles/CountryShuffle 2.mid,2,V1->V2,0,[],[],7.125,0.0,0.06710485388482901,0.2371161306845635
Factory Styles/CountryShuffle 2.mid,2,V2->V3,0,[],[],6.25,0.0,0.016450909152802673,-0.13238293306842963
Factory Styles/CountryShuffle 2.mid,2,V3->V4,0,[],[],25.875,0.0,0.03195191730034419,-0.13731539817652139
Factory Styles/CountryShuffle 2.mid,3,V1->V2,0,[],[],7.125,0.0,0.06710485388482901,0.2371161306845635
Factory Styles/Dance Fever.mid,1,V1->V2,2,"[""ACC1"",""ACC2""]",[],15.25,-7.0,0.007301179691868651,0.16394902209753015
Factory Styles/Dance Fever.mid,1,V2->V3,1,"[""ACC5""]",[],53.5,-3.0,0.04350973213575236,0.40521046968250163
Factory Styles/Dance Fever.mid,1,V3->V4,-1,[],"[""ACC3""]",3.5,-3.0,-0.029863848857751313,0.36122670574996363
Factory Styles/Dance Fever.mid,2,V1->V2,2,"[""ACC1"",""ACC2""]",[],-29.125,-8.0,0.000600218099823753,0.15878413680717607
Factory Styles/Dance Fever.mid,2,V2->V3,1,"[""ACC5""]",[],97.375,-3.0,0.04880921543823284,0.3918525956633947
Factory Styles/Dance Fever.mid,2,V3->V4,-1,[],"[""ACC3""]",0.25,-3.0,-0.019642495606602653,0.3279294947593048
Factory Styles/Dance Mix.mid,1,V1->V2,0,[],[],7.875,2.0,0.0,0.05879340993265991
Factory Styles/Dance Mix.mid,1,V2->V3,0,[],[],7.0,0.0,0.0,-0.09031474798804728
Factory Styles/Dance Mix.mid,1,V3->V4,0,[],[],19.375,0.0,0.0,0.4611054274741264
Factory Styles/Dance Mix.mid,2,V1->V2,0,[],[],7.875,2.0,0.0,0.05879340993265991
Factory Styles/Dance Mix.mid,2,V2->V3,0,[],[],7.0,0.0,0.0,-0.09031474798804728
Factory Styles/Dance Mix.mid,2,V3->V4,0,[],[],19.125,0.0,0.0,0.4616570977355223
Factory Styles/Dance Motown.mid,1,V1->V2,-4,"[""ACC3""]","[""ACC1"",""ACC2"",""BASS"",""DRUM"",""PERC""]",-496.0,-2.0,-0.10097401991851507,0.1755356813037574
Factory Styles/Dance Motown.mid,2,V1->V2,-4,"[""ACC3""]","[""ACC1"",""ACC2"",""BASS"",""DRUM"",""PERC""]",-496.5,-2.0,-0.23350401175938484,0.18227819990954308
Factory Styles/Dance Schlager.mid,1,V1->V2,0,[],[],2.0,0.0,0.002756742532005696,0.003176294452347017
Factory Styles/Dance Schlager.mid,1,V2->V3,1,"[""ACC4""]",[],9.75,-4.0,0.006491944529691568,-0.06616774666257474
Factory Styles/Dance Schlager.mid,1,V3->V4,0,[],[],8.0,0.0,-0.018518424178814386,0.012829921399416966
Factory Styles/Dance Schlager.mid,2,V1->V2,0,[],[],2.0,0.0,-0.003822928520625879,0.003176294452347017
Factory Styles/Dance Schlager.mid,2,V2->V3,1,"[""ACC4""]",[],9.5,-5.0,0.031067960526315774,-0.07986274853801145
Factory Styles/Dance Schlager.mid,2,V3->V4,0,[],[],8.25,0.0,-0.03651476912280702,0.026524923274853673
Factory Styles/Desert Shuffle.mid,1,V1->V2,1,"[""BASS""]",[],24.125,4.0,0.012895539488682661,0.02364500586223728
Factory Styles/Desert Shuffle.mid,1,V2->V3,1,"[""ACC4""]",[],5.25,0.0,-0.013008775160228636,-0.0029908778797851365
Factory Styles/Desert Shuffle.mid,1,V3->V4,1,"[""ACC5""]",[],6.375,2.0,-0.05356905344264895,0.11640015305865137
Factory Styles/Desert Shuffle.mid,2,V1->V2,1,"[""BASS""]",[],20.75,2.0,0.043541606162043445,0.009351699405765634
Factory Styles/Desert Shuffle.mid,2,V2->V3,1,"[""ACC4""]",[],5.375,1.0,-0.017364662215925697,0.00030811482329662354
Factory Styles/Desert Shuffle.mid,2,V3->V4,1,"[""ACC5""]",[],9.875,2.0,-0.06130332455144216,0.128240059239912
Factory Styles/Disco Gully.mid,1,V1->V2,0,"[""ACC4""]","[""ACC2""]",12.75,-2.0,0.031053944562899838,-0.04523213976201901
Factory Styles/Disco Gully.mid,1,V2->V3,1,"[""ACC5""]",[],10.5,2.0,0.004431272026961919,0.3572496697159362
Factory Styles/Disco Gully.mid,1,V3->V4,1,"[""ACC2""]",[],-3.75,3.0,0.019629388737014697,-0.32786151995626023
Factory Styles/Disco Gully.mid,2,V1->V2,1,"[""ACC4""]",[],26.0,-2.0,0.04500094730807813,-0.2431902770744756
Factory Styles/Disco Latin.mid,1,V1->V2,1,"[""ACC2""]",[],3.625,0.0,0.0,0.06364770084240767
Factory Styles/Disco Latin.mid,1,V2->V3,2,"[""ACC3"",""ACC4""]",[],4.0,-6.0,0.0,0.08540117194436236
Factory Styles/Disco Latin.mid,1,V3->V4,0,[],[],6.5,-6.0,0.0,0.34409675637104975
Factory Styles/Disco Latin.mid,2,V1->V2,1,"[""ACC2""]",[],3.625,0.0,0.0,0.06364770084240767
Factory Styles/Disco Latin.mid,2,V2->V3,2,"[""ACC3"",""ACC4""]",[],4.0,0.0,0.0,0.08540117194436236
Factory Styles/Disco Latin.mid,2,V3->V4,0,[],[],6.5,0.0,0.0,0.34409675637104975
Factory Styles/Disco Latin.mid,3,V1->V2,1,"[""ACC2""]",[],2.75,0.0,0.0,0.0748704580812447
Factory Styles/Disco Latin.mid,3,V2->V3,2,"[""ACC3"",""ACC4""]",[],4.5,-6.0,0.0,0.062335465714586036
Factory Styles/Disco Latin.mid,3,V3->V4,0,[],[],7.0,-6.0,0.0,0.34894113603322907
Factory Styles/Disco Schlager.mid,1,V1->V2,0,[],[],10.0,-9.5,0.0,-0.14590371621621623
Factory Styles/Disco Schlager.mid,1,V2->V3,1,"[""ACC3""]",[],27.5,8.0,0.0,0.2574723738516842
Factory Styles/Disco Schlager.mid,1,V3->V4,0,[],[],341.5,0.0,0.48758343115124153,-0.02225420503953135
Factory Styles/Disco Schlager.mid,2,V1->V2,0,[],[],12.0,-11.5,0.0,-0.09745065789473673
Factory Styles/Disco Schlager.mid,2,V2->V3,1,"[""ACC3""]",[],25.5,10.0,0.0,0.2090193155302047
Factory Styles/Disco Schlager.mid,2,V3->V4,0,[],[],341.5,0.0,0.48758343115124153,-0.02225420503953135
Factory Styles/Easy Ballad.mid,1,V1->V2,2,"[""ACC1"",""ACC2""]",[],23.0,8.0,0.002448603538790617,0.18978750456931737
Factory Styles/Easy Ballad.mid,1,V2->V3,1,"[""ACC4""]",[],57.75,7.0,-0.01440759418986376,0.8112028338354997
Factory Styles/Easy Ballad.mid,1,V3->V4,1,"[""ACC5""]",[],36.5,-4.0,0.08999773478829354,-0.3933160838807255
Factory Styles/Easy Ballad.mid,2,V1->V2,2,"[""ACC1"",""ACC2""]",[],20.5,5.0,0.005234408441342708,0.14483705591558627
Factory Styles/Easy Ballad.mid,2,V2->V3,1,"[""ACC4""]",[],-18.75,10.0,-0.00012279448393176517,0.8187072680882086
Factory Styles/Easy Ballad.mid,2,V3->V4,1,"[""ACC5""]",[],115.0,-6.0,0.07108624364029664,-0.3449723894539263
Factory Styles/Easy Beat 1.mid,1,V1->V2,1,"[""ACC3""]",[],416.5,-1.0,0.6737338491599896,-0.10460247971051939
Factory Styles/Easy Beat 1.mid,1,V2->V3,-4,"[""ACC4""]","[""ACC2"",""ACC3"",""ACC5"",""BASS"",""DRUM""]",-429.25,3.0,0.03887766027397266,0.17814832876712328
Factory Styles/Easy Beat 1.mid,1,V3->V4,0,"[""ACC5""]","[""ACC4""]",-18.0,-9.5,0.01851999999999998,0.3789499999999999
Factory Styles/Easy Beat 2.mid,1,V1->V2,1,"[""ACC4""]",[],-7.125,-5.0,0.02614313725490196,0.2565606442577031
Factory Styles/Easy Beat 2.mid,1,V2->V3,0,[],[],14.75,2.0,0.003377194848419071,-0.21539785037262127
Factory Styles/Easy Beat 2.mid,1,V3->V4,0,"[""ACC5""]","[""ACC4""]",40.25,1.0,0.007579684760085376,0.12755377802530155
Factory Styles/Easy Listening.mid,1,V1->V2,0,[],[],12.5,0.0,0.12729512415766636,0.3722787822702236
Factory Styles/Easy Listening.mid,1,V2->V3,0,[],[],13.25,1.0,-0.11452022937569678,0.03990281094388681
Factory Styles/Easy Listening.mid,1,V3->V4,0,[],[],12.75,-1.0,0.05596764141726446,0.02915911940390825
Factory Styles/Easy Listening.mid,2,V1->V2,0,[],[],12.5,0.0,0.12729512415766636,0.3722787822702236
Factory Styles/Easy Listening.mid,2,V2->V3,0,[],[],13.25,1.0,-0.11452022937569678,0.03990281094388681
Factory Styles/Easy Listening.mid,2,V3->V4,0,[],[],12.75,-1.0,0.05596764141726446,0.02915911940390825
Factory Styles/Easy Listening.mid,3,V3->V4,0,[],[],12.75,-1.0,0.05596764141726446,0.02915911940390825
Factory Styles/Easy Pop 1.mid,1,V1->V2,1,"[""ACC3""]",[],22.5,-6.0,0.02540008095662507,-0.09274250891265612
Factory Styles/Easy Pop 1.mid,1,V2->V3,1,"[""ACC5""]",[],2.5,-5.0,-0.04822795983231328,0.5506931505946164
Factory Styles/Easy Pop 1.mid,1,V3->V4,0,[],[],-15.875,14.0,0.028103057063751755,-0.26219739703714384
Factory Styles/Easy Pop 2.mid,1,V1->V2,3,"[""ACC1"",""ACC3"",""ACC4""]",[],-16.75,-7.0,-0.037678458284632926,0.3161328602437803
Factory Styles/Easy Pop 2.mid,1,V2->V3,1,"[""ACC5""]",[],20.875,-1.0,-0.09816874434286456,-0.09790733009142194
Factory Styles/Easy Pop 2.mid,1,V3->V4,0,[],[],14.75,3.0,-0.015198330033680402,-0.013170626352772441
Factory Styles/Elektrik Funk.mid,1,V1->V2,0,[],[],10.25,12.0,0.05571628592095747,-0.3077969439074111
Factory Styles/Elektrik Funk.mid,1,V2->V3,1,"[""ACC4""]",[],67.75,-5.0,-0.023751851824103998,0.5537836451042093
Factory Styles/Elektrik Funk.mid,1,V3->V4,1,"[""ACC5""]",[],4.75,1.0,-0.014990463707062807,0.06761530304424745
Factory Styles/Elektro Funk.mid,1,V1->V2,1,"[""ACC1"",""ACC5""]","[""ACC2""]",9.75,-1.0,0.028344857328496398,0.3153166278629056
Factory Styles/Elektro Funk.mid,1,V2->V3,1,"[""ACC2""]",[],30.75,-3.0,-0.021866558838092076,0.05098382406337665
Factory Styles/Elektro Funk.mid,1,V3->V4,1,"[""ACC3""]",[],26.75,10.0,-0.05331650787056269,0.5461254003369802
Factory Styles/Elektro Pop.mid,1,V1->V2,1,"[""ACC2""]",[],43.0,-1.0,0.0,0.13303745040128412
Factory Styles/Elektro Pop.mid,1,V2->V3,1,"[""ACC4""]",[],0.5,0.0,0.07954568181818182,-0.5858908639610387
Factory Styles/Elektro Pop.mid,1,V3->V4,1,"[""ACC5""]",[],66.5,4.0,0.04019570976757869,0.5386134670123566
Factory Styles/English Tango.mid,1,V1->V2,2,"[""ACC3"",""ACC5""]",[],-1.0,1.0,-0.10920404036445572,0.4234219705430915
Factory Styles/English Tango.mid,1,V2->V3,1,"[""ACC4""]",[],16.0,-1.0,0.14460600131704102,-0.5259137577132267
Factory Styles/English Tango.mid,1,V3->V4,-1,[],"[""ACC4""]",-4.5,0.0,0.007398903531587786,0.00989781688919722
Factory Styles/Fashion Funk.mid,1,V1->V2,2,"[""ACC4"",""PERC""]",[],20.0,-6.0,0.021313223001402537,-0.23825018232819062
Factory Styles/Fashion Funk.mid,1,V2->V3,0,"[""ACC2"",""ACC3""]","[""ACC1"",""ACC4""]",21.5,0.5,0.15018034441186057,-0.6864214408602152
Factory Styles/Fashion Funk.mid,1,V3->V4,2,"[""ACC1"",""ACC5""]",[],17.5,-0.5,-0.0627079570381931,0.4206836194563661
Factory Styles/Fashion Funk.mid,2,V1->V2,2,"[""ACC4"",""PERC""]",[],20.0,-7.0,0.02165709106984967,-0.23348523872679028
Factory Styles/Fashion Funk.mid,2,V2->V3,0,"[""ACC2"",""ACC3""]","[""ACC1"",""ACC4""]",22.5,2.5,0.15088176808266357,-0.6668558266360505
Factory Styles/Fashion Funk.mid,2,V3->V4,2,"[""ACC1"",""ACC5""]",[],19.5,-1.0,-0.06722578731343276,0.3975108009950248
Factory Styles/Fashion Funk.mid,3,V1->V2,2,"[""ACC4"",""PERC""]",[],20.0,-6.0,0.021143951542528627,-0.21350781684718445
Factory Styles/Fashion Funk.mid,3,V2->V3,0,"[""ACC2"",""ACC3""]","[""ACC1"",""ACC4""]",28.0,4.0,0.155681324383891,-0.6554013464235624
Factory Styles/Fashion Funk.mid,3,V3->V4,2,"[""ACC1"",""ACC5""]",[],19.0,0.0,-0.05052798861480079,0.38340760242161376
Factory Styles/Fast Big Band 1.mid,1,V1->V2,0,[],[],2.75,-2.0,0.06879133829264772,0.04834547739419337
Factory Styles/Fast Big Band 1.mid,1,V2->V3,1,"[""PERC""]",[],-18.5,17.0,0.01151053393450402,-0.06720745609871881
Factory Styles/Fast Big Band 1.mid,1,V3->V4,0,[],[],-4.625,11.0,-0.06295851623668336,0.3674572250032089
Factory Styles/Fast Big Band 1.mid,2,V1->V2,0,[],[],2.75,-2.0,0.06879133829264772,0.04834547739419337
Factory Styles/Fast Big Band 1.mid,2,V2->V3,1,"[""PERC""]",[],-18.5,16.0,0.01151053393450402,-0.09619597650688183
Factory Styles/Fast Big Band 1.mid,2,V3->V4,0,[],[],-2.5,12.0,-0.05577640074211504,0.462548077458256
Factory Styles/Fast Big Band 1.mid,3,V1->V2,0,[],[],2.75,-2.0,0.06879133829264772,0.04834547739419337
Factory Styles/Fast Big Band 1.mid,3,V2->V3,1,"[""PERC""]",[],-18.375,18.0,0.0142559975209538,-0.04970875103293593
Factory Styles/Fast Big Band 1.mid,3,V3->V4,0,[],[],-2.875,8.0,-0.08836649337767666,0.5168535492152402
Factory Styles/Fast Big Band 2.mid,1,V1->V2,2,"[""ACC2"",""ACC4""]",[],12.25,0.0,0.04400446034621586,0.03536445108695663
Factory Styles/Fast Big Band 2.mid,1,V2->V3,1,"[""PERC""]",[],8.75,2.0,-0.3178725207216598,0.3587364347577924
Factory Styles/Fast Big Band 2.mid,1,V3->V4,0,[],[],22.625,8.0,0.22187954419043815,-0.013349053857672821
Factory Styles/Fast Pop.mid,1,V1->V2,0,[],[],25.25,-2.0,0.0042993747846125085,-0.18581304543032484
Factory Styles/Fast Pop.mid,1,V2->V3,0,[],[],7.375,-6.0,-0.025563595882803054,-0.14581892964398246
Factory Styles/Fast Pop.mid,1,V3->V4,1,"[""ACC5""]",[],-8.625,0.0,-0.00787527559055118,0.1105082186598374
Factory Styles/Fast Pop.mid,2,V3->V4,1,"[""ACC5""]",[],-4.875,0.0,-0.007678771593090211,0.13230647760174397
Factory Styles/Folk Ballad 1.mid,1,V1->V2,1,"[""ACC4""]",[],8.0,1.0,0.03137422574094638,0.06348721621339726
Factory Styles/Folk Ballad 1.mid,1,V2->V3,1,"[""ACC5""]",[],35.875,4.0,-0.04038691881487288,0.34255162104757453
Factory Styles/Folk Ballad 1.mid,1,V3->V4,0,[],[],45.0,-7.0,0.013021076481621173,0.030455235876944542
Factory Styles/Folk Ballad 1.mid,2,V1->V2,1,"[""ACC4""]",[],9.5,2.0,0.026377317836926414,0.052120794893411926
Factory Styles/Folk Ballad 1.mid,2,V2->V3,1,"[""ACC5""]",[],35.875,4.0,-0.04038691881487288,0.3449037263107324
Factory Styles/Folk Ballad 1.mid,2,V3->V4,0,[],[],45.0,-7.0,0.013021076481621173,0.030455235876944542
Factory Styles/Folk Ballad 1.mid,3,V3->V4,0,[],[],45.0,-7.0,0.013021076481621173,0.030455235876944542
Factory Styles/Folk Ballad 2.mid,1,V1->V2,1,"[""ACC4""]",[],13.875,0.0,-0.010943800723807781,0.07775098795180724
Factory Styles/Folk Ballad 2.mid,1,V2->V3,1,"[""ACC5""]",[],42.25,-21.0,-0.018426852555978035,0.19005798611111113
Factory Styles/Folk Ballad 2.mid,1,V3->V4,0,[],[],28.0,2.0,-0.01661131535947712,0.2168109844771242
Factory Styles/Folk Ballad 2.mid,2,V1->V2,1,"[""ACC4""]",[],13.875,0.0,-0.010943800723807781,0.07775098795180724
Factory Styles/Folk Ballad 2.mid,2,V2->V3,1,"[""ACC5""]",[],42.25,-21.0,-0.018426852555978035,0.19005798611111113
Factory Styles/Folk Ballad 2.mid,2,V3->V4,0,[],[],28.0,2.0,-0.01661131535947712,0.2168109844771242
Factory Styles/Folk Ballad 2.mid,3,V3->V4,0,[],[],28.0,2.0,-0.01661131535947712,0.2168109844771242
Factory Styles/Folk Beat.mid,1,V1->V2,-1,"[""ACC4""]","[""ACC2"",""ACC5""]",31.5,-2.0,-0.002991589743589743,0.5243564188034191
Factory Styles/Folk Beat.mid,1,V2->V3,2,"[""ACC2"",""ACC5""]",[],28.5,1.0,-0.00133609282700422,0.1657642714486638
Factory Styles/Folk Beat.mid,1,V3->V4,0,[],[],23.0,15.0,0.0010816075502079886,-0.10901508259903725
Factory Styles/Fox Schlager.mid,1,V1->V2,0,[],[],0.0,0.0,-0.0125,-0.013888750000000005
Factory Styles/Fox Schlager.mid,1,V2->V3,0,[],[],14.75,0.0,0.0,0.4148113773690081
Factory Styles/Fox Schlager.mid,1,V3->V4,0,[],[],4.0,0.0,0.0,0.23082936072623017
Factory Styles/Fox Schlager.mid,2,V1->V2,0,[],[],0.75,0.0,0.0,-0.0027419219409281492
Factory Styles/Fox Schlager.mid,2,V2->V3,0,[],[],14.75,0.0,0.0,0.4148113773690081
Factory Styles/Fox Schlager.mid,2,V3->V4,0,[],[],4.0,0.0,0.0,0.23082936072623017
Factory Styles/Fox Shuffle 1.mid,1,V1->V2,3,"[""ACC2"",""ACC3"",""ACC4""]",[],-13.875,-2.0,0.007509761591695474,-0.004001035986159529
Factory Styles/Fox Shuffle 1.mid,1,V2->V3,1,"[""ACC5""]",[],6.5,0.0,-0.002437251621020986,0.5565335620858658
Factory Styles/Fox Shuffle 1.mid,1,V3->V4,0,[],[],6.375,0.0,0.02237616553952959,-0.5989560291609308
Factory Styles/Fox Shuffle 2.mid,1,V1->V2,1,"[""ACC5""]",[],20.5,14.0,-0.0061118990365152115,0.09146604161606353
Factory Styles/Fox Shuffle 2.mid,1,V2->V3,1,"[""ACC4""]",[],11.75,6.5,0.01507546479067523,0.21490423643009837
Factory Styles/Fox Shuffle 2.mid,1,V3->V4,0,[],[],-11.5,-5.0,-0.049918029643385264,0.10895058344509767
Factory Styles/Foxtrot 1.mid,1,V1->V2,2,"[""ACC3"",""ACC5""]",[],7.25,4.5,0.06259595435333898,-0.5772259382924769
Factory Styles/Foxtrot 1.mid,1,V2->V3,-1,[],"[""ACC3""]",-6.25,13.0,-0.10346665475016437,0.05576486686390547
Factory Styles/Foxtrot 1.mid,1,V3->V4,3,"[""ACC3"",""ACC4"",""PERC""]",[],7.5,-3.0,0.20449884818007658,-0.4679822126436781
Factory Styles/Foxtrot 2.mid,1,V1->V2,1,"[""PERC""]",[],5.25,-2.0,0.010963037247391394,0.31699818782195166
Factory Styles/Foxtrot 2.mid,1,V2->V3,1,"[""ACC2""]",[],13.5,-1.0,0.02834373690060335,0.6841121725150843
Factory Styles/Foxtrot 2.mid,1,V3->V4,0,[],[],9.75,11.0,0.041452077748617505,-0.021435396592932587
Factory Styles/Foxtrot 2.mid,2,V1->V2,1,"[""PERC""]",[],5.25,-2.0,0.010963037247391394,0.31699818782195166
Factory Styles/Foxtrot 2.mid,2,V2->V3,1,"[""ACC2""]",[],13.375,-1.0,0.026230529950248743,0.7020255820895529
Factory Styles/Foxtrot 2.mid,2,V3->V4,0,[],[],2.875,12.0,0.048435788207705194,-0.6267865477386936
Factory Styles/Foxtrot 2.mid,3,V1->V2,1,"[""PERC""]",[],5.25,-2.0,0.010963037247391394,0.7627701281204597
Factory Styles/Foxtrot 2.mid,3,V2->V3,1,"[""ACC2""]",[],13.375,-4.0,0.026230529950248743,0.2562536417910448
Factory Styles/Foxtrot 2.mid,3,V3->V4,0,[],[],2.875,15.0,0.048435788207705194,-0.6267865477386936
Factory Styles/French Waltz.mid,1,V1->V2,2,"[""ACC3"",""ACC5""]",[],6.25,-1.5,0.03608226804123712,0.23284981672394056
Factory Styles/French Waltz.mid,1,V2->V3,0,[],[],4.125,0.0,0.11369755574730914,-0.03452564149143944
Factory Styles/French Waltz.mid,1,V3->V4,0,[],[],5.375,2.0,-0.016444712677435136,0.10039041736009136
Factory Styles/Funk R&B.mid,1,V1->V2,0,[],[],39.625,0.5,0.0033902542372881354,0.5494928829080525
Factory Styles/Funk R&B.mid,1,V2->V3,3,"[""ACC1"",""ACC4"",""ACC5""]",[],14.125,-11.5,0.007990072931986402,-0.17496484159895864
Factory Styles/Funk R&B.mid,1,V3->V4,0,[],[],45.625,4.0,-0.0010790724876265975,0.44122010599304207
Factory Styles/Funk R&B.mid,2,V3->V4,0,[],[],45.625,4.0,-0.0010790724876265975,0.44122010599304207
Factory Styles/Funky Ballad.mid,1,V1->V2,0,[],[],1.75,-1.0,-0.000289184499710814,-0.01703445440524365
Factory Styles/Funky Ballad.mid,1,V2->V3,0,[],[],8.5,6.0,-0.004474613594874183,0.1029943342759303
Factory Styles/Funky Ballad.mid,1,V3->V4,1,"[""ACC5""]",[],38.5,-1.0,0.006501394362913085,0.6671132653839904
Factory Styles/Funky Ballad.mid,2,V1->V2,0,[],[],2.5,-1.0,0.006962194931163955,0.012310801261994353
Factory Styles/Funky Ballad.mid,2,V2->V3,0,[],[],8.5,6.0,-0.0011446269862644756,0.18802284495915234
Factory Styles/Funky Ballad.mid,2,V3->V4,1,"[""ACC5""]",[],34.75,-1.0,0.005891735707330642,0.6124173010154403
Factory Styles/Funky Disco.mid,1,V1->V2,2,"[""ACC3"",""ACC4""]",[],0.125,-5.0,0.06936891440528004,-0.08439098200793049
Factory Styles/Funky Disco.mid,1,V2->V3,1,"[""ACC5""]",[],14.75,0.0,-0.049824316590198814,0.1760849813684422
Factory Styles/Funky Disco.mid,1,V3->V4,0,[],[],30.375,-2.0,0.016162969934640503,0.3062959721132894
Factory Styles/Funky Disco.mid,2,V3->V4,0,[],[],30.375,-2.0,0.016162969934640503,0.3062959721132894
Factory Styles/Funky R&B.mid,1,V1->V2,0,"[""ACC3""]","[""ACC5""]",2.0,3.0,-0.00740116853932582,-0.1890628037012554
Factory Styles/Funky R&B.mid,1,V2->V3,0,[],[],31.5,-5.0,0.15190595801301002,0.20521825029568275
Factory Styles/Funky R&B.mid,1,V3->V4,1,"[""ACC5""]",[],36.0,4.0,-0.05474793233082703,0.2887019478383459
Factory Styles/Funky Sisters.mid,1,V1->V2,0,[],[],31.25,0.0,0.12562299224500534,-0.08019673830178764
Factory Styles/Funky Sisters.mid,1,V2->V3,2,"[""ACC5"",""PERC""]",[],27.0,-1.0,-0.02398157802931905,-0.2748875641491926
Factory Styles/Funky Sisters.mid,1,V3->V4,1,"[""ACC4""]",[],16.75,1.5,-0.019578441654710677,-0.10233442214251554
Factory Styles/Funky Sisters.mid,2,V1->V2,0,[],[],30.75,0.0,0.13422186163432936,0.017557069112023926
Factory Styles/Funky Sisters.mid,2,V2->V3,2,"[""ACC5"",""PERC""]",[],27.0,-7.0,-0.025500742200070592,-0.25220899525136375
Factory Styles/Funky Sisters.mid,2,V3->V4,1,"[""ACC4""]",[],16.75,7.5,-0.020276243013547912,-0.0919585005249215
Factory Styles/German Polka.mid,1,V1->V2,1,"[""ACC3""]",[],10.0,0.0,0.033539781651024704,-0.06309987443869858
Factory Styles/German Polka.mid,1,V2->V3,0,[],[],29.0,-3.0,-0.04760024236803462,0.1417114925419276
Factory Styles/German Polka.mid,1,V3->V4,0,[],[],12.0,-1.0,0.25040041287685233,-0.6812174583546247
Factory Styles/German Waltz 1.mid,1,V1->V2,1,"[""ACC5""]",[],2.625,-1.0,0.06788229051377848,-0.6588123951515492
Factory Styles/German Waltz 1.mid,1,V2->V3,0,[],[],5.5,2.0,-0.061709983772432225,-0.04611992029400547
Factory Styles/German Waltz 1.mid,1,V3->V4,0,[],[],7.25,3.0,0.001076870370370353,0.08021681046863183
Factory Styles/German Waltz 1.mid,2,V1->V2,1,"[""ACC5""]",[],-1.5,1.0,0.045532517475728174,-0.4524870499999998
Factory Styles/German Waltz 1.mid,2,V2->V3,0,[],[],4.0,-0.5,-0.06796129444444446,0.09610515185185164
Factory Styles/German Waltz 1.mid,2,V3->V4,0,[],[],13.5,0.5,-0.03611121296296296,0.28901778703703696
Factory Styles/German Waltz 1.mid,3,V1->V2,1,"[""ACC5""]",[],-2.5,-1.0,0.04532694419542804,-0.08473742324069922
Factory Styles/German Waltz 1.mid,3,V2->V3,0,[],[],7.75,2.0,-0.016557252275025275,-0.0008129891304349268
Factory Styles/German Waltz 1.mid,3,V3->V4,0,[],[],8.0,3.0,0.05988210573392336,-0.24678587044534428
Factory Styles/German Waltz 1.mid,4,V2->V3,0,[],[],3.75,0.5,-0.008932166909312922,0.022994847837317423
Factory Styles/German Waltz 1.mid,4,V3->V4,0,[],[],8.25,3.0,0.07080182318665101,-0.2454148891369332
Factory Styles/German Waltz 2.mid,1,V1->V2,1,"[""ACC5""]",[],5.25,-1.0,0.01696639389775373,0.39339703889621136
Factory Styles/German Waltz 2.mid,1,V2->V3,0,[],[],0.625,-1.0,0.006100119361067191,-0.21397772840968932
Factory Styles/German Waltz 2.mid,1,V3->V4,0,[],[],46.125,4.0,-0.009258655270655225,0.12149302350427327
Factory Styles/German Waltz 2.mid,2,V1->V2,1,"[""ACC5""]",[],5.25,-1.0,0.01325763420995435,0.4004253249293632
Factory Styles/German Waltz 2.mid,2,V2->V3,0,[],[],0.625,-1.0,-0.0034348939529723066,-0.21088801049801598
Factory Styles/German Waltz 2.mid,2,V3->V4,0,[],[],45.75,4.0,-0.013697153494906855,0.12534631307809385
Factory Styles/German Waltz 2.mid,3,V1->V2,1,"[""ACC5""]",[],-2.5,-3.0,0.050761563760645445,-0.09342894217839537
Factory Styles/German Waltz 2.mid,3,V2->V3,0,[],[],7.75,9.0,-0.021991871840242677,-0.015464847320525443
Factory Styles/German Waltz 2.mid,3,V3->V4,0,[],[],8.0,3.0,0.06190619480274928,-0.27655869871010275
Factory Styles/German Waltz 2.mid,4,V2->V3,0,[],[],3.75,0.0,-0.008932166909312922,0.018209229559010165
Factory Styles/German Waltz 2.mid,4,V3->V4,0,[],[],8.25,3.0,0.07282591225547694,-0.27854791214196517
Factory Styles/German Waltz 3.mid,1,V1->V2,1,"[""ACC5""]",[],4.25,0.0,0.014096897421524673,-0.01950019170403605
Factory Styles/German Waltz 3.mid,1,V2->V3,0,[],[],3.375,0.0,0.03566197115384617,0.14755692258382647
Factory Styles/German Waltz 3.mid,1,V3->V4,0,[],[],11.875,6.0,-0.027793248147201688,-0.17300398487618507
Factory Styles/German Waltz 3.mid,2,V1->V2,1,"[""ACC5""]",[],4.5,0.0,0.010735251299499982,-0.017282805883212404
Factory Styles/German Waltz 3.mid,2,V2->V3,0,[],[],3.375,0.0,0.035705488625017545,0.1454149757812302
Factory Styles/German Waltz 3.mid,2,V3->V4,0,[],[],11.625,6.0,-0.032056187981286344,-0.17864394075765233
Factory Styles/German Waltz 3.mid,3,V1->V2,1,"[""ACC5""]",[],4.375,0.0,0.013401375963752682,-0.018480920914014654
Factory Styles/German Waltz 3.mid,3,V2->V3,0,[],[],3.25,0.0,0.034116237006237005,0.14653765179380507
Factory Styles/German Waltz 3.mid,3,V3->V4,0,[],[],11.875,6.0,-0.03277743419371326,-0.17300398487618507
Factory Styles/Gospel Shuffle.mid,1,V1->V2,1,"[""ACC3""]",[],24.8125,1.0,0.10800016584766585,0.592702985094185
Factory Styles/Gospel Shuffle.mid,1,V2->V3,1,"[""ACC4""]",[],54.72083333333333,6.0,0.11223259750864611,-0.1374333073331624
Factory Styles/Gospel Shuffle.mid,1,V3->V4,1,"[""ACC5""]",[],3.6541666666666686,5.0,0.07826780011867457,-0.016708632396131184
Factory Styles/Gospel Shuffle.mid,2,V1->V2,1,"[""ACC3""]",[],26.4375,1.0,0.10423389001291769,0.5826829956577904
Factory Styles/Gospel Shuffle.mid,2,V2->V3,1,"[""ACC4""]",[],57.329166666666666,6.0,0.12734372061218308,-0.04147796931140979
Factory Styles/Gospel Shuffle.mid,2,V3->V4,0,[],[],8.233333333333334,0.5,0.09371720674720108,0.17734769738555745
Factory Styles/Gospel Shuffle.mid,3,V1->V2,1,"[""ACC3""]",[],29.5,5.0,0.2455133590909091,0.2733005321212121
Factory Styles/Gospel Shuffle.mid,3,V2->V3,1,"[""ACC4""]",[],50.03333333333333,3.0,0.054695091469194324,0.10588416341232221
Factory Styles/Gospel Shuffle.mid,3,V3->V4,1,"[""ACC5""]",[],12.154166666666669,-1.0,0.013335981087196636,0.00255544390597362
Factory Styles/Gospel Swing.mid,1,V1->V2,1,"[""ACC1""]",[],8.875,2.5,-0.03887089996234472,-0.07529514769256518
Factory Styles/Gospel Swing.mid,1,V2->V3,0,[],[],85.625,-6.5,-0.03235859938701502,0.7387216356043522
Factory Styles/Gospel Swing.mid,1,V3->V4,1,"[""ACC4""]",[],29.875,-1.5,0.026825623738204518,-0.12203929804171132
Factory Styles/Gospel Swing.mid,2,V1->V2,1,"[""ACC1""]",[],11.375,0.0,-0.02727517016317027,0.34521774358974344
Factory Styles/Gospel Swing.mid,2,V2->V3,0,[],[],100.125,-9.0,-0.03229824422128014,0.6469045764630956
Factory Styles/Gospel Swing.mid,2,V3->V4,1,"[""ACC4""]",[],26.625,3.5,0.0203427323331683,-0.15451385338617252
Factory Styles/Gospel Swing.mid,3,V1->V2,1,"[""ACC1""]",[],9.625,-1.5,-0.005020655622411496,-0.34987387356411626
Factory Styles/Gospel Swing.mid,3,V2->V3,0,[],[],84.5,-6.5,-0.030642429167720753,0.8203120255185934
Factory Styles/Gospel Swing.mid,3,V3->V4,1,"[""ACC4""]",[],34.875,-2.0,0.03374563122773955,-0.25759324444440557
Factory Styles/Gospel.mid,1,V1->V2,2,"[""ACC3"",""PERC""]",[],3.5,0.0,-0.054371412499999994,0.25295524999999985
Factory Styles/Gospel.mid,1,V2->V3,1,"[""ACC2""]",[],23.875,-10.0,0.2766933454153605,-0.2920267515673982
Factory Styles/Gospel.mid,1,V3->V4,0,[],[],19.0,-8.0,-0.04762728450771725,0.27045005570752556
Factory Styles/Gospel.mid,2,V1->V2,2,"[""ACC3"",""PERC""]",[],3.625,4.0,-0.055388189179241765,0.2892136363636364
Factory Styles/Gospel.mid,2,V2->V3,1,"[""ACC2""]",[],37.125,-9.0,0.263287493006993,0.19638559090909102
Factory Styles/Gospel.mid,2,V3->V4,0,[],[],-1.875,-1.0,-0.006472114973262055,0.11028138449197855
Factory Styles/Gospel.mid,3,V1->V2,2,"[""ACC3"",""PERC""]",[],4.375,0.0,-0.03975447201017812,0.20190377703562334
Factory Styles/Gospel.mid,3,V2->V3,1,"[""ACC2""]",[],33.125,-22.0,0.3440510124142185,-0.22155172526794664
Factory Styles/Gospel.mid,3,V3->V4,0,[],[],9.5,4.0,-0.08324888503680872,0.3729748514809106
Factory Styles/Gospel.mid,4,V1->V2,2,"[""ACC3"",""PERC""]",[],4.0,0.0,-0.031246354166666684,0.16124895833333341
Factory Styles/Gospel.mid,4,V2->V3,1,"[""ACC2""]",[],20.75,-18.0,0.34587676232993203,-0.46082094387755124
Factory Styles/Gospel.mid,4,V3->V4,0,[],[],13.25,-2.0,-0.06462687482993201,0.4552751938775512
Factory Styles/Gospel.mid,5,V1->V2,2,"[""ACC3"",""PERC""]",[],4.0,2.0,-0.05613728070175439,0.21184069298245634
Factory Styles/Gospel.mid,5,V2->V3,1,"[""ACC2""]",[],18.75,-20.0,0.22738871558034157,-0.11899853956082262
Factory Styles/Gospel.mid,5,V3->V4,0,[],[],13.125,2.0,-0.07151408025123257,0.4266858510828708
Factory Styles/Groove Ballad.mid,1,V1->V2,1,"[""ACC3""]",[],18.0,11.0,0.0,-0.3183621933621934
Factory Styles/Groove Ballad.mid,1,V2->V3,0,"[""ACC2""]","[""ACC4""]",6.25,5.0,0.0,-0.28069917470670847
Factory Styles/Groove Ballad.mid,1,V3->V4,2,"[""ACC4"",""ACC5""]",[],4.0,4.0,0.01673673640167364,0.010279436741280179
Factory Styles/Groove Funk.mid,1,V1->V2,1,"[""ACC3""]",[],22.0,-4.0,0.014184810360777067,-0.0850524205982115
Factory Styles/Groove Funk.mid,1,V2->V3,1,"[""ACC4""]",[],12.0,4.0,0.006173234031132624,0.2709591384863126
Factory Styles/Groove Funk.mid,1,V3->V4,0,[],[],13.0,1.0,0.06474929603362223,0.33187705870764406
Factory Styles/Groove It Up.mid,1,V1->V2,0,"[""ACC4""]","[""ACC1""]",7.5,-7.0,0.0,0.3799005742296919
Factory Styles/Groove It Up.mid,1,V2->V3,1,"[""ACC1""]",[],14.5,5.0,0.0,0.07592987067923618
Factory Styles/Groove It Up.mid,1,V3->V4,1,"[""ACC5""]",[],17.25,0.0,0.0,0.027237864073411888
Factory Styles/Groove It Up.mid,2,V3->V4,1,"[""ACC5""]",[],21.25,0.0,0.051063595744680855,0.038381476098369394
Factory Styles/Groove It Up.mid,3,V3->V4,1,"[""ACC5""]",[],17.5,0.0,0.0,0.09009711096269424
Factory Styles/Groove.mid,1,V1->V2,1,"[""PERC""]",[],6.5,7.0,-0.02941309429389727,-0.14204330799735665
Factory Styles/Groove.mid,1,V2->V3,1,"[""ACC3""]",[],14.5,1.0,-0.1614242022152373,0.000688497979344449
Factory Styles/Groove.mid,1,V3->V4,0,[],[],11.5,-6.0,0.08369490631505899,-0.18098023594725876
Factory Styles/Groove.mid,2,V1->V2,1,"[""PERC""]",[],1.0,8.0,-0.02555779924036894,-0.29225128269126444
Factory Styles/Groove.mid,2,V2->V3,1,"[""ACC3""]",[],16.0,-3.0,-0.14995988252217696,0.167903878366499
Factory Styles/Guitar Ballad.mid,1,V1->V2,2,"[""ACC1"",""ACC5""]",[],26.75,18.5,0.0,0.0010725333863275122
Factory Styles/Guitar Ballad.mid,1,V2->V3,1,"[""ACC3""]",[],53.75,-13.0,0.09361863829787234,-0.1387161351689612
Factory Styles/Guitar Ballad.mid,1,V3->V4,-1,[],"[""ACC5""]",22.5,-7.0,-0.015045852583586622,0.10026300911854102
Factory Styles/Guitar Beat.mid,1,V1->V2,-3,"[""ACC1""]","[""ACC2"",""ACC3"",""BASS"",""PERC""]",-798.5,25.0,-0.49180216174010044,0.04383388120468479
Factory Styles/Guitar Beat.mid,1,V2->V3,1,"[""ACC4""]",[],62.7,-38.5,0.4520212121212121,0.19663848484848478
Factory Styles/Guitar Beat.mid,1,V3->V4,-1,"[""ACC5""]","[""ACC1"",""ACC4""]",-34.2,14.5,-0.5671683939393939,0.30833633333333355
Factory Styles/Guitar Pop.mid,1,V1->V2,1,"[""ACC2""]",[],22.5,0.0,0.0685641031809677,0.17074222133119465
Factory Styles/Guitar Pop.mid,1,V2->V3,2,"[""ACC1"",""ACC3""]",[],10.5,0.0,-0.0034467161803713453,-0.035083837312113175
Factory Styles/Guitar Pop.mid,1,V3->V4,0,[],[],85.0,0.0,0.02374155321390936,0.8101776115208992
Factory Styles/Half Beat.mid,1,V1->V2,1,"[""ACC3""]",[],6.5,-2.5,-0.0015676002506265566,0.09181102130325791
Factory Styles/Half Beat.mid,1,V2->V3,0,[],[],12.5,-11.5,-0.021300308754559672,-0.12788083507034909
Factory Styles/Half Beat.mid,1,V3->V4,0,[],[],22.25,16.0,-0.000696018338947297,0.09644030468510789
Factory Styles/Half Beat.mid,2,V1->V2,1,"[""ACC3""]",[],6.5,-1.0,0.0012163636363636404,0.0917017775974025
Factory Styles/Half Beat.mid,2,V2->V3,0,[],[],11.25,-13.0,-0.007340534490635001,-0.13118956340142263
Factory Styles/Hip Hindi Hop.mid,1,V1->V2,4,"[""ACC1"",""ACC2"",""ACC4"",""ACC5""]",[],24.25,-4.0,-0.007051819014471494,-0.03534530133724134
Factory Styles/Hip Hindi Hop.mid,1,V2->V3,-1,[],"[""ACC1""]",-0.5,-1.0,0.009235086176907825,0.07670935517535815
Factory Styles/Hip Hindi Hop.mid,1,V3->V4,1,"[""ACC1""]",[],14.0,3.0,-0.005223390089823365,-0.1010334048958641
Factory Styles/Hip Hindi Hop.mid,2,V1->V2,4,"[""ACC1"",""ACC2"",""ACC4"",""ACC5""]",[],25.75,-4.0,-0.011327378640776709,-0.0023948543689320534
Factory Styles/Hip Hindi Hop.mid,2,V2->V3,-1,[],"[""ACC1""]",-0.5,-1.0,0.0059987754972961604,0.07670935517535815
Factory Styles/Hip Hindi Hop.mid,2,V3->V4,1,"[""ACC1""]",[],-31.25,3.0,-0.006381446200379504,-0.10124597898843835
Factory Styles/HipHop Funk.mid,1,V1->V2,1,"[""ACC1""]",[],4.625,4.0,-0.006926462715855564,0.05064783555729968
Factory Styles/HipHop Funk.mid,1,V2->V3,0,[],[],9.375,-2.0,-0.013262885841836713,0.46969262117346955
Factory Styles/HipHop Funk.mid,1,V3->V4,0,[],[],19.25,-8.0,0.040295163633966236,-0.34131377505274263
Factory Styles/HipHop Funk.mid,2,V1->V2,1,"[""ACC1""]",[],4.625,4.0,-0.006926462715855564,0.05064783555729968
Factory Styles/HipHop Funk.mid,2,V2->V3,0,[],[],8.125,-2.0,-0.008423689269256074,0.31372050625411485
Factory Styles/HipHop Funk.mid,2,V3->V4,0,[],[],19.625,-8.0,0.03274106513780478,-0.23499828189542038
Factory Styles/HipHop Funk.mid,3,V1->V2,1,"[""ACC1""]",[],4.625,4.0,-0.006926462715855564,0.05064783555729968
Factory Styles/HipHop Funk.mid,3,V2->V3,0,[],[],8.125,-2.0,-0.008423689269256074,0.31372050625411485
Factory Styles/HipHop Funk.mid,3,V3->V4,0,[],[],19.625,-8.0,0.03274106513780478,-0.23499828189542038
Factory Styles/HipHop.mid,1,V1->V2,1,"[""ACC5""]",[],4.75,2.0,-0.04316890224002376,0.0
Factory Styles/HipHop.mid,1,V2->V3,1,"[""ACC1"",""ACC4""]","[""ACC5""]",6.75,-10.0,0.03828342670401494,0.484519477124183
Factory Styles/HipHop.mid,1,V3->V4,2,"[""ACC3"",""ACC5""]",[],21.5,-2.0,0.16036318483878914,-0.018678723986107704
Factory Styles/Hollywood 1.mid,1,V1->V2,0,[],[],18.5,2.0,0.1771548357256778,-0.0034471323763956008
Factory Styles/Hollywood 1.mid,1,V2->V3,-1,[],"[""ACC5""]",-5.25,-1.0,-0.11321659184436958,-0.14417151328095756
Factory Styles/Hollywood 1.mid,1,V3->V4,1,"[""ACC5""]",[],21.75,15.0,0.04275931911709688,0.023336331462775917
Factory Styles/Hollywood 1.mid,2,V1->V2,0,[],[],18.5,2.0,0.1771548357256778,-0.0034471323763956008
Factory Styles/Hollywood 1.mid,2,V2->V3,-1,[],"[""ACC5""]",-5.25,-1.0,-0.11321659184436958,-0.14417151328095756
Factory Styles/Hollywood 1.mid,2,V3->V4,1,"[""ACC5""]",[],21.75,15.0,0.04275931911709688,0.023336331462775917
Factory Styles/Hollywood 2.mid,1,V1->V2,0,[],[],13.0,12.0,-0.00921126707070706,0.10201111111111105
Factory Styles/Hollywood 2.mid,1,V2->V3,0,[],[],26.0,0.0,0.057493384858757074,0.7519477966101693
Factory Styles/Hollywood 2.mid,1,V3->V4,0,[],[],16.5,12.0,0.06860522276029052,-0.2461990823244551
Factory Styles/Hollywood 2.mid,2,V1->V2,0,[],[],13.0,10.0,-0.00921126707070706,0.10201111111111105
Factory Styles/Hollywood 2.mid,2,V2->V3,0,[],[],26.0,0.0,0.057493384858757074,0.7519477966101693
Factory Styles/Hollywood 2.mid,2,V3->V4,0,[],[],16.5,12.0,0.06860522276029052,-0.2461990823244551
Factory Styles/House Garage.mid,1,V1->V2,1,"[""ACC4""]",[],16.5,-3.0,0.09101850228586539,0.008086117807080573
Factory Styles/House Garage.mid,1,V2->V3,1,"[""ACC2""]",[],4.0,0.0,0.013647913521093902,0.029817971719060532
Factory Styles/House Garage.mid,1,V3->V4,2,"[""ACC1"",""ACC5""]",[],57.75,0.0,-0.09928855428094696,0.853333332672854
Factory Styles/Hully Gully.mid,1,V1->V2,-1,[],"[""ACC3""]",10.25,-2.0,-0.03068739800995024,0.16040577114427856
Factory Styles/Hully Gully.mid,1,V2->V3,1,"[""ACC3""]",[],9.25,0.0,0.08252510389230311,0.5631236406204274
Factory Styles/Hully Gully.mid,1,V3->V4,0,[],[],-23.5,-9.0,0.05372196078431368,0.3616536437908495
Factory Styles/Hully Gully.mid,2,V1->V2,0,[],[],4.0,2.0,-0.023991664023934156,0.3151689753178757
Factory Styles/Irish Fox.mid,1,V1->V2,1,"[""ACC3""]",[],16.625,-12.0,-0.013508409488651896,-0.16950491071916884
Factory Styles/Irish Fox.mid,1,V2->V3,1,"[""ACC4""]",[],-1.75,21.0,0.034143211261438766,0.8922729419852009
Factory Styles/Irish Fox.mid,1,V3->V4,1,"[""PERC""]",[],37.625,-14.5,0.024117935867528417,-0.17337718698611804
Factory Styles/Irish Waltz.mid,1,V1->V2,2,"[""ACC4"",""PERC""]",[],6.75,-5.0,-0.05999940000000001,-0.07714169999999987
Factory Styles/Irish Waltz.mid,1,V2->V3,1,"[""ACC2""]",[],9.5,4.0,0.0703276743362832,0.10342061592920371
Factory Styles/Irish Waltz.mid,1,V3->V4,1,"[""ACC3""]",[],6.875,-3.0,0.0009429178345353173,0.1676865556010454
Factory Styles/Irish Waltz.mid,2,V1->V2,2,"[""ACC4"",""PERC""]",[],9.25,-5.0,-0.11367241167434719,-0.17862673579109067
Factory Styles/Irish Waltz.mid,2,V2->V3,1,"[""ACC2""]",[],3.0,5.0,-0.048237112135176646,-0.011120835637480786
Factory Styles/Irish Waltz.mid,2,V3->V4,1,"[""ACC3""]",[],9.875,-5.0,0.03190182731916297,0.1500408363816117
Factory Styles/Island View.mid,1,V1->V2,0,[],[],13.0,12.0,0.0,-0.10956196875356383
Factory Styles/Island View.mid,1,V2->V3,1,"[""ACC5""]",[],50.75,-1.0,0.0,0.4761586548715
Factory Styles/Island View.mid,1,V3->V4,1,"[""ACC4""]",[],40.25,-2.0,0.10316246256239602,0.059819831757676356
Factory Styles/Italian Fox.mid,1,V1->V2,2,"[""ACC3"",""ACC4""]",[],8.75,-5.0,0.016627923133776812,0.2916956023651145
Factory Styles/Italian Fox.mid,1,V2->V3,0,[],[],-1.0,4.0,0.025006912618705995,-0.19380231741477072
Factory Styles/Italian Fox.mid,1,V3->V4,1,"[""PERC""]",[],10.75,-4.0,-0.028170093889407583,0.1396210135906213
Factory Styles/Italian Mazurka2.mid,1,V1->V2,0,[],[],16.6875,-8.0,-0.033445049978705815,-0.8340201184958786
Factory Styles/Italian Mazurka2.mid,1,V2->V3,0,[],[],9.0,0.0,-0.022420089686098654,0.9368246959033213
Factory Styles/Italian Mazurka2.mid,1,V3->V4,3,"[""ACC1"",""ACC3"",""PERC""]",[],-4.25,2.0,0.007661647509578544,-1.245711030456523
Factory Styles/Italian Mazurka2.mid,2,V1->V2,0,[],[],7.6875,1.0,-0.07854262897260703,0.27660811070018143
Factory Styles/Italian Mazurka2.mid,2,V2->V3,0,[],[],11.625,-16.0,-0.037733018867924524,0.43818829755644906
Factory Styles/Italian Mazurka2.mid,2,V3->V4,3,"[""ACC1"",""ACC3"",""PERC""]",[],-3.25,6.0,0.007167347670250896,-0.9818528772548327
Factory Styles/Italian Polka 1.mid,1,V1->V2,2,"[""ACC3"",""ACC4""]",[],2.5,-1.0,-0.0028445455838429813,0.09919463803157424
Factory Styles/Italian Polka 1.mid,1,V2->V3,0,[],[],2.0,0.0,0.08062087339279508,-0.11354741109695321
Factory Styles/Italian Polka 1.mid,1,V3->V4,0,[],[],2.25,-1.0,-0.00875099105232445,0.1415482590935615
Factory Styles/Italian Polka 2.mid,1,V1->V2,1,"[""ACC4""]",[],0.375,0.0,-0.0026936026936026924,0.028183075196408502
Factory Styles/Italian Polka 2.mid,1,V2->V3,1,"[""ACC3""]",[],10.75,-20.0,-0.04983701557406736,0.8394452239526744
Factory Styles/Italian Polka 2.mid,1,V3->V4,-2,[],"[""ACC3"",""ACC4""]",-17.875,30.0,0.1821602478972997,-0.7097397189021692
Factory Styles/Italian Polka 2.mid,2,V1->V2,1,"[""ACC4""]",[],-0.125,-8.0,-0.0050464009745910254,0.026275280194918205
Factory Styles/Italian Polka 2.mid,2,V2->V3,1,"[""ACC3""]",[],10.25,-20.0,-0.046394304439048545,0.8507615302105189
Factory Styles/Italian Polka 3.mid,1,V1->V2,1,"[""PERC""]",[],6.0,-4.0,0.0,-0.6256570998116762
Factory Styles/Italian Polka 3.mid,1,V2->V3,0,[],[],1.125,3.0,0.0,0.25453153846153853
Factory Styles/Italian Polka 3.mid,1,V3->V4,1,"[""ACC3""]",[],4.25,2.5,0.0,-0.7561469447633626
Factory Styles/Italian Polka 3.mid,2,V2->V3,0,[],[],2.625,2.0,0.0,0.04794877678385623
Factory Styles/Italian Polka 3.mid,2,V3->V4,1,"[""ACC3""]",[],5.375,-3.0,0.0,-0.8600998662207353
Factory Styles/Italian Polka 3.mid,3,V2->V3,0,[],[],3.625,2.0,0.0,0.40648953709712243
Factory Styles/Italian Polka 3.mid,3,V3->V4,1,"[""ACC3""]",[],5.875,-5.0,0.0,-0.9395513074870503
Factory Styles/Italian Tango 1.mid,1,V1->V2,2,"[""ACC3"",""ACC4""]",[],22.5,-3.5,-0.06431046109853449,0.6979648683426665
Factory Styles/Italian Tango 1.mid,1,V2->V3,0,[],[],-13.5,12.5,-0.04208059719807751,0.13904255598731963
Factory Styles/Italian Tango 1.mid,1,V3->V4,0,[],[],10.0,-17.0,0.04254571160747764,0.02574697091434963
Factory Styles/Italian Tango 2.mid,1,V1->V2,2,"[""ACC3"",""ACC4""]",[],16.5,-1.0,-0.07633783521043272,0.8203547504445761
Factory Styles/Italian Tango 2.mid,1,V2->V3,-1,[],"[""ACC4""]",-20.5,-16.0,-0.029880800908165653,0.26959065476656496
Factory Styles/Italian Tango 2.mid,1,V3->V4,1,"[""ACC4""]",[],4.875,-13.0,-0.09988782886739603,0.11226813540510516
Factory Styles/Italian Waltz.mid,1,V1->V2,2,"[""ACC3"",""ACC4""]",[],3.75,-3.0,0.013450126582278482,0.17934537974683518
Factory Styles/Italian Waltz.mid,1,V2->V3,-1,[],"[""ACC3""]",1.375,-5.0,0.02463975507452626,-0.33869765785334427
Factory Styles/Italian Waltz.mid,1,V3->V4,1,"[""ACC3""]",[],-2.125,8.0,-0.04795698691996264,0.2964396465275616
Factory Styles/Jazz Funk.mid,1,V1->V2,0,[],[],-0.5,-6.0,-0.016982426212627355,0.05427416609792002
Factory Styles/Jazz Funk.mid,1,V2->V3,0,[],[],19.875,6.0,0.3069429755785066,0.1328642930579209
Factory Styles/Jazz Funk.mid,1,V3->V4,0,[],[],-6.875,-2.0,-0.13185144942827975,-0.007498131157317678
Factory Styles/Jazz Funk.mid,2,V1->V2,0,[],[],-0.375,-6.0,-0.021502565877029478,0.05973889672611121
Factory Styles/Jazz Funk.mid,2,V2->V3,0,[],[],20.5,6.0,0.31109700170940163,0.17583819316239313
Factory Styles/Jazz Funk.mid,2,V3->V4,0,[],[],-7.375,-2.0,-0.13343563637396982,-0.038544332253481084
Factory Styles/Jazz Funk.mid,3,V1->V2,0,[],[],-0.625,-6.0,-0.019552265397832336,0.042346467089611206
Factory Styles/Jazz Funk.mid,3,V2->V3,0,[],[],20.5,6.0,0.31109700170940163,0.17583819316239313
Factory Styles/Jazz Funk.mid,3,V3->V4,0,[],[],-5.625,0.0,-0.13876508148148148,0.06708687901234578
Factory Styles/Jazz Funk.mid,4,V2->V3,0,[],[],20.0,6.0,0.30951281476371156,0.14479199206622972
Factory Styles/Jazz Funk.mid,4,V3->V4,0,[],[],-5.125,0.0,-0.1371808945357914,0.09813308010850919
Factory Styles/Jazzy PopFunk.mid,1,V1->V2,0,[],[],26.75,-9.0,0.010757169896349728,-0.2638965727805318
Factory Styles/Jazzy PopFunk.mid,1,V2->V3,2,"[""ACC2"",""ACC3""]",[],6.25,-6.0,-0.012137364131938666,-0.30687705503901697
Factory Styles/Jazzy PopFunk.mid,1,V3->V4,1,"[""ACC5""]",[],50.375,1.0,0.02904736337739472,0.6381112418292743
Factory Styles/Jive.mid,1,V1->V2,2,"[""ACC4"",""PERC""]",[],17.25,4.0,0.007334514136833059,0.09491682717359828
Factory Styles/Jive.mid,1,V2->V3,-1,"[""ACC5""]","[""ACC4"",""PERC""]",-9.0,-7.0,-0.08963663778969755,-0.12709042445096652
Factory Styles/Jive.mid,1,V3->V4,2,"[""ACC4"",""PERC""]",[],20.625,3.0,0.0647284237539768,0.04496479363732764
Factory Styles/Jive.mid,2,V1->V2,2,"[""ACC4"",""PERC""]",[],17.25,4.0,0.007334514136833059,0.09491682717359828
Factory Styles/Jive.mid,2,V2->V3,-1,"[""ACC5""]","[""ACC4"",""PERC""]",-9.0,-7.0,-0.08963663778969755,-0.12709042445096652
Factory Styles/Jive.mid,2,V3->V4,2,"[""ACC4"",""PERC""]",[],20.625,3.0,0.0647284237539768,0.04496479363732764
Factory Styles/Jive.mid,3,V1->V2,2,"[""ACC4"",""PERC""]",[],17.25,4.0,0.007334514136833059,0.09491682717359828
Factory Styles/Jive.mid,3,V2->V3,-1,"[""ACC5""]","[""ACC4"",""PERC""]",-9.0,-7.0,-0.08963663778969755,-0.12709042445096652
Factory Styles/Jive.mid,3,V3->V4,2,"[""ACC4"",""PERC""]",[],20.625,3.0,0.0647284237539768,0.04496479363732764
Factory Styles/Jive.mid,4,V1->V2,2,"[""ACC4"",""PERC""]",[],17.25,4.0,0.007334514136833059,0.09491682717359828
Factory Styles/Jive.mid,4,V2->V3,-1,"[""ACC5""]","[""ACC4"",""PERC""]",-9.0,-7.0,-0.08963663778969755,-0.12709042445096652
Factory Styles/Jive.mid,4,V3->V4,2,"[""ACC4"",""PERC""]",[],20.625,3.0,0.0647284237539768,0.04496479363732764
Factory Styles/Jive.mid,5,V1->V2,2,"[""ACC4"",""PERC""]",[],17.25,4.0,0.007334514136833059,0.09491682717359828
Factory Styles/Jive.mid,6,V1->V2,2,"[""ACC4"",""PERC""]",[],17.25,4.0,0.007334514136833059,0.09491682717359828
Factory Styles/Karma.mid,1,V1->V2,0,"[""ACC1""]","[""ACC5""]",14.5,-6.0,0.03448262068965517,-0.2755577413793102
Factory Styles/Karma.mid,1,V2->V3,1,"[""ACC5""]",[],-8.25,11.0,-0.03448262068965517,0.2845778765597744
Factory Styles/Karma.mid,1,V3->V4,0,[],[],31.75,0.0,0.0755209375,0.0019122211413746815
Factory Styles/Kool Beat.mid,1,V1->V2,1,"[""ACC4""]",[],5.875,-2.0,-0.0014707149993755473,0.005223403272136773
Factory Styles/Kool Beat.mid,1,V2->V3,2,"[""ACC3"",""ACC5""]",[],7.75,3.0,-0.004900686274509803,0.5438910644257704
Factory Styles/Kool Beat.mid,1,V3->V4,0,[],[],10.25,0.0,0.0,0.4287125410509032
Factory Styles/Kool Funk.mid,1,V1->V2,1,"[""DRUM""]",[],109.5,-19.0,0.1650616372507988,1.4359720180067985
Factory Styles/Kool Funk.mid,1,V2->V3,0,[],[],42.0,-4.0,0.05211129508902579,0.23035376489985238
Factory Styles/Kool Funk.mid,1,V3->V4,2,"[""ACC4"",""ACC5""]",[],23.5,0.0,-0.008001301490099366,0.046935066036613016
Factory Styles/Kool Funk.mid,2,V1->V2,1,"[""DRUM""]",[],109.25,-19.0,0.16652044093178042,1.4345654640639585
Factory Styles/Kool Funk.mid,2,V2->V3,0,[],[],41.5,-4.0,0.05330148214514263,0.21375833057463955
Factory Styles/Kool Funk.mid,2,V3->V4,2,"[""ACC4"",""ACC5""]",[],27.0,0.0,-0.015341460219780223,0.06788360661575732
Factory Styles/Kool Funk.mid,3,V1->V2,1,"[""DRUM""]",[],109.25,-19.0,0.16652044093178042,1.4345654640639585
Factory Styles/Kool Funk.mid,3,V2->V3,0,[],[],42.0,-4.0,0.05211129508902579,0.23035376489985238
Factory Styles/Kool Funk.mid,3,V3->V4,1,"[""ACC4"",""ACC5""]","[""ACC1""]",21.5,0.0,-0.0038054143833793352,0.043965110502741656
Factory Styles/Little Boy.mid,1,V1->V2,2,"[""ACC2"",""ACC4""]",[],19.0,10.5,0.032610641821946146,0.047364083850931715
Factory Styles/Little Boy.mid,1,V2->V3,1,"[""ACC3""]",[],7.0,-2.0,0.015305374149659934,-0.021949030612244957
Factory Styles/Little Boy.mid,1,V3->V4,1,"[""ACC5""]",[],36.0,-1.0,0.017047539015606183,0.8276501104441778
Factory Styles/Little Shuffle.mid,1,V1->V2,2,"[""ACC3"",""ACC4""]",[],3.25,0.0,0.01769308828733185,-0.09064107749469219
Factory Styles/Little Shuffle.mid,1,V2->V3,1,"[""ACC5""]",[],25.0,-14.0,-0.09854056829165525,-0.16266828372450437
Factory Styles/Little Shuffle.mid,1,V3->V4,0,[],[],14.0,8.0,0.030085796919481322,0.32614725525540544
Factory Styles/Love Disco.mid,1,V1->V2,1,"[""ACC4""]",[],4.5,1.0,-0.0017196031741068818,0.082999576410558
Factory Styles/Love Disco.mid,1,V2->V3,0,[],[],8.25,6.0,-0.09291026894865527,0.5739215075949506
Factory Styles/Love Disco.mid,1,V3->V4,1,"[""ACC2""]",[],42.0,1.0,0.00983518032786885,0.7582501818114382
Factory Styles/Meditando.mid,1,V1->V2,2,"[""BASS"",""DRUM""]",[],4.5,-1.0,0.012048192771084338,-0.037559946271573
Factory Styles/Meditando.mid,1,V2->V3,1,"[""PERC""]",[],6.5,-1.0,0.081701703062249,-0.05955757906626524
Factory Styles/Meditando.mid,1,V3->V4,1,"[""ACC4""]",[],2.0,-1.5,-0.003749995833333325,0.04314018750000015
Factory Styles/Meditando.mid,2,V1->V2,2,"[""BASS"",""DRUM""]",[],5.5,-4.0,0.04545409090909091,-0.026831883116883226
Factory Styles/Meditando.mid,2,V2->V3,1,"[""PERC""]",[],6.0,-1.0,0.04454610909090908,-0.05266760909090906
Factory Styles/Meditando.mid,2,V3->V4,1,"[""ACC4""]",[],2.0,-1.0,-0.003461546153846154,0.06267314230769228
Factory Styles/Medium 6_4.mid,1,V1->V2,3,"[""ACC2"",""ACC4"",""PERC""]",[],19.875,1.0,0.12607922932659604,-0.24831923311631532
Factory Styles/Medium 6_4.mid,1,V2->V3,1,"[""ACC3""]",[],20.0,5.0,0.03213478605049208,0.1650552182284979
Factory Styles/Medium 6_4.mid,1,V3->V4,0,[],[],28.25,9.0,0.0041722419553910095,0.1937584304416824
Factory Styles/Medium 6_4.mid,2,V1->V2,3,"[""ACC2"",""ACC4"",""PERC""]",[],18.25,1.5,0.13132189679688666,-0.2370802305044155
Factory Styles/Medium 6_4.mid,2,V2->V3,1,"[""ACC3""]",[],21.625,5.0,0.026858863605683236,0.1651719320981404
Factory Styles/Medium 6_4.mid,2,V3->V4,0,[],[],29.0,11.0,0.026002294957372996,0.17988408772676356
Factory Styles/Medium 6_4.mid,3,V1->V2,3,"[""ACC2"",""ACC4"",""PERC""]",[],19.625,1.0,0.12370861085071477,-0.24010185288258712
Factory Styles/Medium 6_4.mid,3,V2->V3,1,"[""ACC3""]",[],21.875,5.0,0.022461528352335836,0.16837347807991088
Factory Styles/Medium 6_4.mid,3,V3->V4,0,[],[],28.625,10.0,0.03951214304725853,0.14345575076679973
Factory Styles/Medium BigBand1.mid,1,V1->V2,1,"[""ACC5""]",[],16.0,5.5,-0.06888355668721519,0.29207314660948835
Factory Styles/Medium BigBand1.mid,1,V2->V3,0,[],[],-2.125,-3.0,0.05694496790757381,0.16523905211809997
Factory Styles/Medium BigBand1.mid,1,V3->V4,0,[],[],8.75,22.0,-0.08258991308546598,-0.12857342848865283
Factory Styles/Medium BigBand1.mid,2,V1->V2,1,"[""ACC5""]",[],15.75,5.5,-0.06815628792681816,0.2788682189113305
Factory Styles/Medium BigBand1.mid,2,V2->V3,0,[],[],-2.25,-3.5,0.05856346389954653,0.20211348168817578
Factory Styles/Medium BigBand1.mid,2,V3->V4,0,[],[],7.625,21.0,-0.08300089698281043,-0.18785918527867929
Factory Styles/Medium BigBand2.mid,1,V1->V2,1,"[""ACC2""]",[],4.0,0.0,0.05194766233766234,0.20495213114754085
Factory Styles/Medium BigBand2.mid,1,V2->V3,1,"[""ACC3""]",[],6.75,5.0,0.21247656843156842,-0.31415923076923047
Factory Styles/Medium BigBand2.mid,1,V3->V4,1,"[""ACC4""]",[],20.25,-13.0,0.14098036382536377,-0.28991855301455294
Factory Styles/Medium BigBand2.mid,2,V3->V4,1,"[""ACC4""]",[],20.25,-13.0,0.13789817906144364,-0.2723531223901372
Factory Styles/Medium Schlager.mid,1,V1->V2,0,[],[],0.5,0.0,0.006329113924050633,-0.024290723212125886
Factory Styles/Medium Schlager.mid,1,V2->V3,1,"[""ACC4""]",[],65.5,-1.0,0.3985151767333888,-0.7228528868643509
Factory Styles/Medium Schlager.mid,1,V3->V4,1,"[""ACC5""]",[],2.5,-2.0,-0.006885106983970046,-0.019117664242167542
Factory Styles/Medium Schlager.mid,2,V1->V2,0,[],[],0.5,0.0,0.006329113924050633,-0.024290723212125886
Factory Styles/Medium Schlager.mid,2,V2->V3,1,"[""ACC4""]",[],65.5,-1.0,0.3985151767333888,-0.7228528868643509
Factory Styles/Medium Schlager.mid,2,V3->V4,1,"[""ACC5""]",[],2.5,1.5,-0.006885106983970046,-0.019117664242167542
Factory Styles/Miami Disco.mid,1,V1->V2,0,[],[],7.0,0.0,-0.0045662100456621,0.33101484221618294
Factory Styles/Miami Disco.mid,1,V2->V3,0,[],[],-1.5,2.0,0.0,-0.29019975439716417
Factory Styles/Miami Disco.mid,1,V3->V4,0,[],[],39.0,6.0,0.0,0.8044731555128188
Factory Styles/Modern Ballad.mid,1,V1->V2,3,"[""ACC1"",""ACC2"",""ACC4""]",[],25.0,-7.0,0.008254592014320494,0.24167753965491512
Factory Styles/Modern Ballad.mid,1,V2->V3,1,"[""ACC3""]",[],9.5,4.0,-0.036949943346342634,-0.2643225620042804
Factory Styles/Modern Ballad.mid,1,V3->V4,0,[],[],23.25,6.0,-0.022975752393049942,0.5120816735471578
Factory Styles/Modern Beat.mid,1,V1->V2,1,"[""ACC1""]",[],9.0,0.0,-0.01854881059921712,0.16346669798253544
Factory Styles/Modern Beat.mid,1,V2->V3,1,"[""ACC5""]",[],-5.5,0.0,0.010921036005544282,-0.13194846056151865
Factory Styles/Modern Beat.mid,1,V3->V4,0,[],[],38.5,7.0,-0.06696623291567602,0.10501056925867047
Factory Styles/Modern Country.mid,1,V1->V2,0,[],[],3.375,0.0,0.000696285532100549,0.00039059846628841655
Factory Styles/Modern Country.mid,1,V2->V3,0,[],[],20.75,2.0,0.05406686971746916,0.038216467913516405
Factory Styles/Modern Country.mid,1,V3->V4,0,[],[],6.75,0.0,-0.03187856195410804,0.0223891849987663
Factory Styles/Modern Country.mid,2,V1->V2,0,[],[],3.375,0.0,0.000696285532100549,0.00039059846628841655
Factory Styles/Modern Country.mid,2,V2->V3,0,[],[],20.75,2.0,0.05406686971746916,0.038216467913516405
Factory Styles/Modern Country.mid,2,V3->V4,0,[],[],6.75,0.0,-0.03187856195410804,0.0223891849987663
Factory Styles/Modern Country.mid,3,V1->V2,0,[],[],2.5,0.0,4.111147129476356e-05,0.005270652403394527
Factory Styles/Modern Country.mid,3,V2->V3,0,[],[],20.625,2.0,0.06104710760166132,0.02431216732670083
Factory Styles/Modern Country.mid,3,V3->V4,0,[],[],7.125,0.0,-0.03746202697873857,0.016090101145454838
Factory Styles/Modern Country.mid,4,V2->V3,0,[],[],20.75,2.0,0.05406686971746916,0.038216467913516405
Factory Styles/Modern Country.mid,4,V3->V4,0,[],[],6.5,0.0,-0.030933174251052242,0.02284713915985792
Factory Styles/Modern Country.mid,5,V2->V3,0,[],[],21.0,2.0,0.05546364257703079,0.01801308347338937
Factory Styles/Modern Country.mid,5,V3->V4,0,[],[],7.125,0.0,-0.03328561188021595,0.021685732547864545
Factory Styles/Modern Gospel 1.mid,1,V1->V2,0,[],[],-19.375,-3.0,-0.0624533152047238,0.051870164840856825
Factory Styles/Modern Gospel 1.mid,1,V2->V3,2,"[""ACC4"",""ACC5""]",[],4.691666666666666,1.0,0.0204734661228973,0.09088423875678875
Factory Styles/Modern Gospel 1.mid,1,V3->V4,0,[],[],5.933333333333334,3.5,-0.008039124666512007,-0.03287298283261819
Factory Styles/Modern Gospel 1.mid,2,V1->V2,0,[],[],-20.6875,-0.5,-0.0862076354679803,0.19296396823120965
Factory Styles/Modern Gospel 1.mid,2,V2->V3,2,"[""ACC4"",""ACC5""]",[],3.6708333333333343,-2.0,0.017786660079051383,0.021629691107952098
Factory Styles/Modern Gospel 1.mid,2,V3->V4,-1,[],"[""ACC5""]",6.766666666666666,3.0,0.03468321646415849,-0.12839894061386836
Factory Styles/Modern Gospel 1.mid,3,V1->V2,0,[],[],-20.0,-3.0,-0.060482430464540556,0.02890640672782885
Factory Styles/Modern Gospel 1.mid,3,V2->V3,2,"[""ACC4"",""ACC5""]",[],7.68333333333333,0.0,0.011783439491561028,-0.012325477974648225
Factory Styles/Modern Gospel 1.mid,3,V3->V4,0,[],[],5.31666666666667,5.0,-0.0019672340097671923,0.08224914371058767
Factory Styles/Modern Gospel 2.mid,1,V1->V2,1,"[""ACC2""]",[],62.25,-2.5,0.11147218510558121,-0.06497240282759487
Factory Styles/Modern Gospel 2.mid,1,V2->V3,0,[],[],-43.125,12.0,-0.004011699511487277,-0.36499143387076094
Factory Styles/Modern Gospel 2.mid,1,V3->V4,0,[],[],46.625,-3.0,-0.17969198459503186,0.43991277871197565
Factory Styles/Modern Gospel 2.mid,2,V1->V2,1,"[""ACC2""]",[],62.5,-5.0,0.11040269458393742,-0.04935158426659392
Factory Styles/Modern Gospel 2.mid,2,V2->V3,0,[],[],-33.25,14.0,0.036302440947198145,0.047605613570623095
Factory Styles/Modern Gospel 2.mid,2,V3->V4,0,[],[],37.375,-3.0,-0.20712243373493983,0.07279122953351891
Factory Styles/Modern Gospel 2.mid,3,V1->V2,1,"[""ACC2""]",[],63.5,-3.5,0.11684705900243303,-0.05712870216766186
Factory Styles/Modern Gospel 2.mid,3,V2->V3,0,[],[],-43.125,12.0,-0.000670283052039311,-0.3713574494949494
Factory Styles/Modern Gospel 2.mid,3,V3->V4,0,[],[],46.625,-3.0,-0.19697114837477492,0.4441756508815089
Factory Styles/Modern Latin.mid,1,V1->V2,1,"[""BASS""]",[],5.375,6.0,-0.01922175672877846,-0.04584473974214198
Factory Styles/Modern Latin.mid,1,V2->V3,4,"[""ACC1"",""ACC4"",""ACC5"",""DRUM""]",[],41.625,7.0,-0.08026738787906468,0.12236928274570702
Factory Styles/Modern Latin.mid,1,V3->V4,0,[],[],27.0,0.0,-0.023397109268125854,0.7036724695052441
Factory Styles/Moonlight Ballad.mid,1,V1->V2,0,[],[],1.5,3.0,-0.0002506129247168559,0.02776736842105265
Factory Styles/Moonlight Ballad.mid,1,V2->V3,0,[],[],1.625,-5.0,-0.006328860759493671,0.006074042553191328
Factory Styles/Moonlight Ballad.mid,1,V3->V4,0,[],[],4.125,5.0,0.011048342541436464,-0.03351244034324674
Factory Styles/Moonlight Ballad.mid,2,V1->V2,0,[],[],2.0,0.0,-0.000982863796537458,0.023564414891986907
Factory Styles/Moonlight Ballad.mid,2,V2->V3,0,[],[],1.5,0.0,-0.012687237517891723,0.0066450147343604105
Factory Styles/Moonlight Ballad.mid,2,V3->V4,0,[],[],3.625,0.0,0.005044738937832861,-0.019054253645911068
Factory Styles/Moonlight Ballad.mid,3,V1->V2,0,[],[],1.5,0.0,-0.0007470172208718998,0.02716026146765249
Factory Styles/Moonlight Ballad.mid,3,V2->V3,0,[],[],2.0,0.0,-0.012923084093557281,0.003049168158694826
Factory Styles/Moonlight Ballad.mid,3,V3->V4,1,"[""ACC2""]",[],4.375,-1.0,0.013020472483352918,-0.028386344986290446
Factory Styles/Motown Shuffle 1.mid,1,V1->V2,0,[],[],5.125,7.0,-0.0329703882495027,0.12819491912948777
Factory Styles/Motown Shuffle 1.mid,1,V2->V3,0,[],[],20.25,-5.0,0.2098044570707071,-0.20563550925925922
Factory Styles/Motown Shuffle 1.mid,1,V3->V4,0,"[""ACC4"",""ACC5""]","[""ACC3"",""PERC""]",-15.0,3.0,-0.18656882240122746,-0.10230506797937178
Factory Styles/Motown Shuffle 1.mid,2,V1->V2,0,[],[],5.125,7.0,-0.0329703882495027,0.12819491912948777
Factory Styles/Motown Shuffle 1.mid,2,V2->V3,0,[],[],20.75,-5.0,0.20776625092902268,-0.2080228101387338
Factory Styles/Motown Shuffle 1.mid,2,V3->V4,0,"[""ACC4"",""ACC5""]","[""ACC3"",""PERC""]",-15.5,3.0,-0.18453061625954303,-0.09991776709989719
Factory Styles/Motown Shuffle 2.mid,1,V1->V2,2,"[""ACC4"",""ACC5""]",[],10.5,1.0,0.10556361702127662,-0.08930032733224191
Factory Styles/Motown Shuffle 2.mid,1,V2->V3,0,"[""PERC""]","[""ACC5""]",22.0,-14.0,0.15267638297872338,-0.6326178045358897
Factory Styles/Motown Shuffle 2.mid,1,V3->V4,2,"[""ACC2"",""ACC5""]",[],35.75,-7.5,-0.015163553846153865,-0.203530375824176
Factory Styles/Motown Shuffle 2.mid,2,V1->V2,2,"[""ACC4"",""ACC5""]",[],10.5,0.5,0.1071419387755102,-0.23150510204081653
Factory Styles/Motown Shuffle 2.mid,2,V2->V3,0,"[""PERC""]","[""ACC5""]",21.0,-13.5,0.17582306122448982,-0.9412718210361066
Factory Styles/Motown Shuffle 2.mid,2,V3->V4,2,"[""ACC2"",""ACC5""]",[],35.625,-6.0,-0.027022223200528328,-0.09250966287949325
Factory Styles/Movie Ballad.mid,1,V1->V2,-1,[],"[""ACC4""]",5.5,1.0,0.09186674752920035,-0.005175269541778826
Factory Styles/Movie Ballad.mid,1,V2->V3,1,"[""ACC5""]",[],11.75,1.0,-0.09723575779997533,0.19099251510667137
Factory Styles/Movie Ballad.mid,1,V3->V4,-1,[],"[""ACC2""]",8.0,9.0,0.025899167284931992,0.34546018300653625
Factory Styles/Movie Swing.mid,1,V1->V2,0,[],[],8.875,0.0,0.031122186537904883,-0.5441388096992341
Factory Styles/Movie Swing.mid,1,V2->V3,2,"[""ACC3"",""PERC""]",[],18.5,1.0,-0.004706618877914626,-0.06981637808777119
Factory Styles/Movie Swing.mid,1,V3->V4,0,[],[],3.875,5.0,-0.2387193211364615,-0.18860468520591223
Factory Styles/Movie Swing.mid,2,V1->V2,0,[],[],9.625,2.0,0.01619958079248507,-0.5866669734281342
Factory Styles/Movie Swing.mid,2,V2->V3,2,"[""ACC3"",""PERC""]",[],15.625,-1.0,-0.23309353592920934,-0.3324260391368048
Factory Styles/Movie Swing.mid,2,V3->V4,0,[],[],4.25,6.0,-0.048913435350673246,0.09889766637605346
Factory Styles/Movie Swing.mid,3,V1->V2,0,[],[],9.125,4.0,0.02528912837524222,-0.6050682402326149
Factory Styles/Movie Swing.mid,3,V2->V3,2,"[""ACC3"",""PERC""]",[],17.125,-3.0,-0.21874253462910453,-0.34769675605956163
Factory Styles/Movie Swing.mid,3,V3->V4,0,[],[],4.25,6.0,-0.048913435350673246,0.09889766637605346
Factory Styles/Movie Swing.mid,4,V3->V4,0,[],[],4.0,5.0,-0.048111183383262396,0.10300219190763382
Factory Styles/Musette Waltz.mid,1,V1->V2,1,"[""ACC4""]",[],6.0,0.0,0.014706176470588236,0.246499789915966
Factory Styles/Musette Waltz.mid,1,V2->V3,1,"[""ACC3""]",[],3.0,0.0,0.04610463434022258,-0.0806041335453096
Factory Styles/Musette Waltz.mid,1,V3->V4,0,[],[],4.875,0.0,0.2794885921742638,-1.3706845881403797
Factory Styles/Oberkr_ Polka 1.mid,1,V1->V2,0,[],[],22.0,-24.0,0.16410360765450172,-0.34845550559447847
Factory Styles/Oberkr_ Polka 1.mid,1,V2->V3,2,"[""ACC4"",""ACC5""]",[],13.0,-4.0,-0.04906583632411668,0.1834787443764847
Factory Styles/Oberkr_ Polka 1.mid,1,V3->V4,0,[],[],1.0,1.5,-0.0030057113720227957,0.02774317343173438
Factory Styles/Oberkr_ Polka 2.mid,1,V1->V2,0,[],[],5.875,0.0,0.0,0.1316219809220982
Factory Styles/Oberkr_ Polka 2.mid,1,V2->V3,2,"[""ACC3"",""ACC4""]",[],12.125,-1.0,0.017130620985010708,-0.08120297852884972
Factory Styles/Oberkr_ Polka 2.mid,1,V3->V4,0,[],[],10.0,0.0,-0.015303637438392791,-0.14121577516451422
Factory Styles/Oberkr_ Polka 2.mid,2,V1->V2,0,[],[],6.25,0.0,0.0,0.14629302475950157
Factory Styles/Oberkr_ Polka 2.mid,2,V2->V3,2,"[""ACC3"",""ACC4""]",[],12.125,-1.0,0.01702127659574468,-0.08331357920255567
Factory Styles/Oberkr_ Polka 2.mid,2,V3->V4,0,[],[],9.625,0.0,-0.015194293049126764,-0.15377621832821164
Factory Styles/Oberkr_ Polka 2.mid,3,V1->V2,0,[],[],6.0,0.0,0.0,0.14568081959324264
Factory Styles/Oberkr_ Polka 2.mid,3,V2->V3,2,"[""ACC3"",""ACC4""]",[],11.875,-1.0,0.017241379310344827,-0.08523995000467277
Factory Styles/Oberkr_ Polka 2.mid,3,V3->V4,0,[],[],10.125,0.0,-0.015407691236950332,-0.1504438396077188
Factory Styles/Oberkr_ Polka 2.mid,4,V1->V2,5,"[""ACC1"",""ACC2"",""ACC5"",""BASS"",""DRUM""]",[],44.25,-29.0,0.0,1.207150216216216
Factory Styles/Oberkr_ Polka 2.mid,4,V2->V3,2,"[""ACC3"",""ACC4""]",[],12.125,-1.0,0.017130620985010708,-0.08120297852884972
Factory Styles/Oberkr_ Polka 2.mid,4,V3->V4,0,[],[],10.0,0.0,-0.015303637438392791,-0.14121577516451422
Factory Styles/Oberkr_ Waltz 1.mid,1,V1->V2,0,[],[],1.875,-3.0,0.07488211513859273,-0.382754975692964
Factory Styles/Oberkr_ Waltz 1.mid,1,V2->V3,1,"[""ACC5""]",[],13.125,9.0,-0.027252153846153815,0.09428134505494512
Factory Styles/Oberkr_ Waltz 1.mid,1,V3->V4,0,[],[],-1.375,4.0,0.09422818923868925,-0.5158290229185227
Factory Styles/Oberkr_ Waltz 1.mid,2,V1->V2,0,[],[],0.0,5.0,0.03157763157894736,-0.11037431578947365
Factory Styles/Oberkr_ Waltz 1.mid,2,V2->V3,1,"[""ACC5""]",[],8.5,-1.0,-0.021098778665413542,-0.017860997650375854
Factory Styles/Oberkr_ Waltz 1.mid,2,V3->V4,0,[],[],9.0,3.0,-0.008859846840659324,0.3264445583791207
Factory Styles/Oberkr_ Waltz 1.mid,3,V1->V2,0,[],[],-3.75,-5.0,0.05744316541353381,-0.07798849022556387
Factory Styles/Oberkr_ Waltz 1.mid,3,V2->V3,1,"[""ACC5""]",[],7.375,11.0,-0.03291657771568285,-0.02170479944114545
Factory Styles/Oberkr_ Waltz 1.mid,3,V3->V4,0,[],[],4.375,2.0,0.09989261310821829,-0.39984287842243216
Factory Styles/Oberkr_ Waltz 1.mid,4,V3->V4,0,[],[],4.5,2.0,0.09949710121886596,-0.40146062268150495
Factory Styles/Oberkr_ Waltz 2.mid,1,V1->V2,0,[],[],-0.25,0.0,0.015193850868232939,-0.3311504264555669
Factory Styles/Oberkr_ Waltz 2.mid,1,V2->V3,0,[],[],2.75,-4.5,-0.10984767676767679,0.46250229797979814
Factory Styles/Oberkr_ Waltz 2.mid,1,V3->V4,0,[],[],3.375,1.5,-0.00686833939393941,0.0408034787878786
Factory Styles/Oberkr_ Waltz 2.mid,2,V1->V2,0,[],[],2.25,4.0,-0.037921373595505625,0.11376422191011248
Factory Styles/Oberkr_ Waltz 2.mid,2,V2->V3,0,[],[],2.25,-5.0,-0.09218010089429027,0.11611160972254075
Factory Styles/Oberkr_ Waltz 2.mid,2,V3->V4,0,[],[],3.375,2.0,-0.007229448155944007,0.04253986455568781
Factory Styles/Oberkr_ Waltz 2.mid,3,V1->V2,0,[],[],0.0,0.0,0.0,0.0
Factory Styles/Oberkr_ Waltz 2.mid,3,V2->V3,0,[],[],5.875,0.0,-0.06887731330524519,0.5596491707883007
Factory Styles/Oberkr_ Waltz 2.mid,3,V3->V4,0,[],[],2.375,1.0,0.01143511456310678,-0.10207110118662333
Factory Styles/Oberkr_ Waltz 2.mid,4,V1->V2,0,[],[],0.0,0.0,0.0,0.0
Factory Styles/Oberkr_ Waltz 2.mid,4,V2->V3,0,[],[],0.125,0.0,0.003754189422629728,-0.030096492924058138
Factory Styles/Oberkr_ Waltz 2.mid,4,V3->V4,0,[],[],1.125,1.0,-0.0008482353495383177,-0.0045918004522329525
Factory Styles/Operetta.mid,1,V1->V2,3,"[""ACC1"",""ACC3"",""PERC""]",[],4.75,-4.0,0.020756581196581192,-0.06202686202686203
Factory Styles/Operetta.mid,1,V2->V3,0,[],[],3.75,-20.0,0.13228296806966616,-0.15050692204022398
Factory Styles/Operetta.mid,1,V3->V4,0,[],[],11.125,4.0,0.03485252899141228,0.10020761204789097
Factory Styles/Orchestral Tango.mid,1,V1->V2,2,"[""ACC2"",""PERC""]",[],0.25,1.0,0.03424824620060793,-0.12912959979736582
Factory Styles/Orchestral Tango.mid,1,V2->V3,1,"[""ACC3""]",[],5.25,-8.0,0.004199468085106378,-0.02131082348305746
Factory Styles/Orchestral Tango.mid,1,V3->V4,0,[],[],10.125,-4.0,0.10370495061728394,-0.21683640740740762
Factory Styles/Organ Ballad.mid,1,V1->V2,0,[],[],-1.0,1.0,0.006391612600165783,-0.04775684811642256
Factory Styles/Organ Ballad.mid,1,V2->V3,1,"[""PERC""]",[],44.0,-8.0,-0.08377128817128818,-0.07391036972036935
Factory Styles/Organ Ballad.mid,1,V3->V4,0,[],[],26.25,7.0,-0.01833101068220209,0.2413927160914462
Factory Styles/Organ Ballad.mid,2,V1->V2,0,[],[],-1.75,1.5,0.0036883957219251418,-0.05785654952890251
Factory Styles/Organ Ballad.mid,2,V2->V3,1,"[""PERC""]",[],44.0,-7.0,-0.08377128817128818,-0.06943852696852693
Factory Styles/Organ Ballad.mid,2,V3->V4,0,[],[],26.75,6.0,-0.01842255714681785,0.24056825653208924
Factory Styles/Organ Evergreens.mid,1,V1->V2,0,[],[],3.25,0.0,-0.011695906432748537,-0.059498988049834445
Factory Styles/Organ Evergreens.mid,1,V2->V3,0,[],[],38.5,-2.0,0.2662719526627219,-0.33536556470285595
Factory Styles/Organ Evergreens.mid,1,V3->V4,2,"[""ACC4"",""ACC5""]",[],32.0,2.0,-0.08601487111765754,0.16275632044086663
Factory Styles/Organ Foxtrot.mid,1,V1->V2,1,"[""ACC3""]",[],21.25,-7.0,0.0025939500038967833,-0.05493443301379464
Factory Styles/Organ Foxtrot.mid,1,V2->V3,0,[],[],22.75,-7.0,-0.012823717948717894,0.33146225274725305
Factory Styles/Organ Foxtrot.mid,1,V3->V4,0,[],[],4.0,5.0,0.0354277113938693,-0.24809798322729937
Factory Styles/Organ Foxtrot.mid,2,V1->V2,1,"[""ACC3""]",[],19.5,-7.0,0.002765399158344284,-0.14793322969662714
Factory Styles/Organ Foxtrot.mid,2,V2->V3,0,[],[],22.5,-9.0,-0.004915025051576705,0.3447082915807056
Factory Styles/Organ Foxtrot.mid,2,V3->V4,0,[],[],3.25,9.0,0.03429160256410252,-0.1537641015466018
Factory Styles/Organ Foxtrot.mid,3,V1->V2,1,"[""ACC3""]",[],19.5,-11.0,0.002765399158344284,-0.14793322969662714
Factory Styles/Organ Foxtrot.mid,3,V2->V3,0,[],[],24.0,-3.0,-0.00515443897099066,0.4304574538781032
Factory Styles/Organ Foxtrot.mid,3,V3->V4,0,[],[],1.75,5.0,0.034531016483516475,-0.2395132638439994
Factory Styles/Organ Waltz.mid,1,V1->V2,1,"[""ACC2""]",[],0.75,-5.0,-0.06527849187236612,-0.15180530790401647
Factory Styles/Organ Waltz.mid,1,V2->V3,0,[],[],3.5,7.5,-0.04761944805194801,-0.0014224025974027832
Factory Styles/Organ Waltz.mid,1,V3->V4,0,[],[],2.0,3.5,0.1482680275974026,-0.927169099025974
Factory Styles/Organ Waltz.mid,2,V1->V2,1,"[""ACC2""]",[],0.25,-4.0,-0.05675317677756031,-0.2957835308918091
Factory Styles/Organ Waltz.mid,2,V2->V3,0,[],[],4.5,11.0,-0.0432885367965368,0.18096848979591829
Factory Styles/Organ Waltz.mid,2,V3->V4,0,[],[],0.25,0.0,-0.019534610076670317,-0.35704544578313246
Factory Styles/Organ Waltz.mid,3,V1->V2,1,"[""ACC2""]",[],0.25,-4.0,-0.04345731223429383,-0.3054998913556919
Factory Styles/Organ Waltz.mid,3,V2->V3,0,[],[],5.0,8.0,-0.06040653903284371,0.2528332233041757
Factory Styles/Organ Waltz.mid,3,V3->V4,0,[],[],0.75,3.0,0.131817389320596,-0.875410191773009
Factory Styles/Oriental Ballad.mid,1,V1->V2,3,"[""ACC1"",""ACC5"",""DRUM""]",[],29.0,-2.0,-0.003052304848060596,0.6442830229928382
Factory Styles/Oriental Ballad.mid,1,V2->V3,1,"[""ACC4""]",[],-0.25,-2.0,0.0106660694414311,0.04466422975441442
Factory Styles/Oriental Ballad.mid,1,V3->V4,0,[],[],23.125,4.0,0.07842293693421562,0.23708486723241173
Factory Styles/Oriental Ballad.mid,2,V1->V2,3,"[""ACC1"",""ACC5"",""DRUM""]",[],29.0,-2.0,-0.003052304848060596,0.6442830229928382
Factory Styles/Oriental Ballad.mid,2,V2->V3,1,"[""ACC4""]",[],-0.25,-2.0,0.0106660694414311,0.04466422975441442
Factory Styles/Oriental Ballad.mid,2,V3->V4,0,[],[],23.125,4.0,0.07842293693421562,0.23708486723241173
Factory Styles/Oriental Ballad.mid,3,V1->V2,3,"[""ACC1"",""ACC5"",""DRUM""]",[],29.0,-2.0,-0.003052304848060596,0.6442830229928382
Factory Styles/Oriental Ballad.mid,3,V2->V3,1,"[""ACC4""]",[],-0.25,-2.0,0.0106660694414311,0.04466422975441442
Factory Styles/Oriental Ballad.mid,3,V3->V4,0,[],[],23.125,4.0,0.07486389778830815,0.23708486723241173
Factory Styles/Oriental Dance.mid,1,V1->V2,0,[],[],4.0,0.0,0.016872951546003004,0.018309366515837144
Factory Styles/Oriental Dance.mid,1,V2->V3,0,[],[],23.5,4.0,-0.05626929296810099,0.18140128842000336
Factory Styles/Oriental Dance.mid,1,V3->V4,1,"[""ACC5""]",[],39.25,-2.0,0.010106324584337953,0.19860895698094838
Factory Styles/Party Mix.mid,1,V1->V2,0,[],[],16.0,0.0,0.0,0.15005912495072926
Factory Styles/Party Mix.mid,1,V2->V3,1,"[""ACC1""]",[],17.0,0.0,0.0,0.1154549509366638
Factory Styles/Party Mix.mid,1,V3->V4,1,"[""ACC4""]",[],9.0,0.0,0.0,-0.0610681114551086
Factory Styles/Party Polka.mid,1,V1->V2,1,"[""ACC5""]",[],11.75,0.0,0.0,-0.06031885076212373
Factory Styles/Party Polka.mid,1,V2->V3,0,[],[],9.0,0.0,0.0,-0.11971319459687635
Factory Styles/Party Polka.mid,1,V3->V4,0,[],[],15.75,0.0,0.0,0.5575666483375961
Factory Styles/Party Polka.mid,2,V1->V2,1,"[""ACC5""]",[],11.75,0.0,0.0,-0.06031885076212373
Factory Styles/Party Polka.mid,2,V2->V3,0,[],[],9.0,0.0,0.0,-0.11971319459687635
Factory Styles/Party Polka.mid,2,V3->V4,0,[],[],15.75,0.0,0.0,0.5575666483375961
Factory Styles/Party Polka.mid,3,V1->V2,1,"[""ACC5""]",[],11.5,0.0,0.0,-0.057669011103400614
Factory Styles/Party Polka.mid,3,V2->V3,0,[],[],9.0,0.0,0.0,-0.12033850687103587
Factory Styles/Party Polka.mid,3,V3->V4,0,[],[],16.0,0.0,0.0,0.5555421209530325
Factory Styles/Pasodoble.mid,1,V1->V2,1,"[""ACC3""]",[],-22.25,7.0,0.005915409642117715,-0.6058142147293704
Factory Styles/Pasodoble.mid,1,V2->V3,0,[],[],21.5,3.0,0.00922146636432351,0.32348981859410486
Factory Styles/Pasodoble.mid,1,V3->V4,0,[],[],-18.5,0.0,0.003156435944140862,-0.269305400728598
Factory Styles/Pasodoble.mid,2,V1->V2,1,"[""ACC3""]",[],-18.25,0.0,0.003478810879190386,-0.4151583776091079
Factory Styles/Pasodoble.mid,2,V2->V3,0,[],[],18.5,6.0,0.0203922368627451,-0.03891063529411776
Factory Styles/Pasodoble.mid,2,V3->V4,0,[],[],-16.625,-10.0,-0.022906917606837607,0.23689205811965808
Factory Styles/Pasodoble.mid,3,V2->V3,0,[],[],29.625,-6.0,0.10411181838949171,-0.04472355682467111
Factory Styles/Pasodoble.mid,3,V3->V4,0,[],[],-1.375,2.0,0.01628949007688181,-0.2850988567852677
Factory Styles/Pasodoble.mid,4,V3->V4,0,[],[],-13.125,-10.0,-0.08919505430355687,-0.12207772468096678
Factory Styles/Philly Disco.mid,1,V1->V2,0,[],[],43.75,8.0,0.042779276047567635,0.045387927613677936
Factory Styles/Philly Disco.mid,1,V2->V3,0,[],[],22.25,-8.0,0.017888145148797288,0.07814068979332367
Factory Styles/Philly Disco.mid,1,V3->V4,0,[],[],29.5,0.0,0.003420583539623351,0.015507243051421149
Factory Styles/Philly Disco.mid,2,V1->V2,0,[],[],43.75,8.0,0.042779276047567635,0.045387927613677936
Factory Styles/Philly Disco.mid,2,V2->V3,0,[],[],22.25,-8.0,0.017888145148797288,0.07814068979332367
Factory Styles/Philly Disco.mid,2,V3->V4,0,[],[],29.5,0.0,0.003420583539623351,0.017736237896781804
Factory Styles/Polka Pop.mid,1,V1->V2,0,[],[],0.0,0.0,0.0,0.0
Factory Styles/Polka Pop.mid,1,V2->V3,3,"[""ACC2"",""ACC4"",""ACC5""]",[],24.25,2.5,0.0,0.14678914659808306
Factory Styles/Polka Pop.mid,1,V3->V4,0,[],[],3.625,-3.0,0.0,0.025629792487522618
Factory Styles/Polka Pop.mid,2,V1->V2,0,[],[],0.0,0.0,0.0,0.0
Factory Styles/Polka Pop.mid,2,V2->V3,3,"[""ACC2"",""ACC4"",""ACC5""]",[],24.125,2.5,0.0,0.1509315000732605
Factory Styles/Polka Pop.mid,2,V3->V4,0,[],[],3.5,-3.0,0.0,0.029323728569064844
Factory Styles/Pop 12_8.mid,1,V1->V2,0,"[""ACC3""]","[""ACC4""]",1.5,3.0,0.03199350918968902,0.07286337117096298
Factory Styles/Pop 12_8.mid,1,V2->V3,1,"[""ACC4""]",[],51.75,-3.0,0.04855252091884177,0.5615197909249643
Factory Styles/Pop 12_8.mid,1,V3->V4,0,[],[],-38.5,0.0,-0.1144340251196172,-0.28176650318979246
Factory Styles/Pop 16 Beat.mid,1,V1->V2,2,"[""ACC1"",""ACC5""]",[],7.875,1.5,-0.003624729372051095,0.09926584947638961
Factory Styles/Pop 16 Beat.mid,1,V2->V3,1,"[""ACC3""]",[],21.75,1.5,0.0023104121437075437,0.18175776700049018
Factory Styles/Pop 16 Beat.mid,1,V3->V4,0,[],[],4.5,4.0,0.0010700882444409868,0.17589742400093278
Factory Styles/Pop 6_8.mid,1,V1->V2,1,"[""ACC3""]",[],49.25,5.0,0.4800980407264722,0.1408712782058339
Factory Styles/Pop 6_8.mid,1,V2->V3,0,[],[],-42.25,-7.0,-0.41799063388866314,-0.011985539414872237
Factory Styles/Pop 6_8.mid,1,V3->V4,0,[],[],54.25,4.0,0.34498966770508827,0.17661869158878507
Factory Styles/Pop 6_8.mid,2,V2->V3,0,[],[],-42.25,-1.0,-0.41690400621740875,-0.013867282390694013
Factory Styles/Pop 6_8.mid,2,V3->V4,0,[],[],53.25,0.0,0.3496048935617861,0.180033795430945
Factory Styles/Pop Ballad.mid,1,V1->V2,2,"[""ACC2"",""ACC3""]",[],9.875,0.0,0.0,0.014029059073523253
Factory Styles/Pop Ballad.mid,1,V2->V3,2,"[""ACC4"",""ACC5""]",[],7.625,6.0,0.12461090342679126,-0.05327243853342911
Factory Styles/Pop Ballad.mid,1,V3->V4,-1,[],"[""ACC5""]",7.75,-3.0,-0.03322683031974165,0.054375650423366784
Factory Styles/Pop Ballad.mid,2,V2->V3,2,"[""ACC4"",""ACC5""]",[],7.625,6.0,0.12461090342679126,-0.05327243853342911
Factory Styles/Pop Ballad.mid,2,V3->V4,-1,[],"[""ACC5""]",8.25,-3.0,-0.03158764761283778,0.051668595957400365
Factory Styles/Pop Chart 2.mid,1,V1->V2,1,"[""ACC4"",""PERC""]","[""ACC5""]",12.5,0.0,0.01369193916349809,-0.12617735480265813
Factory Styles/Pop Chart 2.mid,1,V2->V3,0,"[""ACC5""]","[""PERC""]",13.75,4.0,0.040926195652173813,0.31133815286845423
Factory Styles/Pop Chart 2.mid,1,V3->V4,2,"[""ACC3"",""PERC""]",[],-9.75,2.0,-0.053474402339103944,-0.12654671633408232
Factory Styles/Pop Funk 1.mid,1,V1->V2,0,[],[],35.5,-8.0,0.00322143521147146,-0.4261513266646628
Factory Styles/Pop Funk 1.mid,1,V2->V3,1,"[""PERC""]",[],35.25,2.0,-0.019472507103714246,0.18577989466206613
Factory Styles/Pop Funk 1.mid,1,V3->V4,1,"[""ACC5""]",[],3.125,6.0,-0.020919625677139758,0.017521888768508687
Factory Styles/Pop Funk 2.mid,1,V1->V2,0,"[""ACC4""]","[""ACC5""]",13.25,0.0,0.05524064511232546,-0.003030274465970928
Factory Styles/Pop Funk 2.mid,1,V2->V3,-1,"[""ACC5""]","[""ACC4"",""PERC""]",-8.75,9.0,0.04027503534068416,0.15882400647698347
Factory Styles/Pop Funk 2.mid,1,V3->V4,2,"[""ACC4"",""PERC""]",[],24.75,-10.0,-0.059061861030640095,-0.008345946374574531
Factory Styles/Pop Funk.mid,1,V1->V2,3,"[""ACC3"",""ACC5"",""PERC""]",[],29.5,-3.0,0.0,-0.2846574531001589
Factory Styles/Pop Funk.mid,1,V2->V3,1,"[""ACC4""]",[],34.5,-4.0,0.033472594142259414,0.05475597735663307
Factory Styles/Pop Funk.mid,1,V3->V4,1,"[""ACC2""]",[],13.0,0.0,0.002376651140759453,0.2464281203126233
Factory Styles/Pop Groove.mid,1,V1->V2,1,"[""ACC3""]",[],24.0,8.0,-0.026387708569168444,0.05061005496378934
Factory Styles/Pop Groove.mid,1,V2->V3,1,"[""ACC4""]",[],28.25,-4.0,-0.0019109569119777348,0.5237710655551453
Factory Styles/Pop Groove.mid,1,V3->V4,2,"[""ACC2"",""ACC5""]",[],25.0,5.0,0.023927262939887728,0.11332854357798139
Factory Styles/Pop Hit Ballad.mid,1,V1->V2,0,[],[],66.375,17.0,0.13165344672359117,0.07766265272417638
Factory Styles/Pop Hit Ballad.mid,1,V2->V3,-1,[],"[""PERC""]",-17.125,0.0,0.054390722326983665,-0.06447419614728855
Factory Styles/Pop Hit Ballad.mid,1,V3->V4,1,"[""PERC""]",[],24.5,0.0,-0.01720617538500699,0.057725572843748685
Factory Styles/Pop Jazz.mid,1,V1->V2,1,"[""ACC1""]",[],10.5,-7.0,0.009397418032786875,0.028706751299480304
Factory Styles/Pop Jazz.mid,1,V2->V3,1,"[""ACC5""]",[],19.375,2.0,-0.02446561594202895,0.2651543521183657
Factory Styles/Pop Jazz.mid,1,V3->V4,2,"[""ACC3"",""ACC4""]",[],10.75,0.0,-0.007575434145844495,-0.06792708198248354
Factory Styles/Pop Jazz.mid,2,V2->V3,1,"[""ACC5""]",[],23.125,-2.0,-0.03592013768508484,0.5405343078986744
Factory Styles/Pop Jazz.mid,2,V3->V4,2,"[""ACC3"",""ACC4""]",[],9.0,0.0,0.016036357830639336,-0.3149163893731459
Factory Styles/Pop Jazz.mid,3,V2->V3,1,"[""ACC5""]",[],22.125,0.0,-0.024302355633802786,0.5220150979627767
Factory Styles/Pop Jazz.mid,3,V3->V4,2,"[""ACC3"",""ACC4""]",[],9.0,0.0,0.016036357830639336,-0.3149163893731459
Factory Styles/Pop Schlager.mid,1,V1->V2,1,"[""ACC4""]",[],4.0,0.0,0.0,-0.27864791504791486
Factory Styles/Pop Schlager.mid,1,V2->V3,1,"[""ACC5""]",[],27.5,2.0,0.06060606060606061,-0.07660780885780882
Factory Styles/Pop Schlager.mid,1,V3->V4,0,[],[],-31.75,3.0,-0.0048439788216739915,0.46436309000788545
Factory Styles/Pop Shuffle 1.mid,1,V1->V2,2,"[""ACC3"",""ACC5""]",[],11.5,2.0,0.024598298614039504,-0.042706904781985244
Factory Styles/Pop Shuffle 1.mid,1,V2->V3,0,[],[],4.0,2.0,-0.021669856284724343,0.060247585952395655
Factory Styles/Pop Shuffle 1.mid,1,V3->V4,0,[],[],0.75,2.0,0.006773314071675918,-0.005661727525975158
Factory Styles/Pop Shuffle 1.mid,2,V1->V2,2,"[""ACC3"",""ACC5""]",[],4.5,0.5,-0.0010756161213947846,-0.03757149806284965
Factory Styles/Pop Shuffle 1.mid,2,V2->V3,0,[],[],2.25,3.0,0.00901065553000796,0.05125863591572433
Factory Styles/Pop Shuffle 1.mid,2,V3->V4,0,[],[],0.75,0.0,-0.0018394822164148894,0.009593122204012872
Factory Styles/Pop Shuffle 2.mid,1,V1->V2,2,"[""ACC3"",""ACC4""]",[],17.0,-6.0,0.00017486516557840837,0.05903132257781163
Factory Styles/Pop Shuffle 2.mid,1,V2->V3,1,"[""ACC5""]",[],19.875,19.0,-0.0087662496127483,-0.021538151224199442
Factory Styles/Pop Shuffle 2.mid,1,V3->V4,0,[],[],46.625,-15.0,0.10961011269644338,0.7143120200948245
Factory Styles/Pop Shuffle 2.mid,2,V1->V2,2,"[""ACC3"",""ACC4""]",[],17.625,-5.0,0.0020037890866394514,0.07709370236476731
Factory Styles/Pop Shuffle 2.mid,2,V2->V3,1,"[""ACC5""]",[],19.25,19.0,-0.01140261388337327,-0.041262002960937405
Factory Styles/Pop Shuffle 2.mid,2,V3->V4,0,[],[],47.25,-13.0,0.11808932325185251,0.7402378395036702
Factory Styles/Pop Shuffle 2.mid,3,V3->V4,0,[],[],48.5,-13.0,0.1151697315547211,0.7122641093061228
Factory Styles/Pop Shuffle 3.mid,6,V3->V4,-5,"[""ACC5""]","[""ACC1"",""ACC2"",""ACC3"",""BASS"",""DRUM"",""PERC""]",-225.25,-66.0,-0.5332235105204872,2.4353201550387595
Factory Styles/Quick Step 1.mid,1,V1->V2,0,"[""ACC1""]","[""ACC2""]",5.25,1.0,0.11084405448717949,0.158080651709402
Factory Styles/Quick Step 1.mid,1,V2->V3,1,"[""ACC2""]",[],0.5,0.0,-0.07311751562163327,-0.16750410759175471
Factory Styles/Quick Step 1.mid,1,V3->V4,0,"[""PERC""]","[""ACC1""]",11.25,0.0,0.11903362881738055,0.10293464490674298
Factory Styles/Quick Step 1.mid,2,V1->V2,0,"[""ACC1""]","[""ACC2""]",3.0,10.0,0.10300956018518515,-0.24172689814814796
Factory Styles/Quick Step 1.mid,2,V2->V3,1,"[""ACC2""]",[],0.0,0.0,-0.07407583333333329,-0.041003425925925985
Factory Styles/Quick Step 1.mid,2,V3->V4,0,"[""PERC""]","[""ACC1""]",13.75,1.0,0.1425263383321972,0.2969058685526018
Factory Styles/Quick Step 1.mid,3,V1->V2,0,"[""ACC1""]","[""ACC2""]",5.25,9.0,0.11084405448717949,0.158080651709402
Factory Styles/Quick Step 1.mid,3,V2->V3,1,"[""ACC2""]",[],0.5,0.0,-0.07311751562163327,-0.16750410759175471
Factory Styles/Quick Step 1.mid,3,V3->V4,0,"[""PERC""]","[""ACC1""]",9.0,0.0,0.11623911032800222,-0.08993755218216348
Factory Styles/Quick Step 2.mid,1,V1->V2,0,[],[],11.25,8.0,-0.01676702154987869,-0.0036067189952906364
Factory Styles/Quick Step 2.mid,1,V2->V3,0,[],[],10.875,-8.0,-0.0040502958435666425,0.10756711074448355
Factory Styles/Quick Step 2.mid,1,V3->V4,0,[],[],4.375,0.0,-0.016943892590548237,0.14899616037165542
Factory Styles/Quick Step 2.mid,2,V1->V2,0,[],[],11.25,8.0,-0.01676702154987869,-0.0036067189952906364
Factory Styles/Quick Step 2.mid,2,V2->V3,0,[],[],10.875,-8.0,-0.0040502958435666425,0.10756711074448355
Factory Styles/Quick Step 2.mid,2,V3->V4,0,[],[],4.5,0.0,-0.015081784447780161,0.16358514240578925
Factory Styles/Quick Step 2.mid,3,V1->V2,0,[],[],11.25,8.0,-0.01676702154987869,-0.0036067189952906364
Factory Styles/Quick Step 2.mid,3,V2->V3,0,[],[],10.875,-8.0,-0.014774049194773042,0.10756711074448355
Factory Styles/Quick Step 2.mid,3,V3->V4,0,[],[],3.5,0.0,-0.02950327044319498,0.18330854051199075
Factory Styles/Rap.mid,1,V1->V2,2,"[""ACC1"",""PERC""]",[],13.75,-2.0,0.03217831111957348,0.4873504747397821
Factory Styles/Rap.mid,1,V2->V3,0,[],[],14.25,4.0,0.026994737269772473,-0.5709398230408091
Factory Styles/Rap.mid,1,V3->V4,1,"[""ACC2""]",[],-4.25,-2.0,0.02402399899396379,0.09012887850915008
Factory Styles/Real 16 Beat.mid,1,V1->V2,0,[],[],44.5,-25.0,0.053437990580847736,0.08901605588697015
Factory Styles/Real 16 Beat.mid,1,V2->V3,1,"[""ACC5""]",[],22.0,3.0,-0.013312618737195012,0.043744373030359496
Factory Styles/Real 16 Beat.mid,1,V3->V4,1,"[""ACC3""]",[],14.75,12.0,-0.06053353510895884,0.8583373849878937
Factory Styles/Real 16 Beat.mid,2,V1->V2,0,[],[],36.0,-9.0,0.04002722940776038,-0.30649770274563215
Factory Styles/Real 16 Beat.mid,2,V2->V3,1,"[""ACC5""]",[],28.0,0.0,-0.01536331161823283,0.1530352539424027
Factory Styles/Real 16 Beat.mid,2,V3->V4,1,"[""ACC3""]",[],3.75,13.5,-0.05543314855875832,0.8039898031556008
Factory Styles/Real 16 Beat.mid,3,V1->V2,0,[],[],45.25,-17.0,0.051091975973056494,0.24242631505850465
Factory Styles/Real 16 Beat.mid,3,V2->V3,1,"[""ACC5""]",[],25.0,9.0,-0.013235070498810515,-0.0854957479578875
Factory Styles/Real 16 Beat.mid,3,V3->V4,1,"[""ACC3""]",[],12.25,4.0,-0.05592919463087249,0.964737757811936
Factory Styles/Real 8 Beat.mid,1,V1->V2,0,[],[],0.0,0.0,0.0,0.0
Factory Styles/Real 8 Beat.mid,1,V2->V3,1,"[""ACC1""]",[],7.75,6.0,0.0,0.22480766106442585
Factory Styles/Real 8 Beat.mid,1,V3->V4,1,"[""ACC4""]",[],4.0,-2.0,0.0,-0.019846345381526076
Factory Styles/Rhythm & Blues.mid,1,V1->V2,1,"[""ACC2""]",[],22.125,18.0,-0.08170411404838357,-0.1553893976486309
Factory Styles/Rhythm & Blues.mid,1,V2->V3,0,[],[],-33.25,-14.0,0.016399389776889775,0.0012519022644021938
Factory Styles/Rhythm & Blues.mid,1,V3->V4,1,"[""ACC5""]",[],34.0,12.0,-0.017185403116411285,0.02618430989537268
Factory Styles/Rhythm & Blues.mid,2,V1->V2,1,"[""ACC2""]",[],21.0,8.0,0.025859670615049152,-0.1221254092109445
Factory Styles/Rhythm & Blues.mid,2,V2->V3,0,[],[],-30.5,-4.0,0.006045105219340374,-0.0011227756644252018
Factory Styles/Rhythm & Blues.mid,2,V3->V4,1,"[""ACC5""]",[],40.25,12.0,-0.017109619113413937,0.06504398364997144
Factory Styles/Rock Ballad 2.mid,1,V1->V2,1,"[""ACC3""]",[],4.875,4.0,0.014434278716242907,-0.05175260061943954
Factory Styles/Rock Ballad 2.mid,1,V2->V3,0,[],[],-13.875,4.0,0.011480428818058622,-0.09977134766748974
Factory Styles/Rock Ballad 2.mid,1,V3->V4,0,[],[],18.875,-4.0,-0.011596102364241495,-0.02840648937729573
Factory Styles/Rock Ballad 2.mid,2,V1->V2,1,"[""ACC3""]",[],4.875,4.0,0.014434278716242907,-0.05175260061943954
Factory Styles/Rock Ballad 2.mid,2,V2->V3,0,[],[],-13.875,4.0,0.011480428818058622,-0.09977134766748974
Factory Styles/Rock Ballad 2.mid,2,V3->V4,0,[],[],18.875,-4.0,-0.011596102364241495,-0.02840648937729573
Factory Styles/Rock Ballad 2.mid,3,V1->V2,1,"[""ACC3""]",[],5.125,4.0,0.014280374872067465,-0.05378042699713559
Factory Styles/Rock Ballad 2.mid,3,V2->V3,0,[],[],-14.0,4.0,0.01163397026326686,-0.09902231552944141
Factory Styles/Rock Ballad 2.mid,3,V3->V4,0,[],[],19.75,-4.0,-0.012292801260588654,-0.02065329711492825
Factory Styles/Rock Ballad 2.mid,4,V3->V4,0,[],[],19.75,-4.0,-0.012292801260588654,-0.02065329711492825
Factory Styles/Rock Schlager.mid,1,V1->V2,0,[],[],9.5,1.5,-0.025032913043478267,-0.039604049407114594
Factory Styles/Rock Schlager.mid,1,V2->V3,1,"[""ACC5""]",[],35.0,-1.5,-0.05203675624786028,0.09035263351591949
Factory Styles/Rock Schlager.mid,1,V3->V4,0,[],[],-1.0,0.0,-0.16535433070866143,0.5895594541307334
Factory Styles/Safari Swing.mid,1,V1->V2,1,"[""ACC4"",""ACC5""]","[""ACC2""]",2.375,0.0,-0.06122474759673452,-0.01423821715537077
Factory Styles/Safari Swing.mid,1,V2->V3,-2,"[""ACC2""]","[""ACC1"",""ACC5"",""BASS""]",-44.5,-13.0,-0.35862495130542893,0.5264337137380852
Factory Styles/Safari Swing.mid,1,V3->V4,1,"[""ACC1"",""BASS""]","[""ACC4""]",39.0,5.0,0.33643381805807626,-0.6636220462794917
Factory Styles/Samba Medley.mid,1,V1->V2,0,[],[],15.0,2.0,-0.016286958591147066,0.18897793669681096
Factory Styles/Samba Medley.mid,1,V2->V3,1,"[""ACC4""]",[],19.5,3.0,0.003674460210667696,0.03647815162104706
Factory Styles/Samba Medley.mid,1,V3->V4,1,"[""ACC3""]",[],14.0,2.0,0.03685128355966544,-0.06165753699167831
Factory Styles/Schlager 1.mid,1,V1->V2,1,"[""ACC4""]",[],6.0,2.0,-0.0016692168590902758,0.012519126443177209
Factory Styles/Schlager 1.mid,1,V2->V3,2,"[""ACC3"",""ACC5""]",[],22.0,0.0,-0.003581603581603582,-0.08695019536019544
Factory Styles/Schlager 1.mid,1,V3->V4,0,[],[],1.5,3.0,-0.0001610305958132047,0.04643850241545877
Factory Styles/Schlager 1.mid,2,V1->V2,1,"[""ACC4""]",[],6.0,2.0,-0.0016692168590902758,0.012519126443177209
Factory Styles/Schlager 1.mid,2,V2->V3,2,"[""ACC3"",""ACC5""]",[],22.0,0.0,-0.003581603581603582,-0.08695019536019544
Factory Styles/Schlager 1.mid,2,V3->V4,0,[],[],1.5,3.0,-0.0001610305958132047,0.04643850241545877
Factory Styles/Schlager 1.mid,3,V1->V2,1,"[""ACC4""]",[],6.0,2.0,-0.0016692168590902758,0.012519126443177209
Factory Styles/Schlager 1.mid,3,V2->V3,2,"[""ACC3"",""ACC5""]",[],22.0,0.0,-0.003581603581603582,-0.08695019536019544
Factory Styles/Schlager 1.mid,3,V3->V4,0,[],[],1.5,3.0,-0.0001610305958132047,0.04643850241545877
Factory Styles/Schlager 2.mid,1,V1->V2,1,"[""ACC3""]",[],7.0,4.0,0.0,0.05588397357723607
Factory Styles/Schlager 2.mid,1,V2->V3,2,"[""ACC2"",""ACC5""]",[],25.0,16.0,0.23972547945205477,0.04044356735159793
Factory Styles/Schlager 2.mid,1,V3->V4,0,[],[],4.0,0.0,-0.012453271659846998,-0.04953263120441198
Factory Styles/Schlager 2.mid,2,V1->V2,1,"[""ACC3""]",[],7.0,4.0,0.0,0.05588397357723607
Factory Styles/Schlager 2.mid,2,V2->V3,2,"[""ACC2"",""ACC5""]",[],25.0,16.0,0.23972547945205477,0.04044356735159793
Factory Styles/Schlager 2.mid,2,V3->V4,0,[],[],4.0,0.0,-0.012453271659846998,-0.04953263120441198
Factory Styles/Schlager 2.mid,3,V1->V2,1,"[""ACC3""]",[],7.5,4.0,0.0,-0.01640983656022099
Factory Styles/Schlager 2.mid,3,V2->V3,2,"[""ACC2"",""ACC5""]",[],25.5,16.0,0.2364859459459459,-0.1154528002229036
Factory Styles/Schlager 2.mid,3,V3->V4,0,[],[],4.0,0.0,-0.012127484407484401,0.022633437283437585
Factory Styles/Schlager 3.mid,1,V1->V2,-4,"[""ACC1""]","[""ACC2"",""ACC5"",""BASS"",""DRUM"",""PERC""]",-968.0,-17.0,-0.10109763244743741,0.6390558741582275
Factory Styles/Schlager 3.mid,1,V2->V3,-1,[],"[""ACC1""]",-23.0,-12.0,-0.6530591836734694,1.0889795918367347
Factory Styles/Schlager 3.mid,1,V3->V4,2,"[""ACC1"",""ACC3""]",[],72.0,20.0,0.8435367346938776,-0.8534314285714282
Factory Styles/Schlager 3.mid,2,V1->V2,-4,"[""ACC1""]","[""ACC2"",""ACC5"",""BASS"",""DRUM"",""PERC""]",-961.5,-17.0,-0.09693865608312291,0.6398637702322307
Factory Styles/Schlager 3.mid,2,V2->V3,-1,[],"[""ACC1""]",-23.0,-12.0,-0.6530591836734694,1.0889795918367347
Factory Styles/Schlager 3.mid,2,V3->V4,2,"[""ACC1"",""ACC3""]",[],72.0,20.0,0.8299338775510203,-0.8534314285714282
Factory Styles/Schlager 3.mid,3,V1->V2,-4,"[""ACC1""]","[""ACC2"",""ACC5"",""BASS"",""DRUM"",""PERC""]",-543.0,-12.0,-0.08791070178908567,0.6987355094848511
Factory Styles/Schlager 3.mid,3,V2->V3,0,"[""ACC3""]","[""ACC1""]",12.0,9.0,0.018173693038859406,-0.32852999720436116
Factory Styles/Schlager 3.mid,3,V3->V4,0,"[""ACC1""]","[""ACC3""]",-32.0,1.0,-0.6712328767123288,1.4175095890410958
Factory Styles/Schlager 4.mid,1,V1->V2,0,[],[],0.0,3.0,0.0,0.0
Factory Styles/Schlager 4.mid,1,V2->V3,4,"[""ACC2"",""ACC4"",""ACC5"",""PERC""]",[],28.0,4.0,0.03255813953488372,-0.49796211086733955
Factory Styles/Schlager 4.mid,1,V3->V4,0,[],[],6.0,0.0,0.04673701465013831,-0.12335005880545058
Factory Styles/Schlager 4.mid,2,V1->V2,0,[],[],0.0,0.0,0.0,0.0
Factory Styles/Schlager Polka.mid,1,V1->V2,0,[],[],3.125,0.0,0.06001025400264837,0.10136190201035289
Factory Styles/Schlager Polka.mid,1,V2->V3,0,[],[],1.25,0.0,-0.18152429021497404,0.22605617772423958
Factory Styles/Schlager Polka.mid,1,V3->V4,0,[],[],3.5,-1.5,0.055701967836257305,0.17608972368421094
Factory Styles/Schlager Polka.mid,2,V3->V4,0,[],[],3.5,-1.5,0.05014641228070177,0.1628619459064331
Factory Styles/Schlager Rhumba.mid,1,V1->V2,0,[],[],16.0,5.0,-0.029618679793007696,0.47316919517017975
Factory Styles/Schlager Rhumba.mid,1,V2->V3,1,"[""ACC1""]",[],28.0,-4.0,0.09160870546410077,-0.045017150990545485
Factory Styles/Schlager Rhumba.mid,1,V3->V4,0,[],[],14.0,0.0,-0.016343786991448533,0.18312066113846415
Factory Styles/SchlagerShuffle1.mid,1,V1->V2,2,"[""ACC3"",""PERC""]",[],16.0,-6.0,0.1859821543681085,1.392887393014111
Factory Styles/SchlagerShuffle1.mid,1,V2->V3,1,"[""ACC5""]",[],11.0,5.0,0.025546603801826162,-1.4882127406076937
Factory Styles/SchlagerShuffle1.mid,1,V3->V4,0,[],[],16.5,0.0,0.005480632511068895,0.18874611005692588
Factory Styles/SchlagerShuffle2.mid,1,V1->V2,0,[],[],8.0,-5.0,0.07972271671826625,-0.2921142879256977
Factory Styles/SchlagerShuffle2.mid,1,V2->V3,0,[],[],17.5,0.0,0.13752203595553059,-2.14656212250211
Factory Styles/SchlagerShuffle2.mid,1,V3->V4,0,[],[],15.0,-2.0,0.014760261218856985,0.2716575933364547
Factory Styles/Serenade Band.mid,1,V1->V2,1,"[""ACC3""]",[],2.0,0.0,-0.04891652275084096,0.39149878695905094
Factory Styles/Serenade Band.mid,1,V2->V3,0,[],[],-0.25,-4.0,0.058138204783787006,-0.5033798831153529
Factory Styles/Serenade Band.mid,1,V3->V4,0,[],[],1.875,-2.0,-0.07161933148558763,0.558647675166297
Factory Styles/Serenade Band.mid,2,V1->V2,1,"[""ACC3""]",[],3.25,0.0,-0.04382561187178052,0.4175046878586488
Factory Styles/Serenade Band.mid,2,V2->V3,0,[],[],-0.875,-4.0,0.05606475966183572,-0.5232362306763285
Factory Styles/Serenade Band.mid,2,V3->V4,0,[],[],0.875,-2.0,-0.06572533937198066,0.2790053611111112
Factory Styles/Serenade Band.mid,3,V1->V2,1,"[""ACC3""]",[],3.25,0.0,-0.04382561187178052,0.4175046878586488
Factory Styles/Serenade Band.mid,3,V2->V3,0,[],[],-0.875,-4.0,0.05606475966183572,-0.5232362306763285
Factory Styles/Serenade Band.mid,3,V3->V4,0,[],[],0.875,-2.0,-0.06572533937198066,0.2790053611111112
Factory Styles/Serenade.mid,1,V1->V2,0,[],[],0.25,-6.0,0.10399,-0.05682000000000009
Factory Styles/Serenade.mid,1,V2->V3,1,"[""ACC4""]",[],0.25,-0.5,0.025126071428571373,-0.046767142857142785
Factory Styles/Serenade.mid,1,V3->V4,0,[],[],1.5,-1.5,0.09033510504201686,0.020407142857142846
Factory Styles/Show Time.mid,1,V1->V2,0,[],[],4.5,-14.0,-0.030450528822055133,0.004803989974937473
Factory Styles/Show Time.mid,1,V2->V3,-1,[],"[""PERC""]",1.0,12.0,0.034103868723532965,0.2436449500907436
Factory Styles/Show Time.mid,1,V3->V4,1,"[""PERC""]",[],-3.0,-1.0,-0.0014903918495297805,-0.5891128448275857
Factory Styles/Show Time.mid,2,V1->V2,0,[],[],4.5,-15.0,-0.030450528822055133,0.004803989974937473
Factory Styles/Show Time.mid,2,V2->V3,-1,[],"[""PERC""]",0.75,12.0,0.03434644224196856,0.2257560013670541
Factory Styles/Show Time.mid,2,V3->V4,1,"[""PERC""]",[],-2.75,-1.0,-0.0017329653679653695,-0.5712238961038962
Factory Styles/Show Time.mid,3,V1->V2,0,[],[],4.5,-14.0,-0.030450528822055133,0.004803989974937473
Factory Styles/Show Time.mid,3,V2->V3,-1,[],"[""PERC""]",1.0,12.0,0.034103868723532965,0.2436449500907436
Factory Styles/Show Time.mid,3,V3->V4,1,"[""PERC""]",[],-3.0,-1.0,-0.0014903918495297805,-0.5891128448275857
Factory Styles/Sister & Girl.mid,1,V1->V2,1,"[""ACC3"",""ACC5""]","[""ACC2""]",26.875,9.0,-0.053170270716160484,-0.2193290086239219
Factory Styles/Sister & Girl.mid,1,V2->V3,-1,[],"[""ACC5""]",6.875,0.0,-0.07602077690288714,0.11323013077713084
Factory Styles/Sister & Girl.mid,1,V3->V4,2,"[""ACC4"",""ACC5""]",[],-5.125,0.0,0.16170892552645094,-0.039337217391304025
Factory Styles/Slide Blues.mid,1,V1->V2,1,"[""ACC3""]",[],21.0,-28.0,-0.01677304421839987,0.22958025812067784
Factory Styles/Slide Blues.mid,1,V2->V3,3,"[""ACC1"",""ACC5"",""PERC""]",[],10.666666666666664,23.0,0.047155917081866006,-0.10839128243119855
Factory Styles/Slide Blues.mid,1,V3->V4,1,"[""ACC4""]",[],14.666666666666671,-2.0,0.054891922610722566,-0.01859501778221806
Factory Styles/Slide Blues.mid,2,V1->V2,1,"[""ACC3""]",[],18.75,-25.0,-0.022106046217045483,0.21239012094250898
Factory Styles/Slide Blues.mid,2,V2->V3,3,"[""ACC1"",""ACC5"",""PERC""]",[],6.666666666666664,21.0,0.0453150250613748,-0.049461928958674406
Factory Styles/Slide Blues.mid,2,V3->V4,1,"[""ACC4""]",[],13.75,0.0,0.07406935694101535,-0.059622592091177484
Factory Styles/Slide Blues.mid,3,V1->V2,1,"[""ACC3""]",[],16.333333333333336,-18.0,0.011254649539890527,0.11598518734137886
Factory Styles/Slide Blues.mid,3,V2->V3,3,"[""ACC1"",""ACC5"",""PERC""]",[],14.833333333333329,15.0,0.014956896003466225,0.029965429257678755
Factory Styles/Slide Blues.mid,3,V3->V4,1,"[""ACC4""]",[],14.916666666666671,-2.0,0.05806178092175318,-0.015504674163216547
Factory Styles/Slow & Jazzy.mid,1,V1->V2,1,"[""ACC3""]",[],16.5,-17.0,-0.05102020408163265,-0.4977902515968218
Factory Styles/Slow & Jazzy.mid,1,V2->V3,2,"[""ACC2"",""ACC5""]",[],59.5,-4.0,0.12799896,0.20917977404580146
Factory Styles/Slow & Jazzy.mid,1,V3->V4,-1,[],"[""ACC3""]",5.0,15.0,0.05661519384615385,0.3821958692307694
Factory Styles/Slow 6_8.mid,1,V1->V2,1,"[""ACC3""]",[],-3.5,-0.5,0.13021807366362453,-0.44621752933507164
Factory Styles/Slow 6_8.mid,1,V2->V3,1,"[""PERC""]",[],20.75,-7.5,0.25693994138214726,-0.3122889448786508
Factory Styles/Slow 6_8.mid,1,V3->V4,1,"[""ACC4""]",[],2.75,9.0,-0.07813392156862747,0.10750301247771854
Factory Styles/Slow 6_8.mid,2,V1->V2,1,"[""ACC3""]",[],0.5,2.0,0.01240113343253968,-0.27869122395833346
Factory Styles/Slow 6_8.mid,2,V2->V3,1,"[""PERC""]",[],28.0,-14.0,0.24791748958333332,0.03709809895833338
Factory Styles/Slow 6_8.mid,2,V3->V4,1,"[""ACC4""]",[],-9.75,14.0,-0.05373175497512439,-0.16169737251243776
Factory Styles/Slow 6_8.mid,3,V2->V3,1,"[""PERC""]",[],18.25,-9.5,0.19061246248131541,-0.028190059491778774
Factory Styles/Slow 6_8.mid,3,V3->V4,1,"[""ACC4""]",[],-2.0,12.0,0.0025678894566690813,-0.47136755136093433
Factory Styles/Slow Band.mid,1,V1->V2,1,"[""ACC3""]",[],3.25,-1.0,0.0853645031706548,0.07410924198577629
Factory Styles/Slow Band.mid,1,V2->V3,2,"[""ACC4"",""ACC5""]",[],39.25,-3.0,0.03283031796992619,0.524638085324046
Factory Styles/Slow Band.mid,1,V3->V4,0,[],[],-2.0,4.0,-0.010765786884064765,-0.32106480795479087
Factory Styles/Slow Fox.mid,1,V1->V2,2,"[""ACC2"",""ACC4""]",[],16.0,-10.0,-0.015322169885691739,0.46393362435948005
Factory Styles/Slow Fox.mid,1,V2->V3,0,[],[],5.0,10.0,-0.004073292505296616,0.21560073655985157
Factory Styles/Slow Fox.mid,1,V3->V4,0,[],[],9.875,3.0,-0.004390664591264776,0.3026001444519353
Factory Styles/Slow Fox.mid,2,V1->V2,2,"[""ACC2"",""ACC4""]",[],16.0,-10.0,-0.0095087977926685,0.46393362435948005
Factory Styles/Slow Fox.mid,2,V2->V3,0,[],[],4.625,10.0,-0.00653783856681428,0.18984625753388107
Factory Styles/Slow Fox.mid,2,V3->V4,0,[],[],10.5,3.0,0.002311369878444297,0.3189304743951209
Factory Styles/Slow Fox.mid,3,V1->V2,2,"[""ACC2"",""ACC4""]",[],-9.0,-5.0,0.017294937381404196,0.7482786663052317
Factory Styles/Slow Fox.mid,3,V2->V3,0,[],[],1.75,8.0,-0.026844035947712425,0.18522875816993434
Factory Styles/Slow Fox.mid,3,V3->V4,0,[],[],42.125,3.0,0.02618783201282779,0.2589081612633741
Factory Styles/Slow HipHop.mid,1,V1->V2,1,"[""ACC1""]",[],9.0,2.0,-0.021905599541021226,0.09075733635842065
Factory Styles/Slow HipHop.mid,1,V2->V3,1,"[""ACC5""]",[],2.25,0.0,-0.0049903486133884845,0.01350311114279612
Factory Styles/Slow HipHop.mid,1,V3->V4,1,"[""ACC4""]",[],48.25,1.0,-0.030419423274161722,-0.18732729771766699
Factory Styles/Slow HipHop.mid,2,V1->V2,1,"[""ACC1""]",[],11.5,2.0,-0.0006946903740036869,0.10571980073574494
Factory Styles/Slow HipHop.mid,2,V2->V3,1,"[""ACC4""]",[],-59.0,-1.0,0.011046827019966426,0.00689596323941033
Factory Styles/Slow HipHop.mid,2,V3->V4,1,"[""ACC5""]",[],105.0,0.0,-0.012842580602006687,-0.16578681672240791
Factory Styles/Slow Latin Pop.mid,1,V1->V2,2,"[""ACC1"",""ACC5""]",[],22.0,9.0,0.15879740760389036,0.6381390610079576
Factory Styles/Slow Latin Pop.mid,1,V2->V3,0,"[""ACC4""]","[""ACC5""]",3.5,-1.5,-0.17396965834762176,-0.3982679500857309
Factory Styles/Slow Latin Pop.mid,1,V3->V4,0,"[""ACC5""]","[""ACC4""]",26.5,16.0,0.006199011427492095,0.19358530788119221
Factory Styles/Slow Latin Pop.mid,2,V1->V2,2,"[""ACC1"",""ACC5""]",[],22.0,9.0,0.15879740760389036,0.6381390610079576
Factory Styles/Slow Latin Pop.mid,2,V2->V3,0,"[""ACC4""]","[""ACC5""]",5.5,0.0,-0.17480586082634358,-0.23188497576887235
Factory Styles/Slow Latin Pop.mid,2,V3->V4,1,"[""ACC5""]",[],28.75,13.0,0.005462332683198665,0.1581793636110338
Factory Styles/Slow Pop 6_8.mid,1,V1->V2,0,"[""ACC2"",""ACC4""]","[""ACC3"",""ACC5""]",62.75,2.0,0.27633975224628077,0.04410490784111576
Factory Styles/Slow Pop 6_8.mid,1,V2->V3,0,"[""ACC5""]","[""ACC4""]",-22.25,3.0,0.22378854043336088,-0.1523459634004125
Factory Styles/Slow Pop 6_8.mid,1,V3->V4,0,"[""ACC4""]","[""ACC5""]",29.875,-5.0,-0.1617842601520112,-0.013443748466221983
Factory Styles/Slow Waltz 1.mid,1,V1->V2,1,"[""ACC2""]",[],9.875,7.0,-0.004650423878488167,-0.3180908083127283
Factory Styles/Slow Waltz 1.mid,1,V2->V3,1,"[""ACC3""]",[],0.25,6.0,-0.008771052631578949,0.07904312433257044
Factory Styles/Slow Waltz 1.mid,1,V3->V4,3,"[""ACC4"",""ACC5"",""PERC""]",[],9.375,-6.0,0.0,-0.0035315801853170736
Factory Styles/Slow Waltz 1.mid,2,V1->V2,1,"[""ACC2""]",[],10.375,6.0,-0.01676787037037037,-0.22127662962962935
Factory Styles/Slow Waltz 1.mid,2,V2->V3,1,"[""ACC3""]",[],0.25,3.0,-0.00822962962962963,0.0735162826908542
Factory Styles/Slow Waltz 1.mid,3,V1->V2,1,"[""ACC2""]",[],14.0,4.0,0.007041549295774649,-0.1985667761218477
Factory Styles/Slow Waltz 1.mid,3,V2->V3,1,"[""ACC3""]",[],0.375,4.0,-0.007041549295774649,0.0806159897188008
Factory Styles/Slow Waltz 1.mid,4,V1->V2,1,"[""ACC2""]",[],7.0,8.0,-0.04987224519274172,-0.12545746971201588
Factory Styles/Slow Waltz 1.mid,4,V2->V3,1,"[""ACC3""]",[],0.375,6.0,-0.007546415094339624,0.08675440608279361
Factory Styles/Slow Waltz 2.mid,1,V1->V2,1,"[""ACC4""]",[],6.75,5.0,-0.010567475236627787,-0.062032958397534754
Factory Styles/Slow Waltz 2.mid,1,V2->V3,0,[],[],5.5,4.0,0.0017318857142857094,-0.12810267878787873
Factory Styles/Slow Waltz 2.mid,1,V3->V4,0,[],[],6.875,1.0,-0.03636305454545454,0.0658876787878786
Factory Styles/Slow Waltz 2.mid,2,V1->V2,1,"[""ACC4""]",[],7.125,5.0,-0.01101146458061713,-0.06835808271765909
Factory Styles/Slow Waltz 2.mid,2,V2->V3,0,[],[],5.25,4.0,0.002044124860646597,-0.12310094946116679
Factory Styles/Slow Waltz 2.mid,2,V3->V4,0,[],[],5.875,0.0,-0.036231304347826086,0.024440680217167055
Factory Styles/Smooth Jazz.mid,1,V1->V2,2,"[""ACC2"",""DRUM""]",[],36.5,1.0,0.03871234322719913,0.37824452887209903
Factory Styles/Smooth Jazz.mid,1,V2->V3,0,[],[],48.25,13.0,0.06997115099789916,0.6072654879201682
Factory Styles/Smooth Jazz.mid,1,V3->V4,0,[],[],22.75,2.0,-0.01562703356910944,0.2145902916280149
Factory Styles/Soca Dance.mid,1,V1->V2,1,"[""ACC2""]",[],48.0,-20.0,0.333335,-0.09461885416666638
Factory Styles/Soca Dance.mid,1,V2->V3,1,"[""ACC3"",""PERC""]","[""ACC1""]",-10.0,0.0,0.08817848837209302,-0.4440287378875971
Factory Styles/Soca Dance.mid,1,V3->V4,1,"[""ACC1""]",[],17.5,0.0,-0.08334827098078862,0.04310954555667901
Factory Styles/Soft 16 Beat.mid,1,V1->V2,3,"[""ACC3"",""ACC4"",""ACC5""]",[],54.75,4.5,0.03651018897759864,0.08555899186109595
Factory Styles/Soft 16 Beat.mid,1,V2->V3,-1,[],"[""ACC5""]",5.5,-8.0,-0.014073023282295288,0.2854230739543302
Factory Styles/Soft 16 Beat.mid,1,V3->V4,1,"[""ACC5""]",[],5.75,2.0,0.007806695136020239,-0.06193711149566439
Factory Styles/Soft 8 Beat.mid,1,V1->V2,1,"[""ACC4""]",[],7.5,4.5,0.23076833333333333,-0.09462847985347977
Factory Styles/Soft 8 Beat.mid,1,V2->V3,1,"[""ACC3""]",[],40.25,-14.0,0.12254157202944269,0.20521623109277676
Factory Styles/Soft 8 Beat.mid,1,V3->V4,1,"[""ACC5""]",[],11.25,0.0,0.03343009463722396,0.3083547428412081
Factory Styles/Soft Ballad.mid,1,V1->V2,0,[],[],4.5,3.0,-0.0017856964285714282,0.06687523660714256
Factory Styles/Soft Ballad.mid,1,V2->V3,1,"[""ACC5""]",[],41.875,-6.0,0.02863416083254494,0.5935642633238727
Factory Styles/Soft Ballad.mid,1,V3->V4,1,"[""ACC3""]",[],43.75,0.0,-0.012388765874561745,0.23617124389439947
Factory Styles/Soft Ballad.mid,2,V1->V2,0,[],[],0.5,1.0,-0.002000772308923572,0.046071900760304096
Factory Styles/Soft Ballad.mid,2,V2->V3,0,[],[],35.25,-2.5,0.01868839613970589,0.6200071155024511
Factory Styles/Soft Ballad.mid,2,V3->V4,1,"[""ACC5""]",[],13.375,-1.0,-0.026973122188985073,0.28446635740198545
Factory Styles/Soft HipHop.mid,1,V1->V2,2,"[""ACC2"",""ACC3""]",[],7.0,-7.0,0.0028360946969697154,-0.06247751893939357
Factory Styles/Soft HipHop.mid,1,V2->V3,1,"[""ACC4""]",[],13.0,0.5,0.054145768048128345,-0.17466341243315542
Factory Styles/Soft HipHop.mid,1,V3->V4,1,"[""ACC5""]",[],39.0,0.0,0.04611141801814181,-0.0062652387987904845
Factory Styles/Soul.mid,1,V1->V2,1,"[""ACC4""]",[],17.625,8.0,0.03584333333333334,0.19251150260954009
Factory Styles/Soul.mid,1,V2->V3,2,"[""ACC5"",""PERC""]",[],10.625,0.0,-0.02494278488726387,0.09675041643913662
Factory Styles/Soul.mid,1,V3->V4,0,[],[],19.625,-5.0,0.05179778962211229,0.015179747927746234
Factory Styles/Soul.mid,2,V1->V2,1,"[""ACC4""]",[],17.0,8.0,0.053099962289337554,0.1687582988820291
Factory Styles/Soul.mid,2,V2->V3,2,"[""ACC5"",""PERC""]",[],9.75,0.0,-0.0280165362867687,0.10107083838070818
Factory Styles/Soul.mid,2,V3->V4,0,[],[],23.125,-3.0,0.05684958355969205,0.034448302898758554
Factory Styles/Soul.mid,3,V1->V2,1,"[""ACC4""]",[],15.5,7.0,0.07198519362186784,0.15384584871822682
Factory Styles/Soul.mid,3,V2->V3,2,"[""ACC5"",""PERC""]",[],11.75,0.0,-0.037738270544944774,0.11490157901934706
Factory Styles/Soul.mid,3,V3->V4,0,[],[],21.625,-1.5,0.056513969274351705,0.021569234702284
Factory Styles/Standard 16 Beat.mid,1,V1->V2,1,"[""ACC2"",""ACC3"",""PERC""]","[""ACC1"",""BASS""]",148.25,-16.0,0.13772053774830534,-0.3133562698478267
Factory Styles/Standard 16 Beat.mid,1,V2->V3,-3,[],"[""ACC2"",""ACC3"",""PERC""]",-327.0,9.5,-0.5826501068090788,0.09609390520694272
Factory Styles/Standard 16 Beat.mid,1,V3->V4,1,"[""ACC2""]",[],30.5,32.5,0.052904038461538475,0.6497227564102561
Factory Styles/Standard 8 Beat.mid,1,V1->V2,1,"[""ACC5""]",[],13.0,6.0,-0.07636833623901822,-0.06558241308583757
Factory Styles/Standard 8 Beat.mid,1,V2->V3,1,"[""ACC4""]",[],27.75,-3.0,-0.03598634754417247,0.15707706548873412
Factory Styles/Standard 8 Beat.mid,1,V3->V4,0,[],[],30.5,-3.0,0.19011273178016727,0.11129240919952221
Factory Styles/Standard 8 Beat.mid,2,V1->V2,1,"[""ACC5""]",[],13.0,6.0,-0.07636833623901822,-0.06558241308583757
Factory Styles/Standard 8 Beat.mid,2,V2->V3,1,"[""ACC4""]",[],28.25,-3.0,-0.036399912060301506,0.15422801813554976
Factory Styles/Standard 8 Beat.mid,2,V3->V4,0,[],[],30.25,-3.0,0.1899382390300231,0.11285798358204535
Factory Styles/Swing HipHop.mid,1,V1->V2,0,[],[],-3.5,-10.0,-0.09427401383573741,0.2941773785693256
Factory Styles/Swing HipHop.mid,1,V2->V3,2,"[""ACC2"",""ACC4""]",[],33.75,-7.0,-0.07214781051540159,-0.06929647254503823
Factory Styles/Swing HipHop.mid,1,V3->V4,0,[],[],5.5,25.0,0.05101090113223905,-0.23525322606858445
Factory Styles/Swing HipHop.mid,2,V1->V2,0,[],[],-3.5,-3.5,-0.09427401383573741,0.2941773785693256
Factory Styles/Swing HipHop.mid,2,V2->V3,2,"[""ACC2"",""ACC4""]",[],33.75,-7.0,-0.07214781051540159,-0.06929647254503823
Factory Styles/Swing HipHop.mid,2,V3->V4,0,[],[],4.5,25.0,0.05191934659745617,-0.2971649914950123
Factory Styles/Take Beat.mid,1,V1->V2,1,"[""ACC3""]",[],34.0,12.0,-0.017185298438934803,-0.32068579867943514
Factory Styles/Take Beat.mid,1,V2->V3,1,"[""ACC4""]",[],3.75,-12.0,0.10626416454622561,-0.9161069336402925
Factory Styles/Take Beat.mid,1,V3->V4,1,"[""ACC5""]",[],19.25,-2.0,0.02892761323155217,-0.1346528270261491
Factory Styles/Talkin' Jazz.mid,1,V1->V2,1,"[""ACC5""]",[],24.0,-13.0,-0.014179269957983187,0.33656118697479
Factory Styles/Talkin' Jazz.mid,1,V2->V3,2,"[""ACC3"",""ACC4""]",[],18.0,6.5,-0.04182646867838047,-0.007573768143621429
Factory Styles/Talkin' Jazz.mid,1,V3->V4,0,[],[],-13.5,-4.0,0.0383720626704257,0.0005228067661877667
Factory Styles/Talkin' Jazz.mid,2,V1->V2,1,"[""ACC5""]",[],24.0,-6.0,-0.014179269957983187,0.33656118697479
Factory Styles/Talkin' Jazz.mid,2,V2->V3,2,"[""ACC3"",""ACC4""]",[],13.5,14.5,-0.03984024837694272,-0.067933245622664
Factory Styles/Talkin' Jazz.mid,2,V3->V4,0,[],[],-9.0,-12.0,0.03994328009140785,0.04370548709220534
Factory Styles/Talkin' Jazz.mid,3,V1->V2,1,"[""ACC5""]",[],24.0,-13.0,-0.014179269957983187,0.33656118697479
Factory Styles/Talkin' Jazz.mid,3,V2->V3,2,"[""ACC3"",""ACC4""]",[],13.0,14.5,-0.0250692804974339,-0.07381625049348628
Factory Styles/Talkin' Jazz.mid,3,V3->V4,0,[],[],-8.5,-12.0,0.02517231221189903,0.049588491963027614
Factory Styles/Talkin' Jazz.mid,4,V3->V4,0,[],[],-9.0,-12.0,0.03638584236898795,0.060882284245230345
Factory Styles/Tap Dance.mid,1,V1->V2,2,"[""ACC2"",""BASS""]",[],17.5,-2.0,0.12092415596242329,-0.29362705569401837
Factory Styles/Tap Dance.mid,1,V2->V3,0,"[""ACC3""]","[""ACC2""]",34.5,-1.0,0.12611157949016294,0.11375861011212174
Factory Styles/Tap Dance.mid,1,V3->V4,1,"[""ACC2""]",[],7.5,-1.0,-0.005670815475359525,0.052085197542929285
Factory Styles/Tap Dance.mid,2,V1->V2,2,"[""ACC2"",""BASS""]",[],12.0,-2.0,0.1325722854989322,-0.4156173049704792
Factory Styles/Tap Dance.mid,2,V2->V3,0,"[""ACC3""]","[""ACC2""]",74.0,-2.0,0.062143022526375824,0.9390189309001049
Factory Styles/Tap Dance.mid,2,V3->V4,1,"[""ACC2""]",[],-21.0,0.0,0.062028021978021985,-0.17632523565323543
Factory Styles/Tap Dance.mid,3,V1->V2,2,"[""ACC2"",""BASS""]",[],16.5,-3.0,0.12035033834263631,-0.3119033756977245
Factory Styles/Tap Dance.mid,3,V2->V3,0,"[""ACC3""]","[""ACC2""]",28.0,-1.0,0.09672113378448727,0.0973699573138993
Factory Styles/Tap Dance.mid,3,V3->V4,1,"[""ACC2""]",[],9.0,0.0,0.04127459524154942,0.0438547591759757
Factory Styles/Techno.mid,1,V1->V2,1,"[""ACC1"",""ACC5""]","[""ACC2""]",34.0,-18.0,-0.05454314635185602,0.09078412136250846
Factory Styles/Techno.mid,1,V2->V3,-1,[],"[""ACC5""]",20.75,8.0,-0.007624243054317914,0.5234433532347176
Factory Styles/Techno.mid,1,V3->V4,3,"[""ACC2"",""ACC4"",""ACC5""]",[],12.0,7.0,-0.005819052688316936,0.282726820644118
Factory Styles/The Avalon.mid,1,V1->V2,0,[],[],8.875,0.0,-0.07966572241647588,-0.14997864367571268
Factory Styles/The Avalon.mid,1,V2->V3,0,[],[],6.375,2.0,-0.00243058397550322,0.22079624218149085
Factory Styles/The Avalon.mid,1,V3->V4,0,[],[],10.375,-2.0,0.09661321092930061,0.15621034487008245
Factory Styles/The Avalon.mid,2,V1->V2,0,[],[],8.875,0.0,-0.07966572241647588,-0.14997864367571268
Factory Styles/The Avalon.mid,2,V2->V3,0,[],[],6.375,2.0,-0.00243058397550322,0.2109598296254369
Factory Styles/The Avalon.mid,2,V3->V4,0,[],[],10.375,-2.0,0.09661321092930061,0.1660467574261364
Factory Styles/The Avalon.mid,3,V1->V2,0,[],[],10.375,0.0,-0.08326664271239756,-0.10438396739557798
Factory Styles/The Avalon.mid,3,V2->V3,0,[],[],6.375,2.0,-0.00243058397550322,0.2109598296254369
Factory Styles/The Avalon.mid,3,V3->V4,0,[],[],10.375,-2.0,0.09661321092930061,0.1660467574261364
Factory Styles/Twist.mid,1,V1->V2,3,"[""ACC4"",""ACC5"",""PERC""]",[],20.0,-14.0,-0.15249391083342156,0.08067133432171958
Factory Styles/Twist.mid,1,V2->V3,0,"[""ACC1"",""ACC3""]","[""ACC4"",""ACC5""]",45.5,-3.0,-0.08137049384917097,1.270174148689606
Factory Styles/Twist.mid,1,V3->V4,2,"[""ACC4"",""ACC5""]",[],9.5,19.0,0.010298143070131854,-0.18885593153448177
Factory Styles/Unplugged 16 Bt.mid,1,V1->V2,1,"[""ACC1""]",[],22.0,-4.0,-0.033496321885795544,0.14642681297839188
Factory Styles/Unplugged 16 Bt.mid,1,V2->V3,0,"[""ACC5""]","[""ACC1""]",12.5,0.0,-0.016471617187298143,-0.051579007182905645
Factory Styles/Unplugged 16 Bt.mid,1,V3->V4,1,"[""ACC1""]",[],20.0,4.0,-0.024200121676477643,0.16442375390620922
Factory Styles/Unplugged 3_4.mid,1,V1->V2,0,[],[],3.75,0.0,-0.038166384472641535,0.02991519634886397
Factory Styles/Unplugged 3_4.mid,1,V2->V3,2,"[""ACC3"",""PERC""]",[],11.625,0.0,0.10509498573248405,-0.19418790878980885
Factory Styles/Unplugged 3_4.mid,1,V3->V4,2,"[""ACC4"",""ACC5""]",[],23.0,0.0,0.025347379907834144,0.3143101432258064
Factory Styles/Unplugged 8 Bt.mid,1,V1->V2,1,"[""ACC1""]",[],5.0,2.0,0.0,0.07097575187969918
Factory Styles/Unplugged 8 Bt.mid,1,V2->V3,0,"[""ACC4""]","[""ACC1""]",34.0,7.0,0.17629890173410406,-0.15879025598678798
Factory Styles/Unplugged 8 Bt.mid,1,V3->V4,2,"[""ACC1"",""ACC5""]",[],47.5,2.0,0.1315358370718661,-0.025733757872487217
Factory Styles/Unplugged Gtr 2.mid,1,V1->V2,0,"[""ACC3""]","[""ACC2""]",46.25,10.0,0.038920936016707805,0.35255725038499675
Factory Styles/Unplugged Gtr 2.mid,1,V2->V3,0,"[""ACC2""]","[""ACC3""]",-20.75,0.0,-0.05070000262708525,-0.24145020899922653
Factory Styles/Unplugged Gtr 2.mid,1,V3->V4,0,"[""ACC3""]","[""ACC2""]",41.0,6.0,0.17384447166529338,-0.04568286697793633
Factory Styles/Unplugged Gtr 3.mid,1,V1->V2,2,"[""BASS"",""DRUM""]",[],27.25,3.0,-0.03723959595959595,0.1007691885891886
Factory Styles/Unplugged Gtr 3.mid,1,V2->V3,1,"[""ACC4""]",[],9.0,-1.0,-0.00495868055555556,-0.019468660714285768
Factory Styles/Unplugged Gtr 3.mid,1,V3->V4,0,[],[],3.5,0.5,0.014947617273730687,-0.019155772167034568
Factory Styles/Unplugged Gtr 3.mid,2,V1->V2,2,"[""BASS"",""DRUM""]",[],27.0,3.0,-0.029113371966678736,0.006752739809991137
Factory Styles/Unplugged Gtr 3.mid,2,V2->V3,1,"[""ACC4""]",[],10.0,0.0,-0.013442879204830158,0.07029256814665708
Factory Styles/Unplugged Gtr 3.mid,2,V3->V4,0,[],[],3.75,0.0,0.021192864362239737,-0.09478720840913679
Factory Styles/Unplugged Gtr 4.mid,1,V1->V2,2,"[""ACC3"",""ACC4""]",[],24.25,-5.0,0.01276595744680851,0.1282493114400245
Factory Styles/Unplugged Gtr 4.mid,1,V2->V3,1,"[""ACC1""]",[],4.75,1.0,0.03841526302563243,-0.019199923102696914
Factory Styles/Unplugged Gtr 4.mid,1,V3->V4,0,[],[],18.5,2.0,-0.01459652535048972,0.07291233267716524
Factory Styles/Unplugged Latin.mid,1,V1->V2,1,"[""ACC5""]",[],1.0,-2.0,0.0,0.04849797095959585
Factory Styles/Unplugged Latin.mid,1,V2->V3,2,"[""ACC1"",""ACC4""]",[],35.5,2.0,0.17391304347826086,-0.3229759547964113
Factory Styles/Unplugged Latin.mid,1,V3->V4,1,"[""ACC3""]",[],13.25,1.0,-0.01924637681159419,0.5822866770186335
Factory Styles/Unplugged Rock.mid,1,V1->V2,2,"[""ACC4"",""DRUM""]",[],120.75000000000001,5.0,-0.09587187529571425,0.1481389458820077
Factory Styles/Unplugged Rock.mid,1,V2->V3,0,[],[],-50.41666666666667,-5.0,-0.05378211944907249,-0.08959867082190831
Factory Styles/Unplugged Rock.mid,1,V3->V4,0,[],[],50.999999999999986,6.0,0.05874972827783018,0.09203859426368699
Factory Styles/Unplugged Slow.mid,1,V1->V2,1,"[""ACC1""]",[],3.75,0.0,0.0,-0.07469825235534966
Factory Styles/Unplugged Slow.mid,1,V2->V3,1,"[""ACC2""]",[],35.25,5.0,0.0,0.8730287171565276
Factory Styles/Unplugged Slow.mid,1,V3->V4,2,"[""ACC3"",""ACC5""]",[],61.0,-2.0,0.0,-0.15444140721500688
Factory Styles/Unplugged Slow.mid,2,V1->V2,1,"[""ACC1""]",[],-21.5,3.0,0.0,0.10983292764378483
Factory Styles/Unplugged Slow.mid,2,V2->V3,1,"[""ACC2""]",[],19.0,1.0,0.010752903225806453,0.8114025650048875
Factory Styles/Unplugged Slow.mid,2,V3->V4,1,"[""ACC5""]",[],18.25,4.0,-0.010752903225806453,-0.09230917714949971
Factory Styles/Unplugged Swing.mid,1,V1->V2,0,"[""ACC3""]","[""ACC2""]",2.75,9.0,0.04497586641221371,-0.0629772041984733
Factory Styles/Unplugged Swing.mid,1,V2->V3,1,"[""ACC2""]",[],23.25,-10.0,0.214251294302072,-0.3620238225872412
Factory Styles/Unplugged Swing.mid,1,V3->V4,0,[],[],7.5,8.0,-0.06506515677727787,0.8390628476518558
Factory Styles/Unplugged.mid,1,V1->V2,1,"[""ACC4""]",[],13.0,-3.0,0.022391010781995277,0.03790752639384354
Factory Styles/Unplugged.mid,1,V2->V3,0,[],[],2.375,0.0,-0.006677520051184799,-0.007917425964856006
Factory Styles/Unplugged.mid,1,V3->V4,0,[],[],17.5,0.0,0.058524746281426884,-0.05210619076609202
Factory Styles/Unplugged.mid,2,V2->V3,0,[],[],1.25,0.0,-0.004571470285739843,0.022280831395608658
Factory Styles/Unplugged.mid,2,V3->V4,0,[],[],16.875,0.0,0.0598537711857373,-0.04955373611825831
Factory Styles/Unplugged.mid,3,V3->V4,0,[],[],18.125,0.0,0.09491244641537325,-0.03437324480397641
Factory Styles/UnpluggedBallad1.mid,1,V1->V2,2,"[""BASS"",""DRUM""]",[],15.0,-5.0,0.0,-0.17284973122891323
Factory Styles/UnpluggedBallad1.mid,1,V2->V3,3,"[""ACC1"",""ACC2"",""ACC3""]",[],48.0,-6.0,0.0,1.0413091674913098
Factory Styles/UnpluggedBallad1.mid,1,V3->V4,0,[],[],13.75,18.0,0.0,0.13096393761624192
Factory Styles/UnpluggedBallad2.mid,1,V1->V2,1,"[""ACC5""]",[],21.5,0.0,0.0016046979411591944,-0.05549527716492508
Factory Styles/UnpluggedBallad2.mid,1,V2->V3,0,[],[],29.75,4.0,-0.05899767246174356,0.10906215023917687
Factory Styles/UnpluggedBallad2.mid,1,V3->V4,0,[],[],75.875,-1.0,0.01989041660039731,0.12661967416524011
Factory Styles/UnpluggedBallad2.mid,2,V1->V2,1,"[""ACC5""]",[],21.5,0.0,0.0031900386701607802,-0.05549527716492508
Factory Styles/UnpluggedBallad2.mid,2,V2->V3,0,[],[],29.75,4.0,-0.06058301319074515,0.10906215023917687
Factory Styles/UnpluggedBallad2.mid,2,V3->V4,0,[],[],75.875,-1.0,0.01989041660039731,0.12661967416524011
Factory Styles/UnpluggedBallad3.mid,1,V1->V2,1,"[""ACC1""]",[],4.0,2.0,-0.0005294302918017607,0.17028748759346257
Factory Styles/UnpluggedBallad3.mid,1,V2->V3,1,"[""ACC4""]",[],14.0,-7.0,-0.0014239207518415026,-0.0269897510795023
Factory Styles/UnpluggedBallad3.mid,1,V3->V4,0,[],[],11.0,7.0,-0.0064513548387096775,0.22791867140513933
Factory Styles/UnpluggedBallad3.mid,2,V1->V2,1,"[""ACC1""]",[],8.0,2.0,-0.0009961132897603484,0.0369785247432306
Factory Styles/Vienna Waltz.mid,1,V1->V2,1,"[""ACC3""]",[],3.375,0.0,0.014011193236714986,0.13761167149758435
Factory Styles/Vienna Waltz.mid,1,V2->V3,0,[],[],5.0,1.0,0.08050387333998316,-0.35218168319349097
Factory Styles/Vienna Waltz.mid,1,V3->V4,0,[],[],9.875,-1.0,-0.007329335833685169,0.19422508395221194
Factory Styles/Vienna Waltz.mid,2,V1->V2,1,"[""ACC3""]",[],3.375,0.0,0.008453859903381628,0.13761167149758435
Factory Styles/Vienna Waltz.mid,2,V2->V3,0,[],[],5.0,1.0,0.10074549277318162,-0.35218168319349097
Factory Styles/Vienna Waltz.mid,2,V3->V4,0,[],[],9.875,-1.0,-0.027570955266883634,0.19422508395221194
Factory Styles/Volkst_ Schlager.mid,1,V1->V2,1,"[""ACC5""]",[],15.0,1.0,-0.015502173318337947,0.15394173379130072
Factory Styles/Volkst_ Schlager.mid,1,V2->V3,0,[],[],90.5,-1.0,-0.03073807697472672,0.23987268847527732
Factory Styles/Volkst_ Schlager.mid,1,V3->V4,0,[],[],6.0,0.0,-0.0017094570614570592,-0.023179242165242364
Factory Styles/Waltz Ballad.mid,1,V1->V2,2,"[""ACC1"",""ACC5""]",[],9.5,-2.5,0.040641155396327844,0.12823502239140194
Factory Styles/Waltz Ballad.mid,1,V2->V3,0,[],[],-7.25,-2.0,-0.052572891948052036,-0.14664631480519508
Factory Styles/Waltz Ballad.mid,1,V3->V4,1,"[""ACC4""]",[],11.75,-1.5,0.025164142325581396,0.04097298046511644
Factory Styles/Wave Jazz.mid,1,V1->V2,1,"[""ACC3""]",[],21.75,-2.0,0.08164113548271168,-0.09879773955900117
Factory Styles/Wave Jazz.mid,1,V2->V3,1,"[""ACC2""]",[],18.0,2.0,-0.004394420106668295,0.299643831735364
Factory Styles/Wave Jazz.mid,1,V3->V4,0,[],[],14.625,2.0,0.15613487371138274,-0.45939963596735023
Factory Styles/Wave Jazz.mid,2,V1->V2,1,"[""ACC3""]",[],22.0,-2.0,0.057501525341317694,-0.105069410259363
Factory Styles/Wave Jazz.mid,2,V2->V3,1,"[""ACC2""]",[],20.0,3.0,-0.006605006574547878,0.3614077349743403
Factory Styles/Wave Jazz.mid,2,V3->V4,0,[],[],10.625,1.0,0.12043525642742553,-0.45490204958826763
Factory Styles/Wave Jazz.mid,3,V2->V3,1,"[""ACC2""]",[],19.0,3.0,-0.020853091517774258,0.32794132589057057
Factory Styles/Wave Jazz.mid,3,V3->V4,0,[],[],15.25,1.0,0.13529299930174932,-0.4419304602154601
Factory Styles/Western Movie.mid,1,V1->V2,2,"[""ACC2"",""ACC3""]",[],21.75,4.0,-0.05652778780003058,0.5286895210976916
Factory Styles/Western Movie.mid,1,V2->V3,1,"[""PERC""]",[],41.5,2.0,-0.03017025104655109,0.7729641096458697
Factory Styles/Western Movie.mid,1,V3->V4,0,[],[],-12.0,1.0,-0.0048055369941870305,-0.7426285839252458
Factory Styles/Western Movie.mid,2,V1->V2,3,"[""ACC2"",""ACC3"",""ACC4""]",[],24.25,4.0,-0.0609390133037694,0.47001222985957103
Factory Styles/Western Movie.mid,2,V2->V3,0,"[""PERC""]","[""ACC4""]",40.25,3.0,-0.04315244691004533,0.8197731904080174
Factory Styles/Western Movie.mid,2,V3->V4,0,[],[],-13.0,1.0,-0.0006862668230301003,-0.713090538017854
