family,role,element,segments,styles,notes,ghost_candidate_fraction,accent_candidate_fraction,staccato_fraction,legato_overlap_fraction,tenuto_fraction,dead_mute_candidate_fraction,strum_candidates,trill_runs,tremolo_runs,grace_candidates,repeat_runs,special_pitch_notes
DRUM_KIT,DRUM,Variation 4,487,244,54823,0.25452773489228975,0.38890613592835127,0.6944744264268646,0.14660872918300713,0.04265087390328877,0.0,340,303,410,3565,548,3620
DRUM_KIT,DRUM,Ending 1,500,250,53735,0.2678143606587885,0.34245809639899505,0.7292361661859124,0.14084823113427003,0.033157479110449424,0.0,198,334,416,4919,636,4669
DRUM_KIT,DRUM,Intro 1,483,242,45946,0.25582191877421323,0.3521742475950028,0.7587787857484873,0.12474752034997605,0.023745415923040088,0.0,138,385,358,4810,1061,4490
DRUM_KIT,DRUM,Variation 3,479,245,42766,0.25150845157368,0.3956180636486929,0.7127533383996633,0.13988514731328625,0.03971955057756161,0.0,196,303,290,2666,522,3542
DRUM_KIT,PERC,Variation 4,433,215,39751,0.2878667792005233,0.3765690568790723,0.662498483560162,0.14075061306633793,0.054963702799929556,0.0,354,393,232,3719,673,3704
DRUM_KIT,DRUM,Variation 1,447,238,38384,0.29452329955189666,0.4187940563776574,0.5941104184035014,0.3072064211650688,0.026758240152146725,0.0,245,147,217,2164,503,2172
DRUM_KIT,PERC,Ending 1,417,210,37051,0.29480975790127123,0.3531619761949745,0.6862617162829614,0.16658409840490135,0.03916686216296456,0.0,180,475,226,3822,844,3789
DRUM_KIT,DRUM,Variation 2,456,241,35218,0.2461809926742007,0.395507880345278,0.7056588133908797,0.13782889800670112,0.03976095093418138,0.0,265,166,261,2968,511,2480
GUITAR,ACC2,Variation 4,217,108,29346,0.0,0.3652623890819873,0.12378648265521706,0.6937122657261637,0.10990814386969264,0.03459884038710557,1535,74,114,338,154,3165
DRUM_KIT,PERC,Intro 1,353,181,28730,0.28799135189697184,0.3545770375913679,0.7224537278106509,0.15392377479986077,0.02616229620605639,0.0,176,345,264,3281,660,3148
DRUM_KIT,PERC,Variation 3,407,206,28433,0.29293457566911685,0.3781172232968733,0.7129655600886293,0.13784123659128478,0.033245634298174655,0.0,172,479,168,3008,639,2347
GUITAR,ACC2,Variation 3,222,111,25615,0.0,0.3711892207690806,0.14389683349599844,0.6683656275619754,0.10592838493070467,0.04916382471208277,1421,131,69,359,147,2567
GUITAR,ACC2,Ending 1,229,114,21881,0.0,0.37187507060920433,0.15216448973995703,0.6425112622823455,0.10844201041999908,0.05555668570906265,635,47,19,281,140,2865
GUITAR,ACC2,Variation 1,191,105,21785,0.0,0.4245584347027771,0.12632171677759926,0.7353525053936194,0.062082922194170304,0.038770960293780125,2070,79,68,146,129,1529
DRUM_KIT,PERC,Variation 1,315,170,20684,0.3403109529104622,0.40016461661187397,0.5418388043898665,0.3656295745503771,0.02133763778766196,0.0,44,422,44,1877,724,2012
GUITAR,ACC2,Variation 2,196,104,20465,0.0,0.3816759438064989,0.15175925384803324,0.6802373334962131,0.09846461079892499,0.051586795015880774,967,83,47,186,104,2371
DRUM_KIT,PERC,Variation 2,362,191,19157,0.28501300151380693,0.3789736874249621,0.6845924492352665,0.18253260009396044,0.03237180456230099,0.0,128,326,95,1905,629,1599
GUITAR,ACC2,Intro 1,208,106,18693,0.0,0.37548841277483547,0.14430178783501846,0.6532889776921843,0.1171619718611245,0.05643782164446584,525,56,40,163,158,2263
DRUM_KIT,DRUM,Ending 2,298,244,18089,0.26004796008624026,0.3341810851898944,0.6448089181270386,0.2101798015368456,0.041036432638620154,0.0,95,115,117,1794,233,1765
PIANO,ACC1,Ending 1,244,119,16382,0.0,0.26944239531192776,0.23957760346722012,0.4390428299352948,0.177156064583079,0.0,192,22,54,143,204,37
PIANO,ACC1,Variation 4,223,115,16266,0.0,0.2807694012049674,0.2845643932128366,0.40046809049551213,0.16336568855280953,0.0,396,56,39,98,240,220
PIANO,ACC1,Intro 1,209,105,14562,0.0,0.2781214421096003,0.265630606372751,0.43868038318912234,0.1563547411069908,0.0,144,20,32,222,227,157
GUITAR,ACC3,Variation 4,171,79,14214,0.0,0.3637263360067539,0.15318601730688056,0.5716603672435627,0.136700314478683,0.050319157872520046,308,54,35,262,118,1954
BASS,BASS,Variation 4,382,186,14102,0.0,0.4662458949085236,0.16834107573393844,0.2692461118990214,0.34199522479080985,0.07005175294284499,0,112,61,356,588,1457
DRUM_KIT,DRUM,Intro 2,305,235,13213,0.21804280481344132,0.339060351169303,0.6910728229773708,0.1757795459017634,0.029737578899568608,0.0,54,119,83,1177,316,825
PIANO,ACC1,Variation 3,213,108,12829,0.0,0.2965154485930314,0.3151954065008964,0.3956498207186842,0.17349091277574244,0.0,216,47,29,79,158,210
DRUM_KIT,PERC,Ending 2,245,195,12143,0.31203176562628676,0.3492548192374207,0.6633297282384913,0.15395971341513628,0.04985873754426419,0.0,84,138,56,1218,287,1187
BASS,BASS,Variation 3,374,183,11620,0.0,0.46454364027538725,0.2000868855421687,0.25961381497418246,0.3059091617900172,0.07510845352839932,0,78,59,338,596,1285
BASS,BASS,Variation 1,359,186,11520,0.0,0.44357676562500004,0.16336525520833334,0.4125903064236111,0.1952824652777778,0.0534075234375,0,14,5,111,517,1024
GUITAR,ACC3,Ending 1,158,79,11326,0.0,0.3702104388133498,0.18065772735299312,0.599585399964683,0.10482839219494967,0.05758918329507328,291,60,50,409,100,1597
GUITAR,ACC3,Variation 3,169,75,11238,0.0,0.3872580681615946,0.17834442694429614,0.580053183840541,0.13165820608649226,0.06374044936821498,261,63,29,172,135,1661
PIANO,ACC1,Variation 1,166,82,11119,0.0,0.300297984530983,0.17722919866894504,0.6664287292022664,0.07934850885871031,0.0,559,12,30,89,118,186
PIANO,ACC1,Variation 2,195,103,10768,0.0,0.27163798198365524,0.3282518573551263,0.44174269037890046,0.11657723718424963,0.0,259,26,12,86,120,0
GUITAR,ACC3,Variation 2,145,71,10456,0.0,0.34544750191277734,0.18011949502677888,0.6236403835118592,0.11475396231828615,0.058978695485845445,176,73,8,159,134,1469
BASS,BASS,Ending 1,379,190,10443,0.0,0.461744898017811,0.19123667815761755,0.30016434932490665,0.27720583357272816,0.08715033419515465,1,57,31,282,503,1254
OTHER_ACC,ACC2,Variation 4,121,58,9901,0.0,0.3368334855065145,0.31574634178365824,0.3730363135036865,0.07722086758913241,0.0,217,52,42,356,136,845
BASS,BASS,Variation 2,363,186,9740,0.0,0.5160162843942505,0.18987317351129365,0.2483855092402464,0.30619074229979465,0.07623902669404517,0,37,12,204,468,1026
BASS,BASS,Intro 1,351,177,9665,0.0,0.4711847780651836,0.18266721572684946,0.28883032177961715,0.2888038851526125,0.07775275840662184,1,31,24,262,432,1233
GUITAR,ACC1,Variation 4,97,49,9088,0.0,0.3331869872359155,0.14256031580105635,0.6154473272447183,0.1284496269806338,0.043796911311619724,232,7,12,101,51,1311
DRUM_KIT,DRUM,Fill 2,355,250,8856,0.22719090447154472,0.3044258118789521,0.6019053714995484,0.21607606368563687,0.05076056345980127,0.0,58,64,51,841,123,602
GUITAR,ACC3,Intro 1,123,65,8164,0.0,0.4476969010289074,0.18123837947084762,0.5677275440960313,0.12397115752082313,0.06204436183243508,140,54,20,270,106,1432
DRUM_KIT,PERC,Intro 2,217,166,7954,0.2975858775458889,0.37163692481770183,0.6599078891123963,0.188861741262258,0.03699585491576565,0.0,41,134,54,921,271,955
DRUM_KIT,DRUM,Ending 3,287,245,7663,0.2261517617121232,0.2863107947279134,0.5225378076471355,0.22769733655226412,0.0660718374004959,0.0,45,58,34,700,123,483
GUITAR,ACC2,Ending 2,125,100,7518,0.0,0.39345524607608406,0.12330300212822558,0.7172717212024474,0.07904334663474329,0.04717048949188614,390,10,34,189,44,814
OTHER_ACC,ACC2,Intro 1,112,57,7265,0.0,0.32677173434273915,0.18651428355127322,0.5196057109428768,0.12873725395732966,0.0,263,58,13,327,125,684
OTHER_ACC,ACC3,Variation 4,69,37,7157,0.0,0.38661359508173815,0.3267225471566299,0.38404948162637975,0.20706064831633367,0.0,50,25,28,146,67,678
OTHER_ACC,ACC2,Ending 1,120,60,7053,0.0,0.2859771274634907,0.20893605699702253,0.5155480419679569,0.12621660853537503,0.0,183,67,24,428,110,968
OTHER_ACC,ACC2,Variation 2,103,51,6800,0.0,0.31382371323529407,0.3478033705882353,0.35155907794117647,0.10702643676470588,0.0,193,24,34,320,100,561
DRUM_KIT,DRUM,Fill 1,347,247,6780,0.20339263864306784,0.30530980825958703,0.5972058097345133,0.20719692625368732,0.04181676253687316,0.0,29,52,51,647,110,459
GUITAR,ACC1,Intro 1,87,44,6649,0.0,0.31282928711084373,0.14059665814408182,0.5551908933674237,0.19058056098661452,0.04693903895322605,265,14,7,40,63,1021
OTHER_ACC,ACC2,Variation 3,104,54,6367,0.0,0.3337526087639391,0.34472837757185487,0.3348363389351343,0.11411871053871525,0.0,138,49,33,269,117,613
GUITAR,ACC1,Variation 3,84,45,6324,0.0,0.3221062618595825,0.16429073529411764,0.6110139073371285,0.10393537634408602,0.044794908285895,220,8,9,85,50,664
GUITAR,ACC2,Intro 2,118,92,6179,0.0,0.3592814241786697,0.15054943032853213,0.662098185790581,0.0920513060365755,0.04509369315423208,332,21,16,85,38,609
GUITAR,ACC1,Variation 2,93,49,6095,0.0,0.3534043232157506,0.1395278146021329,0.6728173732567678,0.08531999179655456,0.03511870221493028,206,5,14,67,39,664
OTHER_ACC,ACC3,Ending 1,81,40,6074,0.0,0.38541286796180446,0.26805727197892654,0.46504787619361215,0.1413807787290089,0.0,99,33,7,198,68,992
GUITAR,ACC4,Ending 1,79,38,5793,0.0,0.31676108234075606,0.2086793751078888,0.5209466942862075,0.09634405316761609,0.061913882271707237,51,30,25,468,57,966
OTHER_ACC,ACC1,Variation 4,81,38,5723,0.0,0.3886069281845186,0.3690425109208457,0.29685282019919623,0.14668178402935522,0.0,47,51,18,145,80,33
GUITAR,ACC1,Ending 1,88,44,5148,0.0,0.2836054836829837,0.1206950777000777,0.5980710023310024,0.15684769813519814,0.0386116452991453,221,13,4,41,51,678
GUITAR,ACC3,Variation 1,93,46,5073,0.0,0.4395821525724424,0.19363472107234378,0.5784760437610881,0.10864377882909522,0.08132648137196925,97,27,11,132,89,925
OTHER_ACC,ACC1,Variation 3,87,41,5062,0.0,0.383840007902015,0.34604748518372186,0.27615286250493876,0.13051961872777557,0.0,32,37,23,109,56,383
OTHER_ACC,ACC3,Intro 1,68,36,5044,0.0,0.3396117307692308,0.16534255352894528,0.5386325178429817,0.17248443497224425,0.0,67,25,12,251,68,737
OTHER_ACC,ACC1,Variation 1,74,34,4975,0.0,0.353165551758794,0.34599402211055275,0.38052538894472365,0.06413548341708543,0.0,11,61,4,15,81,158
OTHER_ACC,ACC1,Intro 1,82,42,4759,0.0,0.3580579890733347,0.2853630174406388,0.43380487497373404,0.14238267703299012,0.0,100,20,19,75,54,100
DRUM_KIT,PERC,Fill 2,280,199,4702,0.2756272522330923,0.3402812016163335,0.627684059974479,0.190614179072735,0.0354049766056997,0.0,34,83,27,451,126,496
OTHER_ACC,ACC2,Variation 1,78,39,4692,0.0,0.33312124040920715,0.23028737212276215,0.4482319352088662,0.15145482097186702,0.0,130,18,21,65,48,451
OTHER_ACC,ACC4,Variation 4,54,26,4662,0.0,0.25890169026169024,0.1825303432003432,0.4750787365937366,0.14495456670956672,0.0,142,6,42,295,31,297
GUITAR,ACC4,Variation 4,60,35,4586,0.0,0.3290451199302224,0.17460178368948975,0.6062390710859137,0.07765848233754906,0.057569925861317046,120,10,9,87,29,692
GUITAR,ACC4,Variation 3,60,36,4555,0.0,0.3372117365532382,0.12305624588364435,0.6770386190998903,0.07289434467618003,0.03163669813391877,157,8,2,59,22,699
OTHER_ACC,ACC1,Variation 2,80,37,4506,0.0,0.42742892587660897,0.36399703506435865,0.3059136040834443,0.10877957390146471,0.0,10,41,3,26,55,485
OTHER_ACC,ACC3,Variation 1,39,20,4495,0.0,0.5971051835372636,0.21833573971078976,0.6729012836484983,0.06338305672969967,0.0,34,0,4,23,36,126
DRUM_KIT,PERC,Ending 3,221,189,4399,0.271652500568311,0.31939069788588315,0.5890685542168674,0.16448048192771084,0.057238747442600595,0.0,33,63,23,702,131,468
GUITAR,ACC1,Variation 1,81,44,4385,0.0,0.34914424857468646,0.11199930216647662,0.6438294093500571,0.12513682098061574,0.03338805017103763,158,39,7,30,42,540
OTHER_ACC,ACC1,Ending 1,83,41,4177,0.0,0.3385204596600431,0.25082981805123294,0.45244112042135504,0.1593574431410103,0.0,51,12,12,56,47,80
DRUM_KIT,DRUM,Break,277,247,4057,0.17328073699778163,0.2610307715060389,0.6396253019472518,0.16723671185605127,0.04651549913729357,0.0,28,32,18,378,98,203
GUITAR,ACC3,Ending 2,90,76,3983,0.0,0.3482294978659302,0.17702198594024604,0.6021960080341451,0.0853748179763997,0.055106801405975396,74,25,21,154,47,473
PIANO,ACC1,Ending 2,115,99,3933,0.0,0.29722865497076023,0.323885995423341,0.4180907729468599,0.11880921434019832,0.0,51,5,22,44,53,3
OTHER_ACC,ACC3,Variation 3,60,36,3930,0.0,0.44452896437659034,0.3064584223918575,0.34615588295165395,0.22784472264631042,0.0,50,10,17,57,59,168
STRINGS,ACC3,Intro 1,77,39,3914,0.0,0.27056703628002043,0.27894757026060296,0.5428069826264691,0.09942605007664793,0.0,44,20,8,105,41,148
GUITAR,ACC2,Fill 2,167,112,3766,0.0,0.32448241370154013,0.10317473977695167,0.7037939644184811,0.11402301646309082,0.02996542750929368,188,21,11,22,27,433
STRINGS,ACC3,Ending 1,81,41,3684,0.0,0.26112879750271445,0.20589548045602607,0.588885838762215,0.13677356134636265,0.0,102,24,9,57,48,203
GUITAR,ACC4,Intro 1,59,32,3642,0.0,0.4129593272926963,0.19437626304228448,0.49596419824272375,0.07521198242723777,0.060817300933553,84,25,6,142,42,603
DRUM_KIT,PERC,Fill 1,262,187,3423,0.27081442886357,0.36050237803096696,0.5384577271399357,0.2107708676599474,0.045139827636576105,0.0,17,72,16,403,131,339
PIANO,ACC2,Variation 3,39,18,3373,0.0,0.18618495997628223,0.20137364660539578,0.4292581203676253,0.19568555588496886,0.0,178,6,10,350,22,0
BASS,BASS,Ending 2,228,184,3355,0.0,0.4876305573770492,0.20635182414307005,0.2591283070044709,0.30402942771982117,0.08787577347242921,0,35,21,65,185,394
PIANO,ACC2,Variation 4,41,19,3327,0.0,0.2452665434325218,0.2541150826570484,0.4749836278929967,0.11540032161106102,0.0,117,4,13,122,26,279
OTHER,BASS,Ending 1,98,49,3324,0.0,0.43983178700361014,0.1843091155234657,0.2730001504211793,0.30438285499398315,0.0,0,34,18,180,119,227
BRASS,ACC5,Intro 1,58,30,3217,0.0,0.2303385763133354,0.22330414050357475,0.4629739135840845,0.15879884675163194,0.0,69,10,2,32,33,4
BASS,BASS,Intro 2,223,171,3132,0.0,0.46455984674329504,0.20286234035759898,0.2622334961685824,0.2962066060025543,0.08861417624521073,0,23,15,69,131,530
STRINGS,ACC3,Variation 4,80,41,3072,0.0,0.3841147591145833,0.16261401692708333,0.6716209602864583,0.10135523111979167,0.0,48,12,0,33,43,297
DRUM_KIT,DRUM,Intro 3,240,236,3020,0.18940384105960265,0.2963576291390729,0.5910618112582782,0.1817595430463576,0.05743191059602649,0.0,18,23,8,310,148,123
PIANO,ACC1,Intro 2,89,67,3005,0.0,0.2818643993344426,0.20606243594009985,0.5287265856905158,0.09265973377703826,0.0,66,18,10,17,41,10
OTHER,BASS,Intro 1,96,49,2978,0.0,0.4069843821356615,0.23115730355943584,0.231331198791135,0.31432061114842175,0.0,0,31,17,181,140,200
GUITAR,ACC2,Fill 1,156,108,2972,0.0,0.3112386608344549,0.12366146029609691,0.7050048755047106,0.09320812247644684,0.03912295760430687,122,17,5,36,19,333
GUITAR,ACC2,Ending 3,124,105,2956,0.0,0.3450620703653586,0.12100030446549391,0.6809035656292286,0.09422142760487145,0.045143552097428964,157,10,8,44,15,334
GUITAR,ACC5,Ending 1,52,25,2955,0.0,0.45989821658206437,0.1107657529610829,0.5705927783417936,0.08480157360406092,0.02096449746192893,43,28,3,163,39,302
GUITAR,ACC4,Variation 2,49,28,2948,0.0,0.3931469267299864,0.11564499660786974,0.7072536533242878,0.04237617028493894,0.03909360583446404,147,2,4,10,26,434
PIANO,ACC2,Intro 1,30,15,2773,0.0,0.22033952758745043,0.21051751172015865,0.46514840245221784,0.14526295347998558,0.0,22,13,17,48,22,0
OTHER_ACC,ACC4,Ending 1,55,27,2758,0.0,0.24800540971718638,0.21224054024655548,0.45980084118926756,0.1692354278462654,0.0,111,47,12,250,27,56
OTHER_ACC,ACC4,Intro 1,53,29,2727,0.0,0.2541250898423175,0.2072043747708104,0.5249011551155115,0.1308865639897323,0.0,88,19,6,198,34,108
GUITAR,ACC5,Intro 1,38,20,2727,0.0,0.43454377704437114,0.16225193619361936,0.4514398056472314,0.10822927026035936,0.03178153648698203,42,14,5,236,22,468
BRASS,ACC5,Ending 1,64,32,2702,0.0,0.2934864433752776,0.2905852146558105,0.39021878978534413,0.1809487527757217,0.0,52,13,1,42,31,6
STRINGS,ACC5,Ending 1,87,44,2696,0.0,0.2774485793768546,0.17136956231454006,0.6607102077151336,0.08544831231454006,0.0,38,7,4,4,22,0
STRINGS,ACC4,Ending 1,77,39,2633,0.0,0.3513093961260919,0.13404513862514242,0.6679473262438284,0.07387829472085075,0.0,18,1,1,3,14,221
ORGAN,ACC3,Ending 1,20,10,2567,0.0,0.27775636540709,0.13827890144137123,0.711689092325672,0.10590460459680562,0.0,20,5,5,265,11,0
GUITAR,ACC3,Intro 2,68,53,2537,0.0,0.4233345920378399,0.18303789909341742,0.6166257154119038,0.08716612928655892,0.06850752463539612,30,13,4,24,35,430
OTHER_ACC,ACC2,Ending 2,66,54,2448,0.0,0.2916664052287582,0.24511505310457515,0.42257626225490197,0.1877976184640523,0.0,66,7,9,89,46,289
GUITAR,ACC1,Ending 2,61,48,2419,0.0,0.3075649359239355,0.1651035221165771,0.5637757916494419,0.13550658123191403,0.03990343943778421,69,4,4,34,38,345
PIANO,ACC2,Ending 1,34,17,2414,0.0,0.19801130903065453,0.18140814415907208,0.43498999171499586,0.15892006213753107,0.0,22,7,16,54,20,0
BRASS,ACC4,Intro 1,50,25,2400,0.0,0.2954174333333333,0.33404334999999996,0.3622152375,0.1679219875,0.0,35,18,5,38,45,4
GUITAR,ACC1,Intro 2,60,43,2383,0.0,0.3369702266051196,0.11241498950902225,0.6039857406630298,0.18662993705413344,0.040713772555602185,72,14,2,8,33,340
OTHER,BASS,Variation 4,76,46,2372,0.0,0.5054803962900506,0.19011676644182127,0.26453984822934234,0.24737632799325465,0.0,0,46,8,103,166,78
OTHER_ACC,ACC2,Intro 2,60,42,2338,0.0,0.2694601069289992,0.3692195893926433,0.3460391017964072,0.09584102224123182,0.0,14,26,20,127,40,169
STRINGS,ACC3,Variation 3,69,37,2314,0.0,0.35782150388936906,0.27631995678478827,0.570709088159032,0.08289903630077787,0.0,42,11,0,68,14,161
BRASS,ACC5,Variation 4,64,28,2301,0.0,0.25771307692307693,0.4736354758800522,0.25920671447196875,0.2043536114732725,0.0,6,5,16,75,51,3
STRINGS,ACC3,Variation 1,37,18,2292,0.0,0.326354367364747,0.09250416666666667,0.8389398167539267,0.04242264397905759,0.0,57,4,0,2,6,471
PIANO,ACC2,Variation 2,36,17,2229,0.0,0.2050242530282638,0.26203187976671155,0.4167737505607896,0.10129788245850158,0.0,116,11,3,51,31,0
OTHER_ACC,ACC3,Variation 2,43,27,2210,0.0,0.3959258597285068,0.24448695475113125,0.41006552488687786,0.24464542081447965,0.0,56,9,8,9,45,215
PIANO,ACC1,Ending 3,124,100,2163,0.0,0.2658347619047619,0.26943566805362923,0.3856650762829404,0.1270823624595469,0.0,32,6,5,59,33,3
GUITAR,ACC4,Variation 1,37,20,2160,0.0,0.4615747638888889,0.13758066666666666,0.5944906203703704,0.04380675462962963,0.021692050925925927,45,2,0,74,24,379
OTHER_ACC,ACC4,Variation 3,50,26,2128,0.0,0.3547921898496241,0.25593561090225564,0.4994905122180451,0.08479298872180452,0.0,115,3,21,73,21,123
BRASS,ACC4,Variation 4,49,21,2098,0.0,0.3584368160152526,0.4358524928503337,0.27738219256434704,0.17880587225929456,0.0,13,2,5,26,45,3
BRASS,ACC4,Ending 1,54,27,2065,0.0,0.2121058353510896,0.30594361743341403,0.4638432736077482,0.12864606295399514,0.0,66,11,4,56,27,8
ORGAN,ACC4,Ending 1,20,10,2018,0.0,0.29682620416253713,0.04704181367690783,0.8496655797819622,0.04243947968285431,0.0,24,0,0,797,7,0
BASS,BASS,Fill 2,275,193,1941,0.0,0.4265846058732612,0.15899090159711488,0.31483770736733646,0.30284613601236476,0.07273383307573415,0,23,3,41,91,270
PIANO,ACC1,Fill 2,146,110,1883,0.0,0.290494370685077,0.251880058417419,0.3906640785979819,0.145955209771641,0.0,41,7,0,14,38,18
STRINGS,ACC5,Intro 1,58,31,1883,0.0,0.26181543281996816,0.12668793414763677,0.710241853425385,0.09279183749336166,0.0,35,6,3,10,20,0
ORGAN,ACC3,Variation 4,28,12,1871,0.0,0.304114981293426,0.3299591608765366,0.470138295029396,0.10595214323890967,0.0,41,0,19,108,5,0
STRINGS,ACC2,Intro 1,31,16,1833,0.0,0.43971687397708675,0.2163457010365521,0.5530451118385161,0.11315830878341518,0.0,39,7,13,35,20,317
ORGAN,ACC3,Intro 1,20,10,1814,0.0,0.23539000551267916,0.14470445424476294,0.7392467805953694,0.07341223814773981,0.0,33,3,7,335,12,0
OTHER,BASS,Variation 1,72,46,1811,0.0,0.45444581446714527,0.1692726559911651,0.4249399834345665,0.2532072943125345,0.0,0,4,6,36,106,27
ORGAN,ACC3,Variation 3,28,12,1798,0.0,0.2185765572858732,0.28716178531701886,0.32823593993325917,0.26440300889877644,0.0,24,0,20,38,7,0
DRUM_KIT,PERC,Break,155,139,1716,0.2465038752913753,0.30128205128205127,0.6339612762237762,0.14897835664335665,0.026170722610722612,0.0,3,25,3,226,44,179
BASS,BASS,Ending 3,223,188,1711,0.0,0.447691724137931,0.20124454120397428,0.27868679135008767,0.2849630683810637,0.086542390414962,0,15,4,42,106,227
OTHER_ACC,ACC5,Ending 1,45,23,1702,0.0,0.418919535840188,0.24654764982373678,0.4269030787309049,0.15235468860164514,0.0,25,18,8,119,41,86
STRINGS,ACC1,Ending 1,26,13,1692,0.0,0.22931353427895979,0.17760560283687946,0.45506671985815605,0.22911884751773048,0.0,45,9,1,15,22,332
STRINGS,ACC4,Intro 1,60,31,1684,0.0,0.346793539192399,0.1628292399049881,0.6173631947743468,0.10887461401425179,0.0,7,2,2,0,15,0
STRINGS,ACC1,Intro 1,26,13,1679,0.0,0.254913984514592,0.29522268612269204,0.35060029779630736,0.18067806432400238,0.0,43,8,7,27,18,212
BRASS,ACC3,Intro 1,43,24,1663,0.0,0.2633788093806374,0.26535001803968733,0.4108775886951293,0.16496358388454602,0.0,38,6,2,36,33,1
OTHER,BASS,Variation 3,75,48,1659,0.0,0.48041006630500305,0.22167036769138035,0.23219910186859555,0.322660771549126,0.0,0,18,4,91,131,111
BRASS,ACC3,Ending 1,52,24,1640,0.0,0.2871950670731707,0.2916138231707317,0.4122368963414634,0.16315340243902438,0.0,42,6,6,63,19,0
BASS,BASS,Fill 1,266,189,1635,0.0,0.44831814678899085,0.17071226911314985,0.3305163241590214,0.2773632844036697,0.09189845871559633,1,16,4,48,84,267
BRASS,ACC3,Variation 4,48,23,1629,0.0,0.4045444014732965,0.6253567219152855,0.12834971761817066,0.15022151626764885,0.0,13,3,0,44,45,4
PIANO,ACC1,Fill 1,138,99,1628,0.0,0.29115504914004914,0.23002203931203932,0.4607391707616708,0.11611279484029484,0.0,37,6,1,106,34,2
GUITAR,ACC3,Ending 3,87,74,1621,0.0,0.356569599012955,0.16729215916101173,0.577895194324491,0.12613766193707587,0.051628864898210974,39,9,4,56,12,230
ORGAN,ACC3,Variation 2,25,11,1615,0.0,0.21485905263157895,0.621379987616099,0.10335075541795666,0.10032369659442725,0.0,11,0,9,42,20,0
GUITAR,ACC3,Fill 2,106,72,1571,0.0,0.34182066199872696,0.15445723742838957,0.639099643539147,0.09265953532781668,0.046172641629535334,59,6,3,26,13,226
GUITAR,ACC4,Ending 2,42,36,1568,0.0,0.33099435586734693,0.3359358163265306,0.4263848086734694,0.05659180484693878,0.14373522321428572,14,3,8,175,15,156
OTHER_ACC,ACC3,Ending 2,42,35,1567,0.0,0.3305681620931717,0.21418590938098278,0.4889691512444161,0.1705597766432674,0.0,30,6,9,12,24,173
STRINGS,ACC2,Ending 1,36,18,1564,0.0,0.39897731457800517,0.24791695012787726,0.5604334015345268,0.1562992199488491,0.0,25,18,4,16,25,263
STRINGS,ACC5,Variation 4,65,43,1538,0.0,0.24967440182054618,0.3607057477243173,0.48763208712613787,0.046688732119635895,0.0,12,4,8,15,12,2
STRINGS,ACC3,Variation 2,51,26,1535,0.0,0.3641690553745928,0.19889690553745928,0.6519502214983713,0.09503942671009771,0.0,19,4,0,35,7,222
PERCUSSION,PERC,Variation 1,12,7,1510,0.4119199735099338,0.28079723178807947,0.1759702450331126,0.7695672185430464,0.004120900662251656,0.0,3,100,4,72,135,972
OTHER_ACC,ACC1,Intro 2,52,38,1505,0.0,0.37076498338870434,0.30762165448504986,0.3264878338870432,0.1986727774086379,0.0,6,9,3,34,38,64
OTHER,BASS,Variation 2,69,45,1446,0.0,0.5297368464730291,0.20070109958506224,0.20461237897648688,0.35788272475795296,0.0,0,8,2,48,110,70
STRINGS,ACC1,Variation 4,26,13,1431,0.0,0.2739335988819008,0.2579390635918938,0.3850851153039832,0.20473084556254367,0.0,35,21,0,0,16,273
OTHER_ACC,ACC3,Intro 2,36,26,1399,0.0,0.3695499642601859,0.15240640457469623,0.5376174124374553,0.14987003573981417,0.0,25,22,5,47,22,136
OTHER_ACC,ACC4,Variation 2,38,20,1385,0.0,0.27725640433212995,0.2903584548736462,0.3729595523465704,0.1124957689530686,0.0,72,3,12,25,16,114
BRASS,ACC2,Intro 1,26,14,1377,0.0,0.17283887436456064,0.3588107843137255,0.4083157371096587,0.12222435729847494,0.0,15,2,2,5,15,0
OTHER_ACC,ACC1,Ending 2,53,43,1372,0.0,0.29810532069970846,0.32186909620991255,0.37619866618075803,0.18595398688046647,0.0,20,5,5,23,30,60
STRINGS,ACC4,Variation 4,73,40,1366,0.0,0.6412887335285505,0.07157355783308932,0.6579531625183016,0.13058221083455346,0.0,7,1,0,12,12,58
PIANO,ACC4,Ending 1,19,9,1363,0.0,0.37197346294937633,0.20277480557593544,0.647205209097579,0.07354491562729273,0.0,1,3,3,14,13,2
STRINGS,ACC3,Ending 2,50,38,1346,0.0,0.2615165898959881,0.14942583209509658,0.5639154011887073,0.10600346953937592,0.0,35,16,6,20,24,61
GUITAR,ACC5,Variation 4,33,20,1345,0.0,0.42230545724907065,0.25369365799256505,0.4711286691449814,0.07704478066914497,0.07642779925650557,5,17,0,70,23,106
BRASS,ACC2,Ending 1,30,15,1345,0.0,0.18587426765799256,0.33888884014869886,0.46098732342007437,0.06619657992565056,0.0,11,11,0,32,18,2
PIANO,ACC2,Variation 1,34,17,1317,0.0,0.3955965679574791,0.2578656871678056,0.3380531207289294,0.17278550493545938,0.0,43,8,0,51,26,180
GUITAR,ACC3,Fill 1,91,65,1301,0.0,0.3551120368946964,0.17753500384319754,0.587618001537279,0.11095787855495773,0.051566579554189085,30,8,2,44,16,176
BRASS,ACC2,Variation 1,20,9,1293,0.0,0.276103588553751,0.24462625676720803,0.6932927610208817,0.029988538283062645,0.0,232,0,0,14,5,0
STRINGS,ACC1,Variation 3,28,14,1261,0.0,0.28548581284694685,0.35060916732751785,0.303364726407613,0.17792745440126884,0.0,36,8,0,0,9,196
BRASS,ACC3,Variation 3,43,21,1241,0.0,0.3223196615632554,0.5357941498791297,0.30182793714746176,0.11386366639806608,0.0,18,8,1,38,34,4
DRUM_KIT,PERC,Intro 3,83,81,1239,0.23809595641646492,0.3115421791767555,0.447004390637611,0.2941717191283293,0.04903594834543987,0.0,3,18,3,126,33,178
BRASS,ACC2,Variation 4,26,14,1216,0.0,0.21546077302631583,0.4650425822368421,0.31303519736842106,0.07306680098684211,0.0,61,10,3,12,8,2
PLUCK,ACC4,Ending 1,6,3,1214,0.0,0.7364076441515651,0.06464731466227348,0.5439933937397035,0.18739535420098846,0.0,2,8,104,502,12,0
PIANO,ACC4,Intro 1,17,9,1175,0.0,0.4740423319148936,0.20032186382978723,0.6905676510638298,0.07351068936170212,0.0,1,0,1,2,23,0
WOODWIND,ACC4,Variation 4,30,13,1162,0.0,0.40017257314974186,0.4076008864027539,0.433566256454389,0.1030799569707401,0.0,32,1,3,46,26,12
ORGAN,ACC2,Variation 3,19,6,1125,0.0,0.283556,0.3614257244444445,0.18893456,0.24897024,0.0,0,0,5,4,10,0
BRASS,ACC4,Variation 3,36,16,1117,0.0,0.4082376275738585,0.5825156938227395,0.07505140555058191,0.20016216651745747,0.0,14,1,1,1,38,3
OTHER_ACC,ACC2,Fill 2,73,53,1107,0.0,0.3613368925022583,0.2973681481481481,0.332246467931346,0.12893523035230353,0.0,17,8,6,48,25,115
GUITAR,ACC1,Ending 3,58,49,1102,0.0,0.285843611615245,0.16845671506352086,0.5931253448275863,0.129988166969147,0.05814187840290381,40,4,1,20,13,119
ORGAN,ACC2,Variation 4,23,8,1097,0.0,0.2297190063810392,0.21181616226071104,0.2545500729261622,0.23737636280765723,0.0,3,0,6,3,8,0
GUITAR,ACC5,Variation 3,29,18,1095,0.0,0.48675860273972604,0.19866466666666668,0.5507807031963471,0.07229385388127854,0.07363013698630137,14,10,0,2,19,104
OTHER_ACC,ACC2,Ending 3,65,55,1083,0.0,0.3084032594644506,0.32206670360110806,0.36449339796860575,0.17144887349953833,0.0,24,4,6,23,22,142
MALLET,ACC5,Variation 1,4,2,1051,0.0,0.32635859181731686,0.25595714557564225,0.7430913796384395,0.0,0.0,0,20,0,0,20,1
BRASS,ACC2,Variation 3,20,10,1033,0.0,0.3359152468538238,0.4539451210067764,0.27138098741529526,0.03068591481122943,0.0,34,2,8,14,10,0
OTHER_ACC,ACC5,Intro 1,36,19,1030,0.0,0.4252414174757282,0.20196721359223302,0.42444333009708735,0.1043325145631068,0.0,15,14,2,130,19,0
WOODWIND,ACC3,Variation 3,21,8,1012,0.0,0.5227271541501975,0.2724954743083004,0.4380920750988142,0.12581705533596838,0.0,2,8,2,37,14,0
OTHER_ACC,ACC5,Variation 4,25,16,996,0.0,0.2811249297188755,0.2596266666666666,0.13567698795180724,0.11000131526104417,0.0,0,3,0,215,18,0
GUITAR,ACC1,Fill 2,58,42,984,0.0,0.32723580284552845,0.1424081199186992,0.6023878658536584,0.12723721544715447,0.03572008130081301,39,0,4,11,7,126
PERCUSSION,PERC,Ending 1,16,8,979,0.19611960163432074,0.33095097037793664,0.21745104187946884,0.2770293054136875,0.05854153217568948,0.0,7,32,10,323,1,0
GUITAR,ACC1,Fill 1,63,44,978,0.0,0.30163676891615543,0.15780395705521472,0.589336973415133,0.16000973415132924,0.022183006134969326,39,4,8,24,6,131
OTHER,BASS,Ending 2,53,47,976,0.0,0.4948770081967213,0.2558409323770492,0.23794590163934426,0.23854301229508199,0.0,0,16,5,44,66,93
OTHER_ACC,ACC3,Ending 3,43,36,967,0.0,0.29989769389865567,0.3373307652533609,0.3541492450879007,0.1879069803516029,0.0,12,4,6,10,11,108
STRINGS,ACC2,Variation 3,19,15,963,0.0,0.532711194184839,0.08547335410176532,0.8126846832814123,0.05615129802699896,0.0,21,0,3,41,2,240
BRASS,ACC4,Variation 2,27,13,961,0.0,0.49739919875130073,0.48500335067637873,0.32547757544224765,0.14670903225806453,0.0,1,0,0,9,21,3
ORGAN,ACC4,Intro 1,10,5,955,0.0,0.31413949738219893,0.035233298429319375,0.8689023979057592,0.0466041884816754,0.0,12,0,0,382,2,0
STRINGS,ACC2,Variation 4,22,17,952,0.0,0.6386541596638655,0.24944135504201678,0.6123411974789915,0.03090266806722689,0.0,30,0,30,16,8,204
GUITAR,ACC2,Break,105,92,942,0.0,0.3481960297239915,0.1272164543524416,0.660615467091295,0.08978952229299363,0.05640498938428874,36,1,0,4,5,83
ORGAN,ACC4,Variation 4,18,10,938,0.0,0.29317963752665244,0.6712930490405117,0.19202264392324095,0.0521158315565032,0.0,5,0,0,12,6,0
STRINGS,ACC1,Variation 2,28,14,924,0.0,0.23484679653679655,0.6309255194805196,0.23073974025974026,0.12846058441558442,0.0,27,2,0,0,11,151
STRINGS,ACC3,Intro 2,36,25,920,0.0,0.23152232608695653,0.2079276304347826,0.5797639130434782,0.13546776086956522,0.0,10,6,6,9,11,76
OTHER_ACC,ACC3,Fill 2,50,38,910,0.0,0.31098932967032966,0.24775646153846154,0.44645891208791205,0.14809116483516482,0.0,10,5,3,16,11,125
OTHER_ACC,ACC5,Variation 3,29,15,910,0.0,0.3109876483516484,0.43041780219780224,0.1169001098901099,0.09165351648351647,0.0,3,9,0,1,14,0
GUITAR,ACC5,Ending 2,26,20,896,0.0,0.46651768973214286,0.20223065848214286,0.5617869196428572,0.09982229910714287,0.05053402901785715,23,11,0,56,19,82
OTHER_ACC,ACC1,Fill 2,67,43,895,0.0,0.34078234636871507,0.2808090726256984,0.34750577653631287,0.1815620782122905,0.0,2,1,6,32,15,46
ORGAN,ACC2,Intro 1,12,6,893,0.0,0.21388592385218363,0.11193096304591266,0.533613437849944,0.08278658454647257,0.0,15,3,2,93,5,0
STRINGS,ACC1,Variation 1,29,15,893,0.0,0.3773784658454647,0.6327310414333707,0.20416871220604701,0.13254678611422174,0.0,20,2,0,0,11,150
PERCUSSION,PERC,Intro 1,12,7,888,0.2454952027027027,0.18468217342342344,0.2550932432432433,0.4141394481981982,0.0436780518018018,0.0,15,12,4,336,2,0
GUITAR,ACC4,Intro 2,23,17,886,0.0,0.4977427765237021,0.15423265237020314,0.6499022573363431,0.04215744920993228,0.0528278216704289,18,2,0,12,3,190
WOODWIND,ACC5,Intro 1,15,8,885,0.0,0.24632832768361584,0.10836194350282485,0.4188706101694915,0.28743853107344636,0.0,4,4,0,0,5,0
STRINGS,ACC4,Variation 3,55,32,862,0.0,0.6600928306264501,0.078124686774942,0.7413365429234339,0.07020041763341067,0.0,2,2,0,4,13,0
OTHER_ACC,ACC2,Fill 1,68,47,857,0.0,0.33839008168028,0.26870315052508753,0.41870333722287045,0.15396406067677948,0.0,18,3,6,36,18,129
WOODWIND,ACC3,Intro 1,20,10,851,0.0,0.21856708578143363,0.24548286721504115,0.44633347826086955,0.13968470035252645,0.0,5,15,2,75,14,0
ORGAN,ACC2,Ending 1,12,6,842,0.0,0.2838500593824228,0.08520294536817102,0.6917657007125891,0.13506496437054633,0.0,12,1,10,82,1,0
STRINGS,ACC2,Variation 2,12,9,837,0.0,0.5746714456391876,0.07956148148148147,0.7982088410991636,0.059512353643966544,0.0,5,0,3,34,2,222
OTHER_ACC,ACC4,Variation 1,29,17,819,0.0,0.22954761904761906,0.47105052503052497,0.24285460317460317,0.1043590231990232,0.0,18,3,10,12,14,0
STRINGS,ACC2,Variation 1,11,8,816,0.0,0.5845588235294118,0.06853710784313724,0.8057418137254903,0.06142102941176471,0.0,5,0,3,36,1,222
WOODWIND,ACC3,Ending 1,20,10,808,0.0,0.1980191212871287,0.2422159282178218,0.42740289603960396,0.14474769801980197,0.0,3,5,3,148,12,0
PERCUSSION,PERC,Variation 4,17,8,807,0.2825273358116481,0.21561329615861216,0.5070838289962826,0.21715706319702605,0.09317541511771996,0.0,0,24,12,163,17,128
BRASS,ACC3,Variation 2,31,16,806,0.0,0.4119110669975186,0.450553635235732,0.2624679404466501,0.14976699751861042,0.0,8,0,1,21,24,4
PIANO,ACC1,Break,114,105,785,0.0,0.37961741401273885,0.2082535031847134,0.35807905732484074,0.03789801273885351,0.0,17,1,0,1,5,0
STRINGS,ACC3,Fill 2,53,37,781,0.0,0.295774980793854,0.19663807938540334,0.5465655057618438,0.07944733674775929,0.0,18,4,1,10,6,48
WOODWIND,ACC3,Variation 4,18,7,774,0.0,0.3036185142118863,0.40770373385012915,0.4165153100775194,0.09766193798449613,0.0,6,4,2,38,12,0
OTHER_ACC,ACC1,Ending 3,47,42,772,0.0,0.3147672409326425,0.36960652849740927,0.34136857512953367,0.12872461139896374,0.0,14,2,7,11,12,46
BRASS,ACC4,Ending 2,33,28,771,0.0,0.27107717250324254,0.4021267055771725,0.29698206225680934,0.20767839169909208,0.0,7,4,1,3,19,9
ACCORDION_REED,ACC4,Variation 4,16,7,770,0.0,0.25194816883116883,0.49997587012987016,0.08111063636363637,0.13904267532467532,0.0,3,7,0,26,19,0
SYNTH_LEAD,ACC4,Ending 1,17,9,766,0.0,0.36161968668407307,0.16855080939947778,0.4608693472584856,0.10325140992167102,0.0,28,0,29,30,7,1
BRASS,ACC2,Ending 2,18,15,754,0.0,0.23474763925729442,0.4627246816976127,0.17867636604774537,0.14366118037135278,0.0,2,12,0,2,9,3
ORGAN,ACC5,Variation 4,9,3,753,0.0,0.4236381274900398,0.20803244355909697,0.5707302656042497,0.0877548738379814,0.0,35,0,13,91,3,0
GUITAR,ACC4,Fill 2,49,38,741,0.0,0.28475,0.19952824561403507,0.47379788124156547,0.15655279352226723,0.06950502024291498,23,5,3,5,13,115
WOODWIND,ACC4,Ending 1,30,15,736,0.0,0.30162994565217394,0.21286925271739132,0.4516012907608696,0.18826317934782608,0.0,13,6,0,17,15,6
STRINGS,ACC1,Intro 2,18,13,728,0.0,0.2582425824175824,0.3277351373626374,0.4168452747252748,0.19608717032967035,0.0,13,8,0,3,10,106
BASS,BASS,Break,212,190,726,0.0,0.4573002066115703,0.3287347245179063,0.3026939807162535,0.16700158402203857,0.13614712121212122,0,0,2,33,9,140
PIANO,ACC3,Intro 1,6,3,714,0.0,0.182072675070028,0.08078117647058823,0.6814106722689076,0.09907565826330532,0.0,61,3,13,0,0,0
WOODWIND,ACC1,Ending 1,6,3,706,0.0,0.1643071671388102,0.05740504249291785,0.8635047025495751,0.07458750708215298,0.0,12,0,0,24,2,0
ORGAN,ACC4,Variation 3,9,6,689,0.0,0.35268426705370104,0.3030507111756168,0.48710883889695206,0.08937764876632802,0.0,7,0,6,165,2,0
WOODWIND,ACC4,Variation 3,22,9,686,0.0,0.3717183090379009,0.36332921282798836,0.4586828862973761,0.09631437317784258,0.0,32,1,0,40,24,12
GUITAR,ACC3,Break,73,63,675,0.0,0.37333314074074075,0.1652492,0.5513673037037037,0.12131825185185185,0.0409922962962963,23,4,2,11,7,142
OTHER_ACC,ACC1,Fill 1,55,37,669,0.0,0.33931173393124064,0.33155485799701045,0.3965774738415546,0.08350717488789237,0.0,6,4,0,3,15,48
STRINGS,ACC4,Ending 2,48,39,669,0.0,0.5336323019431989,0.19802828101644246,0.6262750822122571,0.033760254110612856,0.0,2,1,1,2,11,0
PIANO,ACC2,Ending 2,23,18,668,0.0,0.23502932634730542,0.2760685778443114,0.4305031137724551,0.12264919161676646,0.0,3,2,6,44,15,0
STRINGS,ACC5,Variation 3,40,26,668,0.0,0.3562850149700599,0.052664595808383244,0.8521504191616767,0.033807739520958086,0.0,12,0,3,0,1,0
MALLET,ACC5,Intro 1,16,9,665,0.0,0.2661643909774436,0.24278954887218046,0.2319701203007519,0.4347047969924812,0.0,2,4,14,93,7,3
BRASS,ACC2,Variation 2,18,8,664,0.0,0.33584447289156627,0.452241265060241,0.4434983584337349,0.07203677710843373,0.0,31,0,0,22,7,0
ORGAN,ACC3,Intro 2,12,10,664,0.0,0.2695785993975904,0.3116678765060241,0.44932668674698795,0.1088603765060241,0.0,5,0,1,13,7,0
ACCORDION_REED,ACC1,Variation 4,9,3,664,0.0,0.2906618373493976,0.15146231927710843,0.45344795180722886,0.1349324698795181,0.0,24,8,0,12,2,0
GUITAR,ACC4,Ending 3,38,37,658,0.0,0.31610984802431613,0.2916685258358663,0.48193311550151974,0.12030574468085106,0.10038952887537993,19,1,3,58,11,62
MALLET,ACC5,Ending 1,18,10,657,0.0,0.24048762557077627,0.21855242009132422,0.21256578386605784,0.4614907914764079,0.0,3,3,14,62,7,3
WOODWIND,ACC5,Variation 4,15,4,656,0.0,0.5304881097560976,0.22722509146341466,0.30261533536585367,0.18332246951219514,0.0,0,0,0,0,13,0
OTHER_ACC,ACC4,Ending 2,27,21,654,0.0,0.3149841131498471,0.3421977828746177,0.4589878287461774,0.07817324159021408,0.0,74,0,6,62,9,12
PIANO,ACC5,Variation 4,26,14,651,0.0,0.34101382488479265,0.6634315053763441,0.18899442396313365,0.05475427035330262,0.0,6,0,3,2,20,0
BRASS,ACC4,Intro 2,22,16,650,0.0,0.26153995384615386,0.4272150307692308,0.2075934153846154,0.24248326153846156,0.0,6,5,0,5,19,10
STRINGS,ACC1,Ending 2,23,14,638,0.0,0.2539182131661442,0.23387921630094047,0.36607384012539185,0.27542987460815044,0.0,15,4,0,9,15,100
SYNTH_LEAD,ACC3,Intro 1,13,7,637,0.0,0.4945061538461539,0.6425921193092622,0.19690503924646782,0.041302135007849294,0.0,0,2,0,26,19,0
BRASS,ACC5,Variation 3,32,15,632,0.0,0.31803860759493674,0.6333633860759493,0.22507905063291136,0.06061186708860759,0.0,0,5,6,28,15,0
PIANO,ACC4,Variation 4,21,9,627,0.0,0.3716100956937799,0.30811893141945773,0.5682104944178629,0.08414065390749602,0.0,6,0,2,2,18,0
PIANO,ACC4,Variation 1,13,4,623,0.0,0.21027300160513643,0.06110035313001605,0.860593595505618,0.06338656500802568,0.0,0,0,0,0,4,14
PAD,ACC5,Ending 1,22,11,617,0.0,0.4716378930307942,0.0691413776337115,0.7538763695299838,0.14696959481361427,0.0,1,0,0,0,2,14
STRINGS,ACC2,Ending 2,21,18,616,0.0,0.3522727272727273,0.24259896103896106,0.47453983766233765,0.13715092532467532,0.0,1,3,1,17,9,93
ORGAN,ACC3,Variation 1,14,6,612,0.0,0.3937915359477124,0.7525013235294117,0.06645454248366013,0.12495338235294116,0.0,4,0,1,0,10,24
PIANO,ACC5,Ending 1,18,9,603,0.0,0.3366515257048093,0.4761266998341625,0.2243435157545605,0.1766836152570481,0.0,5,1,1,6,25,0
WOODWIND,ACC5,Ending 1,14,7,603,0.0,0.30845762852404646,0.1362836815920398,0.41892842454394696,0.2230143781094527,0.0,0,2,0,3,8,0
STRINGS,ACC3,Ending 3,42,37,593,0.0,0.3018557504215852,0.2645860033726813,0.4852170994940978,0.10134878583473861,0.0,16,5,0,4,8,24
GUITAR,ACC5,Variation 2,16,10,591,0.0,0.4280887986463621,0.2094878510998308,0.4455500846023689,0.1288218443316413,0.05265597292724196,5,4,0,2,8,96
ACCORDION_REED,ACC1,Variation 2,9,3,584,0.0,0.35616400684931504,0.35232828767123286,0.291532397260274,0.05469311643835616,0.0,18,6,0,0,14,0
PIANO,ACC2,Intro 2,19,14,573,0.0,0.2617807853403141,0.37072949389179755,0.42656031413612566,0.09664364746945898,0.0,19,3,2,67,8,0
ACCORDION_REED,ACC3,Ending 1,12,6,573,0.0,0.26527003490401396,0.563661867364747,0.07359267015706807,0.03792884816753927,0.0,2,4,0,64,6,0
PLUCK,ACC4,Intro 1,6,3,569,0.0,0.8330403690685413,0.09623124780316344,0.5484800000000001,0.22027084358523727,0.0,0,4,43,207,13,0
STRINGS,ACC4,Variation 2,37,22,555,0.0,0.6522515855855856,0.06476787387387388,0.7499186666666666,0.1043274954954955,0.0,0,2,0,4,6,0
BRASS,ACC3,Ending 2,22,21,553,0.0,0.24593153707052445,0.3913656600361664,0.27363186256781197,0.20131457504520794,0.0,19,3,10,40,12,0
PIANO,ACC3,Variation 4,4,2,550,0.0,0.31636400000000003,0.02028981818181818,0.8488985454545456,0.13081163636363635,0.0,48,0,0,0,2,0
PAD,ACC4,Intro 1,18,10,550,0.0,0.21636287272727273,0.07301725454545456,0.6862140363636364,0.1454540181818182,0.0,7,8,0,1,10,17
ORGAN,ACC1,Ending 1,5,3,545,0.0,0.45320867889908256,0.2975799633027523,0.4777663853211009,0.1198434128440367,0.0,13,1,4,89,2,0
ACCORDION_REED,ACC4,Intro 1,14,7,540,0.0,0.2759258703703704,0.22606649999999998,0.42394411111111113,0.1705606851851852,0.0,7,2,0,100,8,0
GUITAR,ACC5,Variation 1,10,7,533,0.0,0.4221395684803002,0.19783339587242027,0.466087842401501,0.09406787992495311,0.056009568480300184,5,4,0,2,7,77
GUITAR,ACC4,Fill 1,38,30,526,0.0,0.2813695247148289,0.1911927186311787,0.5640652851711027,0.09261378326996197,0.06553328897338404,14,4,1,1,7,77
BASS,ACC5,Variation 4,10,2,523,0.0,0.4359468068833652,0.7248016634799236,0.0,0.023477323135755256,0.21130095602294455,0,0,1,0,24,0
OTHER_ACC,ACC3,Fill 1,38,26,511,0.0,0.34833767123287673,0.21881547945205482,0.47890246575342466,0.13916463796477493,0.0,13,4,2,4,8,76
WOODWIND,ACC4,Intro 1,21,11,510,0.0,0.2411752549019608,0.19493070588235295,0.5147798823529411,0.15625650980392158,0.0,25,6,1,33,12,0
PERCUSSION,PERC,Variation 3,14,6,508,0.29724374015748034,0.24409397637795277,0.3945448031496063,0.23013076771653543,0.048849822834645666,0.0,6,8,22,89,1,0
ACCORDION_REED,ACC4,Variation 3,11,6,506,0.0,0.2173911067193676,0.8764770355731226,0.0962988932806324,0.0064679051383399215,0.0,0,0,0,2,10,0
PAD,ACC1,Intro 1,8,4,506,0.0,0.32213529644268774,0.49650930830039525,0.3885852371541502,0.042749762845849804,0.0,0,2,0,0,16,102
MALLET,ACC4,Variation 4,7,5,494,0.0,0.3603232388663967,0.219495020242915,0.686072004048583,0.050004068825910936,0.0,116,1,2,36,5,0
PIANO,ACC5,Intro 1,21,11,488,0.0,0.5348352663934427,0.36757391393442623,0.3400536475409836,0.16595805327868854,0.0,12,1,4,9,6,0
PLUCK,ACC4,Variation 4,6,3,484,0.0,0.20661012396694217,0.15549396694214876,0.5567387603305786,0.20474644628099173,0.0,0,10,17,162,15,116
STRINGS,ACC5,Variation 2,30,20,481,0.0,0.29729480249480245,0.3651963617463617,0.5303918503118503,0.013268981288981288,0.0,4,0,0,0,7,0
SYNTH_LEAD,ACC3,Ending 1,14,7,480,0.0,0.6166672083333334,0.5763419791666666,0.19517054166666667,0.04569272916666667,0.0,0,1,1,17,21,0
BRASS,ACC3,Variation 1,17,9,480,0.0,0.4770840208333333,0.44190972916666665,0.24642749999999997,0.1638395,0.0,4,0,0,8,12,4
PLUCK,ACC2,Variation 4,7,3,476,0.0,0.38025130252100847,0.2887752100840336,0.5656512605042017,0.040586554621848736,0.0,66,1,0,63,4,0
OTHER_ACC,ACC5,Ending 2,27,21,474,0.0,0.30379864978902954,0.31711525316455696,0.3239186075949367,0.16666738396624473,0.0,8,6,1,35,17,0
OTHER,BASS,Intro 2,46,37,473,0.0,0.46300196617336153,0.1310542071881607,0.32040241014799153,0.30888788583509513,0.0,0,4,2,25,37,15
BRASS,ACC5,Ending 2,30,25,473,0.0,0.39534904862579284,0.41679363636363637,0.3126545031712474,0.12487570824524312,0.0,3,6,0,4,12,0
SYNTH_LEAD,ACC4,Intro 1,14,8,469,0.0,0.4648197014925373,0.21203863539445628,0.332308315565032,0.07438153518123668,0.0,1,0,28,26,4,0
PIANO,ACC5,Variation 2,17,7,467,0.0,0.3982883511777302,0.3514453104925054,0.4441331905781584,0.11685160599571734,0.0,3,2,0,5,4,0
PAD,ACC4,Ending 1,20,10,467,0.0,0.23982852248394004,0.14781271948608135,0.6273831263383297,0.16013800856531052,0.0,6,13,0,15,16,0
OTHER_ACC,ACC4,Ending 3,29,23,462,0.0,0.3095240476190476,0.2729024242424242,0.5168586796536797,0.11712084415584416,0.0,40,2,2,76,6,21
STRINGS,ACC3,Fill 1,45,28,461,0.0,0.37310219088937097,0.1199466377440347,0.6184529284164859,0.08556255965292842,0.0,4,3,2,6,5,34
STRINGS,ACC1,Fill 1,21,14,458,0.0,0.21179056768558951,0.2984221179039301,0.36295943231441047,0.2292643886462882,0.0,3,7,0,2,13,94
ORGAN,ACC3,Ending 3,15,12,456,0.0,0.4912296710526316,0.2280375,0.5774081359649123,0.07401853070175438,0.0,1,0,0,77,5,0
ACCORDION_REED,ACC1,Variation 3,7,2,456,0.0,0.2412265789473684,0.3028655263157895,0.2980831578947368,0.013765526315789473,0.0,6,0,4,2,2,0
GUITAR,ACC5,Intro 2,18,13,453,0.0,0.4481226710816777,0.2850456291390729,0.27548724061810154,0.24419154525386313,0.08739854304635762,4,6,0,22,9,65
PLUCK,ACC2,Intro 1,8,4,453,0.0,0.24723949227373068,0.24292399558498898,0.5315931567328919,0.13966578366445917,0.0,47,0,0,60,0,0
ORGAN,ACC3,Ending 2,12,12,450,0.0,0.21777817777777778,0.3562282666666666,0.5041293777777778,0.08957773333333333,0.0,2,0,3,51,3,0
STRINGS,ACC4,Intro 2,28,22,449,0.0,0.41425347438752785,0.16623964365256125,0.6759435412026726,0.0428173719376392,0.0,1,1,1,0,4,46
BRASS,ACC3,Intro 2,17,12,447,0.0,0.257271677852349,0.20693711409395973,0.3081393959731544,0.30291127516778527,0.0,4,2,10,29,8,0
PLUCK,ACC2,Variation 2,8,4,444,0.0,0.37162130630630635,0.2962439189189189,0.6330080630630631,0.022693873873873872,0.0,67,0,0,48,5,0
PAD,ACC1,Variation 4,7,4,443,0.0,0.514673137697517,0.24972997742663655,0.24291537246049663,0.37007846501128666,0.0,0,0,2,0,4,0
OTHER_ACC,ACC4,Fill 2,37,24,442,0.0,0.323529185520362,0.19188002262443438,0.5689007239819004,0.07453330316742081,0.0,30,2,2,42,6,13
STRINGS,ACC5,Intro 2,20,16,441,0.0,0.31745841269841274,0.6659258276643991,0.21587310657596373,0.054497256235827664,0.0,7,2,5,5,2,0
MALLET,ACC4,Intro 1,11,6,441,0.0,0.28798283446712014,0.24172886621315193,0.45885233560090705,0.10984505668934241,0.0,32,1,0,3,2,0
PLUCK,ACC2,Variation 3,9,4,440,0.0,0.34773000000000004,0.35851709090909095,0.5529962272727272,0.027308409090909088,0.0,74,1,0,50,2,0
PLUCK,ACC4,Ending 2,5,3,437,0.0,0.5858085812356979,0.0331124942791762,0.5628838443935927,0.20200659038901603,0.0,0,0,18,44,0,0
ORGAN,ACC5,Ending 1,4,2,435,0.0,0.7770110344827587,0.04729850574712644,0.8534568735632184,0.025838942528735635,0.0,3,1,0,94,2,0
CHOIR_VOICE,ACC5,Variation 4,14,7,433,0.0,0.24480551963048497,0.1558680600461894,0.6338730946882216,0.14219475750577368,0.0,0,0,2,12,6,0
BRASS,ACC2,Intro 2,13,10,431,0.0,0.19025552204176333,0.35339192575406037,0.34188055684454755,0.20454979118329467,0.0,12,2,0,2,5,0
ACCORDION_REED,ACC4,Ending 1,15,7,430,0.0,0.20232518604651165,0.2543850930232558,0.35668372093023254,0.20065051162790698,0.0,5,6,0,33,7,0
PLUCK,ACC2,Variation 1,8,4,430,0.0,0.33488646511627906,0.34278660465116284,0.556139488372093,0.053553255813953496,0.0,58,0,0,44,2,0
MALLET,ACC5,Variation 4,14,7,424,0.0,0.7169808962264151,0.40945410377358493,0.18118948113207545,0.27849165094339623,0.0,0,1,13,33,1,2
PIANO,ACC2,Fill 2,31,21,423,0.0,0.3451546572104019,0.22797919621749407,0.364868841607565,0.1617040661938534,0.0,18,1,3,7,5,0
ACCORDION_REED,ACC3,Variation 4,5,5,423,0.0,0.14657236406619387,0.6274543262411347,0.14936621749408985,0.0024046335697399525,0.0,17,0,0,0,7,0
PAD,ACC3,Ending 1,20,10,423,0.0,0.36170255319148936,0.055850945626477536,0.6609847754137116,0.21730718676122932,0.0,3,0,0,0,1,0
PLUCK,ACC2,Ending 1,8,4,423,0.0,0.3380623877068558,0.25984647754137113,0.4584497163120567,0.19397744680851062,0.0,39,0,0,37,1,0
MALLET,ACC4,Variation 3,7,5,416,0.0,0.3629788461538462,0.22911533653846156,0.6384153846153846,0.053794254807692315,0.0,100,1,2,36,3,0
ORGAN,ACC3,Fill 1,16,10,404,0.0,0.45296945544554457,0.16728611386138614,0.5651739356435643,0.10683905940594059,0.0,1,0,1,111,2,0
ORGAN,ACC1,Intro 1,5,3,395,0.0,0.6886073164556962,0.628166,0.16715739240506328,0.04417179746835442,0.0,2,1,0,8,4,0
BASS,ACC5,Variation 3,8,2,391,0.0,0.5447579539641944,0.6305504603580563,0.0,0.13714833759590792,0.010549872122762148,0,0,0,0,4,0
STRINGS,ACC2,Intro 2,12,9,390,0.0,0.39486933333333335,0.12859128205128206,0.7110637948717949,0.08846933333333333,0.0,1,0,14,0,2,92
OTHER_ACC,ACC4,Intro 2,14,13,390,0.0,0.3307694358974359,0.11334769230769232,0.5716393333333333,0.04725451282051283,0.0,21,3,6,52,4,29
ACCORDION_REED,ACC3,Variation 3,8,6,389,0.0,0.35989771208226223,0.7830407455012853,0.1538653727506427,0.002742210796915167,0.0,6,1,0,9,5,0
PERCUSSION,PERC,Variation 2,11,6,386,0.19948233160621762,0.28238411917098444,0.480558549222798,0.2696959844559586,0.0644191450777202,0.0,3,8,6,107,5,0
PIANO,ACC2,Ending 3,21,17,386,0.0,0.2435239896373057,0.17660220207253888,0.5039009067357513,0.13157106217616582,0.0,11,1,4,62,5,0
BRASS,ACC5,Intro 2,15,12,386,0.0,0.29533841968911917,0.394746139896373,0.2992862953367876,0.13708880829015543,0.0,1,1,0,6,15,1
PIANO,ACC4,Variation 3,18,7,385,0.0,0.4519467012987013,0.06719044155844156,0.8032218961038962,0.07610771428571429,0.0,0,0,4,1,4,0
OTHER_ACC,ACC5,Variation 2,16,10,385,0.0,0.3740271948051948,0.5558675324675324,0.14521137662337663,0.1432388051948052,0.0,0,6,1,1,15,0
ORGAN,ACC2,Variation 1,9,4,384,0.0,0.24479354166666667,0.72122625,0.08586322916666667,0.14333684895833335,0.0,0,0,0,0,10,0
PAD,ACC5,Intro 1,17,9,381,0.0,0.6587929921259843,0.00575769028871391,0.9721557480314961,0.01935320209973753,0.0,2,0,0,0,0,0
STRINGS,ACC5,Ending 2,45,41,380,0.0,0.42105231578947366,0.2049142105263158,0.4942190526315789,0.06507726315789474,0.0,14,0,0,8,5,0
WOODWIND,ACC3,Variation 2,17,8,377,0.0,0.40583469496021224,0.40898652519893897,0.2967045092838196,0.18063098143236075,0.0,0,0,0,0,4,0
ACCORDION_REED,ACC3,Variation 2,5,4,374,0.0,0.14972850267379678,0.963585294117647,0.008403529411764706,0.0056023529411764715,0.0,0,0,1,0,4,0
ORGAN,ACC5,Variation 3,7,3,372,0.0,0.23387188172043008,0.276792311827957,0.5773598924731183,0.08806854838709677,0.0,1,0,0,5,3,0
MALLET,ACC3,Variation 4,14,7,370,0.0,0.5486475135135135,0.4398297297297297,0.4840941621621621,0.05383783783783783,0.0,0,0,1,7,8,0
ACCORDION_REED,ACC4,Variation 2,7,4,370,0.0,0.25405605405405407,0.9375862702702703,0.045981297297297295,0.002738054054054054,0.0,0,0,5,5,6,0
OTHER,BASS,Ending 3,50,46,369,0.0,0.4092140921409214,0.23738119241192412,0.20401588075880758,0.28915349593495937,0.0,0,4,2,19,24,29
ACCORDION_REED,ACC3,Intro 1,11,6,369,0.0,0.22493390243902436,0.3345744715447155,0.10377138211382114,0.18455089430894311,0.0,2,4,0,12,1,0
OTHER,BASS,Fill 2,61,47,368,0.0,0.4999991847826087,0.1421578260869565,0.3192890489130435,0.278466847826087,0.0,0,2,3,8,20,25
ORGAN,ACC4,Ending 2,10,10,367,0.0,0.3188009264305177,0.10237782016348773,0.737507711171662,0.05164509536784741,0.0,3,0,0,133,3,0
PIANO,ACC3,Variation 3,5,3,366,0.0,0.25409852459016397,0.13065967213114754,0.6077272131147541,0.030745081967213112,0.0,24,0,0,0,4,0
PLUCK,ACC5,Ending 1,8,4,366,0.0,0.18579002732240438,0.15469846994535522,0.5680165027322404,0.12484833333333334,0.0,5,11,0,178,14,0
BRASS,ACC3,Ending 3,27,22,364,0.0,0.21428384615384616,0.30585637362637363,0.3039226923076923,0.2466739835164835,0.0,11,3,7,19,3,0
PLUCK,ACC3,Variation 3,5,2,358,0.0,0.11731874301675978,0.12796111731843576,0.6512651396648045,0.1599867597765363,0.0,0,0,2,52,0,0
PLUCK,ACC5,Intro 1,8,4,358,0.0,0.20391025139664806,0.18869589385474858,0.5662066480446927,0.11749162011173184,0.0,12,10,0,123,14,0
OTHER_ACC,ACC4,Fill 1,30,21,357,0.0,0.254901568627451,0.3330926890756303,0.4152491316526611,0.09718658263305323,0.0,11,3,0,39,10,29
BRASS,ACC3,Fill 2,27,21,351,0.0,0.35897284900284904,0.3352512535612535,0.25975586894586894,0.21016541310541312,0.0,4,5,2,11,7,1
PAD,ACC1,Ending 1,8,4,344,0.0,0.3604661046511628,0.21192825581395347,0.48334613372093027,0.09739360465116279,0.0,0,1,1,0,4,2
SYNTH_LEAD,ACC5,Ending 1,10,5,343,0.0,0.5335266472303207,0.2887014577259475,0.320841749271137,0.2656586005830904,0.0,2,1,4,35,8,0
GUITAR,ACC5,Ending 3,23,20,342,0.0,0.3421060233918129,0.20698885964912278,0.5069270760233918,0.1831943859649123,0.0769019590643275,9,6,0,45,7,55
BRASS,ACC5,Variation 2,19,9,340,0.0,0.397059,0.510701411764706,0.25322035294117645,0.1935944117647059,0.0,2,0,6,0,8,0
PLUCK,ACC4,Variation 3,6,3,338,0.0,0.2573948224852071,0.1366557396449704,0.6343706508875739,0.1680614201183432,0.0,0,7,19,162,8,34
PIANO,ACC2,Fill 1,20,14,337,0.0,0.24925902077151338,0.2361308308605341,0.4236979228486647,0.08584964391691395,0.0,10,1,4,62,3,0
ACCORDION_REED,ACC5,Intro 1,8,4,337,0.0,0.2077174480712166,0.3885332640949555,0.27776178041543026,0.12465985163204749,0.0,6,2,0,4,8,0
OTHER,BASS,Fill 1,67,51,335,0.0,0.5104480895522389,0.15319423880597016,0.29416259701492536,0.27493211940298506,0.0,0,1,1,11,17,23
GUITAR,ACC4,Break,32,29,333,0.0,0.2852853753753754,0.12736594594594594,0.566515105105105,0.06790138138138138,0.04025417417417418,2,0,0,23,1,64
MALLET,ACC4,Variation 2,6,4,332,0.0,0.29217042168674695,0.29081108433734937,0.6371296385542169,0.030848674698795178,0.0,88,0,0,40,0,0
ACCORDION_REED,ACC1,Variation 1,6,2,332,0.0,0.28915734939759036,0.23677156626506024,0.30036710843373493,0.11724060240963857,0.0,36,4,0,0,6,0
GUITAR,ACC1,Break,46,41,331,0.0,0.3595167673716012,0.0950087915407855,0.6490001812688821,0.032162779456193356,0.02277631419939577,8,0,0,2,1,52
WOODWIND,ACC3,Variation 1,9,3,329,0.0,0.7142860790273556,0.2742030395136778,0.32953799392097266,0.21116462006079026,0.0,0,0,0,0,7,0
BRASS,ACC4,Ending 3,25,22,324,0.0,0.2592584567901235,0.3679976234567901,0.27919808641975313,0.29477947530864196,0.0,2,4,1,2,6,7
MALLET,ACC2,Ending 1,6,3,322,0.0,0.4844709627329193,0.600593198757764,0.022376677018633544,0.13436192546583853,0.0,0,0,0,37,4,0
MALLET,ACC4,Variation 1,8,4,322,0.0,0.2981370807453416,0.23393428571428573,0.7025776397515529,0.026574037267080748,0.0,80,0,0,49,3,0
PLUCK,ACC4,Intro 2,6,4,322,0.0,0.23291757763975154,0.05828819875776397,0.5331536645962732,0.34224720496894406,0.0,0,4,16,182,12,16
MALLET,ACC3,Intro 1,8,4,317,0.0,0.20189457413249212,0.1926594952681388,0.3917452050473186,0.10991037854889589,0.0,4,2,0,5,4,0
WOODWIND,ACC1,Variation 4,6,3,316,0.0,0.24999911392405066,0.13739164556962025,0.5718184810126583,0.29079569620253165,0.0,4,2,0,0,6,0
PLUCK,ACC3,Variation 1,5,2,313,0.0,0.11501623003194887,0.057127539936102235,0.7448975079872204,0.12844862619808306,0.0,0,0,2,29,0,0
ORGAN,ACC1,Variation 1,3,1,312,0.0,0.38462,0.20915,0.6372533333333333,0.062093333333333334,0.0,0,0,0,55,0,0
MALLET,ACC4,Ending 1,12,6,309,0.0,0.2394811650485437,0.30208381877022655,0.3598776051779935,0.2663014886731392,0.0,28,6,0,21,8,0
STRINGS,ACC1,Ending 3,13,13,306,0.0,0.2156868954248366,0.19855996732026143,0.4082016339869281,0.3085047385620915,0.0,7,3,0,0,4,61
OTHER_ACC,ACC2,Break,50,41,304,0.0,0.3585526644736842,0.30759878289473686,0.2266279934210526,0.0810983552631579,0.0,1,1,4,4,8,17
BRASS,ACC5,Ending 3,29,24,302,0.0,0.45364235099337746,0.42281470198675497,0.22979834437086094,0.09300940397350994,0.0,4,1,2,5,5,3
BRASS,ACC2,Fill 1,17,13,302,0.0,0.21854281456953645,0.4556651655629139,0.3704839072847682,0.1369539072847682,0.0,2,0,1,0,2,1
BRASS,ACC3,Fill 1,21,16,301,0.0,0.3122923588039867,0.2488613289036545,0.3962429900332226,0.14122099667774085,0.0,27,1,2,2,5,1
WOODWIND,ACC1,Intro 1,4,2,301,0.0,0.18936893687707643,0.09597345514950166,0.678325315614618,0.19867079734219267,0.0,2,0,0,2,0,0
PAD,ACC3,Variation 3,19,10,298,0.0,0.41946161073825505,0.024102885906040268,0.760520067114094,0.10755610738255035,0.0,1,0,0,6,8,0
BRASS,BASS,Ending 1,12,6,294,0.0,0.3945573469387755,0.18491931972789116,0.3700221088435374,0.17799829931972788,0.0,0,4,1,4,3,34
PAD,ACC1,Variation 3,6,5,293,0.0,0.6040944027303754,0.1658452218430034,0.5388723549488055,0.1614196928327645,0.0,0,0,1,0,3,0
WOODWIND,ACC3,Ending 2,12,10,292,0.0,0.2054802397260274,0.31407243150684927,0.4472468150684931,0.11295143835616438,0.0,5,1,0,39,5,0
SYNTH_LEAD,ACC4,Variation 3,9,4,291,0.0,0.21305518900343642,0.4736230927835052,0.048109965635738834,0.03491189003436426,0.0,0,0,30,51,10,0
SYNTH_LEAD,ACC3,Variation 4,10,8,288,0.0,0.5208344444444445,0.7598630555555556,0.05600333333333333,0.043958611111111115,0.0,0,0,0,4,13,0
STRINGS,ACC4,Ending 3,33,29,285,0.0,0.5684217192982456,0.21149564912280702,0.4860824561403509,0.040156140350877195,0.0,0,0,0,0,5,0
WOODWIND,ACC1,Variation 1,4,2,285,0.0,0.1649119649122807,0.31161680701754385,0.45948133333333335,0.17620666666666668,0.0,0,0,0,1,0,0
BRASS,ACC2,Ending 3,15,14,284,0.0,0.23239503521126761,0.36322721830985916,0.34662778169014086,0.2373280985915493,0.0,2,2,2,2,3,3
ORGAN,ACC3,Fill 2,22,13,283,0.0,0.3038867491166078,0.20893646643109542,0.5004793639575972,0.1621007067137809,0.0,3,0,1,26,3,0
WOODWIND,ACC3,Intro 2,12,8,282,0.0,0.3510641134751773,0.22922602836879433,0.4577136170212766,0.20815567375886523,0.0,8,1,0,17,0,0
WOODWIND,ACC1,Variation 3,7,3,282,0.0,0.23049702127659571,0.3223276595744681,0.3885297872340426,0.2543259574468085,0.0,0,0,0,0,6,0
CHOIR_VOICE,ACC5,Ending 1,11,6,281,0.0,0.3665480427046263,0.2835968683274021,0.46882868327402133,0.14725900355871885,0.0,2,4,0,6,13,0
OTHER_ACC,ACC5,Intro 2,12,10,278,0.0,0.32014478417266184,0.4167660071942446,0.10166888489208632,0.30741075539568347,0.0,0,5,1,2,17,0
ORGAN,ACC2,Variation 2,7,3,278,0.0,0.1942470143884892,0.488218273381295,0.277398417266187,0.13769719424460433,0.0,0,0,0,1,9,0
SYNTH_LEAD,ACC3,Variation 3,10,8,277,0.0,0.49819667870036105,0.8059712635379062,0.03465703971119134,0.050430180505415166,0.0,0,0,0,0,12,0
BRASS,ACC4,Variation 1,12,5,277,0.0,0.48736458483754513,0.6842506498194946,0.2425937906137184,0.011477906137184116,0.0,0,0,0,3,4,0
STRINGS,ACC5,Fill 2,42,34,276,0.0,0.46376782608695655,0.24519500000000002,0.18478260869565216,0.0,0.0,0,1,0,8,0,0
PIANO,ACC4,Variation 2,14,7,275,0.0,0.3018189818181818,0.06313389090909091,0.7312900363636363,0.17849301818181817,0.0,0,0,4,0,5,0
BRASS,ACC2,Fill 2,17,12,275,0.0,0.24363643636363638,0.3720351272727273,0.24222378181818183,0.2702146909090909,0.0,3,2,0,0,4,0
ORGAN,ACC1,Variation 3,5,3,274,0.0,0.9416068613138685,0.8043390510948906,0.11678832116788321,0.007508759124087591,0.0,0,0,0,1,1,0
BRASS,BASS,Intro 1,12,6,273,0.0,0.37362688644688646,0.19606945054945052,0.368436336996337,0.15779589743589745,0.0,0,0,0,0,0,14
ORGAN,ACC4,Ending 3,12,10,273,0.0,0.27106139194139195,0.2760238461538462,0.6168503296703296,0.044954798534798536,0.0,3,0,0,51,4,0
ACCORDION_REED,ACC5,Variation 4,2,1,272,0.0,0.23529,0.7037,0.2963,0.0,0.0,16,0,0,16,0,0
PAD,ACC3,Variation 4,16,9,270,0.0,0.3814778888888889,0.15215125925925926,0.5956057037037037,0.14800311111111114,0.0,2,0,0,6,4,0
PLUCK,ACC4,Ending 3,3,3,269,0.0,0.21933379182156132,0.0341546468401487,0.7851561338289963,0.16901635687732344,0.0,0,0,16,184,0,0
STRINGS,ACC1,Fill 2,14,10,268,0.0,0.2611943656716418,0.3238580597014925,0.18049149253731342,0.39849701492537315,0.0,0,3,0,1,7,49
MALLET,ACC3,Variation 3,7,4,264,0.0,0.9772727272727273,0.5704629545454545,0.2305189393939394,0.027199848484848483,0.0,14,0,0,0,2,0
STRINGS,BASS,Intro 1,4,2,263,0.0,0.17870737642585555,0.6814105323193916,0.11687752851711027,0.023187604562737645,0.0,0,0,0,0,0,0
WOODWIND,ACC2,Intro 1,8,4,260,0.0,0.3230759615384616,0.2991914230769231,0.38309619230769226,0.23825623076923075,0.0,1,0,0,7,5,0
GUITAR,ACC5,Fill 2,25,18,260,0.0,0.3499998076923077,0.26566996153846156,0.2889737307692308,0.19203565384615384,0.08382276923076923,9,5,0,52,10,50
MALLET,ACC3,Ending 1,12,6,259,0.0,0.2818542084942085,0.18683490347490347,0.5490598069498069,0.14343247104247106,0.0,5,0,1,2,7,0
PAD,ACC3,Intro 1,14,7,257,0.0,0.26848435797665365,0.0226979766536965,0.8266631128404669,0.12386459143968873,0.0,8,0,0,0,1,0
ORGAN,ACC1,Ending 2,2,2,257,0.0,0.35408575875486387,0.27552902723735406,0.6148779377431907,0.08219311284046692,0.0,5,0,0,43,0,0
BASS,ACC5,Variation 2,4,1,256,0.0,0.640625546875,0.721916484375,0.0,0.0,0.0,0,0,0,0,0,0
MALLET,ACC2,Intro 1,6,3,254,0.0,0.3661402755905512,0.5622914566929134,0.040438070866141734,0.14208515748031497,0.0,0,0,0,0,3,0
PLUCK,ACC3,Variation 2,2,1,252,0.0,0.15476499999999999,0.04,0.812,0.032,0.0,2,0,0,12,1,0
PLUCK,ACC3,Variation 4,2,1,252,0.0,0.15476499999999999,0.04,0.812,0.032,0.0,2,0,0,12,1,0
PIANO,ACC5,Variation 3,22,12,252,0.0,0.5000010714285714,0.43319837301587305,0.3508600793650794,0.11940900793650792,0.0,0,2,0,3,7,8
PIANO,ACC4,Intro 2,6,5,249,0.0,0.29719064257028116,0.013233172690763054,0.9514801606425703,0.035286666666666675,0.0,0,0,0,33,3,0
ORGAN,ACC2,Intro 2,6,5,248,0.0,0.2298385080645161,0.2967516935483871,0.5314208870967742,0.012883991935483872,0.0,4,1,0,53,2,0
SYNTH_LEAD,ACC4,Ending 2,9,7,248,0.0,0.2701618548387097,0.5702676209677419,0.22344701612903228,0.0870496370967742,0.0,2,0,9,9,4,0
OTHER_ACC,ACC5,Fill 2,29,21,246,0.0,0.32113878048780486,0.23610491869918698,0.4106189837398374,0.1773169918699187,0.0,6,3,0,8,10,0
SYNTH_LEAD,ACC3,Variation 1,8,6,246,0.0,0.516260650406504,0.8932607317073171,0.0,0.004319105691056911,0.0,0,0,1,0,8,0
BRASS,ACC5,Fill 2,27,20,246,0.0,0.25203162601626017,0.23510056910569105,0.3720560162601626,0.21752739837398374,0.0,3,0,3,5,4,0
PIANO,ACC3,Ending 1,6,3,245,0.0,0.24897983673469387,0.04196587755102041,0.7526717551020409,0.16214473469387755,0.0,18,0,0,2,0,0
WOODWIND,ACC1,Variation 2,4,2,245,0.0,0.17551016326530613,0.41038330612244894,0.39474359183673463,0.14132971428571428,0.0,0,0,0,0,6,0
ACCORDION_REED,ACC5,Ending 1,9,5,245,0.0,0.24081722448979595,0.35500461224489793,0.2549201224489796,0.15922963265306123,0.0,2,6,0,3,5,0
BASS,BASS,Intro 3,71,68,241,0.0,0.531120041493776,0.1410002489626556,0.32348402489626554,0.15838738589211618,0.09735244813278007,0,3,2,0,5,90
ORGAN,ACC2,Ending 2,7,7,240,0.0,0.21666666666666667,0.19860870833333333,0.5532603333333334,0.15340275,0.0,1,0,3,22,3,0
SYNTH_LEAD,ACC3,Variation 2,9,7,237,0.0,0.5696201687763712,0.8148810126582279,0.008438818565400843,0.0451324894514768,0.0,0,0,0,0,9,0
CHOIR_VOICE,ACC4,Variation 3,10,5,236,0.0,0.940677966101695,0.5378866101694915,0.4576271186440678,0.004486271186440678,0.0,0,2,0,0,5,17
PAD,ACC1,Variation 2,6,4,236,0.0,0.5466100847457627,0.4016,0.37417627118644065,0.1727322033898305,0.0,0,0,0,0,8,0
BRASS,BASS,Variation 4,18,6,235,0.0,0.514894170212766,0.15987634042553192,0.12579787234042553,0.24769723404255317,0.0,0,0,0,0,0,10
ORGAN,ACC2,Ending 3,9,7,234,0.0,0.24786388888888888,0.16330068376068374,0.6827959829059829,0.06375299145299144,0.0,8,0,0,51,4,0
WOODWIND,ACC5,Variation 3,15,4,234,0.0,0.346152905982906,0.24732170940170942,0.15113470085470088,0.11857401709401708,0.0,0,0,0,0,0,0
PIANO,ACC3,Variation 1,6,3,233,0.0,0.1931343347639485,0.19664343347639485,0.6643776824034335,0.08279416309012877,0.0,0,0,1,114,3,0
SYNTH_LEAD,ACC4,Variation 4,9,6,233,0.0,0.22317201716738197,0.3746829184549356,0.13707081545064378,0.030723175965665237,0.0,1,0,21,39,7,0
PERCUSSION,PERC,Intro 2,4,4,233,0.2660974248927038,0.24892716738197426,0.317201974248927,0.5680521888412017,0.017599227467811156,0.0,1,0,2,34,0,65
SYNTH_LEAD,ACC5,Intro 1,7,4,233,0.0,0.802576051502146,0.4701390557939914,0.2719776394849785,0.24405115879828324,0.0,0,0,0,0,8,0
SYNTH_LEAD,ACC2,Ending 1,2,1,233,0.0,0.13304738197424892,0.6550312875536481,0.13096957081545063,0.03928712446351931,0.0,0,2,6,26,3,0
BASS,ACC5,Intro 1,4,2,232,0.0,0.3750024568965517,0.45592672413793106,0.18230064655172415,0.05778556034482758,0.017780172413793104,0,0,2,0,0,0
BASS,ACC5,Ending 1,4,2,230,0.0,0.20000260869565217,0.45117286956521735,0.1794075652173913,0.09881339130434783,0.0,0,2,2,0,2,0
WOODWIND,ACC2,Ending 1,8,4,229,0.0,0.22707650655021835,0.2160814847161572,0.3540008733624454,0.2552313537117904,0.0,1,1,0,1,0,0
BRASS,BASS,Variation 3,18,6,229,0.0,0.5065490829694324,0.17895829694323145,0.14847161572052403,0.19918676855895198,0.0,0,0,0,0,0,10
OTHER_ACC,ACC1,Break,40,33,227,0.0,0.2995604845814978,0.1311302202643172,0.2924444933920705,0.004894713656387665,0.0,3,1,0,4,4,6
WOODWIND,ACC4,Fill 2,17,11,226,0.0,0.28761022123893804,0.2768635398230089,0.43886305309734513,0.08008858407079646,0.0,5,1,2,11,3,0
STRINGS,ACC4,Fill 2,37,27,225,0.0,0.5422212444444444,0.08126968888888889,0.6173016888888888,0.03611111111111111,0.0,0,0,0,0,0,11
STRINGS,ACC2,Fill 2,16,15,222,0.0,0.4009014414414414,0.12065635135135135,0.537783918918919,0.08027351351351351,0.0,2,1,0,12,5,36
BRASS,ACC4,Fill 2,26,19,218,0.0,0.33027564220183486,0.44003577981651376,0.1399735779816514,0.22743211009174313,0.0,0,0,0,0,9,1
ORGAN,ACC3,Break,12,9,217,0.0,0.18893797235023044,0.074853133640553,0.8159042857142857,0.07652368663594471,0.0,2,0,0,121,0,0
ACCORDION_REED,ACC4,Variation 1,3,2,213,0.0,0.2816892018779343,0.9620657276995306,0.0,0.0,0.0,0,0,1,0,5,0
MALLET,ACC5,Ending 2,11,9,212,0.0,0.20283056603773583,0.18254716981132077,0.30870566037735847,0.434402641509434,0.0,0,0,8,33,3,3
OTHER_ACC,ACC3,Break,22,22,210,0.0,0.3714286666666667,0.25380971428571425,0.4841270952380953,0.04619052380952381,0.0,1,1,0,19,4,2
STRINGS,ACC5,Variation 1,18,14,210,0.0,0.3714260952380953,0.04290190476190476,0.8711501904761905,0.024043142857142857,0.0,4,0,0,0,0,0
PAD,ACC3,Ending 2,14,10,210,0.0,0.41428509523809526,0.2509854761904762,0.30410566666666666,0.38593790476190476,0.0,6,0,0,0,5,0
CHOIR_VOICE,ACC2,Intro 1,4,2,207,0.0,0.49758449275362315,0.2722183574879227,0.35480386473429953,0.044169275362318836,0.0,1,0,8,0,0,0
STRINGS,ACC2,Ending 3,18,17,201,0.0,0.5373142288557214,0.21286318407960197,0.372038855721393,0.16190477611940296,0.0,5,1,0,6,6,15
BASS,ACC4,Intro 1,3,2,201,0.0,0.13433149253731347,0.4223092537313433,0.03917910447761194,0.010626268656716419,0.02011223880597015,0,19,1,0,21,2
SYNTH_LEAD,BASS,Intro 1,4,2,198,0.0,0.6363639393939393,0.5750763636363636,0.0,0.2186060606060606,0.0,0,0,0,20,16,0
OTHER_ACC,ACC5,Variation 1,11,7,198,0.0,0.6161618686868687,0.3399961616161616,0.17046863636363638,0.23982409090909093,0.0,0,6,0,0,6,0
PIANO,ACC4,Ending 2,7,6,198,0.0,0.3030308080808081,0.23939393939393938,0.4898989898989899,0.01818181818181818,0.0,0,0,0,0,5,0
BASS,ACC5,Variation 1,3,1,194,0.0,0.6237100515463918,0.7297324742268042,0.0,0.0,0.0,0,0,0,0,0,0
STRINGS,ACC5,Ending 3,36,33,192,0.0,0.44791671875,0.20526406249999998,0.32280473958333333,0.10550572916666667,0.0,2,1,0,1,3,0
BRASS,ACC1,Variation 1,5,2,191,0.0,0.39790680628272257,0.5511298952879581,0.34821141361256547,0.058522722513089,0.0,3,0,0,0,5,0
PLUCK,ACC3,Ending 2,4,2,190,0.0,0.1421041052631579,0.38135957894736844,0.36188084210526317,0.16941921052631578,0.0,0,0,0,7,2,0
GUITAR,ACC5,Fill 1,17,12,189,0.0,0.30158756613756615,0.34459,0.2548452380952381,0.16521941798941797,0.1402116402116402,4,2,2,11,7,42
PERCUSSION,PERC,Ending 2,8,8,187,0.27272679144385026,0.3048120855614973,0.4579135294117647,0.1446368983957219,0.12040037433155082,0.0,0,8,3,59,2,0
BRASS,BASS,Variation 2,16,6,187,0.0,0.49732705882352946,0.2421513368983957,0.0,0.20176139037433155,0.0,0,0,0,0,0,4
OTHER_ACC,ACC4,Break,23,18,186,0.0,0.2419379569892473,0.024655967741935483,0.7109746236559139,0.0228494623655914,0.0,0,1,3,47,1,2
CHOIR_VOICE,ACC4,Intro 1,6,3,186,0.0,0.5322574193548387,0.32135204301075265,0.6209682795698925,0.018970000000000004,0.0,0,10,0,1,9,0
BRASS,ACC1,Variation 4,5,2,186,0.0,0.5860193548387096,0.2444310752688172,0.5202675268817205,0.0,0.0,0,0,1,0,5,0
BRASS,ACC4,Fill 1,16,12,184,0.0,0.3749995652173913,0.37604608695652175,0.354045,0.17268641304347826,0.0,0,1,0,0,2,6
PIANO,ACC5,Ending 2,11,9,184,0.0,0.5108691304347827,0.4951398913043478,0.2041171195652174,0.11069951086956521,0.0,0,0,2,8,6,0
SYNTH_LEAD,ACC2,Variation 3,4,1,184,0.0,0.2608708695652174,0.6000282608695653,0.10001739130434782,0.0555295652173913,0.0,0,16,0,72,28,0
MALLET,ACC4,Ending 2,6,5,182,0.0,0.20878994505494505,0.48303439560439565,0.232925,0.04549807692307692,0.0,6,0,13,29,6,0
PIANO,ACC5,Variation 1,10,5,180,0.0,0.4722232777777778,0.4633406111111111,0.17305616666666668,0.144628,0.0,0,3,0,2,4,0
BRASS,ACC5,Fill 1,22,14,180,0.0,0.45555527777777777,0.31866416666666664,0.41797605555555556,0.07474866666666667,0.0,2,2,1,3,3,2
WOODWIND,ACC3,Ending 3,11,9,180,0.0,0.27222183333333333,0.32918455555555554,0.34738744444444447,0.13701466666666667,0.0,0,0,1,24,2,0
WOODWIND,ACC1,Ending 2,2,2,180,0.0,0.25556,0.14118,0.50588,0.34118,0.0,0,4,2,0,4,0
SYNTH_LEAD,ACC2,Variation 1,3,1,180,0.0,0.19444333333333333,0.8531099999999999,0.14689,0.0,0.0,0,7,7,70,12,0
CHOIR_VOICE,ACC5,Variation 2,4,2,177,0.0,0.2090434463276836,0.06902412429378532,0.8331959887005649,0.0632725988700565,0.0,0,0,0,6,4,0
WOODWIND,ACC4,Ending 2,15,13,176,0.0,0.3068174431818182,0.2353590909090909,0.5120701704545454,0.139611875,0.0,4,3,1,21,6,0
MALLET,ACC5,Variation 3,8,4,175,0.0,0.6800001714285714,0.35032285714285716,0.14126919999999998,0.49371428571428577,0.0,0,0,11,0,0,4
WOODWIND,ACC3,Fill 2,11,7,173,0.0,0.26011439306358386,0.3300767630057803,0.48851630057803463,0.06469803468208092,0.0,3,0,2,19,0,0
PLUCK,ACC1,Ending 1,2,1,173,0.0,0.22543404624277458,0.011694624277456647,0.8421087283236994,0.14619670520231215,0.0,0,0,0,169,0,0
STRINGS,ACC4,Variation 1,14,9,172,0.0,0.4767446511627907,0.02495720930232558,0.6086227906976744,0.09935395348837209,0.0,0,0,0,0,5,0
STRINGS,BASS,Ending 1,4,2,170,0.0,0.11176082352941176,0.5326407058823529,0.09328870588235294,0.16606376470588236,0.0,0,2,0,0,2,0
ORGAN,ACC4,Variation 2,8,6,170,0.0,0.29412,0.1043705882352941,0.5832883529411764,0.12239705882352941,0.0,3,0,0,5,1,0
PAD,ACC2,Ending 1,4,2,168,0.0,0.5476151785714285,0.9522533333333334,0.041666666666666664,0.0,0.0,0,0,0,0,8,0
ORGAN,ACC2,Fill 2,10,6,167,0.0,0.28742556886227544,0.1879179640718563,0.43694766467065865,0.12778359281437124,0.0,2,0,0,21,1,0
SYNTH_LEAD,BASS,Ending 1,4,2,166,0.0,0.41565915662650604,0.2594831325301205,0.06202746987951807,0.20370168674698796,0.0,0,4,0,6,8,0
SYNTH_LEAD,ACC3,Ending 2,9,7,164,0.0,0.3475612195121951,0.8469143902439024,0.03252,0.04922414634146341,0.0,0,0,0,2,6,0
PLUCK,ACC3,Ending 1,2,1,164,0.0,0.19512,0.09375,0.7125,0.0875,0.0,0,0,2,2,0,0
CHOIR_VOICE,ACC5,Intro 1,8,5,163,0.0,0.2638050306748466,0.2643878527607362,0.5466857055214723,0.1632820245398773,0.0,1,3,0,4,5,0
PIANO,ACC3,Intro 2,3,3,163,0.0,0.2515325153374233,0.3784963190184049,0.3073480981595092,0.18824871165644172,0.0,0,0,1,0,1,0
STRINGS,ACC2,Fill 1,9,8,162,0.0,0.3950619135802469,0.029629629629629634,0.757799012345679,0.11373925925925926,0.0,5,0,0,2,1,39
SYNTH_LEAD,ACC2,Variation 4,4,2,162,0.0,0.14197962962962962,0.8678333333333333,0.05664148148148148,0.07552518518518518,0.0,0,0,33,36,0,0
PIANO,ACC4,Fill 2,11,7,161,0.0,0.3354049689440994,0.0960291304347826,0.7714446583850931,0.08742981366459628,0.0,0,0,0,1,5,0
ORGAN,ACC4,Break,7,7,161,0.0,0.19254708074534163,0.03218335403726708,0.9172809316770186,0.007057453416149068,0.0,0,0,0,119,0,0
BRASS,ACC1,Ending 1,4,2,160,0.0,0.1749978125,0.32791025,0.4026158125,0.18920125000000002,0.0,0,6,1,6,6,0
BRASS,ACC1,Intro 1,5,3,157,0.0,0.20382382165605095,0.32513980891719746,0.36563707006369434,0.24831649681528667,0.0,2,5,2,5,5,0
CHOIR_VOICE,ACC5,Variation 3,8,3,157,0.0,0.22929872611464971,0.0,0.8326324203821658,0.12915101910828025,0.0,0,0,0,0,0,0
OTHER_ACC,ACC5,Ending 3,17,15,156,0.0,0.3589742307692308,0.23316570512820511,0.45305384615384614,0.14786346153846155,0.0,6,1,0,2,7,0
WOODWIND,ACC4,Variation 2,6,3,156,0.0,0.5705153846153846,0.06808692307692309,0.8587876923076923,0.05215384615384615,0.0,23,0,0,8,0,12
ACCORDION_REED,ACC1,Ending 1,6,3,155,0.0,0.21290174193548386,0.2601570322580645,0.29934077419354843,0.05613212903225806,0.0,5,0,0,1,2,0
CHOIR_VOICE,ACC2,Ending 1,4,2,154,0.0,0.5064941558441559,0.35093246753246754,0.14772727272727273,0.0593703896103896,0.0,0,0,8,0,0,0
WOODWIND,ACC1,Ending 3,4,3,154,0.0,0.3116892207792208,0.2025290909090909,0.33128545454545455,0.33303649350649356,0.0,0,2,2,4,2,0
PLUCK,ACC4,Fill 2,5,3,153,0.0,0.3464065359477124,0.026552287581699346,0.7133352941176471,0.14246111111111112,0.0,0,1,8,92,2,18
PLUCK,ACC3,Intro 1,2,1,152,0.0,0.18421,0.05333000000000001,0.77333,0.08,0.0,0,0,2,2,0,0
ORGAN,ACC1,Variation 4,3,2,150,0.0,0.5733312,0.5550122666666667,0.33488213333333333,0.11010560000000001,0.0,8,0,0,8,0,0
ORGAN,ACC5,Fill 2,6,3,149,0.0,0.5838929530201342,0.0,0.4966442953020134,0.05249221476510067,0.0,0,0,0,0,0,0
MALLET,ACC1,Variation 2,3,2,148,0.0,0.20945837837837838,0.8779,0.016216216216216217,0.032432432432432434,0.0,0,0,0,0,1,0
ORGAN,ACC4,Fill 1,8,7,148,0.0,0.5743254054054053,0.02707716216216216,0.8360713513513514,0.0577004054054054,0.0,0,0,0,26,0,0
ACCORDION_REED,ACC3,Ending 3,8,7,147,0.0,0.2517015646258503,0.7987515646258504,0.07936619047619048,0.05347687074829932,0.0,2,1,0,3,8,0
ORGAN,ACC4,Fill 2,12,10,145,0.0,0.413790275862069,0.536727448275862,0.25021627586206896,0.007881931034482759,0.0,1,0,1,8,1,0
WOODWIND,ACC3,Fill 1,10,6,144,0.0,0.2569440972222222,0.18254993055555555,0.4916947222222222,0.2630695138888889,0.0,1,0,0,19,3,0
BASS,ACC4,Variation 4,3,1,144,0.0,0.125,0.021280000000000004,0.0,0.0,0.0,0,3,0,0,3,0
BASS,ACC5,Intro 2,4,2,142,0.0,0.6408429577464789,0.6644739436619719,0.04225352112676056,0.04225352112676056,0.0,0,0,1,0,1,0
OTHER,BASS,Break,52,49,140,0.0,0.6285716428571428,0.40594142857142856,0.141656,0.14755428571428572,0.0,0,1,0,1,1,24
PAD,ACC4,Variation 4,14,11,140,0.0,0.37142707142857145,0.30918485714285715,0.34709671428571426,0.1580082857142857,0.0,0,0,0,0,0,0
MALLET,ACC3,Ending 2,7,5,139,0.0,0.22302287769784174,0.3462710791366907,0.22002359712230218,0.27100705035971223,0.0,2,0,0,1,7,0
PLUCK,ACC1,Intro 1,2,1,139,0.0,0.17985352517985612,0.17651942446043167,0.7058471942446043,0.117633381294964,0.0,5,0,0,32,0,0
SYNTH_LEAD,ACC2,Intro 1,2,1,138,0.0,0.15942217391304347,0.83828,0.05895217391304347,0.007342173913043478,0.0,0,7,3,34,12,0
STRINGS,ACC4,Fill 1,25,17,137,0.0,0.5985402189781022,0.08743080291970803,0.5791735766423357,0.09452554744525547,0.0,0,1,0,3,1,0
PERCUSSION,PERC,Fill 2,9,6,136,0.26470610294117647,0.21323492647058825,0.33635816176470584,0.34050588235294116,0.04727316176470588,0.0,1,1,4,21,2,10
MALLET,ACC3,Variation 2,6,4,136,0.0,0.41176426470588234,0.061886911764705885,0.6062858823529412,0.11540470588235295,0.0,15,0,0,0,0,0
CHOIR_VOICE,ACC4,Ending 1,6,3,135,0.0,0.7185183703703705,0.362962962962963,0.6108933333333334,0.026143703703703704,0.0,0,7,0,0,9,0
PLUCK,ACC2,Ending 2,5,4,135,0.0,0.19259251851851852,0.3680474074074073,0.49259555555555556,0.07003999999999999,0.0,15,0,0,12,0,0
WOODWIND,ACC1,Intro 2,4,3,134,0.0,0.3582113432835821,0.22001611940298507,0.4702107462686567,0.2942828358208955,0.0,2,2,2,2,2,0
BRASS,BASS,Variation 1,15,6,133,0.0,0.5714292481203007,0.20300751879699247,0.05827067669172932,0.18045112781954886,0.0,0,0,0,0,0,3
MALLET,ACC5,Intro 2,5,4,133,0.0,0.3458607518796992,0.0553787969924812,0.0,0.6995992481203007,0.0,0,0,8,0,0,1
ACCORDION_REED,ACC1,Intro 1,4,2,133,0.0,0.21804684210526318,0.2119530827067669,0.7065264661654135,0.08152045112781955,0.0,3,0,0,0,2,0
ACCORDION_REED,ACC4,Intro 2,7,5,131,0.0,0.2061059541984733,0.3216992366412214,0.1642702290076336,0.19961236641221375,0.0,0,1,0,2,5,0
SYNTH_LEAD,ACC1,Intro 1,4,2,131,0.0,0.16030267175572518,0.40723297709923667,0.11450381679389313,0.10027969465648855,0.0,0,3,12,0,6,0
MALLET,ACC4,Intro 2,4,3,130,0.0,0.2538486153846154,0.4123395384615385,0.45583746153846155,0.07390484615384615,0.0,4,1,2,24,5,0
ACCORDION_REED,ACC3,Ending 2,6,6,129,0.0,0.22480511627906977,0.4850206201550388,0.2688952713178294,0.04324922480620155,0.0,4,0,0,5,3,0
PIANO,ACC3,Variation 2,3,2,128,0.0,0.17187750000000002,0.431688125,0.16826875000000002,0.13621875,0.0,0,0,0,0,5,0
ORGAN,ACC1,Variation 2,2,1,128,0.0,0.625,0.2381,0.50794,0.25397,0.0,16,0,0,16,0,0
STRINGS,ACC3,Break,27,22,127,0.0,0.4881893700787402,0.12113393700787402,0.5005706299212599,0.0,0.0,0,1,0,0,2,12
MALLET,ACC1,Variation 3,3,2,126,0.0,0.2936528571428571,0.47802,0.33936428571428573,0.1490014285714286,0.0,0,2,2,0,0,0
PLUCK,ACC2,Intro 2,4,3,125,0.0,0.31999928,0.25649736,0.6194251199999999,0.09109936,0.0,11,0,0,3,1,0
CHOIR_VOICE,ACC3,Ending 1,4,2,125,0.0,0.23999768,0.41352111999999996,0.34179352,0.19190096,0.0,0,0,0,0,2,0
STRINGS,BASS,Ending 2,4,2,124,0.0,0.2258058064516129,0.35069225806451615,0.05259677419354839,0.4383535483870968,0.0,0,2,0,0,2,0
CHOIR_VOICE,ACC2,Variation 4,5,3,123,0.0,0.44715170731707315,0.31563853658536584,0.6843614634146342,0.0,0.0,0,1,0,0,2,0
BRASS,ACC1,Intro 2,3,2,119,0.0,0.19327957983193278,0.09179806722689077,0.862302268907563,0.04589966386554622,0.0,0,0,0,0,2,0
BRASS,ACC1,Variation 3,5,2,118,0.0,0.2881376271186441,0.16779661016949154,0.7408345762711864,0.07272474576271187,0.0,0,0,0,0,3,0
WOODWIND,ACC1,Fill 2,6,4,118,0.0,0.11864474576271185,0.019370847457627117,0.7134783050847457,0.11864372881355933,0.0,6,0,0,2,0,0
WOODWIND,ACC2,Variation 3,4,2,117,0.0,0.3760695726495727,0.42279264957264956,0.5772073504273504,0.0,0.0,0,0,0,0,1,0
MALLET,ACC5,Fill 2,9,6,116,0.0,0.8793111206896552,0.19020379310344826,0.10004482758620689,0.5451203448275862,0.0,0,0,5,0,0,1
WOODWIND,ACC5,Ending 2,7,6,116,0.0,0.2931050862068965,0.15357318965517242,0.3254030172413793,0.3601711206896552,0.0,0,2,2,26,1,0
MALLET,ACC4,Ending 3,5,4,114,0.0,0.21052719298245615,0.3493779824561404,0.26370245614035087,0.12139412280701756,0.0,4,2,6,35,6,0
CHOIR_VOICE,ACC4,Variation 2,4,2,114,0.0,0.9736836842105263,0.14860736842105263,0.8421052631578947,0.009287368421052631,0.0,0,0,0,0,2,0
WOODWIND,ACC2,Variation 4,4,2,113,0.0,0.2920375221238938,0.6883069026548672,0.19254132743362834,0.11915176991150443,0.0,2,0,0,0,2,0
PERCUSSION,PERC,Fill 1,9,7,112,0.24107214285714287,0.20535544642857143,0.345811875,0.21329178571428573,0.05027517857142857,0.0,0,3,0,27,3,10
PAD,ACC3,Variation 2,19,9,112,0.0,0.4285735714285714,0.13602785714285714,0.3487394642857143,0.18172330357142857,0.0,0,0,0,0,2,0
SYNTH_LEAD,ACC1,Ending 1,4,2,111,0.0,0.28828657657657664,0.49624846846846843,0.1981981981981982,0.06481333333333333,0.0,0,2,2,0,3,36
MALLET,ACC2,Variation 3,6,3,109,0.0,0.3944949541284404,0.6465296330275229,0.0,0.14125761467889908,0.0,0,0,0,0,6,0
GUITAR,ACC5,Break,14,11,109,0.0,0.5045879816513762,0.2787892660550459,0.23151018348623853,0.3594253211009174,0.15137559633027525,3,1,0,26,3,34
ORGAN,ACC2,Fill 1,7,5,108,0.0,0.29629500000000003,0.3051300925925926,0.38653472222222224,0.22091388888888888,0.0,2,0,0,14,1,0
PIANO,ACC3,Fill 2,4,3,107,0.0,0.17757261682242992,0.05180859813084112,0.847622429906542,0.039007850467289724,0.0,2,0,0,44,1,0
BRASS,BASS,Intro 2,10,6,106,0.0,0.40566009433962263,0.07756830188679245,0.18097566037735852,0.4166654716981132,0.0,0,0,0,0,2,2
STRINGS,BASS,Variation 2,5,2,104,0.0,0.29807846153846157,0.3344255769230769,0.14634365384615383,0.0,0.0,0,0,0,0,0,0
WOODWIND,ACC5,Variation 2,12,4,104,0.0,0.14423115384615384,0.23892653846153847,0.35897769230769233,0.12820384615384614,0.0,0,0,0,0,0,0
STRINGS,ACC5,Break,24,22,103,0.0,0.699029223300971,0.2884885436893204,0.11927844660194174,0.0,0.0,0,0,0,0,0,0
GUITAR,ACC2,Intro 3,12,12,103,0.0,0.7281551456310679,0.4201800970873787,0.22896533980582523,0.02225,0.18642446601941748,1,0,0,0,2,18
SYNTH_LEAD,ACC3,Intro 2,5,3,102,0.0,0.6078429411764706,0.9144376470588235,0.0,0.0,0.0,0,0,0,0,5,0
MALLET,ACC5,Ending 3,8,8,101,0.0,0.6336634653465347,0.1704391089108911,0.14521524752475246,0.5155242574257426,0.0,0,0,5,0,0,2
GUITAR,ACC3,Intro 3,10,9,101,0.0,0.6138611881188119,0.3488922772277228,0.12946366336633663,0.11449168316831684,0.023762376237623766,0,0,0,3,1,14
CHOIR_VOICE,ACC5,Ending 2,7,5,101,0.0,0.29702673267326735,0.22521504950495053,0.6331358415841584,0.13051722772277227,0.0,0,0,2,0,0,0
CHOIR_VOICE,ACC3,Intro 1,4,2,101,0.0,0.6534639603960396,0.4207918811881187,0.36243643564356437,0.041404554455445546,0.0,0,0,0,0,3,0
STRINGS,ACC4,Break,22,20,100,0.0,0.5399994,0.10785679999999999,0.4430958,0.0,0.0,0,0,0,0,0,4
PAD,ACC1,Ending 2,4,3,100,0.0,0.2399997,0.0721875,0.3063689,0.40076880000000004,0.0,0,0,1,0,0,0
PAD,ACC2,Intro 1,4,2,100,0.0,0.2399998,0.8897856000000001,0.1,0.0,0.0,0,0,0,0,4,0
CHOIR_VOICE,ACC5,Variation 1,3,1,98,0.0,0.19387744897959183,0.031704693877551024,0.9139305102040817,0.05436479591836735,0.0,0,0,0,0,0,0
ORGAN,ACC1,Intro 2,2,2,96,0.0,0.635415,0.454545,0.0,0.18182,0.0,0,0,0,0,3,0
BASS,ACC4,Variation 2,2,1,96,0.0,0.10417,0.53191,0.0,0.0,0.06383,0,2,0,0,2,0
MALLET,ACC3,Fill 2,10,6,95,0.0,0.6315784210526315,0.33157894736842103,0.4263157894736842,0.0,0.0,0,0,0,4,3,0
PERCUSSION,PERC,Ending 3,7,7,95,0.25263052631578947,0.30526347368421053,0.34031842105263155,0.1913372631578947,0.10686536842105264,0.0,0,4,1,30,2,0
PIANO,ACC5,Fill 2,13,12,95,0.0,0.43157957894736837,0.4621063157894737,0.17824568421052633,0.1612283157894737,0.0,3,1,0,11,4,0
BRASS,ACC3,Break,18,16,94,0.0,0.4680847872340425,0.10425595744680853,0.3916217021276596,0.0764627659574468,0.0,0,0,0,11,0,1
PAD,ACC5,Ending 2,12,12,94,0.0,0.2872351063829787,0.11312117021276596,0.3361702127659575,0.07021276595744681,0.0,1,0,0,0,2,0
PAD,ACC3,Ending 3,11,10,94,0.0,0.4042567021276596,0.1878622340425532,0.1473404255319149,0.3170212765957447,0.0,0,0,0,0,2,0
STRINGS,BASS,Variation 4,4,2,94,0.0,0.4361701063829787,0.5106382978723404,0.06672936170212766,0.1334636170212766,0.0,0,0,0,1,0,0
SYNTH_LEAD,ACC5,Variation 4,10,4,94,0.0,0.9361702127659575,0.7943268085106383,0.022694468085106383,0.03404255319148936,0.0,0,0,0,0,1,0
PLUCK,ACC5,Ending 2,2,1,94,0.0,0.12766,0.0,0.47826,0.41304,0.0,2,0,0,80,0,0
WOODWIND,ACC5,Fill 2,9,5,93,0.0,0.2150556989247312,0.016129032258064516,0.5128963440860215,0.3178636559139785,0.0,0,5,2,0,0,0
PIANO,ACC3,Ending 2,2,2,92,0.0,0.21738847826086954,0.1333695652173913,0.5554891304347827,0.2667934782608696,0.0,0,0,0,0,1,0
PIANO,ACC2,Break,12,11,92,0.0,0.23913119565217392,0.43726695652173914,0.03369565217391304,0.037267826086956515,0.0,0,2,0,1,3,0
PLUCK,ACC2,Fill 2,6,3,92,0.0,0.34782717391304346,0.16420760869565218,0.5742758695652175,0.07104130434782609,0.0,8,1,0,11,0,0
PAD,ACC4,Ending 2,10,10,92,0.0,0.3260870652173913,0.3783008695652174,0.36457391304347825,0.0,0.0,0,1,0,7,3,0
OTHER_ACC,ACC5,Fill 1,13,11,91,0.0,0.5164838461538461,0.30416,0.3716145054945055,0.20554417582417586,0.0,0,1,0,0,4,2
PIANO,ACC4,Ending 3,6,5,90,0.0,0.35555555555555557,0.20987555555555557,0.74568,0.0,0.0,0,0,0,0,4,0
ORGAN,ACC5,Ending 3,5,5,89,0.0,0.3595516853932585,0.27752808988764044,0.6247191011235955,0.08370786516853933,0.0,0,0,0,8,1,0
ORGAN,ACC1,Fill 2,4,3,87,0.0,0.5402341379310345,0.7692513793103448,0.04827586206896552,0.0,0.0,0,0,0,0,0,0
PAD,ACC3,Fill 2,14,10,87,0.0,0.379312183908046,0.051086206896551724,0.4805229885057471,0.014367816091954023,0.0,1,0,0,1,0,0
WOODWIND,ACC4,Ending 3,11,10,86,0.0,0.33721011627906977,0.37955232558139534,0.27246302325581395,0.26090697674418606,0.0,0,2,0,22,4,2
STRINGS,BASS,Variation 1,4,2,86,0.0,0.31395372093023255,0.3665423255813954,0.20225511627906978,0.0,0.0,0,0,0,0,0,0
STRINGS,BASS,Variation 3,4,2,86,0.0,0.29069744186046514,0.33917209302325585,0.23013023255813952,0.0,0.0,0,0,0,0,0,0
ORGAN,ACC5,Intro 3,1,1,86,0.0,1.0,0.01176,0.98824,0.0,0.0,0,0,0,0,0,0
SYNTH_LEAD,ACC5,Variation 3,7,4,85,0.0,0.9764705882352941,0.878432,0.025097411764705882,0.037647058823529415,0.0,0,0,0,0,1,0
ORGAN,ACC2,Break,6,5,84,0.0,0.22619309523809522,0.20238095238095238,0.5455116666666667,0.026985476190476188,0.0,0,0,1,15,0,0
STRINGS,ACC5,Fill 1,20,15,84,0.0,0.511905238095238,0.017857142857142856,0.33630952380952384,0.01488095238095238,0.0,0,0,0,0,0,0
WOODWIND,ACC1,Fill 1,4,3,84,0.0,0.29761714285714286,0.10563857142857143,0.6617371428571429,0.20799571428571428,0.0,6,0,0,0,0,0
CHOIR_VOICE,ACC2,Variation 3,4,2,84,0.0,0.45238142857142855,0.14285714285714285,0.8571428571428571,0.0,0.0,0,0,0,0,4,0
PIANO,ACC4,Fill 1,8,5,83,0.0,0.33734819277108435,0.07228915662650602,0.927710843373494,0.0,0.0,0,0,0,0,2,0
PLUCK,ACC2,Fill 1,8,5,80,0.0,0.350001625,0.21785675000000002,0.67607075,0.052500000000000005,0.0,3,1,0,23,1,0
BRASS,ACC5,Break,17,15,79,0.0,0.44303683544303796,0.13425506329113923,0.4619474683544304,0.029535569620253166,0.0,1,0,0,0,3,6
GUITAR,ACC5,Intro 3,6,5,79,0.0,0.6202521518987342,0.10300177215189874,0.14631379746835443,0.5080650632911393,0.015471012658227848,1,1,0,32,3,33
ACCORDION_REED,ACC3,Fill 1,4,4,78,0.0,0.1923097435897436,0.9273492307692308,0.057692307692307696,0.0,0.0,1,2,0,4,3,0
PIANO,ACC5,Ending 3,7,7,78,0.0,0.6923074358974359,0.4386761538461539,0.18290641025641025,0.12382615384615385,0.0,2,0,0,11,0,0
PAD,ACC1,Ending 3,4,3,78,0.0,0.3717939743589743,0.05689102564102564,0.2962075641025641,0.4185360256410256,0.0,0,0,1,0,1,0
MALLET,ACC2,Variation 4,3,2,77,0.0,0.5194809090909092,0.7006801298701298,0.0,0.12844831168831167,0.0,0,0,0,0,3,0
ORGAN,ACC5,Ending 2,2,2,75,0.0,0.760002,0.249198,0.5292868,0.1384492,0.0,0,0,1,3,0,0
PAD,ACC3,Fill 1,10,7,75,0.0,0.413336,0.16926,0.5674066666666666,0.03666666666666667,0.0,1,0,0,1,0,0
PAD,ACC4,Variation 3,10,7,75,0.0,0.5200001333333334,0.08,0.5374354666666666,0.12923120000000002,0.0,0,0,0,0,0,0
STRINGS,ACC1,Break,13,11,74,0.0,0.27027,0.26891932432432436,0.45225256756756754,0.028828108108108107,0.0,2,0,0,0,2,12
ACCORDION_REED,ACC4,Fill 2,7,4,74,0.0,0.4324317567567567,0.4011837837837838,0.17585445945945946,0.08754918918918919,0.0,0,0,1,4,4,0
CHOIR_VOICE,ACC3,Variation 3,5,2,73,0.0,0.8904108219178082,1.0,0.0,0.0,0.0,0,0,0,0,5,0
PAD,ACC5,Variation 4,14,12,72,0.0,0.47222236111111116,0.0,0.5833333333333334,0.0,0.0,0,0,0,0,0,0
MALLET,ACC1,Variation 1,2,1,72,0.0,0.1388888888888889,0.8765444444444443,0.0,0.0,0.0,0,0,0,0,0,0
MALLET,ACC3,Intro 2,2,2,72,0.0,0.36111,0.26880222222222216,0.17777777777777778,0.3589755555555556,0.0,0,0,0,1,4,0
ACCORDION_REED,ACC5,Ending 2,5,4,71,0.0,0.3098616901408451,0.31830915492957745,0.2535211267605634,0.044366197183098595,0.0,1,2,1,0,3,0
ORGAN,ACC4,Intro 2,2,2,71,0.0,0.4929570422535211,0.09268591549295775,0.7989816901408451,0.01443661971830986,0.0,2,0,0,45,0,0
PAD,ACC4,Ending 3,11,11,70,0.0,0.3142854285714286,0.23231428571428572,0.20170142857142856,0.06428571428571428,0.0,0,1,0,3,2,0
ACCORDION_REED,ACC2,Intro 1,2,1,70,0.0,0.17142857142857143,0.014777142857142857,0.38272,0.5584228571428571,0.0,0,1,0,2,4,0
CHOIR_VOICE,ACC4,Variation 4,6,3,70,0.0,0.842858,0.2,0.6857142857142857,0.0,0.0,0,2,0,0,1,0
PAD,ACC1,Variation 1,4,3,70,0.0,0.657144,0.266668,0.5359,0.130768,0.0,0,0,0,0,1,0
CHOIR_VOICE,ACC1,Ending 1,2,1,70,0.0,0.15713957142857143,0.545239,0.23314285714285715,0.029142857142857144,0.0,0,0,0,4,7,0
PLUCK,ACC4,Variation 2,7,3,69,0.0,0.21739159420289855,0.4889727536231884,0.34225101449275364,0.07803884057971015,0.0,0,0,0,0,2,16
PIANO,ACC3,Fill 1,5,3,68,0.0,0.20588132352941174,0.45842823529411764,0.21896147058823529,0.10845544117647059,0.0,0,1,0,0,4,0
SYNTH_LEAD,ACC4,Variation 2,2,2,68,0.0,0.16176,0.41829647058823527,0.058823529411764705,0.02988235294117647,0.0,0,0,7,13,2,0
PAD,ACC5,Fill 2,11,10,68,0.0,0.35294117647058826,0.0,0.5441176470588235,0.0,0.0,0,0,0,0,0,0
PLUCK,ACC2,Ending 3,4,3,68,0.0,0.4264694117647059,0.3382811764705882,0.47581794117647064,0.13818941176470587,0.0,11,0,0,4,0,0
BRASS,ACC4,Break,15,14,67,0.0,0.343284776119403,0.2632555223880597,0.10490388059701491,0.23880537313432837,0.0,0,0,0,0,0,1
WOODWIND,ACC4,Intro 2,9,6,67,0.0,0.4029840298507463,0.16746865671641795,0.49292089552238805,0.2582089552238806,0.0,0,0,0,0,2,1
BRASS,BASS,Fill 1,11,6,67,0.0,0.5970147761194029,0.1286416417910448,0.2857134328358209,0.3702920895522388,0.0,0,0,0,0,1,10
BRASS,ACC2,Break,13,11,67,0.0,0.43283597014925373,0.18317537313432836,0.28833208955223877,0.05088059701492538,0.0,1,0,0,0,0,2
PAD,ACC5,Variation 3,9,9,66,0.0,0.46969636363636363,0.05303030303030303,0.8257575757575758,0.0,0.0,0,0,0,0,0,0
PAD,ACC1,Fill 2,4,3,66,0.0,0.45454545454545453,0.36933939393939397,0.27130303030303027,0.22673939393939394,0.0,0,0,1,0,2,0
SYNTH_LEAD,ACC4,Ending 3,5,5,65,0.0,0.30769338461538465,0.6858969230769231,0.06837538461538462,0.09764923076923077,0.0,0,0,1,3,2,2
PLUCK,ACC4,Fill 1,5,3,65,0.0,0.446154,0.0,0.8391627692307693,0.1608372307692308,0.0,0,1,4,36,1,16
PIANO,ACC2,Intro 3,3,2,64,0.0,0.1718721875,0.016096875,0.983903125,0.0,0.0,0,0,0,26,2,0
WOODWIND,ACC5,Ending 3,8,8,64,0.0,0.31249828125,0.277344375,0.428385,0.15104125000000002,0.0,1,2,0,0,1,0
SYNTH_LEAD,ACC5,Variation 2,4,2,64,0.0,1.0,0.8214275,0.0,0.1428575,0.0,0,0,0,0,1,0
PIANO,ACC5,Intro 2,4,4,63,0.0,0.6666669841269841,0.49037333333333327,0.03477650793650794,0.23878095238095237,0.0,0,0,1,0,0,0
STRINGS,ACC1,Intro 3,4,3,62,0.0,0.46774096774193546,0.166618064516129,0.2861148387096774,0.2788232258064516,0.0,0,1,0,0,3,12
STRINGS,BASS,Intro 2,3,2,62,0.0,0.35484129032258066,0.4911290322580645,0.18826129032258065,0.0,0.0,0,0,0,0,0,0
CHOIR_VOICE,ACC5,Fill 2,9,5,62,0.0,0.2741924193548387,0.04838709677419355,0.7338709677419355,0.07258064516129033,0.0,0,0,0,2,1,0
PAD,ACC4,Fill 2,13,11,60,0.0,0.5333338333333334,0.16,0.171112,0.0,0.0,0,1,0,4,1,4
PIANO,ACC3,Ending 3,3,3,60,0.0,0.24999983333333334,0.3245183333333334,0.4607473333333333,0.12473433333333334,0.0,0,0,0,0,0,0
BRASS,BASS,Ending 2,6,6,60,0.0,0.3499986666666667,0.25618033333333334,0.075,0.38687499999999997,0.0,0,0,0,0,2,9
BRASS,ACC5,Variation 1,4,1,60,0.0,0.933334,0.9,0.0,0.1,0.0,0,0,0,0,4,0
MALLET,ACC2,Variation 1,4,2,59,0.0,0.5932198305084745,0.9046610169491526,0.0,0.038135593220338986,0.0,0,0,0,0,3,0
MALLET,ACC2,Intro 2,3,2,59,0.0,0.5593196610169491,0.711864406779661,0.036016949152542374,0.18008474576271186,0.0,0,0,0,0,4,0
ACCORDION_REED,ACC3,Fill 2,5,5,59,0.0,0.3220320338983051,0.7711864406779662,0.0,0.0,0.0,0,0,1,0,3,0
BRASS,BASS,Fill 2,11,6,59,0.0,0.677968813559322,0.1016949152542373,0.21355932203389832,0.4635593220338983,0.0,0,0,0,0,0,8
PAD,ACC5,Ending 3,9,9,59,0.0,0.3728813559322034,0.1540847457627119,0.03852118644067797,0.2311228813559322,0.0,0,0,0,0,1,0
PAD,ACC1,Intro 2,3,2,59,0.0,0.27118711864406775,0.1295101694915254,0.6304525423728814,0.07416711864406779,0.0,0,0,3,1,0,1
ACCORDION_REED,ACC4,Ending 2,6,5,59,0.0,0.18644169491525422,0.4293776271186441,0.41468745762711867,0.08361762711864407,0.0,3,0,0,2,1,0
STRINGS,ACC2,Break,13,13,58,0.0,0.5517244827586206,0.5948275862068966,0.19827586206896552,0.0,0.0,2,0,0,1,1,3
SYNTH_LEAD,ACC3,Fill 2,7,6,58,0.0,0.6206903448275862,0.670936551724138,0.11165931034482758,0.045976551724137935,0.0,0,0,0,1,4,0
SYNTH_LEAD,ACC5,Intro 2,4,3,58,0.0,0.3448255172413793,0.4341441379310345,0.18989379310344828,0.20737379310344828,0.0,0,0,0,0,0,0
PERCUSSION,PERC,Break,5,4,57,0.26316,0.4210542105263158,0.4834568421052632,0.28496421052631576,0.01804421052631579,0.0,1,0,1,18,0,0
ACCORDION_REED,ACC1,Fill 1,5,3,57,0.0,0.33333052631578947,0.6070157894736842,0.11696000000000001,0.0,0.0,1,2,0,0,2,0
WOODWIND,ACC3,Break,8,6,57,0.0,0.26315877192982456,0.2807017543859649,0.6140350877192983,0.0,0.0,0,0,0,7,0,0
PLUCK,ACC2,Break,2,2,56,0.0,0.125,0.05589857142857142,0.5914642857142857,0.2604714285714286,0.0,3,0,1,19,0,0
MALLET,ACC4,Fill 2,6,5,56,0.0,0.37499803571428575,0.32097875000000003,0.4126664285714286,0.03846464285714286,0.0,9,0,0,2,1,0
MALLET,ACC2,Ending 3,6,4,55,0.0,0.2909094545454545,0.740716,0.0,0.02424218181818182,0.0,0,0,0,16,2,6
ORGAN,ACC1,Ending 3,1,1,55,0.0,0.2,0.02222,0.82222,0.13333,0.0,1,0,0,2,0,0
WOODWIND,ACC2,Ending 2,5,4,54,0.0,0.3333337037037037,0.37380722222222224,0.17298055555555555,0.34406666666666663,0.0,0,0,0,0,0,0
WOODWIND,ACC5,Intro 2,2,2,54,0.0,0.29629333333333335,0.2979822222222222,0.0,0.1565688888888889,0.0,0,0,0,0,2,0
BRASS,ACC1,Ending 2,3,3,54,0.0,0.37036925925925923,0.25805296296296293,0.5673018518518519,0.07407407407407407,0.0,0,0,0,0,1,0
SYNTH_LEAD,BASS,Variation 4,2,2,53,0.0,0.6037724528301887,0.2943003773584905,0.019539433962264152,0.09770811320754717,0.0,0,1,0,1,3,0
GUITAR,ACC4,Intro 3,7,7,53,0.0,0.26414962264150943,0.1490566037735849,0.593894716981132,0.021846415094339624,0.08018867924528301,1,0,0,0,0,16
MALLET,ACC4,Fill 1,5,5,53,0.0,0.2641511320754717,0.20896226415094338,0.13679245283018868,0.06320754716981132,0.0,0,1,3,29,3,0
ACCORDION_REED,ACC5,Intro 2,3,2,53,0.0,0.1320709433962264,0.5351584905660377,0.13378716981132074,0.31217660377358497,0.0,0,0,0,0,0,0
PIANO,ACC5,Fill 1,7,7,52,0.0,0.6730773076923077,0.48269115384615385,0.21923192307692307,0.07211538461538461,0.0,1,0,0,1,3,0
GUITAR,ACC1,Intro 3,5,5,52,0.0,0.4230775,0.10060557692307692,0.30288461538461536,0.08066096153846154,0.0,0,0,0,0,1,33
MALLET,ACC2,Fill 1,5,3,51,0.0,0.13725333333333334,0.3822380392156862,0.13148745098039213,0.13148745098039213,0.0,0,0,0,0,2,0
WOODWIND,ACC4,Fill 1,6,4,51,0.0,0.47058980392156863,0.2937431372549019,0.280923137254902,0.2564133333333333,0.0,0,0,0,0,1,2
CHOIR_VOICE,ACC1,Ending 2,1,1,51,0.0,0.15686,0.5,0.32,0.04,0.0,0,0,0,4,4,0
MALLET,ACC5,Variation 2,6,4,50,0.0,0.2999998,0.5779366,0.2628574,0.0,0.0,0,0,0,0,1,1
SYNTH_LEAD,ACC4,Fill 2,5,4,49,0.0,0.32653142857142853,0.35102040816326535,0.10816326530612244,0.10952163265306122,0.0,0,0,2,6,0,1
SYNTH_LEAD,ACC3,Ending 3,7,7,48,0.0,0.2708329166666667,0.535715,0.18006,0.052083333333333336,0.0,0,0,0,3,3,0
BRASS,ACC1,Fill 2,3,2,48,0.0,0.5416664583333334,0.5659708333333334,0.3454875,0.0,0.0,0,0,0,0,0,0
BASS,ACC4,Variation 3,1,1,48,0.0,0.125,0.021280000000000004,0.0,0.0,0.0,0,1,0,0,1,0
BASS,ACC4,Intro 2,1,1,48,0.0,0.10417,0.53191,0.0,0.0,0.06383,0,1,0,0,1,0
ACCORDION_REED,ACC4,Fill 1,5,3,48,0.0,0.16666708333333333,0.2916666666666667,0.044443333333333335,0.30833333333333335,0.0,0,0,0,0,0,0
BASS,ACC5,Fill 1,4,2,48,0.0,0.3333345833333334,0.7496425000000001,0.0,0.022435,0.4006429166666667,0,0,0,0,6,0
MALLET,ACC3,Variation 1,3,1,48,0.0,1.0,0.0,0.8000000000000002,0.06667,0.0,12,0,0,0,0,0
SYNTH_LEAD,ACC4,Intro 2,2,2,47,0.0,0.21276787234042555,0.5926829787234043,0.10401787234042553,0.0,0.0,0,0,0,5,0,28
ORGAN,BASS,Intro 1,2,1,46,0.0,0.15217478260869566,0.045370434782608694,0.4028330434782609,0.30104173913043475,0.0,0,0,0,0,0,0
STRINGS,BASS,Ending 3,3,2,46,0.0,0.13043260869565218,0.09985565217391304,0.0,0.6516991304347826,0.0,0,1,0,0,1,0
MALLET,ACC3,Ending 3,4,4,45,0.0,0.377776,0.30740955555555555,0.08888888888888889,0.20092377777777778,0.0,0,0,0,0,3,0
ACCORDION_REED,ACC3,Intro 2,2,2,45,0.0,0.19999755555555557,0.5866666666666667,0.3903726666666667,0.022960666666666664,0.0,3,0,1,11,1,0
CHOIR_VOICE,ACC1,Variation 4,1,1,45,0.0,0.17778,0.52273,0.27273,0.04545,0.0,0,0,0,4,4,0
MALLET,ACC2,Fill 2,5,3,44,0.0,0.3181813636363637,0.5355354545454545,0.0519490909090909,0.15584363636363638,0.0,0,0,0,15,0,2
SYNTH_LEAD,BASS,Variation 1,2,2,44,0.0,0.6590909090909091,0.3332663636363636,0.0,0.1435409090909091,0.0,0,0,0,3,2,0
ORGAN,ACC1,Fill 1,3,2,44,0.0,0.22727090909090908,0.6909090909090909,0.0,0.06060636363636363,0.0,0,0,0,0,1,0
ACCORDION_REED,ACC2,Ending 1,2,1,44,0.0,0.5000022727272727,0.0,0.5238495454545454,0.3106959090909091,0.0,0,0,0,1,1,0
ACCORDION_REED,ACC1,Ending 3,3,3,44,0.0,0.3863615909090909,0.7318720454545455,0.05194727272727273,0.0,0.0,0,0,0,0,2,0
SYNTH_LEAD,ACC2,Variation 2,1,1,44,0.0,0.27273,0.62791,0.11628,0.02326,0.0,0,0,0,16,5,0
SYNTH_LEAD,BASS,Variation 2,2,2,43,0.0,0.8139546511627908,0.5378079069767442,0.0,0.09819023255813954,0.0,0,0,0,2,5,0
PAD,ACC3,Variation 1,10,5,43,0.0,0.7906990697674418,0.0,0.4186046511627907,0.27906976744186046,0.0,0,0,0,0,0,0
PAD,ACC1,Fill 1,4,3,42,0.0,0.35714285714285715,0.23809285714285716,0.19047619047619047,0.47619285714285714,0.0,0,0,0,0,2,0
ACCORDION_REED,ACC1,Ending 2,3,3,42,0.0,0.4523833333333333,0.16547452380952382,0.6083350000000001,0.025,0.0,2,0,0,0,1,0
BASS,ACC4,Ending 2,1,1,42,0.0,0.11904999999999999,0.34146,0.0,0.0,0.04877999999999999,0,1,0,0,1,0
CHOIR_VOICE,ACC2,Variation 2,2,1,42,0.0,1.0,0.0,1.0,0.0,0.0,0,0,0,0,0,0
SYNTH_LEAD,ACC5,Ending 2,5,4,41,0.0,0.7804865853658536,0.5607639024390244,0.15964390243902438,0.13325073170731708,0.0,0,0,1,0,1,0
SYNTH_LEAD,BASS,Variation 3,2,2,40,0.0,1.0,0.28869799999999995,0.0,0.0,0.0,0,0,0,0,2,0
ORGAN,BASS,Variation 3,2,1,40,0.0,0.37499825000000003,0.8423590000000001,0.0,0.052500000000000005,0.0,0,0,0,0,0,0
ACCORDION_REED,ACC4,Ending 3,4,4,40,0.0,0.32500025,0.28541775,0.4579485,0.05769375,0.0,1,0,0,2,2,0
WOODWIND,ACC5,Fill 1,6,3,39,0.0,0.15384871794871796,0.0,0.6630030769230769,0.21392000000000003,0.0,0,0,0,0,0,0
OTHER_ACC,ACC5,Break,10,10,39,0.0,0.5384625641025641,0.34188153846153846,0.1794871794871795,0.0,0.0,1,1,0,2,2,1
CHOIR_VOICE,ACC5,Intro 2,2,2,39,0.0,0.15384846153846157,0.07957692307692307,0.7878,0.1061,0.0,0,0,1,0,0,0
ORGAN,BASS,Variation 4,2,1,38,0.0,0.394735,0.0,0.0,0.5,0.0,0,0,0,0,0,0
PLUCK,ACC3,Intro 2,1,1,38,0.0,0.13158,0.06061,0.78788,0.0303,0.0,0,0,0,4,0,0
CHOIR_VOICE,ACC5,Ending 3,6,4,38,0.0,0.3157921052631579,0.28069894736842105,0.5789494736842106,0.1403515789473684,0.0,0,0,0,0,0,0
BRASS,ACC1,Break,3,2,38,0.0,0.1315778947368421,0.07894894736842106,0.5921052631578947,0.27631421052631583,0.0,0,0,0,0,0,0
SYNTH_LEAD,ACC2,Ending 2,1,1,38,0.0,0.13158,0.81081,0.08108,0.05405,0.0,0,0,6,11,2,0
ORGAN,BASS,Variation 2,2,1,37,0.0,0.37837540540540543,0.7715059459459459,0.0,0.17143756756756756,0.0,0,0,0,0,0,0
MALLET,ACC4,Break,3,3,37,0.0,0.40540567567567565,0.0,0.10424675675675676,0.1389964864864865,0.0,0,0,3,23,0,0
CHOIR_VOICE,ACC2,Variation 1,3,2,37,0.0,1.0,0.0,0.972972972972973,0.0,0.0,0,0,0,0,0,0
MALLET,ACC5,Fill 1,5,3,36,0.0,0.36110888888888887,0.29629666666666665,0.6666666666666666,0.0,0.0,0,0,0,0,0,0
BASS,ACC4,Ending 1,2,1,36,0.0,0.11111,0.0,0.0,0.11765,0.0,0,2,0,0,2,0
BASS,ACC5,Ending 2,2,2,36,0.0,0.5833349999999999,0.420835,0.0,0.19374999999999998,0.129165,0,0,0,0,3,0
BASS,ACC5,Ending 3,2,2,36,0.0,0.27778,0.46667,0.0,0.2,0.13333,0,0,0,0,2,0
SYNTH_LEAD,ACC1,Variation 4,3,1,36,0.0,0.16667,0.0,1.0,0.0,0.0,0,0,0,0,0,0
SYNTH_LEAD,ACC3,Break,7,6,35,0.0,0.42857142857142855,0.6857142857142857,0.0,0.0,0.0,0,0,0,2,2,0
PIANO,ACC4,Break,7,6,35,0.0,0.6000025714285714,0.17142857142857143,0.5142857142857142,0.0,0.0,0,0,0,0,2,0
PAD,ACC3,Intro 2,8,5,34,0.0,0.6764708823529412,0.29411764705882354,0.38235294117647056,0.0,0.0,0,0,0,0,0,0
SYNTH_LEAD,ACC1,Variation 2,4,2,34,0.0,0.17647058823529413,0.11764705882352941,0.7843147058823529,0.0,0.0,0,0,0,0,1,0
MALLET,ACC1,Intro 1,2,1,34,0.0,0.7647058823529411,0.0,0.9338235294117647,0.0661764705882353,0.0,0,0,0,0,0,0
MALLET,ACC1,Ending 1,2,1,34,0.0,0.7647058823529411,0.0,0.9338235294117647,0.0661764705882353,0.0,0,0,0,0,0,0
OTHER,BASS,Intro 3,15,15,33,0.0,0.6363642424242424,0.09696969696969697,0.3005054545454545,0.19797939393939393,0.0,0,0,0,0,0,3
BRASS,BASS,Ending 3,6,6,33,0.0,0.6363639393939394,0.21616090909090913,0.0,0.6414148484848485,0.0,0,0,0,0,1,0
ACCORDION_REED,ACC1,Fill 2,5,3,33,0.0,0.6969672727272727,0.0,0.6787878787878787,0.0,0.0,0,0,2,0,0,0
WOODWIND,ACC2,Ending 3,3,3,32,0.0,0.281253125,0.1051140625,0.5871234375,0.0,0.0,0,0,0,0,0,0
MALLET,ACC2,Variation 2,1,1,32,0.0,1.0,1.0,0.0,0.0,0.0,0,0,0,0,0,0
PLUCK,ACC3,Ending 3,2,1,32,0.0,0.3125,0.07143,0.85714,0.0,0.0,0,0,0,1,0,0
MALLET,ACC2,Ending 2,2,2,31,0.0,0.22580451612903224,0.4784941935483871,0.0,0.06699483870967743,0.0,0,0,0,0,2,0
BRASS,BASS,Break,9,6,30,0.0,0.7333339999999999,0.22222133333333333,0.08888933333333333,0.48000000000000004,0.0,0,0,0,0,1,1
BRASS,ACC1,Variation 2,3,1,30,0.0,0.16666666666666666,0.0,0.8157753333333333,0.18422466666666668,0.0,0,0,0,0,0,0
SYNTH_LEAD,ACC1,Variation 3,3,1,30,0.0,0.16666666666666666,0.0,0.88889,0.0,0.0,0,0,0,0,0,0
ORGAN,ACC5,Variation 2,3,1,30,0.0,1.0,0.0,1.0,0.0,0.0,0,0,0,0,0,0
ORGAN,ACC1,Break,3,2,28,0.0,0.32143,0.5,0.5,0.0,0.0,0,0,0,8,0,0
PLUCK,ACC3,Fill 1,2,1,28,0.0,0.28571,0.0,0.84615,0.03846,0.0,0,0,0,0,0,0
PLUCK,ACC3,Fill 2,2,1,28,0.0,0.21429,0.0,0.84615,0.0,0.0,0,0,0,0,0,0
ACCORDION_REED,ACC3,Break,4,4,27,0.0,0.4074088888888889,0.18518518518518517,0.30185185185185187,0.046296296296296294,0.0,2,0,0,0,0,0
PAD,ACC5,Variation 2,5,5,26,0.0,0.46153846153846156,0.0,0.7307692307692307,0.0,0.0,0,0,0,0,0,0
STRINGS,BASS,Fill 2,4,2,26,0.0,0.26923307692307696,0.4820523076923078,0.2307692307692308,0.18461538461538465,0.0,0,0,0,0,1,0
CHOIR_VOICE,ACC2,Intro 2,2,1,26,0.0,0.46154,0.0,1.0,0.0,0.0,0,0,0,0,0,0
WOODWIND,ACC2,Variation 2,1,1,26,0.0,0.7307699999999999,1.0,0.0,0.0,0.0,0,0,0,0,1,0
ACCORDION_REED,ACC5,Ending 3,3,3,26,0.0,0.46154,0.5993569230769231,0.29807538461538463,0.05128153846153846,0.0,1,0,0,0,2,0
PERCUSSION,PERC,Intro 3,1,1,26,0.30769,0.30769,0.4,0.28,0.08,0.0,0,0,0,14,0,0
PAD,ACC1,Break,4,4,25,0.0,0.92,0.0,0.72,0.0,0.0,0,0,0,0,1,0
WOODWIND,ACC2,Intro 2,1,1,25,0.0,0.16,0.80952,0.0,0.19048,0.0,0,0,0,0,0,0
SYNTH_LEAD,ACC2,Fill 2,2,1,25,0.0,0.12000039999999998,0.7384843999999999,0.08696840000000002,0.0436368,0.0,0,2,2,8,3,0
PAD,ACC5,Break,6,6,24,0.0,0.75,0.0,0.0,0.0,0.0,0,0,0,0,0,0
STRINGS,BASS,Fill 1,4,2,24,0.0,0.4583333333333333,0.4722233333333333,0.0,0.0,0.0,0,0,0,0,0,0
ACCORDION_REED,ACC4,Break,4,3,24,0.0,0.20833208333333333,0.0,0.06250125000000001,0.49999875000000005,0.0,0,0,0,0,0,0
BASS,ACC5,Fill 2,2,1,24,0.0,0.5,1.0,0.0,0.0,0.66667,0,0,0,0,2,0
PIANO,ACC1,Intro 3,5,5,23,0.0,0.5652182608695652,0.0,0.4891304347826087,0.10869565217391304,0.0,0,0,0,1,0,0
BRASS,ACC1,Fill 1,4,2,23,0.0,0.21739173913043477,0.06521739130434782,0.6449304347826087,0.2898521739130435,0.0,0,0,0,0,0,0
ORGAN,BASS,Intro 2,1,1,22,0.0,0.13636,0.15,0.0,0.1,0.0,0,0,0,0,1,0
SYNTH_LEAD,ACC3,Fill 1,3,3,22,0.0,0.2727272727272727,0.9090909090909091,0.0,0.0,0.0,0,0,0,0,2,0
SYNTH_LEAD,ACC2,Intro 2,1,1,22,0.0,0.36364,0.61905,0.14286,0.04762,0.0,0,0,0,8,3,0
ORGAN,ACC5,Fill 1,4,2,22,0.0,0.2727290909090909,0.21818181818181823,0.5590909090909091,0.22272727272727275,0.0,0,0,0,8,0,0
ORGAN,ACC5,Intro 1,2,1,22,0.0,0.5,0.0,1.0,0.0,0.0,0,0,0,0,0,0
PAD,ACC5,Intro 2,4,4,21,0.0,0.5238095238095238,0.0,0.38095238095238093,0.0,0.0,0,0,0,0,0,0
PIANO,ACC5,Break,7,7,21,0.0,0.6190466666666667,0.09523809523809523,0.14285714285714285,0.0,0.0,1,0,0,0,0,0
PAD,ACC3,Break,6,5,21,0.0,0.761905238095238,0.0,0.14285714285714285,0.0,0.0,0,0,0,0,0,0
SYNTH_LEAD,ACC1,Ending 3,2,2,21,0.0,0.3333342857142857,0.22511047619047622,0.38095238095238093,0.16883285714285712,0.0,0,2,0,1,2,10
PAD,ACC4,Variation 2,6,4,20,0.0,0.75,0.0,0.4,0.0,0.0,0,0,0,0,0,2
PIANO,ACC3,Break,2,2,20,0.0,0.650003,0.9,0.0,0.1,0.0,0,0,0,0,1,0
ACCORDION_REED,ACC2,Variation 4,2,1,20,0.0,0.1,1.0,0.0,0.0,0.0,0,0,0,0,2,0
CHOIR_VOICE,ACC4,Ending 2,4,3,20,0.0,0.8999995000000001,0.075,0.6,0.075,0.0,0,0,0,0,1,0
OTHER_ACC,ACC1,Intro 3,2,2,20,0.0,0.65,0.0,0.8,0.0,0.0,0,0,0,0,0,0
CHOIR_VOICE,ACC3,Ending 2,2,2,19,0.0,0.6842110526315789,0.5413557894736842,0.3007494736842105,0.0,0.0,0,0,0,0,1,0
WOODWIND,ACC4,Break,4,3,19,0.0,0.3684221052631579,0.24561526315789473,0.42105263157894735,0.12280578947368422,0.0,0,1,0,0,1,1
SYNTH_LEAD,BASS,Ending 2,2,2,18,0.0,1.0,0.6518488888888889,0.0,0.1111111111111111,0.0,0,0,0,0,1,0
ORGAN,BASS,Ending 1,2,1,18,0.0,0.11111,0.125,0.0,0.0,0.0,0,0,0,0,0,0
BASS,ACC4,Ending 3,1,1,18,0.0,0.11111,0.76471,0.0,0.0,0.11765,0,1,0,0,1,0
PLUCK,ACC4,Intro 3,2,1,18,0.0,0.11111,0.0,1.0,0.0,0.0,0,1,0,0,2,18
BASS,ACC5,Break,1,1,18,0.0,0.16667,0.73333,0.0,0.0,0.0,0,1,0,2,1,0
MALLET,ACC5,Break,6,4,17,0.0,0.64706,0.4117647058823529,0.0,0.0,0.0,0,0,0,0,0,0
PAD,ACC4,Variation 1,3,3,17,0.0,0.7058823529411765,0.0,0.47058823529411764,0.0,0.0,0,0,0,0,0,0
ORGAN,BASS,Variation 1,2,1,17,0.0,0.29411588235294117,0.9338235294117647,0.0,0.0661764705882353,0.0,0,0,0,0,0,0
CHOIR_VOICE,ACC5,Fill 1,3,2,17,0.0,0.2941135294117648,0.0,0.8627423529411765,0.13725764705882354,0.0,0,0,0,0,0,0
BASS,ACC4,Fill 1,2,1,17,0.0,0.1176464705882353,0.39915764705882356,0.0,0.0,0.0,0,2,0,0,2,0
SYNTH_LEAD,ACC1,Ending 2,2,2,17,0.0,0.2352964705882353,0.29411764705882354,0.7058823529411765,0.0,0.0,0,0,0,0,1,0
CHOIR_VOICE,ACC1,Ending 3,1,1,17,0.0,0.11764999999999999,0.375,0.4375,0.0625,0.0,0,0,0,0,1,0
ACCORDION_REED,ACC2,Ending 2,1,1,16,0.0,0.3125,0.66667,0.0,0.0,0.0,0,0,0,3,0,0
PLUCK,ACC4,Variation 1,2,1,16,0.0,0.25,1.0,0.0,0.0,0.0,0,0,0,0,2,16
PAD,ACC4,Break,3,3,16,0.0,0.25,0.55555625,0.0,0.0,0.0,0,1,0,2,1,2
OTHER_ACC,ACC2,Intro 3,3,2,16,0.0,0.62500125,0.0,0.0,0.625,0.0,0,0,0,0,2,0
MALLET,ACC3,Fill 1,4,3,16,0.0,0.5625,0.0,1.0,0.0,0.0,0,0,0,0,1,0
SYNTH_LEAD,ACC5,Variation 1,1,1,16,0.0,1.0,0.28571,0.0,0.57143,0.0,0,0,0,0,1,0
PLUCK,ACC5,Fill 1,1,1,16,0.0,0.25,0.06667,0.26667,0.4,0.0,2,0,0,10,0,0
BRASS,ACC4,Intro 3,3,2,15,0.0,0.6000013333333333,0.7555573333333333,0.0,0.0,0.0,0,0,0,0,2,0
WOODWIND,ACC5,Break,2,1,15,0.0,0.13333466666666668,1.0,0.0,0.0,0.0,0,0,0,0,0,0
CHOIR_VOICE,ACC2,Fill 2,3,2,15,0.0,0.466666,0.2,0.8,0.0,0.0,0,0,0,0,1,0
PAD,ACC4,Intro 2,3,3,15,0.0,0.5333333333333333,0.0,0.0,0.0,0.0,0,0,0,0,0,0
MALLET,ACC3,Break,4,4,15,0.0,0.5333326666666667,0.26666666666666666,0.7333333333333333,0.0,0.0,0,0,0,0,1,0
CHOIR_VOICE,ACC3,Ending 3,2,2,15,0.0,0.46667,0.7200000000000001,0.08000000000000002,0.0,0.0,0,0,0,0,1,0
MALLET,ACC1,Variation 4,1,1,15,0.0,0.2,0.0,0.92308,0.07692,0.0,0,0,0,0,0,0
PAD,ACC2,Variation 3,1,1,15,0.0,1.0,1.0,0.0,0.0,0.0,0,1,0,0,1,0
ORGAN,BASS,Ending 2,1,1,14,0.0,0.28571,0.0,0.61538,0.30769,0.0,0,0,0,0,0,0
BRASS,BASS,Intro 3,5,5,14,0.0,0.7142864285714285,0.0,0.21428571428571427,0.4047628571428571,0.0,0,0,0,0,0,0
BRASS,ACC1,Ending 3,2,2,14,0.0,0.28571285714285716,0.16326285714285715,0.24489714285714287,0.0816342857142857,0.0,0,0,0,0,0,0
SYNTH_LEAD,BASS,Fill 1,2,2,13,0.0,0.5384630769230769,0.27436076923076924,0.0,0.2692307692307692,0.0,0,0,0,1,2,0
ORGAN,BASS,Fill 2,2,1,13,0.0,0.3076884615384615,0.8205146153846153,0.0,0.0,0.0,0,0,0,0,0,0
SYNTH_LEAD,ACC5,Fill 2,2,2,13,0.0,0.6153861538461538,0.35897615384615383,0.08974538461538462,0.08974538461538462,0.0,0,0,0,0,0,0
ORGAN,ACC5,Break,5,4,13,0.0,0.8461553846153845,0.0,0.0,0.0,0.0,0,0,0,0,0,0
SYNTH_LEAD,ACC1,Intro 2,1,1,13,0.0,0.07692,0.66667,0.0,0.25,0.0,0,1,0,0,1,0
ACCORDION_REED,ACC1,Break,3,2,12,0.0,0.24999916666666666,0.0,0.4166666666666667,0.0,0.0,1,0,0,0,0,0
SYNTH_LEAD,ACC5,Fill 1,2,2,12,0.0,0.75,0.22222,0.0,0.44444666666666666,0.0,0,0,0,0,1,0
WOODWIND,ACC1,Break,3,3,12,0.0,0.25,0.0,0.0,0.0,0.0,0,0,0,0,0,0
SYNTH_LEAD,ACC2,Ending 3,1,1,12,0.0,0.08333,0.63636,0.09091,0.0,0.0,0,0,0,4,2,0
SYNTH_LEAD,ACC5,Ending 3,2,2,12,0.0,0.8333333333333334,0.6625,0.10416666666666667,0.23333333333333336,0.0,0,0,0,0,1,0
WOODWIND,ACC4,Variation 1,1,1,12,0.0,0.25,0.09091,0.63636,0.0,0.0,4,0,0,0,0,0
PAD,ACC2,Ending 2,1,1,12,0.0,0.66667,0.72727,0.27273,0.0,0.0,0,1,0,0,1,0
MALLET,ACC2,Break,3,3,11,0.0,0.36363454545454543,0.10909090909090911,0.0,0.21818181818181823,0.0,0,0,0,0,0,0
SYNTH_LEAD,BASS,Intro 2,2,2,11,0.0,0.2727272727272727,0.30302727272727276,0.0,0.30302727272727276,0.0,0,0,0,2,0,0
ORGAN,BASS,Fill 1,2,1,11,0.0,0.45454545454545453,0.4454545454545455,0.0,0.5545454545454546,0.0,0,0,0,0,0,0
CHOIR_VOICE,ACC4,Fill 2,3,2,11,0.0,1.0,0.0,0.0,0.0,0.0,0,0,0,0,0,0
CHOIR_VOICE,ACC2,Ending 2,2,2,11,0.0,0.5454563636363636,0.5454545454545454,0.0,0.0,0.0,0,0,0,0,1,0
CHOIR_VOICE,ACC3,Variation 4,1,1,11,0.0,0.18182,1.0,0.0,0.0,0.0,0,0,0,0,0,0
SYNTH_LEAD,ACC4,Break,2,2,10,0.0,0.200002,0.24000000000000005,0.0,0.0,0.0,0,0,0,0,0,0
PAD,ACC5,Variation 1,2,2,10,0.0,0.6,0.0,1.0,0.0,0.0,0,0,0,0,0,0
OTHER_ACC,ACC4,Intro 3,1,1,10,0.0,0.7,0.66667,0.33333,0.0,0.0,0,0,0,0,1,0
SYNTH_LEAD,ACC1,Fill 2,3,2,10,0.0,0.5,0.2,0.0,0.0,0.0,0,0,0,0,0,0
MALLET,ACC1,Ending 2,1,1,10,0.0,0.3,0.0,0.57143,0.42857,0.0,0,0,0,0,0,0
PAD,ACC5,Fill 1,4,4,9,0.0,1.0,0.0,0.0,0.0,0.0,0,0,0,0,0,0
SYNTH_LEAD,BASS,Ending 3,2,2,9,0.0,0.7777777777777778,0.29629777777777777,0.0,0.0,0.0,0,0,0,0,2,0
STRINGS,BASS,Break,3,2,9,0.0,0.5555555555555556,0.8888888888888888,0.0,0.0,0.0,0,0,0,0,0,0
BASS,ACC4,Break,1,1,9,0.0,0.11111,0.5,0.0,0.0,0.0,0,1,0,0,1,0
CHOIR_VOICE,ACC2,Ending 3,2,2,9,0.0,0.7777766666666667,0.3333333333333333,0.6666666666666666,0.0,0.0,0,0,0,0,1,0
ACCORDION_REED,ACC5,Fill 2,1,1,9,0.0,0.11111,0.5,0.5,0.0,0.0,1,0,0,3,0,0
ORGAN,BASS,Ending 3,1,1,8,0.0,0.375,0.0,0.71429,0.14286,0.0,0,0,0,0,0,0
SYNTH_LEAD,ACC4,Fill 1,3,3,8,0.0,0.50000125,0.333335,0.0,0.166665,0.0,0,0,0,1,0,1
SYNTH_LEAD,ACC2,Break,2,1,8,0.0,0.25,1.0,0.0,0.0,0.0,0,0,0,0,0,0
PLUCK,ACC5,Variation 4,1,1,8,0.0,1.0,0.0,1.0,0.0,0.0,0,0,0,0,0,0
PAD,ACC4,Fill 1,2,2,8,0.0,0.625,0.0,0.0,0.0,0.0,0,0,0,0,0,0
OTHER_ACC,ACC3,Intro 3,2,2,7,0.0,0.5714285714285714,0.0,0.0,0.0,0.0,0,0,0,0,0,0
PIANO,ACC4,Intro 3,1,1,7,0.0,1.0,0.0,0.33333,0.66667,0.0,0,0,0,0,0,0
CHOIR_VOICE,ACC4,Ending 3,1,1,6,0.0,0.5,0.0,1.0,0.0,0.0,0,0,0,0,0,0
ACCORDION_REED,ACC1,Intro 2,1,1,6,0.0,0.16667,0.6,0.4000000000000001,0.0,0.0,1,0,0,0,0,0
STRINGS,ACC5,Intro 3,2,1,6,0.0,0.66667,0.0,0.0,0.0,0.0,0,0,0,0,0,0
CHOIR_VOICE,ACC2,Fill 1,2,1,6,0.0,1.0,0.0,0.0,0.0,0.0,0,0,0,0,0,0
SYNTH_LEAD,ACC2,Fill 1,2,1,6,0.0,0.33333,1.0,0.0,0.0,0.0,0,0,0,4,2,0
PAD,ACC2,Fill 2,1,1,6,0.0,0.5,0.4000000000000001,0.6,0.0,0.0,0,0,0,0,1,0
SYNTH_LEAD,BASS,Fill 2,2,2,5,0.0,0.8,0.0,0.0,0.0,0.0,0,0,0,0,1,0
CHOIR_VOICE,ACC4,Intro 2,1,1,5,0.0,1.0,0.0,1.0,0.0,0.0,0,0,0,0,0,0
CHOIR_VOICE,ACC3,Fill 2,2,2,5,0.0,1.0,0.0,0.0,0.0,0.0,0,0,0,0,0,0
WOODWIND,ACC2,Fill 2,1,1,5,0.0,0.2,0.0,0.33333,0.0,0.0,0,0,0,0,0,0
ORGAN,ACC5,Intro 2,1,1,5,0.0,0.6,0.0,0.0,0.0,0.0,0,0,0,0,0,0
ORGAN,BASS,Break,2,1,4,0.0,1.0,1.0,0.0,0.0,0.0,0,0,0,0,0,0
PLUCK,ACC1,Variation 1,1,1,4,0.0,0.25,0.66667,0.33333,0.0,0.0,0,0,0,0,0,3
ACCORDION_REED,ACC2,Ending 3,1,1,4,0.0,0.5,0.66667,0.0,0.0,0.0,0,0,0,1,0,0
STRINGS,ACC4,Intro 3,1,1,4,0.0,1.0,0.0,0.66667,0.0,0.0,0,0,0,0,0,0
CHOIR_VOICE,ACC2,Break,2,2,4,0.0,1.0,0.0,0.0,0.0,0.0,0,0,0,0,0,0
SYNTH_LEAD,ACC1,Variation 1,1,1,4,0.0,0.25,1.0,0.0,0.0,0.0,0,0,0,0,1,0
MALLET,ACC1,Ending 3,1,1,4,0.0,1.0,0.0,0.0,1.0,0.0,0,0,0,0,0,0
PAD,ACC2,Fill 1,1,1,4,0.0,0.75,0.0,0.0,0.0,0.0,0,0,0,0,0,0
CHOIR_VOICE,ACC1,Intro 3,1,1,4,0.0,0.25,1.0,0.0,0.0,0.0,0,0,0,0,0,0
MALLET,ACC5,Intro 3,2,2,3,0.0,0.6666666666666666,0.0,0.0,0.0,0.0,0,0,0,0,0,1
SYNTH_LEAD,BASS,Break,2,2,3,0.0,1.0,0.0,0.0,0.0,0.0,0,0,0,0,0,0
WOODWIND,ACC5,Intro 3,1,1,3,0.0,0.66667,0.0,0.0,0.0,0.0,0,0,0,0,0,0
ACCORDION_REED,ACC2,Fill 2,1,1,3,0.0,0.33333,1.0,0.0,0.0,0.0,0,0,0,0,1,0
PLUCK,ACC3,Break,1,1,3,0.0,0.33333,0.0,1.0,0.0,0.0,0,0,0,0,0,0
CHOIR_VOICE,ACC4,Fill 1,1,1,3,0.0,1.0,0.0,0.0,0.0,0.0,0,0,0,0,0,0
CHOIR_VOICE,ACC4,Break,1,1,3,0.0,1.0,0.0,0.0,0.0,0.0,0,0,0,0,0,0
PAD,ACC2,Ending 3,1,1,3,0.0,0.33333,1.0,0.0,0.0,0.0,0,0,0,0,0,0
WOODWIND,ACC2,Break,2,2,2,0.0,1.0,0.0,0.0,0.0,0.0,0,0,0,0,0,0
BRASS,ACC3,Intro 3,1,1,2,0.0,0.5,0.0,0.0,0.0,0.0,0,0,0,0,0,0
BASS,ACC4,Fill 2,1,1,2,0.0,0.5,0.0,0.0,0.0,0.0,0,0,0,0,0,0
SYNTH_LEAD,ACC1,Fill 1,1,1,2,0.0,0.5,1.0,0.0,0.0,0.0,0,0,0,0,0,0
CHOIR_VOICE,ACC5,Break,1,1,2,0.0,1.0,0.0,0.0,0.0,0.0,0,0,0,0,0,0
MALLET,ACC1,Fill 1,1,1,2,0.0,1.0,0.0,0.0,0.0,0.0,0,0,0,0,0,0
MALLET,ACC1,Fill 2,1,1,2,0.0,1.0,0.0,0.0,0.0,0.0,0,0,0,0,0,0
MALLET,ACC1,Break,1,1,2,0.0,1.0,0.0,0.0,0.0,0.0,0,0,0,0,0,0
SYNTH_LEAD,ACC5,Break,1,1,2,0.0,1.0,0.0,0.0,0.0,0.0,0,0,0,0,0,0
STRINGS,ACC3,Intro 3,1,1,2,0.0,1.0,0.0,1.0,0.0,0.0,0,0,0,0,0,0
OTHER_ACC,ACC5,Intro 3,1,1,2,0.0,0.5,0.0,1.0,0.0,0.0,0,0,0,0,0,0
PLUCK,ACC5,Break,1,1,2,0.0,1.0,0.0,0.0,0.0,0.0,0,0,0,0,0,0
STRINGS,BASS,Intro 3,1,1,2,0.0,1.0,0.0,0.0,0.0,0.0,0,0,0,0,0,0
ORGAN,BASS,Intro 3,1,1,1,0.0,1.0,0.0,0.0,0.0,0.0,0,0,0,0,0,0
STRINGS,ACC2,Intro 3,1,1,1,0.0,1.0,0.0,0.0,0.0,0.0,0,0,0,0,0,0
SYNTH_LEAD,ACC1,Break,1,1,1,0.0,1.0,0.0,0.0,0.0,0.0,0,0,0,0,0,0
