msb,lsb,program,kit,key,hits,styles,v_absmin,v_workmin,v_idealmin,v_center,v_idealmax,v_workmax,v_absmax,dur_center,top_positions
120,0,64,Percussion Kit,30,13516,36,2.0,62.0,76.0,92.0,110.0,120.0,127.0,2.0,"[[0,5641],[96,3803],[144,1200],[48,817],[120,503],[156,342],[108,228],[132,178]]"
120,0,5,Standard Kit RX1,42,10426,27,1.0,51.0,68.0,98.0,114.0,120.0,127.0,2.0,"[[0,4657],[96,2669],[144,818],[132,807],[60,427],[48,408],[108,334],[156,96]]"
120,0,34,Jazz Kit RX2,42,9652,32,14.0,54.0,67.0,82.0,103.0,116.0,127.0,2.0,"[[0,3975],[96,2555],[60,788],[132,765],[48,668],[144,362],[156,295],[108,66]]"
120,0,64,Percussion Kit,42,9622,23,27.0,50.0,60.0,70.0,80.0,92.0,124.0,22.0,"[[96,2928],[0,2922],[144,964],[84,595],[48,592],[156,536],[132,441],[120,285]]"
120,0,33,Jazz Kit RX1,42,7048,24,1.0,60.0,74.0,88.0,107.0,120.0,127.0,7.0,"[[0,3160],[96,2020],[132,678],[156,419],[60,382],[168,279],[144,57],[48,25]]"
120,0,2,Standard Kit RX3,42,6556,20,1.0,44.0,58.0,91.0,114.0,118.0,126.0,4.0,"[[0,3235],[96,2356],[132,304],[144,162],[60,157],[48,124],[72,75],[168,70]]"
120,0,5,Standard Kit RX1,36,6301,23,16.0,80.0,102.0,110.0,118.0,120.0,127.0,3.0,"[[0,3180],[96,846],[132,652],[144,577],[120,202],[108,161],[36,132],[72,127]]"
120,0,89,Pop Std. Kit 1,42,5874,19,55.0,76.0,87.0,102.0,112.0,119.0,127.0,22.0,"[[0,2581],[96,1418],[144,528],[120,428],[48,341],[132,211],[180,163],[108,103]]"
120,0,33,Jazz Kit RX1,38,5149,23,1.0,49.0,62.0,84.0,110.0,120.0,127.0,2.0,"[[0,1963],[96,1211],[132,507],[144,399],[48,213],[60,179],[156,131],[168,127]]"
120,0,42,Brush Kit RX1,38,4625,22,16.0,39.0,53.0,73.0,90.0,108.0,127.0,2.0,"[[0,1863],[96,1301],[132,546],[144,363],[48,209],[180,108],[60,68],[120,56]]"
120,0,5,Standard Kit RX1,38,4539,25,1.0,31.0,49.0,100.0,124.0,124.0,127.0,2.0,"[[0,1902],[96,613],[144,359],[60,294],[108,224],[132,186],[156,137],[120,133]]"
120,0,34,Jazz Kit RX2,36,4491,25,36.0,90.0,102.0,114.0,125.0,126.0,127.0,2.0,"[[0,2413],[96,866],[132,545],[144,143],[60,142],[156,141],[48,89],[12,47]]"
120,0,33,Jazz Kit RX1,36,4345,22,28.0,86.0,95.0,104.0,120.0,127.0,127.0,12.0,"[[0,3130],[96,476],[132,460],[144,86],[60,65],[156,59],[48,22],[168,19]]"
120,0,64,Percussion Kit,46,4119,17,22.0,44.0,51.0,64.0,75.0,82.0,126.0,23.0,"[[0,1434],[144,978],[96,921],[48,632],[132,87],[84,36],[12,14],[72,8]]"
120,0,5,Standard Kit RX1,44,4113,27,7.0,50.0,84.0,108.0,110.0,121.0,127.0,2.0,"[[0,2175],[96,1406],[144,187],[60,162],[132,85],[36,42],[12,24],[84,9]]"
120,0,4,Pop Std. Kit RX,42,4004,11,1.0,70.0,87.0,102.0,109.0,117.0,127.0,2.0,"[[0,1814],[96,1357],[120,354],[144,237],[48,176],[132,54],[60,4],[156,4]]"
120,0,64,Percussion Kit,44,3927,13,2.0,42.0,57.0,66.0,102.0,114.0,126.0,2.0,"[[0,1444],[96,1134],[144,869],[48,306],[180,67],[60,46],[132,43],[168,9]]"
120,0,66,Trinity Perc.Kit,86,3474,12,28.0,33.0,49.0,66.0,84.0,106.0,112.0,1.0,"[[0,1211],[96,837],[144,464],[60,429],[156,426],[48,73],[120,25],[132,5]]"
120,0,2,Standard Kit RX3,36,3465,17,32.0,80.0,100.0,114.0,120.0,122.0,127.0,24.0,"[[0,1886],[96,795],[156,275],[144,214],[60,128],[132,88],[24,18],[108,16]]"
120,0,34,Jazz Kit RX2,38,3464,30,1.0,53.0,87.0,114.0,120.0,126.0,127.0,2.0,"[[0,2182],[96,396],[60,209],[48,176],[144,163],[156,125],[132,87],[180,22]]"
120,0,2,Standard Kit RX3,38,3277,19,11.0,36.0,58.0,98.0,120.0,124.0,127.0,24.0,"[[0,1638],[96,353],[132,243],[60,242],[108,227],[144,167],[36,107],[120,101]]"
120,0,66,Trinity Perc.Kit,90,3213,14,27.0,43.0,48.0,66.0,98.0,120.0,127.0,36.0,"[[144,766],[48,546],[0,491],[96,468],[132,290],[60,290],[120,288],[12,25]]"
120,0,34,Jazz Kit RX2,18,3176,18,28.0,37.0,47.0,85.0,101.0,110.0,126.0,2.0,"[[0,1183],[96,610],[60,507],[156,400],[144,194],[132,109],[12,64],[48,57]]"
120,0,89,Pop Std. Kit 1,36,3122,17,75.0,110.0,115.0,124.0,127.0,127.0,127.0,39.0,"[[0,2574],[96,328],[48,72],[120,52],[180,36],[132,32],[144,15],[168,6]]"
120,0,1,Standard Kit RX2,42,3076,14,22.0,60.0,62.0,95.0,99.0,117.0,127.0,12.0,"[[0,1838],[96,628],[48,280],[144,193],[60,75],[156,43],[132,11],[36,4]]"
120,0,64,Percussion Kit,59,2943,12,17.0,55.0,64.0,74.0,84.0,111.0,127.0,23.0,"[[0,1374],[96,859],[144,276],[48,274],[60,55],[132,41],[24,32],[120,32]]"
120,0,66,Trinity Perc.Kit,85,2942,11,16.0,36.0,41.0,51.0,69.0,84.0,109.0,4.0,"[[144,862],[48,852],[96,613],[156,234],[0,123],[84,84],[120,81],[180,42]]"
120,0,5,Standard Kit RX1,18,2901,11,19.0,50.0,55.0,69.0,88.0,108.0,124.0,23.0,"[[144,913],[48,776],[96,635],[0,440],[108,40],[60,32],[132,26],[168,22]]"
120,0,66,Trinity Perc.Kit,30,2892,2,64.0,64.0,84.0,84.0,126.0,126.0,126.0,6146.0,"[[0,604],[120,462],[60,360],[24,300],[180,296],[144,252],[156,136],[84,128]]"
120,0,90,Pop Std. Kit 2,42,2783,4,48.0,50.0,61.0,103.0,108.0,115.0,124.0,2.0,"[[0,1449],[96,1301],[36,12],[132,11],[144,6],[48,2],[120,2]]"
120,0,42,Brush Kit RX1,51,2742,18,8.0,32.0,53.0,66.0,91.0,101.0,127.0,4.0,"[[0,1538],[96,407],[132,274],[180,91],[48,74],[144,53],[24,40],[168,40]]"
120,0,66,Trinity Perc.Kit,87,2701,15,18.0,31.0,54.0,75.0,98.0,110.0,118.0,4.0,"[[0,1000],[96,992],[48,292],[120,210],[144,143],[180,17],[132,16],[36,12]]"
120,0,64,Percussion Kit,16,2696,16,35.0,40.0,57.0,64.0,74.0,79.0,100.0,48.0,"[[96,1568],[144,432],[48,334],[132,124],[108,89],[0,78],[156,39],[60,22]]"
120,0,30,House Kit RX1,42,2674,6,21.0,58.0,72.0,88.0,102.0,110.0,122.0,1.0,"[[0,1219],[96,685],[48,348],[60,263],[144,155],[168,4]]"
120,0,41,Brush Kit 2,44,2600,9,9.0,45.0,63.5,76.0,96.0,101.0,120.0,1.0,"[[0,1712],[96,875],[24,5],[60,2],[72,2],[144,2],[36,2]]"
120,0,66,Trinity Perc.Kit,92,2542,18,10.0,49.0,59.0,82.0,105.5,120.0,127.0,25.0,"[[0,1079],[96,662],[60,282],[132,186],[144,165],[48,113],[120,40],[24,8]]"
120,0,2,Standard Kit RX3,44,2510,23,1.0,63.9,75.0,96.0,105.0,118.0,127.0,44.0,"[[0,1830],[96,323],[132,131],[60,113],[48,53],[120,24],[24,16],[144,7]]"
120,0,42,Brush Kit RX1,37,2501,15,8.0,34.0,43.0,59.0,77.0,107.0,124.0,1.0,"[[0,869],[96,585],[60,431],[156,418],[144,92],[132,75],[48,28],[168,3]]"
120,0,26,House Kit 1,42,2488,5,11.0,63.0,76.0,97.0,107.25,120.0,127.0,1.0,"[[0,963],[96,730],[48,242],[144,238],[60,152],[156,109],[120,16],[180,13]]"
120,0,66,Trinity Perc.Kit,42,2481,2,37.0,84.0,84.0,90.0,90.0,90.0,125.0,16130.0,"[[0,549],[120,461],[180,296],[24,284],[144,267],[60,160],[12,120],[156,116]]"
120,0,66,Trinity Perc.Kit,19,2462,7,21.0,34.0,50.0,58.0,70.0,93.0,120.0,1.0,"[[0,917],[60,725],[96,406],[132,280],[156,127],[168,3],[180,2],[144,1]]"
120,0,42,Brush Kit RX1,42,2438,11,37.0,50.0,64.0,74.0,92.0,118.0,127.0,2.0,"[[0,1171],[132,544],[96,310],[144,96],[48,90],[36,80],[84,71],[180,67]]"
120,0,64,Percussion Kit,70,2381,29,32.0,69.0,72.0,87.0,98.0,110.0,127.0,9.0,"[[96,842],[0,712],[144,241],[132,162],[60,102],[120,99],[168,94],[156,76]]"
120,0,33,Jazz Kit RX1,44,2329,23,18.0,56.0,80.0,95.0,102.0,115.0,127.0,12.0,"[[0,1544],[96,491],[132,176],[48,25],[180,23],[144,23],[60,21],[168,8]]"
120,0,64,Percussion Kit,69,2283,25,31.0,67.2,78.0,90.0,102.0,114.0,126.0,2.0,"[[0,752],[96,688],[144,396],[132,194],[48,194],[60,24],[84,13],[12,10]]"
120,0,43,Brush Kit RX2,40,2282,9,16.0,50.0,59.0,65.0,70.0,96.0,116.0,23.0,"[[0,1770],[132,420],[96,88],[144,4]]"
120,0,125,Brush Kit 1,38,2264,9,6.0,44.3,58.0,80.0,96.0,118.7,127.0,2.0,"[[96,749],[0,646],[144,225],[48,164],[12,112],[132,109],[120,53],[168,52]]"
120,0,33,Jazz Kit RX1,51,2236,16,1.0,50.0,75.0,92.0,112.0,115.0,127.0,32.0,"[[0,1233],[132,312],[144,228],[96,210],[12,111],[156,48],[48,29],[168,16]]"
120,0,123,Analog Kit,42,2211,7,21.0,31.0,42.0,74.0,92.0,116.0,127.0,2.0,"[[0,1045],[96,904],[48,129],[144,88],[60,22],[156,21],[108,2]]"
120,0,43,Brush Kit RX2,38,2208,10,24.0,42.0,51.75,74.0,102.0,110.0,127.0,1.0,"[[0,1238],[132,500],[96,328],[60,54],[168,21],[72,18],[24,13],[156,10]]"
120,0,34,Jazz Kit RX2,35,2206,22,30.0,88.0,105.0,110.0,120.0,126.0,127.0,1.0,"[[0,1233],[96,413],[144,192],[132,171],[156,105],[60,65],[48,24],[84,2]]"
120,0,64,Percussion Kit,67,2164,30,50.0,68.3,83.0,92.0,102.0,112.0,127.0,22.0,"[[0,980],[96,662],[144,239],[48,89],[132,59],[60,32],[156,20],[12,19]]"
120,0,64,Percussion Kit,19,2140,28,37.0,71.0,75.0,93.0,103.0,111.0,127.0,23.0,"[[0,1594],[132,189],[12,128],[96,124],[60,56],[168,11],[24,9],[156,8]]"
120,0,34,Jazz Kit RX2,44,2127,32,27.0,58.0,80.0,96.0,110.0,120.0,127.0,2.0,"[[0,1549],[96,340],[156,115],[132,68],[180,18],[48,11],[168,8],[84,6]]"
120,0,2,Standard Kit RX3,51,2070,17,34.0,60.0,66.0,85.0,95.0,107.1,127.0,26.0,"[[0,1007],[96,325],[132,311],[144,192],[120,121],[48,54],[24,32],[156,15]]"
120,0,5,Standard Kit RX1,40,1954,24,7.0,43.3,60.25,102.0,124.0,125.0,127.0,1.0,"[[0,1212],[144,177],[96,176],[60,108],[48,106],[132,67],[156,35],[180,25]]"
120,0,5,Standard Kit RX1,51,1936,17,5.0,46.0,65.0,87.0,100.0,113.5,127.0,2.0,"[[0,974],[132,255],[96,248],[156,132],[60,127],[144,96],[48,92],[180,2]]"
120,0,64,Percussion Kit,68,1905,19,31.0,58.0,60.0,80.0,96.0,105.0,126.0,10.0,"[[96,816],[0,421],[144,329],[48,263],[132,44],[180,16],[60,13],[12,3]]"
120,0,5,Standard Kit RX1,46,1897,27,18.0,63.0,73.0,90.0,110.0,114.0,127.0,2.0,"[[0,832],[96,632],[144,104],[156,66],[108,55],[132,53],[60,49],[180,32]]"
120,0,1,Standard Kit RX2,36,1855,12,2.0,90.0,110.0,116.0,125.0,127.0,127.0,1.0,"[[0,1480],[96,160],[132,94],[144,80],[156,25],[60,10],[168,4],[48,2]]"
120,0,41,Brush Kit 2,38,1848,9,16.0,37.0,41.0,62.0,79.0,104.0,120.0,1.0,"[[96,804],[0,555],[156,214],[144,122],[48,96],[168,40],[132,9],[72,4]]"
120,0,41,Brush Kit 2,37,1829,7,4.0,30.0,37.0,55.0,70.0,80.0,120.0,1.0,"[[0,596],[96,547],[144,414],[48,227],[156,19],[72,16],[60,4],[84,4]]"
120,0,34,Jazz Kit RX2,51,1807,19,17.0,53.0,62.0,70.0,100.0,110.0,123.0,26.0,"[[0,740],[96,482],[144,217],[60,151],[132,149],[120,44],[48,21],[156,2]]"
120,0,43,Brush Kit RX2,44,1792,9,25.0,62.0,79.0,90.0,106.0,111.0,127.0,1.0,"[[0,1612],[96,155],[132,12],[60,6],[144,4],[168,2],[180,1]]"
120,0,33,Jazz Kit RX1,40,1775,19,12.0,50.0,86.0,96.0,118.0,127.0,127.0,32.0,"[[0,983],[96,202],[48,168],[132,154],[144,82],[60,79],[156,26],[120,24]]"
120,0,66,Trinity Perc.Kit,91,1774,23,30.0,80.0,90.0,102.0,108.75,113.0,123.0,45.0,"[[0,873],[96,440],[132,265],[60,53],[36,49],[156,35],[12,25],[48,8]]"
120,0,4,Pop Std. Kit RX,36,1770,12,50.0,79.0,93.0,106.0,109.0,116.0,127.0,29.0,"[[0,1115],[96,271],[132,219],[144,73],[60,43],[48,17],[120,12],[12,7]]"
120,0,34,Jazz Kit RX2,46,1712,32,39.0,70.0,86.0,95.0,108.25,114.0,127.0,2.0,"[[96,1322],[0,270],[132,66],[144,16],[156,15],[48,13],[12,4],[84,3]]"
120,0,90,Pop Std. Kit 2,54,1708,8,30.0,42.0,60.0,100.0,111.0,127.0,127.0,39.0,"[[0,796],[96,519],[144,215],[48,110],[132,32],[36,32],[108,2],[156,2]]"
120,0,30,House Kit RX1,54,1695,7,25.0,47.0,63.0,71.0,95.0,99.0,127.0,1.0,"[[96,621],[0,474],[144,165],[60,159],[156,158],[48,118]]"
120,0,5,Standard Kit RX1,35,1677,13,35.0,78.0,85.0,107.0,120.0,125.0,127.0,1.0,"[[0,655],[96,436],[132,197],[144,158],[60,104],[48,50],[156,50],[180,6]]"
120,0,123,Analog Kit,36,1676,11,27.0,55.0,71.0,90.0,102.0,122.0,127.0,1.0,"[[0,592],[96,514],[144,296],[48,270],[24,4]]"
120,0,66,Trinity Perc.Kit,72,1661,13,29.0,57.0,68.0,84.0,95.0,103.0,116.0,1.0,"[[0,513],[96,469],[144,229],[156,176],[132,132],[48,67],[120,55],[84,8]]"
120,0,89,Pop Std. Kit 1,38,1615,14,58.0,98.0,112.0,118.0,122.0,127.0,127.0,29.0,"[[0,1152],[96,189],[144,91],[48,83],[120,51],[60,11],[12,10],[180,10]]"
120,0,5,Standard Kit RX1,53,1609,11,50.0,70.0,81.0,104.0,115.0,120.0,127.0,1.0,"[[0,813],[144,311],[132,203],[60,141],[96,111],[156,18],[12,7],[180,5]]"
120,0,123,Analog Kit,70,1603,6,17.0,29.2,45.0,82.0,105.0,105.0,127.0,20.0,"[[0,606],[144,475],[96,281],[48,217],[156,21],[24,3]]"
120,0,64,Percussion Kit,53,1602,20,25.0,32.0,44.0,70.0,80.0,98.0,126.0,2.0,"[[0,916],[96,377],[144,204],[132,47],[120,15],[48,13],[12,7],[168,7]]"
120,0,66,Trinity Perc.Kit,20,1591,3,22.0,48.0,54.0,65.0,88.0,102.0,109.0,1.0,"[[0,572],[132,502],[60,301],[156,200],[36,2],[72,2],[108,2],[144,2]]"
120,0,6,Standard Kit RX4,42,1562,4,16.0,20.0,40.0,63.0,87.0,99.0,126.0,18.0,"[[0,482],[96,428],[48,180],[144,173],[60,170],[156,128],[120,1]]"
120,0,42,Brush Kit RX1,44,1554,19,1.0,49.0,70.0,81.5,100.0,109.0,127.0,1.0,"[[0,1473],[12,34],[96,24],[144,14],[48,4],[168,3],[132,2]]"
120,0,64,Percussion Kit,61,1550,14,44.0,93.0,104.0,109.0,114.0,120.0,127.0,2.0,"[[0,1145],[96,380],[12,12],[48,5],[144,5],[132,2],[36,1]]"
120,0,34,Jazz Kit RX2,54,1490,13,18.0,42.0,60.0,64.5,94.0,112.0,125.0,1.0,"[[0,499],[96,335],[48,229],[144,229],[132,87],[60,54],[156,53],[72,4]]"
120,0,2,Standard Kit RX3,35,1474,16,18.0,68.0,99.0,110.0,115.0,115.0,127.0,47.0,"[[0,953],[144,159],[96,123],[132,102],[120,50],[156,30],[48,25],[60,10]]"
120,0,64,Percussion Kit,60,1462,10,80.0,92.0,100.0,108.0,114.0,120.0,120.0,2.0,"[[0,1195],[96,259],[132,4],[144,3],[36,1]]"
120,0,42,Brush Kit RX1,36,1454,15,26.0,50.0,76.0,87.0,96.0,113.4,127.0,45.0,"[[0,975],[132,131],[96,121],[144,118],[36,36],[84,33],[12,12],[120,8]]"
120,0,64,Percussion Kit,15,1435,9,22.0,51.0,60.0,67.0,70.0,72.0,82.0,47.0,"[[48,358],[0,302],[144,241],[60,212],[156,210],[96,110],[180,2]]"
120,0,89,Pop Std. Kit 1,54,1427,10,35.0,79.6,93.0,116.0,124.0,127.0,127.0,43.0,"[[0,727],[96,455],[132,81],[144,67],[60,61],[48,16],[120,9],[108,4]]"
120,0,65,Latin Perc. Kit1,59,1425,5,34.0,40.0,44.0,51.0,59.0,110.0,127.0,2.0,"[[0,481],[60,370],[132,320],[96,104],[48,54],[144,52],[156,44]]"
120,0,34,Jazz Kit RX2,69,1409,6,19.0,23.0,28.0,46.0,58.0,70.0,84.0,2.0,"[[144,372],[48,358],[0,341],[96,338]]"
120,0,4,Pop Std. Kit RX,38,1400,8,18.0,60.0,98.0,108.0,123.0,127.0,127.0,12.5,"[[0,743],[12,160],[132,150],[60,84],[96,78],[144,45],[48,33],[120,28]]"
120,0,4,Pop Std. Kit RX,51,1395,5,11.0,60.0,69.0,84.0,109.0,122.0,127.0,34.0,"[[0,822],[96,181],[132,135],[144,129],[48,126],[60,2]]"
120,0,125,Brush Kit 1,51,1390,8,26.0,54.9,63.0,81.0,92.0,103.0,126.0,1.0,"[[0,574],[96,215],[48,155],[144,148],[132,145],[12,38],[180,34],[156,26]]"
120,0,64,Percussion Kit,48,1363,10,39.0,49.0,54.0,69.0,94.0,107.0,126.0,1.0,"[[96,539],[0,435],[144,216],[48,107],[156,24],[60,24],[132,16],[120,2]]"
120,0,65,Latin Perc. Kit1,76,1350,3,29.0,31.0,37.0,39.0,43.0,63.0,65.0,1.0,"[[96,499],[84,426],[180,401],[0,16],[144,8]]"
120,0,1,Standard Kit RX2,18,1349,6,34.0,54.0,54.0,69.0,99.0,117.0,127.0,1.0,"[[48,424],[144,399],[96,270],[0,187],[60,28],[156,26],[168,6],[132,3]]"
120,0,64,Percussion Kit,51,1329,11,29.0,38.0,60.0,82.0,94.0,104.0,122.0,2.0,"[[96,554],[0,344],[48,225],[132,127],[36,32],[144,19],[60,11],[24,8]]"
120,0,31,House Kit RX2,42,1322,4,1.0,1.0,7.0,15.0,97.0,106.0,119.0,1.0,"[[0,333],[96,257],[168,231],[60,116],[144,94],[48,76],[120,59],[24,58]]"
120,0,33,Jazz Kit RX1,46,1287,24,36.0,79.0,88.0,99.0,110.0,115.0,127.0,29.0,"[[0,765],[96,368],[132,81],[144,45],[60,15],[48,6],[156,2],[180,2]]"
120,0,33,Jazz Kit RX1,18,1280,8,19.0,52.0,58.0,70.5,82.0,99.0,126.0,33.0,"[[48,267],[144,234],[96,165],[156,162],[60,158],[0,148],[132,129],[168,11]]"
120,0,41,Brush Kit 2,39,1279,9,31.0,48.0,48.0,90.0,101.0,109.0,127.0,1.0,"[[0,826],[96,306],[144,69],[48,46],[180,19],[60,4],[156,3],[84,2]]"
120,0,1,Standard Kit RX2,24,1277,2,12.0,26.0,42.0,65.0,95.0,110.0,127.0,1.0,"[[0,582],[132,319],[60,287],[144,27],[96,24],[156,12],[108,6],[84,6]]"
120,0,31,House Kit RX2,54,1275,5,31.0,31.0,54.0,63.0,71.0,95.0,127.0,1.0,"[[0,421],[96,414],[48,171],[144,168],[168,51],[72,50]]"
120,0,2,Standard Kit RX3,46,1261,23,29.0,63.0,74.0,98.0,110.0,113.0,127.0,24.0,"[[96,542],[0,351],[156,165],[60,59],[144,42],[12,33],[108,32],[132,22]]"
120,0,5,Standard Kit RX1,54,1259,4,32.0,39.0,45.0,65.0,85.0,103.0,127.0,3.0,"[[0,441],[96,394],[144,254],[48,170]]"
120,0,42,Brush Kit RX1,39,1256,19,12.0,15.0,44.0,87.0,96.0,102.0,127.0,2.0,"[[0,867],[96,212],[132,104],[144,33],[156,9],[60,8],[72,7],[168,6]]"
120,0,30,House Kit RX1,36,1248,8,50.0,100.0,110.0,120.0,126.0,127.0,127.0,2.0,"[[0,989],[96,204],[156,45],[144,7],[60,2],[120,1]]"
120,0,34,Jazz Kit RX2,70,1246,5,30.0,30.0,37.25,61.0,74.0,93.0,127.0,1.0,"[[0,344],[60,240],[132,238],[96,216],[48,104],[144,104]]"
120,0,34,Jazz Kit RX2,59,1242,13,36.0,45.0,52.0,70.0,85.0,98.0,127.0,2.0,"[[0,522],[96,288],[132,250],[60,151],[144,23],[168,4],[156,3],[48,1]]"
120,0,90,Pop Std. Kit 2,36,1238,4,74.0,104.0,109.0,109.0,118.0,118.0,120.0,2.0,"[[0,1060],[96,168],[36,6],[132,4]]"
120,0,123,Analog Kit,69,1234,3,29.0,39.0,52.0,63.0,76.0,84.0,123.0,1.0,"[[0,334],[48,300],[96,300],[144,300]]"
120,0,2,Standard Kit RX3,40,1232,19,1.0,40.1,64.0,111.0,120.0,126.0,127.0,47.0,"[[0,659],[96,104],[156,80],[144,78],[48,73],[120,69],[60,61],[36,40]]"
120,0,66,Trinity Perc.Kit,39,1201,4,29.0,81.0,92.0,116.0,125.0,125.0,125.0,1.0,"[[0,841],[12,248],[180,48],[168,28],[96,23],[24,10],[144,3]]"
120,0,34,Jazz Kit RX2,40,1191,26,23.0,80.0,105.0,121.0,126.0,127.0,127.0,30.0,"[[0,837],[144,69],[96,66],[36,66],[132,48],[108,32],[48,27],[168,17]]"
120,0,90,Pop Std. Kit 2,70,1187,3,52.0,71.0,113.0,114.0,114.0,115.0,127.0,8.0,"[[0,592],[96,492],[144,103]]"
120,0,13,HipHop Kit 2,42,1184,5,27.0,55.0,65.0,82.0,105.0,126.0,126.0,1.0,"[[96,561],[0,558],[60,49],[156,16]]"
120,0,1,Standard Kit RX2,54,1178,5,1.0,39.0,39.0,87.0,91.0,95.0,127.0,2.0,"[[0,592],[96,228],[144,228],[48,130]]"
120,0,48,Orchestra Kit GM,38,1178,4,8.0,41.0,60.0,81.0,115.0,127.0,127.0,23.0,"[[0,714],[132,198],[60,94],[96,93],[144,22],[180,18],[120,12],[108,6]]"
120,0,66,Trinity Perc.Kit,93,1149,11,16.0,77.0,102.0,110.0,124.0,127.0,127.0,46.0,"[[0,726],[96,381],[132,9],[60,8],[120,6],[144,6],[168,6],[24,2]]"
120,0,15,Techno Kit 3,54,1125,3,28.0,41.0,52.0,62.0,88.0,102.0,127.0,1.0,"[[0,354],[96,327],[60,224],[156,194],[132,26]]"
120,0,5,Standard Kit RX1,39,1122,5,70.0,99.0,105.0,125.0,125.0,127.0,127.0,1.0,"[[0,912],[12,136],[24,48],[180,22],[48,2],[96,2]]"
120,0,73,Techno Kit RX,42,1109,3,1.0,48.0,76.0,102.0,106.0,107.0,127.0,1.0,"[[0,499],[96,258],[60,250],[156,70],[132,32]]"
120,0,64,Percussion Kit,20,1102,13,20.0,64.1,75.0,80.0,90.0,99.0,118.0,22.0,"[[0,610],[96,337],[48,70],[144,68],[168,5],[24,4],[72,4],[84,2]]"
120,0,1,Standard Kit RX2,44,1088,11,11.0,68.0,88.0,105.0,126.0,127.0,127.0,1.0,"[[0,946],[96,115],[132,10],[144,9],[48,7],[84,1]]"
120,0,89,Pop Std. Kit 1,46,1058,18,58.0,78.0,78.0,95.0,108.0,113.0,127.0,32.0,"[[96,827],[0,95],[168,48],[144,40],[132,18],[180,14],[48,9],[120,5]]"
120,0,41,Brush Kit 2,35,1057,5,33.0,60.6,87.0,104.0,113.0,118.0,124.0,1.0,"[[0,667],[96,333],[144,40],[12,10],[72,5],[60,2]]"
120,0,125,Brush Kit 1,42,1043,7,15.0,55.0,78.0,92.0,101.0,110.0,127.0,2.0,"[[0,505],[96,384],[132,42],[144,30],[156,22],[48,21],[168,20],[60,15]]"
120,0,48,Orchestra Kit GM,36,1039,5,44.0,72.0,80.0,88.0,105.0,113.0,127.0,27.0,"[[0,906],[96,76],[132,28],[12,6],[144,4],[60,4],[156,4],[120,3]]"
120,0,66,Trinity Perc.Kit,59,1033,1,15.0,16.0,27.0,32.0,67.0,77.0,115.0,1.0,"[[0,272],[96,271],[144,249],[48,234],[72,2],[120,2],[168,2],[24,1]]"
120,0,27,House Kit 2,42,1027,5,25.0,31.0,38.0,90.0,109.0,114.0,127.0,1.0,"[[60,332],[156,275],[0,264],[96,101],[144,39],[48,16]]"
120,0,125,Brush Kit 1,44,1008,10,37.0,60.0,66.0,71.0,82.0,108.0,127.0,1.0,"[[96,505],[0,256],[156,115],[48,54],[144,32],[12,19],[72,15],[132,8]]"
120,0,64,Percussion Kit,14,1004,1,38.0,64.0,73.0,82.0,111.0,116.0,127.0,26.0,"[[96,364],[0,252],[48,186],[144,186],[36,6],[60,6],[132,2],[156,2]]"
120,0,30,House Kit RX1,70,999,4,56.0,62.0,74.0,84.0,101.0,116.0,127.0,1.0,"[[96,400],[0,391],[48,94],[144,94],[60,20]]"
120,0,30,House Kit RX1,38,998,9,38.0,66.7,82.0,111.0,124.0,127.0,127.0,1.0,"[[0,609],[60,146],[156,93],[96,68],[144,29],[48,17],[168,11],[24,9]]"
120,0,35,Jazz Kit RX3,42,990,3,49.0,52.0,54.0,61.0,107.0,127.0,127.0,1.0,"[[0,337],[96,249],[60,208],[156,169],[144,13],[120,7],[168,7]]"
120,0,48,Orchestra Kit GM,40,977,4,2.0,39.0,60.0,82.0,101.0,117.0,127.0,25.0,"[[96,463],[0,218],[144,210],[48,62],[156,6],[60,6],[12,4],[132,4]]"
120,0,66,Trinity Perc.Kit,40,977,4,37.0,57.0,67.0,76.0,89.0,95.0,115.0,21.0,"[[0,294],[60,261],[156,201],[96,180],[48,20],[144,15],[120,3],[168,3]]"
120,0,28,House Kit 3,42,973,7,37.0,51.0,55.0,78.0,112.0,127.0,127.0,14.0,"[[96,528],[0,161],[144,122],[48,121],[156,11],[108,8],[12,8],[60,8]]"
120,0,64,Percussion Kit,18,964,10,41.0,80.0,85.0,90.0,99.0,111.0,114.0,58.0,"[[0,648],[96,300],[108,8],[12,4],[132,4]]"
120,0,66,Trinity Perc.Kit,84,963,6,29.0,29.0,37.0,58.0,68.0,96.0,108.0,2.0,"[[0,366],[96,352],[144,199],[48,34],[84,4],[180,4],[12,4]]"
120,0,67,i30 Perc. Kit,46,960,3,18.0,28.0,40.0,65.0,68.0,69.0,87.0,2.0,"[[96,389],[0,297],[48,122],[144,74],[156,62],[60,14],[132,2]]"
120,0,90,Pop Std. Kit 2,38,957,4,66.0,101.0,101.0,114.0,124.0,124.0,127.0,2.0,"[[0,800],[96,117],[144,20],[108,10],[36,6],[48,4]]"
120,0,123,Analog Kit,44,951,7,21.0,40.0,56.0,91.0,95.0,101.0,127.0,12.0,"[[96,639],[0,156],[144,114],[48,42]]"
120,0,96,Elektro Kit 1,42,950,2,43.0,80.0,100.0,107.0,110.0,116.0,127.0,22.0,"[[0,470],[96,297],[144,128],[48,55]]"
120,0,30,House Kit RX1,51,944,5,34.0,52.0,58.0,77.0,88.5,95.0,106.0,1.0,"[[0,522],[96,414],[60,8]]"
120,0,4,Pop Std. Kit RX,40,942,11,12.0,68.0,102.0,106.0,110.0,127.0,127.0,2.0,"[[0,603],[96,178],[132,41],[144,38],[48,31],[180,23],[60,13],[84,5]]"
120,0,42,Brush Kit RX1,82,941,3,40.0,40.0,63.0,69.0,83.0,91.0,110.0,1.0,"[[96,460],[0,299],[144,178],[48,4]]"
120,0,89,Pop Std. Kit 1,69,930,3,59.0,59.0,74.0,74.0,105.0,124.0,127.0,1.0,"[[96,389],[0,256],[144,213],[48,70],[156,1],[168,1]]"
120,0,30,House Kit RX1,44,916,6,25.0,29.0,78.0,102.0,110.0,127.0,127.0,2.0,"[[0,477],[96,285],[48,77],[144,76],[156,1]]"
120,0,125,Brush Kit 1,35,915,7,28.0,66.0,88.0,103.0,114.0,125.0,127.0,2.0,"[[0,640],[96,101],[144,76],[48,28],[12,26],[132,19],[120,8],[180,6]]"
120,0,89,Pop Std. Kit 1,81,901,2,58.0,71.0,76.0,79.0,90.0,102.0,113.0,1503.0,"[[0,149],[60,120],[132,120],[72,64],[48,48],[108,48],[156,48],[96,48]]"
120,0,27,House Kit 2,54,901,5,32.0,38.0,66.0,98.0,114.0,119.0,127.0,1.0,"[[0,389],[96,356],[48,68],[144,68],[60,20]]"
120,0,1,Standard Kit RX2,51,896,11,37.0,45.0,58.0,95.0,102.0,117.0,127.0,12.0,"[[0,521],[96,282],[156,36],[48,26],[144,21],[60,10]]"
120,0,2,Standard Kit RX3,18,894,6,40.0,55.0,62.0,80.0,100.0,100.0,110.0,2.0,"[[0,410],[96,275],[132,188],[120,14],[12,3],[156,2],[108,1],[144,1]]"
120,0,33,Jazz Kit RX1,35,889,15,34.0,64.0,72.0,96.0,110.0,124.0,127.0,32.0,"[[0,576],[96,142],[132,85],[144,33],[156,32],[120,4],[84,4],[180,3]]"
120,0,43,Brush Kit RX2,51,886,8,19.0,43.0,60.25,90.0,125.0,127.0,127.0,23.0,"[[0,607],[132,94],[96,79],[120,17],[24,15],[144,13],[60,13],[72,11]]"
120,0,66,Trinity Perc.Kit,78,865,9,23.0,36.0,43.0,54.0,68.0,89.0,120.0,1.0,"[[96,316],[0,202],[48,163],[132,160],[156,8],[144,8],[72,6],[60,2]]"
120,0,43,Brush Kit RX2,37,865,7,38.0,45.0,55.0,70.0,106.0,121.0,124.0,2.0,"[[0,547],[132,182],[96,101],[60,16],[156,13],[180,2],[144,2],[48,2]]"
120,0,30,House Kit RX1,46,843,9,42.0,75.0,92.0,99.0,110.0,110.0,127.0,2.0,"[[96,678],[0,129],[144,20],[60,8],[156,5],[108,2],[48,1]]"
120,0,64,Percussion Kit,38,843,6,31.0,49.0,61.0,102.0,124.0,124.0,124.0,2.0,"[[0,579],[96,206],[132,37],[48,17],[144,4]]"
120,0,123,Analog Kit,49,839,6,12.0,33.0,40.0,48.0,60.0,72.0,127.0,1.0,"[[0,385],[96,217],[60,60],[180,27],[144,23],[132,18],[156,18],[168,18]]"
120,0,66,Trinity Perc.Kit,15,838,3,27.0,87.0,97.0,106.0,106.0,113.0,120.0,1.0,"[[0,705],[132,131],[96,2]]"
120,0,1,Standard Kit RX2,2,837,6,42.0,64.0,81.0,92.0,102.0,114.0,127.0,23.0,"[[0,581],[180,128],[132,60],[108,24],[96,11],[60,10],[156,8],[144,7]]"
120,0,2,Standard Kit RX3,54,816,9,25.0,40.0,50.0,60.0,98.0,108.0,127.0,17.0,"[[0,311],[96,262],[48,56],[144,56],[24,32],[72,32],[120,32],[168,32]]"
120,0,89,Pop Std. Kit 1,70,815,4,76.0,83.0,95.0,108.0,121.0,124.6,127.0,21.0,"[[96,392],[144,219],[0,72],[60,60],[132,60],[48,9],[108,1],[120,1]]"
120,0,64,Percussion Kit,22,798,6,33.0,70.0,94.0,94.0,102.0,108.0,127.0,1.0,"[[0,504],[96,214],[156,39],[144,22],[48,9],[12,2],[84,2],[108,2]]"
120,0,42,Brush Kit RX1,40,793,5,5.0,36.0,40.0,47.0,71.0,96.0,127.0,1.0,"[[0,751],[132,21],[96,10],[60,6],[12,5]]"
120,0,90,Pop Std. Kit 2,69,791,3,41.0,52.0,64.0,66.0,70.0,89.0,89.0,8.0,"[[96,428],[0,199],[144,164]]"
120,0,27,House Kit 2,69,791,2,47.0,47.0,61.0,87.0,92.0,120.0,120.0,47.0,"[[0,240],[96,239],[48,156],[144,156]]"
120,0,31,House Kit RX2,38,781,4,45.0,68.0,83.0,103.0,115.0,127.0,127.0,1.0,"[[0,404],[156,137],[60,114],[96,62],[48,52],[144,8],[120,2],[132,2]]"
120,0,5,Standard Kit RX1,24,774,10,1.0,50.0,80.0,108.0,113.0,119.0,127.0,1.0,"[[96,302],[0,298],[144,55],[48,48],[132,27],[60,10],[72,8],[156,6]]"
120,0,123,Analog Kit,38,768,7,4.0,34.0,47.0,80.0,104.0,111.0,120.0,1.0,"[[0,379],[144,204],[48,126],[96,57],[12,2]]"
120,0,27,House Kit 2,44,762,6,28.0,40.0,58.0,81.0,117.0,126.0,127.0,1.0,"[[96,392],[0,231],[156,47],[48,33],[144,31],[60,28]]"
120,0,17,Power Kit 2,42,759,1,28.0,70.0,72.0,90.0,108.0,114.0,114.0,12.0,"[[96,240],[0,234],[48,179],[144,62],[24,14],[168,11],[120,11],[72,7]]"
120,0,35,Jazz Kit RX3,54,758,1,30.0,30.0,30.0,50.0,62.0,70.0,127.0,1.0,"[[0,206],[60,184],[96,184],[156,184]]"
120,0,5,Standard Kit RX1,32,755,6,14.0,32.0,43.0,67.0,83.0,127.0,127.0,32.0,"[[144,201],[96,197],[0,182],[48,70],[168,20],[84,17],[120,13],[180,10]]"
120,0,42,Brush Kit RX1,35,750,12,34.0,60.9,73.0,82.0,102.0,127.0,127.0,1.0,"[[0,538],[132,110],[96,85],[36,6],[144,3],[60,2],[120,2],[12,2]]"
120,0,1,Standard Kit RX2,38,749,8,24.0,45.0,81.0,94.0,110.0,127.0,127.0,14.0,"[[0,375],[132,105],[180,76],[120,54],[96,31],[60,28],[156,20],[168,14]]"
120,0,33,Jazz Kit RX1,54,734,8,21.0,32.0,47.0,65.0,91.0,100.0,119.0,22.0,"[[0,310],[144,105],[48,104],[96,104],[132,71],[60,40]]"
120,0,9,HipHop Kit 1,54,734,1,42.0,48.0,54.0,57.0,61.0,72.0,74.0,1.0,"[[60,184],[96,184],[156,184],[0,182]]"
120,0,0,Standard Kit GM,44,727,3,76.0,88.0,88.0,88.0,88.0,110.0,114.0,8.0,"[[0,419],[96,308]]"
120,0,64,Percussion Kit,79,726,7,60.0,60.0,88.0,90.0,96.0,120.0,120.0,11.0,"[[0,483],[96,132],[132,108],[36,3]]"
120,0,35,Jazz Kit RX3,24,703,1,20.0,26.0,29.0,30.0,35.5,50.0,86.0,1.0,"[[60,219],[96,216],[156,204],[0,62],[120,1],[144,1]]"
120,0,64,Percussion Kit,40,691,6,38.0,58.0,68.0,92.0,114.0,114.0,116.0,7.0,"[[96,337],[0,146],[48,39],[84,36],[108,36],[132,36],[156,36],[144,22]]"
120,0,43,Brush Kit RX2,39,688,10,26.0,45.0,62.0,80.0,95.0,108.0,127.0,10.0,"[[0,270],[132,157],[156,56],[60,53],[168,34],[96,32],[144,27],[48,25]]"
120,0,64,Percussion Kit,37,684,8,15.0,43.0,58.0,65.0,106.0,114.0,122.0,15.0,"[[96,242],[48,151],[144,125],[0,74],[132,42],[180,16],[84,8],[24,6]]"
120,0,9,HipHop Kit 1,42,679,2,24.0,48.0,50.0,57.0,74.0,88.0,122.0,1.0,"[[0,236],[96,226],[156,94],[48,66],[144,45],[60,12]]"
120,0,35,Jazz Kit RX3,36,667,4,36.0,57.0,86.0,99.0,110.0,122.0,127.0,1.0,"[[0,460],[144,72],[132,60],[96,33],[60,12],[156,12],[12,10],[120,4]]"
120,0,125,Brush Kit 1,39,666,9,16.0,34.0,58.0,91.0,113.0,117.0,127.0,2.0,"[[0,282],[96,167],[120,46],[144,34],[72,33],[168,30],[48,25],[24,20]]"
120,0,4,Pop Std. Kit RX,35,657,6,83.0,96.6,105.0,110.0,120.0,127.0,127.0,48.0,"[[0,425],[96,146],[144,61],[132,10],[48,6],[108,3],[60,2],[156,2]]"
120,0,66,Trinity Perc.Kit,76,652,11,23.0,46.0,70.0,82.0,88.0,97.0,108.0,1.0,"[[0,292],[96,118],[132,104],[144,76],[48,55],[156,7]]"
120,0,5,Standard Kit RX1,49,642,27,4.0,36.0,76.0,100.0,110.0,120.0,127.0,2.0,"[[0,381],[96,36],[144,34],[132,33],[48,24],[36,23],[72,20],[120,14]]"
120,0,42,Brush Kit RX1,21,634,4,16.0,32.0,32.0,45.0,60.0,82.0,99.0,1.0,"[[0,394],[96,197],[144,19],[156,8],[180,8],[72,6],[48,2]]"
120,0,1,Standard Kit RX2,69,632,1,22.0,35.0,38.0,48.0,73.0,99.0,102.0,12.0,"[[0,160],[96,159],[144,81],[48,81],[60,72],[156,72],[168,4],[72,3]]"
120,0,1,Standard Kit RX2,0,627,9,31.0,38.0,45.0,52.0,61.0,62.0,97.0,1.0,"[[144,203],[132,93],[48,87],[96,75],[0,45],[168,37],[156,28],[120,19]]"
120,0,65,Latin Perc. Kit1,77,625,5,34.0,46.0,57.0,65.0,78.0,83.0,85.0,96.0,"[[0,564],[96,59],[180,2]]"
120,0,67,i30 Perc. Kit,30,623,6,64.0,90.0,95.0,98.0,112.0,115.0,127.0,32.0,"[[0,418],[96,195],[120,6],[156,4]]"
120,0,1,Standard Kit RX2,40,620,9,27.0,68.0,88.0,102.0,109.0,112.0,122.0,2.0,"[[0,235],[96,108],[132,79],[156,59],[60,43],[168,18],[180,16],[72,16]]"
120,0,27,House Kit 2,70,619,5,50.0,54.0,64.0,70.0,78.0,102.0,127.0,1.0,"[[0,252],[96,156],[60,117],[156,94]]"
120,0,27,House Kit 2,82,618,3,56.0,62.0,74.0,90.0,107.75,112.0,116.0,1.0,"[[96,320],[0,132],[48,83],[144,83]]"
120,0,117,Arabian Kit 2,42,618,2,48.0,61.0,66.0,93.0,102.0,105.0,108.0,36.0,"[[0,375],[96,235],[60,3],[108,3],[156,2]]"
120,0,2,Standard Kit RX3,45,612,20,1.0,60.0,68.0,90.0,110.0,120.0,127.0,2.0,"[[96,140],[0,134],[48,111],[144,106],[60,43],[132,33],[24,20],[12,7]]"
120,0,89,Pop Std. Kit 1,44,606,15,16.0,71.0,71.0,108.0,117.0,127.0,127.0,22.0,"[[0,518],[96,48],[132,27],[60,9],[48,2],[180,2]]"
120,0,97,Elektro Kit 2,42,606,1,89.0,91.0,93.0,101.0,117.0,117.0,119.0,23.0,"[[0,357],[96,234],[12,4],[108,4],[24,2],[132,2],[120,2],[48,1]]"
120,0,66,Trinity Perc.Kit,21,602,4,56.0,102.0,106.0,114.0,127.0,127.0,127.0,1.0,"[[0,543],[96,42],[132,17]]"
120,0,35,Jazz Kit RX3,38,601,4,13.0,45.0,54.0,85.0,120.0,127.0,127.0,1.0,"[[0,218],[144,135],[96,58],[60,57],[132,39],[156,35],[72,27],[120,11]]"
120,0,6,Standard Kit RX4,44,600,4,30.0,57.0,68.0,84.0,92.0,117.0,126.0,2.0,"[[0,308],[96,220],[144,17],[48,17],[60,16],[156,16],[36,6]]"
120,0,89,Pop Std. Kit 1,40,585,9,14.0,80.0,107.0,124.0,127.0,127.0,127.0,48.0,"[[0,326],[132,61],[96,47],[144,37],[60,31],[156,16],[48,13],[72,12]]"
120,0,0,Standard Kit GM,42,584,5,15.0,64.0,76.0,96.0,110.25,117.0,127.0,20.0,"[[0,256],[96,248],[144,25],[168,20],[72,20],[48,13],[12,2]]"
120,0,66,Trinity Perc.Kit,89,581,5,57.0,65.0,66.0,92.0,100.0,103.0,103.0,1.0,"[[0,363],[96,188],[132,14],[144,10],[48,6]]"
120,0,34,Jazz Kit RX2,16,581,8,73.0,90.0,100.0,113.0,118.0,125.0,127.0,1.0,"[[0,431],[96,91],[156,45],[144,8],[36,2],[60,2],[180,1],[84,1]]"
120,0,117,Arabian Kit 2,53,571,2,54.0,62.0,68.0,72.0,82.0,84.0,94.0,40.0,"[[96,294],[0,241],[48,26],[60,5],[156,5]]"
120,0,123,Analog Kit,35,569,6,12.0,25.0,54.0,71.0,96.0,105.0,122.0,1.0,"[[96,265],[0,134],[156,93],[60,64],[144,7],[48,6]]"
120,0,31,House Kit RX2,40,569,4,45.0,55.0,74.0,83.0,100.0,127.0,127.0,1.0,"[[0,292],[60,130],[156,92],[96,41],[48,7],[144,7]]"
120,0,89,Pop Std. Kit 1,82,569,4,27.0,57.0,67.0,77.0,95.0,117.0,117.0,48.0,"[[0,283],[96,84],[60,81],[132,68],[144,16],[120,16],[180,7],[12,5]]"
120,0,125,Brush Kit 1,36,568,7,54.0,80.0,92.0,92.0,117.0,121.0,127.0,2.0,"[[0,524],[96,20],[132,18],[156,4],[84,2]]"
120,0,123,Analog Kit,51,566,3,19.0,38.0,56.0,76.5,96.0,109.0,120.0,1.0,"[[0,209],[96,163],[180,27],[48,19],[132,18],[144,18],[156,18],[168,18]]"
120,0,0,Standard Kit GM,54,563,4,19.0,32.0,32.0,55.0,98.0,105.0,105.0,45.0,"[[96,192],[0,119],[48,86],[144,86],[168,20],[24,20],[72,20],[120,20]]"
120,0,66,Trinity Perc.Kit,80,562,10,20.0,43.0,47.0,54.0,61.0,82.0,101.0,1.0,"[[0,340],[96,95],[144,51],[132,40],[48,23],[60,5],[24,4],[36,2]]"
120,0,42,Brush Kit RX1,16,562,3,63.0,74.0,84.0,90.0,103.0,112.0,127.0,1.0,"[[96,305],[0,200],[144,55],[48,2]]"
120,0,67,i30 Perc. Kit,70,560,5,65.0,74.0,81.0,83.0,83.0,117.0,127.0,32.0,"[[0,279],[132,277],[48,2],[180,2]]"
120,0,32,Jazz Kit GM,38,560,3,15.0,63.0,80.0,96.0,110.0,114.0,120.0,45.0,"[[0,331],[96,152],[144,58],[48,17],[120,1],[168,1]]"
120,0,122,Electro Kit,69,560,1,42.0,46.0,48.0,72.0,109.0,126.0,126.0,2.0,"[[0,140],[48,140],[96,140],[144,140]]"
120,0,66,Trinity Perc.Kit,46,558,4,44.0,59.0,76.0,84.0,84.0,87.0,108.0,31.0,"[[0,230],[60,160],[84,64],[96,49],[48,20],[72,16],[24,16],[144,3]]"
120,0,11,Techno Kit 1,44,556,3,64.0,65.0,65.0,75.0,76.0,111.0,117.0,21.0,"[[0,286],[96,162],[60,100],[48,8]]"
120,0,5,Standard Kit RX1,57,554,29,1.0,1.0,6.25,82.0,110.0,120.0,127.0,1.0,"[[0,283],[96,56],[168,32],[132,28],[144,24],[48,23],[24,22],[72,19]]"
120,0,66,Trinity Perc.Kit,74,552,7,9.0,40.0,53.0,67.0,96.0,117.0,117.0,15.0,"[[0,321],[96,171],[144,48],[132,12]]"
120,0,27,House Kit 2,38,551,6,55.0,69.0,80.0,111.0,117.0,127.0,127.0,1.0,"[[0,364],[144,80],[48,52],[96,24],[60,21],[156,10]]"
120,0,41,Brush Kit 2,51,546,8,40.0,61.5,76.0,78.0,109.0,110.0,116.0,1.0,"[[0,322],[96,213],[144,7],[180,3],[48,1]]"
120,0,1,Standard Kit RX2,46,543,15,36.0,57.0,71.0,98.0,108.0,125.8,127.0,2.0,"[[96,231],[0,115],[144,74],[132,64],[60,12],[156,10],[168,5],[24,4]]"
120,0,30,House Kit RX1,39,537,5,24.0,35.0,42.0,82.0,114.0,126.0,126.0,2.0,"[[0,214],[96,177],[48,62],[144,47],[60,30],[156,7]]"
120,0,34,Jazz Kit RX2,37,537,16,39.0,76.0,92.0,94.0,110.0,122.0,127.0,2.0,"[[0,401],[96,69],[144,36],[156,27],[60,4]]"
120,0,43,Brush Kit RX2,35,537,5,60.0,90.0,95.0,104.0,115.0,120.0,127.0,32.0,"[[0,442],[96,50],[132,26],[60,10],[168,6],[156,2],[144,1]]"
120,0,30,House Kit RX1,40,533,4,60.0,86.0,104.0,110.0,122.0,122.0,127.0,2.0,"[[0,393],[96,93],[144,31],[48,14],[72,1],[156,1]]"
120,0,31,House Kit RX2,70,533,2,61.0,64.0,65.0,69.0,95.0,95.0,95.0,1.0,"[[48,145],[144,144],[0,122],[96,122]]"
120,0,66,Trinity Perc.Kit,61,532,2,49.0,61.0,72.0,114.0,116.0,118.0,122.0,1.0,"[[60,195],[0,93],[84,64],[96,56],[156,55],[132,37],[72,16],[24,16]]"
120,0,66,Trinity Perc.Kit,101,532,1,76.0,76.0,76.0,76.0,108.0,108.0,108.0,1.0,"[[0,532]]"
120,0,27,House Kit 2,36,531,5,3.0,80.0,94.0,117.0,127.0,127.0,127.0,1.0,"[[0,260],[96,139],[60,67],[156,54],[144,9],[48,2]]"
120,0,65,Latin Perc. Kit1,44,527,2,36.0,39.0,39.0,48.0,55.0,55.0,55.0,1.0,"[[96,218],[0,209],[144,100]]"
120,0,6,Standard Kit RX4,36,523,5,56.0,81.0,86.0,111.0,124.0,127.0,127.0,2.0,"[[96,205],[0,139],[156,59],[144,53],[60,41],[48,26]]"
120,0,26,House Kit 1,38,522,5,48.0,60.0,68.0,94.0,99.0,103.0,127.0,1.0,"[[0,326],[144,65],[48,61],[60,38],[156,26],[96,5],[180,1]]"
120,0,4,Pop Std. Kit RX,44,517,12,45.0,59.0,70.0,105.0,119.0,127.0,127.0,30.0,"[[0,367],[96,125],[12,14],[132,4],[60,4],[156,1],[144,1],[48,1]]"
120,0,64,Percussion Kit,29,512,4,32.0,55.0,68.0,73.0,79.0,93.2,118.0,23.0,"[[96,137],[0,124],[144,102],[48,80],[120,33],[168,32],[72,1],[24,1]]"
120,0,64,Percussion Kit,84,511,3,26.0,42.0,64.0,82.0,90.0,108.0,112.0,24.0,"[[0,180],[96,118],[180,86],[144,40],[120,38],[168,14],[156,10],[60,8]]"
120,0,1,Standard Kit RX2,59,511,8,45.0,50.0,69.0,90.0,104.0,110.0,127.0,11.0,"[[0,353],[96,125],[48,16],[144,15],[156,2]]"
120,0,28,House Kit 3,82,509,3,41.0,64.0,64.0,65.0,72.0,88.0,89.0,1.0,"[[96,277],[144,191],[0,30],[12,6],[24,2],[108,2],[72,1]]"
120,0,65,Latin Perc. Kit1,118,507,1,85.0,85.0,85.0,85.0,85.0,85.0,85.0,1.0,"[[0,255],[96,252]]"
120,0,43,Brush Kit RX2,36,505,8,41.0,68.0,68.0,86.0,100.0,102.8,127.0,1.0,"[[0,350],[132,108],[96,27],[144,10],[120,6],[12,2],[60,2]]"
120,0,65,Latin Perc. Kit1,70,505,1,17.0,21.0,23.0,87.0,99.0,101.0,105.0,82.0,"[[0,253],[96,252]]"
120,0,0,Standard Kit GM,38,503,3,13.0,45.0,81.0,81.0,81.0,87.0,113.0,8.0,"[[96,328],[144,62],[0,61],[48,25],[120,12],[168,9],[24,6]]"
120,0,48,Orchestra Kit GM,76,496,3,70.0,80.0,89.0,100.0,117.0,119.0,127.0,15.0,"[[96,159],[0,127],[156,79],[60,72],[36,37],[132,22]]"
120,0,73,Techno Kit RX,54,493,2,15.0,15.0,15.0,63.0,86.0,86.0,107.0,1.0,"[[0,152],[60,115],[96,115],[156,111]]"
120,0,64,Percussion Kit,86,489,2,59.0,66.0,75.0,79.0,102.0,112.0,126.0,25.0,"[[0,133],[96,120],[48,118],[144,118]]"
120,0,117,Arabian Kit 2,57,489,2,41.0,74.0,84.0,87.0,90.0,99.0,99.0,45.0,"[[0,283],[96,179],[156,8],[48,7],[60,5],[132,3],[144,3],[108,1]]"
120,0,89,Pop Std. Kit 1,49,486,19,88.0,92.0,100.0,107.0,121.0,127.0,127.0,43.0,"[[0,458],[96,7],[144,6],[60,4],[48,4],[120,4],[12,2],[108,1]]"
120,0,41,Brush Kit 2,36,481,7,27.0,48.0,66.0,87.0,102.0,108.0,122.0,1.0,"[[0,247],[96,82],[156,72],[144,58],[48,20],[120,2]]"
120,0,33,Jazz Kit RX1,57,479,23,2.0,26.0,73.5,91.0,105.0,115.0,127.0,2.5,"[[0,219],[132,74],[96,51],[156,28],[60,26],[36,19],[144,16],[168,10]]"
120,0,48,Orchestra Kit GM,59,473,6,43.0,82.0,89.0,100.0,122.0,127.0,127.0,18.0,"[[0,369],[96,54],[132,24],[144,6],[60,4],[12,3],[108,3],[120,2]]"
120,0,34,Jazz Kit RX2,7,472,8,19.0,28.0,43.0,48.0,54.0,96.7,98.0,1.0,"[[156,254],[60,201],[168,5],[132,4],[144,3],[48,2],[84,1],[180,1]]"
120,0,64,Percussion Kit,28,472,4,10.0,30.0,54.0,69.0,95.0,102.0,118.0,7.0,"[[0,185],[96,128],[144,93],[48,66]]"
120,0,35,Jazz Kit RX3,59,468,1,49.0,59.0,70.0,91.0,104.0,122.0,126.0,1.0,"[[0,239],[144,115],[156,68],[132,38],[72,8]]"
120,0,33,Jazz Kit RX1,49,466,23,2.0,30.0,66.0,92.0,110.0,117.0,127.0,2.0,"[[0,237],[132,50],[144,27],[96,26],[108,23],[12,22],[180,22],[48,20]]"
120,0,67,i30 Perc. Kit,69,464,4,67.0,79.0,81.0,83.0,83.0,109.0,109.0,32.0,"[[132,249],[0,211],[48,2],[180,2]]"
120,0,56,SFX Kit GM,45,462,1,29.0,34.0,45.0,50.0,77.0,94.0,102.0,1.0,"[[96,174],[144,115],[48,115],[0,58]]"
120,0,30,House Kit RX1,18,461,5,56.0,60.0,63.0,66.0,68.0,96.0,126.0,1.0,"[[48,189],[144,173],[0,75],[96,24]]"
120,0,125,Brush Kit 1,82,461,1,59.0,68.0,69.0,74.0,80.0,84.0,86.0,1.0,"[[0,231],[96,230]]"
120,0,11,Techno Kit 1,36,458,3,101.0,110.0,114.0,117.0,125.0,127.0,127.0,23.0,"[[0,349],[96,94],[144,11],[48,4]]"
120,0,66,Trinity Perc.Kit,81,455,9,60.0,78.0,84.0,87.0,90.0,99.0,105.0,1.0,"[[96,171],[0,133],[144,110],[132,38],[60,3]]"
120,0,26,House Kit 1,15,453,2,56.0,64.0,88.0,110.0,126.0,126.0,127.0,2.0,"[[0,262],[96,81],[144,61],[156,41],[48,8]]"
120,0,11,Techno Kit 1,37,452,2,20.0,20.0,45.0,45.0,55.0,55.0,127.0,21.0,"[[144,200],[96,149],[0,103]]"
120,0,1,Standard Kit RX2,39,452,4,84.0,92.0,92.0,94.0,119.0,119.0,119.0,1.0,"[[0,223],[180,155],[96,31],[144,30],[24,5],[12,4],[60,2],[36,1]]"
120,0,73,Techno Kit RX,44,437,2,75.0,114.0,114.0,124.0,124.0,124.0,127.0,1.0,"[[96,224],[156,188],[60,24],[0,1]]"
120,0,65,Latin Perc. Kit1,39,436,1,79.0,83.0,101.0,103.0,127.0,127.0,127.0,125.0,"[[0,436]]"
120,0,48,Orchestra Kit GM,47,435,2,29.0,59.0,70.0,89.0,113.0,125.0,127.0,23.0,"[[0,173],[96,97],[144,39],[48,32],[120,26],[168,26],[72,23],[24,19]]"
120,0,35,Jazz Kit RX3,44,434,5,45.0,81.3,94.0,118.0,127.0,127.0,127.0,1.0,"[[0,395],[96,16],[60,10],[12,7],[156,6]]"
120,0,5,Standard Kit RX1,21,428,3,50.0,60.0,85.0,112.0,123.0,123.0,127.0,1.0,"[[0,279],[132,55],[144,40],[60,28],[72,9],[120,7],[48,6],[168,4]]"
120,0,64,Percussion Kit,17,428,5,61.0,69.0,74.0,80.0,80.0,87.0,94.0,59.0,"[[0,366],[96,54],[12,4],[24,4]]"
120,0,42,Brush Kit RX1,46,428,15,33.0,66.0,76.0,92.0,110.0,114.0,127.0,2.0,"[[0,206],[132,115],[96,57],[120,29],[48,6],[180,4],[12,3],[24,2]]"
120,0,65,Latin Perc. Kit1,19,426,1,53.0,55.0,64.0,65.0,70.0,88.0,94.0,40.0,"[[0,142],[132,142],[60,142]]"
120,0,1,Standard Kit RX2,13,425,3,17.0,49.4,66.0,101.0,101.0,113.0,127.0,1.0,"[[0,219],[132,97],[144,24],[120,19],[48,19],[96,19],[60,10],[72,8]]"
120,0,12,Room Kit 2,42,424,2,62.0,65.0,65.0,105.0,113.0,117.0,127.0,2.0,"[[0,184],[96,176],[144,40],[156,16],[48,8]]"
120,0,32,Jazz Kit GM,42,420,3,67.0,91.0,101.0,101.0,120.0,123.0,123.0,127.0,"[[0,392],[96,28]]"
120,0,48,Orchestra Kit GM,41,414,4,6.0,41.0,55.0,86.5,106.0,122.0,127.0,21.0,"[[0,270],[96,31],[132,26],[144,15],[120,10],[48,10],[84,8],[180,8]]"
120,0,31,House Kit RX2,36,412,2,58.0,70.0,83.0,92.0,104.0,127.0,127.0,1.0,"[[0,161],[96,121],[156,104],[60,26]]"
120,0,1,Standard Kit RX2,30,409,1,56.0,82.0,82.0,90.0,96.0,102.0,114.0,2.0,"[[96,159],[0,152],[84,27],[144,25],[72,16],[168,16],[180,8],[120,3]]"
120,0,34,Jazz Kit RX2,82,407,3,48.0,51.0,52.0,69.0,75.0,88.4,99.0,23.0,"[[96,139],[144,135],[0,74],[48,59]]"
120,0,26,House Kit 1,40,405,4,49.0,57.0,68.0,98.0,114.0,126.0,127.0,1.0,"[[0,230],[144,70],[48,68],[96,26],[180,3],[156,3],[168,2],[24,1]]"
120,0,5,Standard Kit RX1,22,405,9,44.0,55.8,88.0,109.0,109.0,118.0,126.0,1.0,"[[0,286],[96,47],[132,30],[144,24],[156,6],[48,2],[60,2],[180,2]]"
120,0,5,Standard Kit RX1,13,404,5,31.0,75.2,103.0,119.0,120.0,126.0,127.0,1.0,"[[0,267],[48,33],[144,24],[96,18],[132,14],[72,13],[60,12],[156,12]]"
120,0,10,Jungle Kit,49,403,2,82.0,84.0,94.0,97.0,107.0,120.0,127.0,1.0,"[[96,177],[60,93],[156,82],[0,51]]"
120,0,11,Techno Kit 1,69,403,1,83.0,83.0,83.0,83.0,83.0,83.0,83.0,26.0,"[[0,203],[144,200]]"
120,0,66,Trinity Perc.Kit,77,402,8,20.0,37.0,49.0,75.0,102.0,102.0,120.0,1.0,"[[0,214],[96,48],[48,43],[132,41],[60,29],[144,27]]"
120,0,33,Jazz Kit RX1,19,402,3,71.0,85.0,95.0,113.0,115.0,123.0,127.0,45.0,"[[0,215],[96,126],[144,49],[132,6],[168,1],[36,1],[72,1],[84,1]]"
120,0,13,HipHop Kit 2,82,399,2,18.0,25.0,27.0,30.0,113.0,119.0,126.0,1.0,"[[48,116],[144,116],[0,85],[96,82]]"
120,0,42,Brush Kit RX1,22,399,7,22.0,37.0,44.0,67.0,90.0,97.0,111.0,1.0,"[[0,263],[96,93],[144,14],[156,9],[180,9],[132,8],[72,2],[168,1]]"
120,0,28,House Kit 3,44,399,4,58.0,61.0,69.0,85.0,117.0,127.0,127.0,1.0,"[[0,209],[96,69],[156,37],[144,27],[48,26],[60,26],[72,3],[168,2]]"
120,0,64,Percussion Kit,52,397,5,59.0,84.6,86.0,90.0,102.0,110.0,127.0,44.0,"[[0,249],[96,68],[156,49],[144,22],[108,5],[36,3],[180,1]]"
120,0,117,Arabian Kit 2,36,397,2,72.0,82.0,82.0,93.0,109.0,111.0,127.0,74.0,"[[0,357],[96,16],[156,14],[60,7],[108,3]]"
120,0,50,Bdrum&Sdrum Kit,81,395,3,47.0,47.0,47.0,63.0,63.0,104.0,127.0,1.0,"[[96,139],[0,89],[144,83],[48,82],[120,1],[168,1]]"
120,0,66,Trinity Perc.Kit,79,393,11,17.0,37.0,49.0,57.0,116.0,126.0,127.0,1.0,"[[0,203],[96,62],[132,57],[48,37],[144,26],[156,8]]"
120,0,117,Arabian Kit 2,84,390,1,15.0,34.0,50.0,56.0,67.0,67.0,96.0,33.0,"[[0,352],[96,24],[144,13],[48,1]]"
120,0,0,Standard Kit GM,80,383,1,70.0,72.0,78.0,82.0,87.0,90.0,96.0,1.0,"[[96,178],[0,177],[168,14],[72,14]]"
120,0,27,House Kit 2,40,382,5,31.0,64.0,79.0,87.0,96.0,112.9,127.0,1.0,"[[0,183],[96,76],[144,53],[48,53],[156,12],[60,5]]"
120,0,4,Pop Std. Kit RX,54,382,4,63.0,80.0,85.0,89.0,119.0,127.0,127.0,48.0,"[[0,215],[96,57],[48,53],[144,53],[12,1],[60,1],[120,1],[168,1]]"
120,0,66,Trinity Perc.Kit,73,380,10,34.0,43.0,68.0,80.0,93.0,99.1,122.0,1.0,"[[96,142],[0,92],[132,50],[48,47],[120,34],[144,15]]"
120,0,5,Standard Kit RX1,3,379,3,15.0,40.0,68.0,80.0,86.0,90.0,106.0,17.0,"[[96,171],[0,147],[144,23],[48,17],[168,11],[120,8],[24,2]]"
120,0,96,Elektro Kit 1,35,379,1,114.0,114.0,114.0,114.0,114.0,114.0,120.0,22.0,"[[0,371],[96,4],[12,4]]"
120,0,0,Standard Kit GM,35,379,3,74.0,116.0,116.0,116.0,116.0,116.0,124.0,8.0,"[[0,374],[48,4],[96,1]]"
120,0,65,Latin Perc. Kit1,48,378,4,30.0,51.4,68.0,79.0,79.0,87.0,97.0,1.0,"[[0,232],[96,81],[48,35],[144,30]]"
120,0,10,Jungle Kit,42,374,1,44.0,58.0,64.0,95.0,109.0,111.0,112.0,1.0,"[[96,193],[0,177],[156,4]]"
120,0,117,Arabian Kit 2,55,366,2,37.0,62.0,74.0,78.0,84.0,90.0,94.0,42.0,"[[96,118],[48,94],[144,93],[0,51],[60,5],[156,5]]"
120,0,65,Latin Perc. Kit1,45,366,7,30.0,48.0,55.0,66.0,81.0,96.0,121.0,48.0,"[[96,186],[0,113],[156,39],[144,28]]"
120,0,48,Orchestra Kit GM,85,365,2,21.0,32.0,50.0,62.0,91.0,103.0,120.0,25.0,"[[96,127],[0,115],[144,84],[48,31],[168,4],[132,2],[60,2]]"
120,0,89,Pop Std. Kit 1,59,364,5,70.0,70.0,89.0,114.0,123.0,127.0,127.0,40.0,"[[0,120],[132,88],[60,40],[156,24],[144,24],[168,16],[180,16],[72,16]]"
120,0,66,Trinity Perc.Kit,82,364,5,67.0,74.0,74.0,97.0,103.0,103.0,103.0,48.0,"[[144,112],[96,111],[0,106],[12,16],[60,6],[36,5],[24,3],[108,2]]"
120,0,5,Standard Kit RX1,11,362,3,41.0,48.0,55.0,70.0,86.0,111.0,127.0,1.0,"[[144,139],[96,73],[48,70],[0,60],[84,7],[36,6],[24,3],[120,2]]"
120,0,26,House Kit 1,24,360,3,13.0,38.0,42.0,42.0,46.0,74.3,106.0,1.0,"[[48,102],[144,76],[96,62],[0,35],[156,28],[36,12],[120,9],[168,9]]"
120,0,125,Brush Kit 1,21,360,2,22.0,44.8,48.0,83.0,87.0,92.0,92.0,1.0,"[[96,292],[36,64],[108,2],[84,2]]"
120,0,64,Percussion Kit,81,354,3,54.0,60.0,60.0,86.0,102.0,106.0,111.0,33.0,"[[0,195],[96,68],[156,39],[144,27],[108,10],[168,10],[132,4],[36,1]]"
120,0,66,Trinity Perc.Kit,50,354,3,37.0,44.0,48.0,55.0,90.0,112.0,127.0,1.0,"[[0,177],[96,153],[144,15],[24,3],[48,3],[72,3]]"
120,0,125,Brush Kit 1,59,352,5,36.0,52.0,65.0,75.0,96.25,101.0,120.0,2.0,"[[0,85],[12,66],[36,64],[96,62],[132,33],[144,24],[84,10],[60,4]]"
120,0,2,Standard Kit RX3,49,350,21,24.0,44.0,78.0,100.0,110.0,113.0,127.0,2.0,"[[0,262],[132,25],[60,22],[24,8],[96,8],[72,7],[144,5],[48,4]]"
120,0,33,Jazz Kit RX1,39,349,4,36.0,72.0,74.0,95.0,113.0,117.0,127.0,45.0,"[[0,153],[132,96],[180,79],[84,9],[60,7],[156,4],[96,1]]"
120,0,26,House Kit 1,35,347,4,48.0,61.0,76.0,91.0,103.0,111.0,127.0,1.0,"[[0,144],[144,133],[96,69],[72,1]]"
120,0,5,Standard Kit RX1,41,347,20,34.0,77.0,93.0,114.0,124.0,126.0,127.0,6.0,"[[0,96],[96,62],[144,61],[60,42],[132,33],[48,19],[108,14],[120,9]]"
120,0,28,House Kit 3,38,345,3,4.0,4.0,42.0,44.0,44.0,81.0,94.0,1.0,"[[48,122],[144,118],[0,46],[60,32],[156,26],[168,1]]"
120,0,48,Orchestra Kit GM,25,344,5,9.0,37.0,50.0,68.0,88.0,108.0,127.0,73.5,"[[132,163],[0,106],[96,67],[120,3],[144,2],[108,2],[60,1]]"
120,0,72,Hip Hop Kit RX,42,343,1,83.0,98.0,104.0,107.0,110.0,111.0,115.0,1.0,"[[0,180],[96,143],[156,20]]"
120,0,1,Standard Kit RX2,82,342,2,31.0,31.0,31.0,31.0,31.0,39.0,67.0,1.0,"[[60,114],[0,114],[132,108],[168,3],[156,1],[24,1],[96,1]]"
120,0,35,Jazz Kit RX3,51,341,3,34.0,54.0,64.0,88.0,103.0,114.0,126.0,1.0,"[[0,229],[144,69],[156,16],[12,12],[132,7],[96,5],[72,3]]"
120,0,30,House Kit RX1,15,340,4,78.0,92.0,116.0,122.0,124.0,124.0,127.0,1.0,"[[0,275],[144,48],[96,12],[156,3],[60,2]]"
120,0,9,HipHop Kit 1,35,337,2,23.0,31.0,52.0,74.0,102.0,127.0,127.0,1.0,"[[0,129],[96,123],[156,48],[144,36],[48,1]]"
120,0,34,Jazz Kit RX2,39,336,6,20.0,99.0,110.0,113.0,127.0,127.0,127.0,1.0,"[[0,331],[12,4],[48,1]]"
120,0,125,Brush Kit 1,85,336,2,18.0,22.0,32.0,56.0,76.0,92.0,98.0,2.0,"[[0,104],[60,87],[132,83],[72,13],[144,13],[96,11],[156,11],[120,10]]"
120,0,117,Arabian Kit 2,67,335,2,72.0,74.0,78.0,87.0,102.0,111.0,114.0,44.0,"[[96,166],[0,71],[144,48],[132,24],[156,24],[12,1],[48,1]]"
120,0,15,Techno Kit 3,18,334,1,65.0,69.0,75.0,88.0,99.0,99.0,104.0,1.0,"[[0,139],[96,130],[60,33],[156,32]]"
120,0,66,Trinity Perc.Kit,68,333,4,60.0,90.0,90.0,90.0,105.0,111.0,124.0,2.0,"[[0,172],[96,157],[120,4]]"
120,0,11,Techno Kit 1,70,329,2,43.0,51.0,61.0,64.0,70.0,91.0,91.0,1.0,"[[60,92],[156,92],[0,73],[96,67],[48,5]]"
120,0,64,Percussion Kit,21,328,8,30.0,35.0,71.0,78.0,87.0,101.0,101.0,48.0,"[[0,224],[108,37],[144,21],[96,20],[60,20],[48,4],[168,1],[120,1]]"
120,0,31,House Kit RX2,35,328,4,72.0,94.1,127.0,127.0,127.0,127.0,127.0,1.0,"[[0,110],[144,109],[96,107],[48,2]]"
120,0,65,Latin Perc. Kit1,46,326,3,36.0,38.0,41.0,60.0,70.0,73.0,78.0,29.0,"[[0,237],[96,85],[108,2],[48,2]]"
120,0,90,Pop Std. Kit 2,81,325,1,71.0,80.0,84.0,90.0,97.0,100.0,109.0,44.0,"[[96,224],[0,101]]"
120,0,66,Trinity Perc.Kit,49,325,9,47.0,59.0,68.0,72.0,92.0,104.0,127.0,1.0,"[[0,161],[132,83],[96,60],[144,21]]"
120,0,43,Brush Kit RX2,42,324,6,1.0,75.0,82.0,88.0,92.0,96.0,127.0,94.0,"[[0,240],[96,54],[144,21],[132,6],[168,2],[12,1]]"
120,0,96,Elektro Kit 1,54,323,1,58.0,69.0,75.0,79.0,95.0,101.0,104.0,48.0,"[[48,82],[96,82],[144,82],[0,77]]"
120,0,31,House Kit RX2,62,323,3,87.0,112.0,114.0,126.0,127.0,127.0,127.0,1.0,"[[96,242],[0,74],[60,7]]"
120,0,17,Power Kit 2,35,319,1,63.0,83.0,84.0,105.0,105.0,114.0,115.0,12.0,"[[144,124],[0,62],[96,59],[48,58],[72,7],[120,3],[168,3],[24,3]]"
120,0,5,Standard Kit RX1,37,318,11,64.0,73.4,97.0,100.0,110.0,120.6,127.0,48.0,"[[0,153],[96,141],[84,13],[144,5],[48,3],[132,3]]"
120,0,123,Analog Kit,82,318,1,56.0,80.0,84.0,103.0,110.5,112.0,114.0,1.0,"[[0,160],[96,158]]"
120,0,19,Power Kit RX2,69,318,1,39.0,39.0,39.0,47.0,47.0,47.0,47.0,1.0,"[[132,66],[84,62],[180,62],[36,61],[0,22],[48,17],[96,13],[144,12]]"
120,0,41,Brush Kit 2,42,317,5,26.0,35.0,44.0,61.0,90.0,96.0,100.0,1.0,"[[0,141],[96,84],[156,81],[60,11]]"
120,0,65,Latin Perc. Kit1,47,317,4,15.0,36.0,46.0,50.0,77.0,82.0,115.0,28.0,"[[96,211],[0,101],[144,2],[132,1],[168,1],[84,1]]"
120,0,72,Hip Hop Kit RX,18,316,1,62.0,62.0,67.0,80.0,97.0,101.0,106.0,1.0,"[[0,159],[96,157]]"
120,0,73,Techno Kit RX,35,316,2,78.0,92.0,103.5,127.0,127.0,127.0,127.0,1.0,"[[96,121],[0,106],[60,64],[156,25]]"
120,0,34,Jazz Kit RX2,4,314,6,39.0,49.0,50.0,51.0,59.0,91.0,102.0,1.0,"[[156,162],[60,108],[48,11],[132,9],[0,7],[96,6],[120,5],[144,3]]"
120,0,123,Analog Kit,24,313,3,37.0,37.0,41.0,62.0,68.0,105.0,120.0,1.0,"[[48,145],[144,115],[0,48],[96,5]]"
120,0,64,Percussion Kit,43,312,6,30.0,67.0,68.0,89.0,94.0,103.0,113.0,33.0,"[[48,93],[96,91],[144,40],[120,35],[132,24],[0,23],[60,6]]"
120,0,1,Standard Kit RX2,14,312,8,23.0,63.0,94.75,109.0,127.0,127.0,127.0,1.0,"[[0,226],[96,35],[144,16],[48,16],[60,6],[132,6],[156,4],[120,1]]"
120,0,64,Percussion Kit,36,310,7,40.0,52.0,56.0,66.0,75.0,96.0,114.0,22.0,"[[144,95],[96,81],[0,70],[48,21],[60,19],[132,19],[156,5]]"
120,0,30,House Kit RX1,22,310,2,56.0,64.0,64.0,78.0,84.0,90.0,127.0,1.0,"[[0,124],[156,95],[60,89],[96,2]]"
120,0,28,House Kit 3,69,310,2,45.0,45.0,45.0,50.0,80.0,81.0,100.0,1.0,"[[96,192],[144,72],[48,45],[0,1]]"
120,0,5,Standard Kit RX1,16,309,1,52.0,69.0,87.0,108.0,120.0,120.0,127.0,1.0,"[[0,165],[96,100],[144,15],[156,12],[132,6],[60,4],[48,4],[36,2]]"
120,0,2,Standard Kit RX3,53,306,8,1.0,74.0,80.0,90.0,102.0,109.0,126.0,2.0,"[[0,232],[96,23],[132,20],[156,19],[48,6],[144,4],[60,2]]"
120,0,73,Techno Kit RX,80,306,2,53.0,72.0,76.0,84.0,88.0,97.0,105.0,1.0,"[[0,180],[96,122],[60,2],[156,2]]"
120,0,43,Brush Kit RX2,54,305,1,29.0,34.0,37.0,41.0,50.0,62.0,62.0,1.0,"[[0,104],[96,101],[144,100]]"
120,0,15,Techno Kit 3,82,302,2,44.0,44.0,44.0,55.0,55.0,127.0,127.0,1.0,"[[132,143],[60,96],[0,63]]"
120,0,30,House Kit RX1,20,301,2,12.0,12.0,12.0,38.0,50.0,56.0,127.0,2.0,"[[48,106],[144,79],[0,62],[96,54]]"
120,0,90,Pop Std. Kit 2,46,300,4,48.0,68.0,68.0,94.0,110.0,110.0,127.0,2.0,"[[96,150],[0,150]]"
120,0,72,Hip Hop Kit RX,36,299,1,41.0,79.0,94.5,104.0,125.0,126.0,127.0,1.0,"[[96,91],[156,87],[0,70],[60,51]]"
120,0,13,HipHop Kit 2,38,297,4,69.0,71.0,79.0,107.0,112.0,117.0,127.0,1.0,"[[0,230],[60,33],[156,21],[96,13]]"
120,0,42,Brush Kit RX1,18,295,2,33.0,46.0,57.0,64.0,88.0,97.0,106.0,1.0,"[[96,136],[0,101],[48,58]]"
120,0,5,Standard Kit RX1,4,294,7,12.0,22.0,44.5,95.0,109.0,126.1,127.0,31.0,"[[132,64],[144,54],[60,47],[96,35],[120,32],[156,19],[168,12],[48,8]]"
120,0,31,House Kit RX2,44,294,3,67.0,67.0,67.0,75.0,75.0,76.0,116.0,1.0,"[[96,269],[0,23],[156,2]]"
120,0,66,Trinity Perc.Kit,60,294,1,118.0,118.0,118.0,118.0,118.0,118.0,122.0,22200.0,"[[60,160],[84,64],[0,38],[72,16],[24,16]]"
120,0,66,Trinity Perc.Kit,54,294,4,48.0,54.0,62.0,100.0,110.0,118.0,127.0,48.0,"[[96,107],[0,86],[48,34],[144,34],[132,25],[12,4],[120,4]]"
120,0,123,Analog Kit,57,292,3,17.0,25.0,36.0,52.0,63.0,74.0,112.0,1.0,"[[0,72],[180,33],[132,24],[144,24],[156,24],[168,24],[96,10],[12,9]]"
120,0,89,Pop Std. Kit 1,35,292,3,57.0,86.3,105.0,117.0,126.0,127.0,127.0,4.0,"[[0,186],[96,74],[132,28],[60,3],[48,1]]"
120,0,30,House Kit RX1,82,292,2,42.0,52.0,64.0,69.0,71.0,82.0,127.0,1.0,"[[0,151],[96,130],[60,11]]"
120,0,31,House Kit RX2,82,292,1,60.0,73.0,74.0,87.0,107.0,110.0,115.0,1.0,"[[0,147],[96,145]]"
120,0,1,Standard Kit RX2,3,291,9,44.0,48.0,48.0,61.0,84.0,100.0,110.0,1.0,"[[156,86],[96,66],[144,37],[168,30],[132,28],[0,27],[60,8],[24,4]]"
120,0,31,House Kit RX2,61,289,2,71.0,94.0,95.0,100.0,114.0,114.0,114.0,1.0,"[[60,132],[156,83],[96,74]]"
120,0,34,Jazz Kit RX2,9,288,7,55.0,68.0,88.75,98.0,103.0,103.0,107.0,1.0,"[[0,130],[96,93],[144,26],[156,25],[60,8],[24,2],[132,2],[48,2]]"
120,0,26,House Kit 1,69,288,2,38.0,38.0,38.0,47.0,60.25,73.0,73.0,1.0,"[[0,72],[48,72],[96,72],[144,72]]"
120,0,34,Jazz Kit RX2,17,285,14,49.0,75.4,97.0,118.0,127.0,127.0,127.0,1.0,"[[0,195],[156,26],[96,23],[48,14],[144,9],[60,6],[132,3],[180,2]]"
120,0,65,Latin Perc. Kit1,20,284,1,42.0,51.0,58.75,81.0,88.25,92.0,92.0,34.0,"[[60,142],[132,142]]"
120,0,117,Arabian Kit 2,85,283,1,18.0,42.0,44.0,52.0,64.0,76.0,79.0,24.0,"[[96,200],[144,59],[0,12],[48,12]]"
120,0,123,Analog Kit,63,282,3,49.0,74.0,78.0,90.0,96.0,99.0,108.0,1.0,"[[96,144],[156,64],[0,42],[48,32]]"
120,0,5,Standard Kit RX1,0,278,4,30.0,30.0,38.25,51.0,64.0,84.0,127.0,1.0,"[[144,167],[48,66],[60,18],[72,9],[168,6],[120,5],[96,4],[156,2]]"
120,0,5,Standard Kit RX1,10,278,1,1.0,9.0,10.0,25.0,35.0,51.0,55.0,41.0,"[[144,138],[48,72],[96,66],[0,2]]"
120,0,27,House Kit 2,51,277,4,47.0,51.0,68.0,103.0,127.0,127.0,127.0,1.0,"[[0,158],[96,88],[60,31]]"
120,0,31,House Kit RX2,46,277,4,71.0,88.0,114.0,127.0,127.0,127.0,127.0,1.0,"[[96,248],[60,22],[0,7]]"
120,0,50,Bdrum&Sdrum Kit,85,275,3,27.0,43.0,46.0,73.0,90.0,102.0,117.0,1.0,"[[96,88],[156,68],[60,61],[0,54],[132,4]]"
120,0,65,Latin Perc. Kit1,51,275,5,38.0,48.0,52.0,66.0,72.0,106.0,114.0,1.0,"[[0,176],[96,99]]"
120,0,3,Ambient Kit RX,54,274,1,37.0,49.0,52.0,57.0,73.0,89.0,127.0,11.0,"[[0,96],[96,76],[48,52],[144,50]]"
120,0,64,Percussion Kit,54,272,1,32.0,32.0,32.0,70.0,90.0,90.0,90.0,805.0,"[[168,110],[60,96],[120,44],[156,18],[132,4]]"
120,0,6,Standard Kit RX4,40,272,4,34.0,36.0,52.0,76.5,112.0,120.0,126.0,2.0,"[[0,156],[60,38],[96,28],[156,24],[144,18],[48,7],[168,1]]"
120,0,123,Analog Kit,54,272,3,56.0,56.0,62.0,62.0,77.0,77.0,122.0,1.0,"[[0,262],[96,10]]"
120,0,65,Latin Perc. Kit1,41,271,4,36.0,37.0,53.0,66.0,66.0,79.0,100.0,99.0,"[[96,175],[0,52],[48,40],[144,2],[12,2]]"
120,0,33,Jazz Kit RX1,53,270,5,30.0,36.0,52.0,98.0,105.0,110.0,127.0,31.0,"[[0,139],[96,63],[132,60],[108,8]]"
120,0,1,Standard Kit RX2,19,270,5,80.0,80.0,100.0,100.0,120.0,120.0,127.0,1.0,"[[144,151],[0,59],[96,49],[48,7],[12,1],[36,1],[60,1],[132,1]]"
120,0,51,Arabian Kit 1,60,270,1,122.0,124.0,126.0,126.0,126.0,127.0,127.0,1.0,"[[156,92],[60,92],[0,56],[96,30]]"
120,0,72,Hip Hop Kit RX,54,268,1,27.0,51.0,58.0,62.0,65.0,71.0,71.0,1.0,"[[0,69],[96,65],[48,47],[144,44],[156,22],[60,21]]"
120,0,125,Brush Kit 1,57,268,10,42.0,56.7,61.0,68.0,82.0,90.0,126.0,1.0,"[[0,119],[96,33],[120,18],[144,18],[168,18],[24,18],[48,18],[72,15]]"
120,0,65,Latin Perc. Kit1,37,268,1,55.0,55.0,55.0,55.0,55.0,55.0,55.0,1.0,"[[48,90],[0,89],[144,89]]"
120,0,41,Brush Kit 2,46,267,8,72.0,82.0,83.0,90.0,100.0,102.0,115.0,1.0,"[[0,138],[96,122],[144,4],[60,2],[156,1]]"
120,0,123,Analog Kit,46,267,10,40.0,58.0,64.0,82.0,89.0,109.0,117.0,1.0,"[[96,246],[0,10],[144,9],[108,2]]"
120,0,4,Pop Std. Kit RX,82,267,1,59.0,80.0,80.0,88.0,106.0,117.0,125.0,48.0,"[[0,127],[96,124],[144,14],[12,2]]"
120,0,42,Brush Kit RX1,54,266,4,40.0,40.0,65.0,76.0,119.0,127.0,127.0,32.0,"[[0,246],[96,20]]"
120,0,57,SFX Kit 2,29,265,1,66.0,68.0,70.0,88.0,94.0,98.0,99.0,1.0,"[[0,106],[156,106],[60,53]]"
120,0,43,Brush Kit RX2,69,265,1,24.0,25.0,30.0,37.0,45.0,57.2,62.0,1.0,"[[0,130],[96,129],[48,6]]"
120,0,67,i30 Perc. Kit,68,264,2,83.0,88.0,97.0,97.0,119.0,119.0,119.0,32.0,"[[132,144],[0,120]]"
120,0,31,House Kit RX2,64,264,1,95.0,95.0,103.0,109.0,111.0,116.0,116.0,1.0,"[[96,132],[156,132]]"
120,0,11,Techno Kit 1,38,263,2,37.0,44.0,74.5,100.0,111.0,114.0,117.0,1.0,"[[0,159],[144,57],[48,23],[60,6],[96,4],[36,3],[132,3],[156,3]]"
120,0,10,Jungle Kit,78,262,1,97.0,111.0,118.0,127.0,127.0,127.0,127.0,1.0,"[[96,165],[0,93],[60,4]]"
120,0,18,Power Kit RX1,38,261,2,24.0,45.0,62.0,68.0,85.0,95.0,115.0,1.0,"[[0,161],[96,77],[144,19],[48,4]]"
120,0,6,Standard Kit RX4,35,261,1,100.0,100.0,110.0,110.0,120.0,120.0,120.0,18.0,"[[0,174],[96,87]]"
120,0,50,Bdrum&Sdrum Kit,34,260,2,39.0,40.0,40.0,44.0,64.0,64.0,114.0,1.0,"[[0,138],[96,121],[144,1]]"
120,0,65,Latin Perc. Kit1,40,260,2,36.0,40.0,47.0,48.0,57.0,60.0,88.0,121.0,"[[96,137],[0,120],[132,2],[144,1]]"
120,0,65,Latin Perc. Kit1,109,259,1,99.0,99.0,99.0,99.0,117.0,127.0,127.0,1.0,"[[0,255],[96,4]]"
120,0,28,House Kit 3,64,259,2,55.0,82.0,86.0,97.0,98.0,118.0,127.0,1.0,"[[96,144],[144,115]]"
120,0,5,Standard Kit RX1,27,259,1,10.0,38.0,43.0,48.0,63.0,68.0,107.0,26.0,"[[96,109],[144,109],[48,37],[0,4]]"
120,0,5,Standard Kit RX1,56,259,1,55.0,55.0,55.0,55.0,55.0,55.0,55.0,1.0,"[[0,259]]"
120,0,9,HipHop Kit 1,38,258,2,33.0,52.0,66.0,91.0,102.0,114.0,124.0,1.0,"[[0,110],[156,77],[60,45],[48,9],[96,8],[144,4],[168,3],[180,2]]"
120,0,15,Techno Kit 3,81,258,1,51.0,62.0,72.0,76.0,90.0,96.0,102.0,1.0,"[[0,156],[60,34],[96,34],[156,34]]"
120,0,19,Power Kit RX2,42,257,1,62.0,65.0,65.0,95.0,113.0,113.0,127.0,7.0,"[[0,124],[96,116],[156,17]]"
120,0,89,Pop Std. Kit 1,45,256,14,55.0,96.0,104.0,114.0,124.25,127.0,127.0,48.0,"[[0,73],[96,69],[144,41],[48,21],[132,16],[60,14],[180,10],[108,6]]"
120,0,67,i30 Perc. Kit,50,256,1,64.0,64.0,72.0,86.0,93.5,100.0,100.0,2.0,"[[0,64],[60,64],[96,64],[156,64]]"
120,0,10,Jungle Kit,59,256,1,90.0,90.0,95.0,101.0,101.0,105.0,105.0,1.0,"[[60,93],[96,82],[0,81]]"
120,0,66,Trinity Perc.Kit,69,255,3,40.0,43.0,58.0,86.0,90.0,94.0,124.0,1.0,"[[96,207],[0,44],[120,4]]"
120,0,32,Jazz Kit GM,36,254,2,121.0,121.0,121.0,121.0,121.0,121.0,121.0,45.0,"[[0,254]]"
120,0,5,Standard Kit RX1,43,253,20,39.0,74.0,94.0,112.0,120.0,126.8,127.0,2.0,"[[96,65],[0,53],[48,30],[144,23],[132,13],[180,11],[72,10],[24,10]]"
120,0,125,Brush Kit 1,18,253,1,59.0,66.0,68.0,69.0,75.0,81.0,92.0,1.0,"[[156,118],[60,105],[36,15],[96,15]]"
120,0,34,Jazz Kit RX2,49,252,31,50.0,80.0,100.0,108.0,120.0,126.0,127.0,2.0,"[[0,205],[96,21],[168,7],[156,6],[144,5],[132,4],[120,3],[48,1]]"
120,0,4,Pop Std. Kit RX,46,251,12,40.0,84.0,99.0,104.0,110.0,115.0,127.0,2.0,"[[0,101],[96,99],[132,16],[144,11],[120,10],[60,10],[72,4]]"
120,0,31,House Kit RX2,0,251,1,62.0,72.0,76.0,80.0,82.0,84.0,88.0,1.0,"[[0,85],[48,84],[144,82]]"
120,0,2,Standard Kit RX3,43,249,17,1.0,43.0,72.0,102.0,114.0,120.0,127.0,21.0,"[[0,56],[96,43],[132,41],[144,30],[60,29],[48,16],[72,9],[120,8]]"
120,0,28,House Kit 3,70,248,2,56.0,61.0,64.0,72.0,96.0,110.0,114.0,1.0,"[[96,124],[0,89],[144,35]]"
120,0,30,House Kit RX1,37,247,2,2.0,56.0,56.0,65.0,80.0,108.0,108.0,33.0,"[[0,78],[48,77],[144,76],[96,16]]"
120,0,123,Analog Kit,39,247,3,64.0,64.0,64.0,127.0,127.0,127.0,127.0,1.0,"[[0,167],[48,76],[60,4]]"
120,0,26,House Kit 1,36,246,4,78.0,105.5,117.0,126.0,126.0,126.0,126.0,2.0,"[[0,154],[144,56],[96,19],[48,8],[156,5],[60,2],[84,1],[36,1]]"
120,0,10,Jungle Kit,79,246,1,70.0,90.0,101.0,119.0,127.0,127.0,127.0,1.0,"[[0,84],[96,78],[156,46],[60,38]]"
120,0,48,Orchestra Kit GM,42,245,2,6.0,39.0,56.0,70.0,89.0,104.0,127.0,11.0,"[[0,124],[96,51],[144,27],[48,15],[120,9],[168,9],[24,5],[72,5]]"
120,0,89,Pop Std. Kit 1,57,244,19,85.0,100.0,102.0,113.0,124.0,127.0,127.0,47.0,"[[0,230],[96,6],[132,3],[48,2],[120,2],[180,1]]"
120,0,11,Techno Kit 1,46,244,2,82.0,82.0,84.0,90.0,90.0,99.0,108.0,1.0,"[[96,244]]"
120,0,19,Power Kit RX2,54,244,1,31.0,31.0,39.0,39.0,63.0,95.0,95.0,2.5,"[[0,64],[48,60],[96,60],[144,60]]"
120,0,28,House Kit 3,40,243,6,14.0,51.0,71.0,81.0,127.0,127.0,127.0,1.0,"[[0,107],[144,55],[48,32],[60,25],[156,15],[96,3],[12,2],[180,1]]"
120,0,34,Jazz Kit RX2,22,243,12,27.0,70.4,103.0,108.0,110.0,119.4,127.0,1.0,"[[0,182],[96,16],[156,13],[48,12],[144,9],[60,8],[180,3]]"
120,0,2,Standard Kit RX3,57,242,22,18.0,42.0,67.0,87.5,106.0,114.0,127.0,12.0,"[[0,141],[96,21],[132,13],[36,12],[156,10],[144,8],[180,8],[48,8]]"
120,0,67,i30 Perc. Kit,67,242,3,85.0,86.0,106.0,115.0,127.0,127.0,127.0,32.0,"[[0,168],[132,72],[36,2]]"
120,0,57,SFX Kit 2,42,242,1,33.0,37.0,52.0,66.0,72.0,76.0,76.0,1.0,"[[96,212],[0,30]]"
120,0,117,Arabian Kit 2,79,242,1,66.0,76.0,78.0,84.0,87.0,90.0,105.0,35.0,"[[96,121],[144,110],[0,11]]"
120,0,13,HipHop Kit 2,46,241,4,57.0,74.0,80.0,101.0,116.0,117.0,117.0,1.0,"[[96,186],[0,55]]"
120,0,74,Dance Kit RX,40,241,1,19.0,76.0,92.0,97.0,102.0,112.0,118.0,48.0,"[[96,51],[144,51],[48,46],[0,45],[24,12],[72,12],[120,12],[168,12]]"
120,0,34,Jazz Kit RX2,55,240,28,40.0,80.0,100.0,107.0,115.0,122.0,126.0,26.0,"[[0,157],[96,38],[156,20],[144,19],[84,2],[168,1],[60,1],[72,1]]"
120,0,15,Techno Kit 3,80,240,1,44.0,48.0,54.0,59.0,62.0,70.0,74.0,1.0,"[[96,120],[156,120]]"
120,0,5,Standard Kit RX1,45,239,23,26.0,64.0,83.0,107.0,114.0,127.0,127.0,2.0,"[[96,42],[48,41],[132,32],[0,31],[144,28],[60,25],[180,10],[12,7]]"
120,0,33,Jazz Kit RX1,37,238,7,28.0,70.0,80.0,97.0,115.0,127.0,127.0,2.0,"[[0,200],[96,29],[132,5],[48,2],[144,1],[180,1]]"
120,0,27,House Kit 2,35,238,4,53.0,62.0,84.0,92.0,97.0,121.0,127.0,1.0,"[[96,109],[0,79],[156,40],[48,8],[144,2]]"
120,0,123,Analog Kit,61,237,3,15.0,44.0,55.0,80.0,87.0,90.0,90.0,1.0,"[[0,110],[60,65],[144,32],[48,15],[96,15]]"
120,0,64,Percussion Kit,47,236,4,71.0,73.0,88.0,90.0,96.25,97.0,119.0,73.0,"[[0,135],[96,94],[120,4],[144,3]]"
120,0,5,Standard Kit RX1,9,234,6,44.0,68.0,100.25,114.0,114.0,114.0,121.0,81.0,"[[0,199],[144,10],[108,7],[96,6],[120,4],[36,3],[168,2],[84,1]]"
120,0,6,Standard Kit RX4,69,232,1,45.0,45.0,45.0,45.0,45.0,45.0,45.0,46.0,"[[48,116],[144,116]]"
120,0,18,Power Kit RX1,35,232,2,65.0,85.0,99.0,110.0,110.0,110.0,116.0,1.0,"[[0,220],[96,12]]"
120,0,26,House Kit 1,62,231,2,57.0,73.0,79.0,103.0,112.0,123.0,123.0,1.0,"[[0,141],[60,90]]"
120,0,41,Brush Kit 2,19,231,1,37.0,57.0,74.0,102.0,108.0,114.0,123.0,1.0,"[[144,73],[0,60],[96,50],[48,46],[36,2]]"
120,0,3,Ambient Kit RX,69,230,1,33.0,41.0,45.0,49.0,57.0,61.0,66.0,11.0,"[[0,68],[48,54],[96,54],[144,54]]"
120,0,2,Standard Kit RX3,22,230,6,40.0,50.0,102.25,115.0,120.0,120.0,127.0,48.0,"[[0,161],[144,51],[48,15],[96,3]]"
120,0,42,Brush Kit RX1,0,230,1,64.0,64.0,64.0,64.0,64.0,64.0,64.0,1.0,"[[132,188],[0,24],[36,16],[96,2]]"
120,0,30,House Kit RX1,59,228,3,56.0,60.0,66.0,102.0,106.0,106.0,127.0,2.0,"[[0,116],[96,112]]"
120,0,27,House Kit 2,59,228,1,66.0,68.0,70.0,72.0,74.5,83.0,89.0,1.0,"[[0,121],[96,107]]"
120,0,13,HipHop Kit 2,35,226,2,38.0,72.0,84.0,105.0,111.0,114.0,127.0,1.0,"[[96,80],[0,68],[156,51],[60,27]]"
120,0,27,House Kit 2,46,225,4,68.0,96.0,117.0,126.0,127.0,127.0,127.0,1.0,"[[96,179],[60,19],[0,17],[156,9],[144,1]]"
120,0,74,Dance Kit RX,82,224,1,14.0,122.0,122.0,122.0,127.0,127.0,127.0,48.0,"[[96,112],[144,112]]"
120,0,5,Standard Kit RX1,17,223,6,13.0,48.0,83.0,118.0,127.0,127.0,127.0,1.0,"[[0,99],[144,28],[96,23],[48,16],[156,12],[120,9],[168,7],[108,7]]"
120,0,90,Pop Std. Kit 2,39,223,4,81.0,91.0,92.0,105.0,108.0,110.0,124.0,48.0,"[[0,175],[132,24],[96,22],[36,2]]"
120,0,4,Pop Std. Kit RX,49,223,11,49.0,61.0,85.0,100.0,120.0,127.0,127.0,22.0,"[[0,140],[96,24],[120,15],[144,11],[168,9],[24,9],[60,9],[132,5]]"
120,0,34,Jazz Kit RX2,45,221,26,48.0,82.0,94.0,105.0,110.0,118.0,127.0,2.0,"[[96,48],[48,37],[0,33],[132,29],[60,27],[144,15],[156,8],[12,7]]"
120,0,2,Standard Kit RX3,39,219,4,48.0,81.0,104.5,105.0,121.0,121.0,126.0,24.0,"[[0,132],[180,36],[96,16],[132,14],[12,6],[120,5],[144,4],[36,4]]"
120,0,73,Techno Kit RX,36,219,2,77.0,127.0,127.0,127.0,127.0,127.0,127.0,1.0,"[[0,195],[96,22],[156,2]]"
120,0,2,Standard Kit RX3,41,218,15,5.0,34.0,56.0,98.0,112.0,120.0,127.0,22.0,"[[96,47],[0,36],[132,31],[60,30],[144,19],[12,9],[84,7],[72,7]]"
120,0,123,Analog Kit,32,218,2,64.0,74.0,85.0,106.0,114.0,120.0,120.0,35.0,"[[0,79],[96,79],[48,31],[144,29]]"
120,0,65,Latin Perc. Kit1,69,218,2,43.0,43.0,51.0,73.0,81.0,110.0,110.0,1.0,"[[0,122],[96,96]]"
120,0,35,Jazz Kit RX3,64,216,1,96.0,102.0,102.0,108.0,108.0,111.0,111.0,1.0,"[[96,108],[156,108]]"
120,0,28,House Kit 3,9,215,3,68.0,93.0,93.0,94.0,100.0,109.0,109.0,1.0,"[[0,196],[144,9],[96,8],[48,2]]"
120,0,1,Standard Kit RX2,4,214,10,44.0,50.3,61.0,94.0,110.0,115.0,125.0,11.0,"[[0,78],[48,55],[144,31],[180,17],[132,9],[60,8],[36,6],[156,4]]"
120,0,96,Elektro Kit 1,40,214,1,87.0,124.0,124.0,124.0,124.0,124.0,126.0,22.0,"[[0,179],[96,18],[144,17]]"
120,0,50,Bdrum&Sdrum Kit,48,214,2,96.0,105.0,127.0,127.0,127.0,127.0,127.0,1.0,"[[0,106],[156,55],[60,28],[96,25]]"
120,0,26,House Kit 1,20,214,1,72.0,79.0,81.0,87.0,89.0,93.0,117.0,1.0,"[[0,107],[156,107]]"
120,0,26,House Kit 1,63,214,1,99.0,101.0,106.0,106.0,106.0,117.0,122.0,1.0,"[[96,214]]"
120,0,28,House Kit 3,36,213,5,55.0,80.0,85.0,93.0,117.0,117.0,127.0,1.0,"[[96,73],[0,41],[156,36],[48,32],[144,31]]"
120,0,35,Jazz Kit RX3,19,210,1,97.0,100.0,118.0,127.0,127.0,127.0,127.0,1.0,"[[96,82],[156,63],[0,61],[60,4]]"
120,0,15,Techno Kit 3,24,209,1,50.0,68.0,76.0,76.0,76.0,81.0,127.0,1.0,"[[0,139],[132,27],[60,12],[156,10],[36,7],[96,6],[144,4],[180,4]]"
120,0,31,House Kit RX2,51,208,4,37.0,44.7,59.0,84.0,95.75,103.0,103.0,1.0,"[[0,107],[96,69],[144,32]]"
120,0,2,Standard Kit RX3,82,208,1,26.0,29.0,32.5,33.5,36.0,37.0,39.0,1.0,"[[48,104],[144,104]]"
120,0,65,Latin Perc. Kit1,66,206,3,60.0,60.0,71.0,71.0,71.0,78.0,97.0,2.0,"[[96,120],[0,59],[144,26],[12,1]]"
120,0,66,Trinity Perc.Kit,83,206,1,45.0,45.0,51.0,51.0,60.0,60.0,60.0,48.0,"[[0,85],[96,73],[144,48]]"
120,0,125,Brush Kit 1,54,205,2,20.0,28.0,42.0,50.0,66.0,66.0,76.0,2.0,"[[0,145],[72,8],[24,6],[48,6],[96,6],[12,4],[108,4],[120,4]]"
120,0,26,House Kit 1,16,204,2,21.0,67.0,78.0,102.0,111.0,115.0,127.0,1.0,"[[144,61],[96,52],[0,36],[48,33],[84,7],[132,7],[180,4],[36,4]]"
120,0,51,Arabian Kit 1,81,204,1,15.0,104.0,109.0,115.0,126.0,126.0,127.0,1.0,"[[96,100],[0,74],[60,15],[156,15]]"
120,0,48,Orchestra Kit GM,57,203,4,13.0,31.0,49.0,70.0,91.0,105.0,127.0,15.0,"[[0,135],[132,15],[96,9],[144,6],[60,6],[180,6],[36,4],[84,4]]"
120,0,66,Trinity Perc.Kit,36,203,2,77.0,80.0,90.0,90.0,90.0,90.0,90.0,1.0,"[[0,203]]"
120,0,15,Techno Kit 3,36,202,1,73.0,89.1,105.0,117.0,118.0,118.0,127.0,1.0,"[[0,146],[132,56]]"
120,0,64,Percussion Kit,77,200,5,50.0,62.0,66.0,88.0,96.0,102.0,102.0,1.0,"[[96,85],[144,76],[48,11],[0,8],[24,6],[120,6],[72,4],[168,4]]"
120,0,125,Brush Kit 1,37,200,5,46.0,93.0,96.0,109.0,114.0,121.0,126.0,1.0,"[[0,186],[72,6],[84,4],[132,2],[144,2]]"
120,0,64,Percussion Kit,91,200,1,87.0,87.0,90.5,93.5,96.0,96.0,96.0,480.0,"[[0,100],[96,100]]"
120,0,64,Percussion Kit,90,200,1,61.0,61.0,62.0,67.0,70.5,73.0,73.0,576.0,"[[48,100],[144,100]]"
120,0,65,Latin Perc. Kit1,54,200,3,56.0,57.0,58.0,70.0,100.0,100.0,117.0,1.0,"[[0,148],[96,52]]"
120,0,13,HipHop Kit 2,54,199,3,40.0,48.0,50.0,60.0,119.0,127.0,127.0,47.0,"[[96,128],[0,71]]"
120,0,66,Trinity Perc.Kit,41,199,3,75.0,89.0,91.0,100.0,120.0,125.0,125.0,1.0,"[[0,94],[156,58],[96,47]]"
120,0,31,House Kit RX2,17,199,1,68.0,68.0,80.0,84.0,89.0,92.0,92.0,1.0,"[[144,78],[0,72],[48,49]]"
120,0,96,Elektro Kit 1,81,197,1,21.0,68.0,84.0,97.0,108.0,110.0,115.0,48.0,"[[144,110],[0,87]]"
120,0,4,Pop Std. Kit RX,59,197,3,50.0,65.0,80.0,85.0,99.0,110.0,117.0,48.0,"[[96,88],[0,80],[144,21],[60,4],[132,4]]"
120,0,117,Arabian Kit 2,65,197,2,74.0,84.0,84.0,84.0,87.0,102.0,102.0,44.0,"[[0,97],[48,46],[96,24],[144,23],[60,3],[156,2],[108,2]]"
120,0,18,Power Kit RX1,42,196,3,55.0,61.5,78.0,80.0,89.0,105.0,126.0,1.0,"[[0,105],[96,49],[156,30],[144,8],[132,4]]"
120,0,11,Techno Kit 1,28,195,1,51.0,54.0,55.0,61.0,74.0,84.0,84.0,1.0,"[[0,78],[144,78],[48,39]]"
120,0,64,Percussion Kit,73,192,2,86.0,86.0,86.0,107.0,116.0,118.0,118.0,2.0,"[[96,96],[144,96]]"
120,0,15,Techno Kit 3,64,192,2,55.0,59.0,66.0,76.0,90.0,99.0,115.0,1.0,"[[96,90],[156,90],[0,6],[132,6]]"
120,0,64,Percussion Kit,80,192,2,81.0,107.0,107.0,107.0,107.0,107.0,107.0,1.0,"[[0,191],[132,1]]"
120,0,122,Electro Kit,54,192,1,78.0,78.0,78.0,98.0,118.0,118.0,118.0,2.0,"[[0,48],[48,48],[96,48],[144,48]]"
120,0,48,Orchestra Kit GM,28,192,1,88.0,88.0,91.0,92.0,95.0,99.0,109.0,14.0,"[[96,186],[60,4],[0,2]]"
120,0,11,Techno Kit 1,63,189,2,84.0,90.0,96.0,97.0,105.0,108.0,111.0,1.0,"[[96,98],[156,49],[60,41],[0,1]]"
120,0,2,Standard Kit RX3,21,188,6,40.0,40.0,45.0,50.0,55.0,96.0,117.0,48.0,"[[144,83],[48,71],[0,18],[168,12],[96,4]]"
120,0,66,Trinity Perc.Kit,37,186,3,78.0,79.0,79.0,79.0,79.0,79.0,127.0,1.0,"[[0,183],[60,1],[156,1],[108,1]]"
120,0,67,i30 Perc. Kit,42,186,1,64.0,64.0,64.0,80.0,88.0,92.0,110.0,2.0,"[[96,93],[156,93]]"
120,0,10,Jungle Kit,54,186,1,54.0,54.0,72.0,93.5,106.5,109.0,109.0,1.0,"[[0,93],[156,93]]"
120,0,123,Analog Kit,75,185,3,29.0,47.0,55.0,60.0,68.0,72.0,101.0,1.0,"[[96,86],[144,56],[48,37],[0,6]]"
120,0,4,Pop Std. Kit RX,57,185,13,33.0,68.0,100.0,110.0,125.0,127.0,127.0,11.0,"[[0,147],[132,12],[12,4],[48,4],[96,3],[24,2],[60,2],[84,2]]"
120,0,27,House Kit 2,39,185,3,70.0,107.0,107.0,107.0,117.0,117.0,117.0,1.0,"[[0,177],[96,3],[156,3],[60,2]]"
120,0,33,Jazz Kit RX1,55,184,18,8.0,56.0,91.0,110.0,118.0,122.0,127.0,31.0,"[[0,108],[96,27],[132,19],[156,10],[144,9],[168,6],[84,2],[180,2]]"
120,0,34,Jazz Kit RX2,57,184,26,40.0,78.6,90.0,100.0,110.0,116.4,127.0,2.0,"[[0,126],[96,22],[132,13],[60,4],[168,4],[120,4],[24,3],[12,2]]"
120,0,5,Standard Kit RX1,55,184,24,48.0,84.0,96.0,108.0,120.0,127.0,127.0,2.0,"[[0,95],[132,28],[96,23],[60,17],[144,11],[156,7],[36,2],[48,1]]"
120,0,1,Standard Kit RX2,35,184,5,76.0,76.0,83.0,111.5,115.0,115.0,127.0,18.0,"[[0,87],[156,44],[144,32],[48,14],[96,4],[60,3]]"
120,0,66,Trinity Perc.Kit,67,184,6,33.0,34.0,82.75,89.0,103.5,105.0,126.0,18.0,"[[96,59],[0,58],[48,34],[36,14],[72,5],[180,4],[60,3],[144,2]]"
120,0,73,Techno Kit RX,38,183,2,43.0,86.0,104.0,110.0,124.0,126.0,127.0,1.0,"[[0,142],[156,26],[96,12],[60,3]]"
120,0,1,Standard Kit RX2,63,180,3,74.0,87.0,90.75,98.0,104.0,123.0,127.0,1.0,"[[0,58],[96,53],[132,53],[168,10],[156,6]]"
120,0,67,i30 Perc. Kit,33,180,1,50.0,72.0,82.0,82.0,92.0,94.2,112.0,2.0,"[[96,69],[0,52],[156,33],[60,26]]"
120,0,117,Arabian Kit 2,86,180,1,35.0,42.0,44.0,54.0,73.0,79.0,96.0,28.0,"[[96,155],[144,24],[0,1]]"
120,0,48,Orchestra Kit GM,81,180,1,61.0,73.0,76.0,93.0,97.0,99.0,105.0,15.0,"[[0,54],[96,54],[156,54],[60,12],[36,6]]"
120,0,50,Bdrum&Sdrum Kit,17,179,1,71.0,74.0,99.0,108.0,114.0,114.6,126.0,1.0,"[[96,93],[144,44],[0,42]]"
120,0,117,Arabian Kit 2,40,179,2,79.0,90.0,102.0,102.0,102.0,102.0,102.0,26.0,"[[96,95],[0,73],[60,5],[156,5],[48,1]]"
120,0,97,Elektro Kit 2,54,176,1,84.0,84.0,84.0,104.0,114.0,114.0,114.0,23.0,"[[96,68],[0,50],[48,50],[108,4],[12,2],[60,2]]"
120,0,11,Techno Kit 1,64,176,2,84.0,84.0,84.0,90.0,92.0,92.0,92.0,23.0,"[[96,88],[144,47],[156,41]]"
120,0,123,Analog Kit,80,176,1,27.0,44.0,57.5,82.0,97.0,103.0,111.0,24.0,"[[0,88],[96,88]]"
120,0,123,Analog Kit,62,175,1,47.0,47.0,48.0,80.0,87.0,93.0,99.0,1.0,"[[0,62],[96,49],[144,32],[48,32]]"
120,0,43,Brush Kit RX2,46,175,7,42.0,79.0,89.5,90.0,94.0,97.2,112.0,96.0,"[[0,108],[132,49],[96,18]]"
120,0,10,Jungle Kit,29,175,1,97.0,99.4,105.0,118.0,127.0,127.0,127.0,1.0,"[[0,93],[156,47],[60,35]]"
120,0,6,Standard Kit RX4,126,174,1,20.0,20.0,68.0,68.0,68.0,68.0,68.0,1.0,"[[0,70],[96,70],[144,17],[48,17]]"
120,0,125,Brush Kit 1,46,174,8,24.0,68.0,76.0,82.0,112.0,126.0,127.0,2.0,"[[96,85],[0,71],[132,8],[168,8],[12,1],[180,1]]"
120,0,2,Standard Kit RX3,55,172,20,26.0,43.4,80.0,100.0,110.0,116.8,127.0,2.0,"[[0,87],[132,33],[96,24],[156,10],[36,8],[144,6],[48,3],[12,1]]"
120,0,33,Jazz Kit RX1,45,172,19,60.0,67.4,90.0,105.0,114.0,126.0,127.0,6.0,"[[0,36],[96,32],[132,27],[48,25],[60,21],[180,7],[108,5],[84,5]]"
120,0,34,Jazz Kit RX2,43,172,20,34.0,88.2,96.0,106.0,115.0,120.0,127.0,2.0,"[[96,63],[0,26],[132,19],[144,16],[60,16],[48,12],[156,6],[120,4]]"
120,0,30,House Kit RX1,61,172,3,77.0,77.0,94.0,94.0,102.0,102.0,127.0,1.0,"[[96,169],[0,3]]"
120,0,89,Pop Std. Kit 1,37,172,14,80.0,111.0,117.0,122.0,127.0,127.0,127.0,43.0,"[[0,136],[180,24],[96,12]]"
120,0,72,Hip Hop Kit RX,9,171,1,81.0,84.0,87.5,99.0,111.0,115.0,126.0,1.0,"[[96,70],[0,60],[144,16],[48,12],[156,8],[60,5]]"
120,0,5,Standard Kit RX1,7,171,5,31.0,38.0,50.0,63.0,73.0,108.0,119.0,1.0,"[[48,82],[0,26],[144,21],[168,21],[96,12],[60,5],[120,2],[12,2]]"
120,0,73,Techno Kit RX,51,171,2,29.0,30.0,32.0,34.0,72.0,80.0,82.0,1.0,"[[0,121],[96,50]]"
120,0,66,Trinity Perc.Kit,65,171,2,55.0,55.0,60.0,80.0,84.0,95.0,109.0,2.0,"[[0,63],[96,47],[132,29],[60,26],[72,5],[144,1]]"
120,0,5,Standard Kit RX1,47,170,18,17.0,50.9,72.0,103.0,117.0,127.0,127.0,1.5,"[[48,33],[96,31],[144,26],[0,18],[132,14],[120,11],[84,8],[168,7]]"
120,0,96,Elektro Kit 1,46,170,2,15.0,94.9,110.0,120.0,120.0,123.0,127.0,92.0,"[[96,168],[144,2]]"
120,0,42,Brush Kit RX1,4,170,1,64.0,64.0,64.0,64.0,64.0,64.0,64.0,1.0,"[[0,156],[96,13],[12,1]]"
120,0,123,Analog Kit,40,169,2,29.0,57.0,62.0,89.0,102.0,108.0,116.0,1.0,"[[0,117],[96,25],[48,19],[144,8]]"
120,0,89,Pop Std. Kit 1,39,169,6,99.0,99.0,103.0,116.0,116.0,124.0,124.0,43.0,"[[0,167],[96,2]]"
120,0,31,House Kit RX2,39,169,4,107.0,109.0,110.0,117.0,117.0,117.0,123.0,1.0,"[[0,141],[180,26],[156,2]]"
120,0,48,Orchestra Kit GM,43,169,3,8.0,38.8,43.0,64.0,90.0,110.0,127.0,2.0,"[[0,85],[96,17],[24,10],[48,10],[72,10],[120,7],[144,7],[168,7]]"
120,0,28,House Kit 3,54,168,3,32.0,75.0,75.0,75.0,90.5,92.0,127.0,1.0,"[[96,148],[60,4],[108,4],[156,4],[12,4],[48,3],[0,1]]"
120,0,32,Jazz Kit GM,44,167,3,66.0,87.0,87.0,87.0,97.0,109.0,121.0,45.0,"[[0,149],[96,18]]"
120,0,26,House Kit 1,54,167,2,56.0,62.0,77.0,92.0,114.0,114.0,114.0,1.0,"[[96,109],[0,58]]"
120,0,89,Pop Std. Kit 1,43,166,16,82.0,85.0,99.0,110.0,121.0,127.0,127.0,43.0,"[[0,71],[96,65],[144,14],[48,4],[156,2],[132,2],[60,2],[108,2]]"
120,0,35,Jazz Kit RX3,46,166,4,34.0,54.0,61.0,85.0,120.0,127.0,127.0,1.0,"[[0,67],[144,41],[96,32],[156,21],[12,4],[60,1]]"
120,0,66,Trinity Perc.Kit,32,165,5,32.0,32.0,102.0,104.0,107.0,107.0,119.0,31.0,"[[156,124],[60,13],[84,6],[24,6],[132,3],[120,3],[72,2],[144,2]]"
120,0,8,Room Kit GM,42,165,2,15.0,15.0,15.0,55.0,100.0,100.0,100.0,1.0,"[[0,79],[96,36],[48,26],[144,24]]"
120,0,64,Percussion Kit,41,165,4,57.0,64.4,80.0,90.0,95.0,100.0,110.0,37.0,"[[0,75],[96,42],[108,20],[120,12],[12,11],[144,5]]"
120,0,26,House Kit 1,46,164,4,53.0,75.0,75.0,98.0,106.0,120.0,127.0,1.0,"[[96,130],[0,14],[144,10],[48,5],[84,3],[180,1],[168,1]]"
120,0,0,Standard Kit GM,51,164,2,81.0,81.0,85.0,86.0,92.0,113.0,127.0,8.0,"[[0,164]]"
120,0,28,House Kit 3,59,164,1,66.0,68.0,70.0,72.0,76.0,83.0,89.0,1.0,"[[0,87],[96,77]]"
120,0,43,Brush Kit RX2,20,164,1,42.0,42.0,42.0,69.0,69.0,69.0,69.0,1.0,"[[0,100],[96,64]]"
120,0,11,Techno Kit 1,51,163,1,71.0,87.0,102.0,102.0,102.0,102.0,102.0,1.0,"[[0,83],[96,80]]"
120,0,3,Ambient Kit RX,42,163,1,41.0,49.0,57.0,93.0,127.0,127.0,127.0,5473.0,"[[96,93],[0,62],[144,2],[156,2],[168,2],[180,2]]"
120,0,30,House Kit RX1,32,162,5,67.0,95.2,99.0,109.0,126.0,126.0,127.0,9.0,"[[96,66],[156,28],[0,24],[48,16],[144,15],[60,10],[168,2],[72,1]]"
120,0,90,Pop Std. Kit 2,56,162,4,81.0,81.0,81.0,86.0,89.0,94.0,100.0,10.0,"[[0,162]]"
120,0,64,Percussion Kit,32,160,12,32.0,32.0,32.0,57.0,84.0,100.0,127.0,1.0,"[[0,48],[96,48],[24,11],[168,6],[48,6],[120,6],[132,5],[84,5]]"
120,0,89,Pop Std. Kit 1,47,159,16,88.0,102.6,106.0,111.0,124.0,127.0,127.0,43.0,"[[0,76],[96,45],[144,18],[48,9],[60,6],[132,3],[36,1],[120,1]]"
120,0,33,Jazz Kit RX1,14,159,2,13.0,62.0,99.0,113.0,116.5,127.0,127.0,124.0,"[[0,113],[132,29],[60,12],[96,3],[156,2]]"
120,0,0,Standard Kit GM,59,158,2,49.0,76.2,81.0,85.0,88.0,92.0,96.0,8.0,"[[0,132],[36,6],[72,4],[108,4],[144,4],[168,2],[96,2],[156,2]]"
120,0,28,House Kit 3,88,158,1,26.0,35.8,64.0,64.0,127.0,127.0,127.0,1.0,"[[0,75],[48,56],[144,27]]"
120,0,117,Arabian Kit 2,46,158,2,85.0,98.1,102.0,105.0,105.0,108.0,108.0,44.0,"[[96,140],[60,5],[156,5],[12,3],[108,3],[48,1],[0,1]]"
120,0,34,Jazz Kit RX2,47,157,21,33.0,86.0,96.0,104.0,110.0,117.0,127.0,2.0,"[[96,40],[0,29],[132,24],[144,21],[48,14],[72,8],[60,6],[84,5]]"
120,0,42,Brush Kit RX1,49,157,16,30.0,40.0,68.0,82.0,95.0,105.0,127.0,2.0,"[[0,124],[96,14],[144,9],[120,4],[60,2],[48,1],[12,1],[168,1]]"
120,0,65,Latin Perc. Kit1,90,157,1,50.0,50.0,50.0,69.0,69.0,69.0,69.0,1.0,"[[96,124],[144,33]]"
120,0,117,Arabian Kit 2,13,157,1,53.0,104.0,109.0,111.0,127.0,127.0,127.0,77.0,"[[0,108],[156,17],[60,16],[96,11],[36,4],[132,1]]"
120,0,30,House Kit RX1,56,156,1,62.0,86.0,86.0,96.0,104.0,114.0,114.0,2.0,"[[96,60],[0,42],[144,32],[48,22]]"
120,0,9,HipHop Kit 1,44,156,1,33.0,35.0,41.0,51.0,81.0,81.0,113.0,1.0,"[[0,52],[48,41],[96,33],[144,30]]"
120,0,42,Brush Kit RX1,5,156,2,49.0,64.0,64.0,64.0,64.0,64.0,64.0,1.0,"[[132,142],[36,12],[120,2]]"
120,0,34,Jazz Kit RX2,64,156,3,90.0,95.0,100.0,105.0,118.0,121.0,121.0,46.0,"[[96,78],[144,68],[48,10]]"
120,0,27,House Kit 2,60,155,3,110.0,116.0,121.0,123.0,126.0,127.0,127.0,1.0,"[[0,115],[144,19],[48,19],[36,2]]"
120,0,33,Jazz Kit RX1,3,155,6,53.0,53.0,62.0,80.0,95.0,110.0,118.0,48.0,"[[60,107],[0,18],[144,16],[48,8],[96,4],[168,2]]"
120,0,15,Techno Kit 3,38,155,2,24.0,104.0,104.0,111.0,127.0,127.0,127.0,1.0,"[[0,136],[132,10],[60,7],[156,2]]"
120,0,65,Latin Perc. Kit1,43,155,5,63.0,84.0,84.0,88.0,88.0,117.0,127.0,83.0,"[[0,92],[96,60],[12,3]]"
120,0,15,Techno Kit 3,69,155,1,66.0,66.0,66.0,66.0,66.0,66.0,87.0,1.0,"[[0,148],[132,7]]"
120,0,2,Standard Kit RX3,59,154,5,45.0,67.2,84.25,88.0,93.0,97.0,114.0,33.0,"[[0,81],[96,57],[144,9],[48,7]]"
120,0,66,Trinity Perc.Kit,64,154,1,69.0,70.0,71.0,83.0,88.0,92.0,97.0,49.0,"[[0,150],[48,4]]"
120,0,1,Standard Kit RX2,49,153,14,50.0,73.0,97.0,110.0,115.0,120.0,127.0,1.0,"[[0,141],[96,4],[180,3],[132,3],[120,1],[156,1]]"
120,0,117,Arabian Kit 2,59,153,2,54.0,54.0,56.0,84.0,88.0,93.0,96.0,20.0,"[[96,65],[0,32],[144,24],[156,16],[132,11],[60,5]]"
120,0,6,Standard Kit RX4,20,152,3,33.0,33.0,49.0,89.0,127.0,127.0,127.0,2.0,"[[0,79],[96,37],[48,36]]"
120,0,33,Jazz Kit RX1,21,152,2,12.0,26.0,38.0,97.0,100.0,106.0,127.0,2.0,"[[0,88],[132,7],[96,7],[24,6],[36,6],[72,6],[120,6],[144,5]]"
120,0,65,Latin Perc. Kit1,42,152,3,22.0,36.0,48.0,57.0,60.0,70.0,127.0,138.0,"[[96,139],[0,7],[144,4],[120,2]]"
120,0,17,Power Kit 2,70,150,1,69.0,70.0,94.0,102.0,102.0,110.0,110.0,1.0,"[[0,65],[96,65],[120,10],[24,10]]"
120,0,35,Jazz Kit RX3,13,150,2,79.0,90.0,118.0,121.0,121.0,127.0,127.0,1.0,"[[0,121],[60,17],[156,5],[96,5],[48,2]]"
120,0,64,Percussion Kit,34,150,2,42.0,62.0,70.0,82.0,90.0,97.0,101.0,23.0,"[[96,46],[0,33],[144,33],[48,23],[168,8],[120,7]]"
120,0,34,Jazz Kit RX2,62,149,3,55.0,55.0,55.0,55.0,124.0,127.0,127.0,1.0,"[[48,80],[96,40],[144,29]]"
120,0,26,House Kit 1,44,148,5,29.0,29.0,75.0,102.0,120.0,124.0,126.0,1.0,"[[96,75],[0,49],[48,7],[180,5],[144,4],[84,4],[168,3],[72,1]]"
120,0,5,Standard Kit RX1,2,148,6,15.0,16.0,24.0,37.0,52.0,72.6,110.0,17.5,"[[48,46],[144,45],[96,38],[120,8],[132,5],[72,4],[0,1],[156,1]]"
120,0,66,Trinity Perc.Kit,27,148,1,13.0,13.0,51.0,64.0,72.0,88.0,106.0,1.0,"[[156,61],[0,44],[96,43]]"
120,0,3,Ambient Kit RX,70,147,2,17.0,26.0,29.5,64.0,98.0,110.0,114.0,11.0,"[[96,47],[144,45],[0,28],[48,27]]"
120,0,5,Standard Kit RX1,28,147,1,1.0,11.0,15.0,15.0,19.0,23.0,87.0,1.0,"[[144,81],[96,31],[0,18],[48,17]]"
120,0,30,House Kit RX1,16,147,1,68.0,111.0,111.0,113.0,126.0,127.0,127.0,1.0,"[[0,50],[96,48],[144,47],[48,2]]"
120,0,1,Standard Kit RX2,53,146,4,16.0,63.0,72.0,73.0,73.0,73.0,109.0,1.0,"[[96,126],[0,11],[132,4],[144,3],[60,2]]"
120,0,6,Standard Kit RX4,37,146,2,106.0,115.0,115.0,115.0,127.0,127.0,127.0,15.0,"[[0,145],[96,1]]"
120,0,27,House Kit 2,24,146,3,50.0,71.0,80.0,86.0,90.0,97.0,112.0,1.0,"[[0,66],[156,28],[60,28],[48,12],[144,11],[96,1]]"
120,0,32,Jazz Kit GM,35,146,2,40.0,120.0,120.0,120.0,120.0,120.0,120.0,23.0,"[[0,144],[96,2]]"
120,0,13,HipHop Kit 2,51,146,2,95.0,104.0,106.0,126.0,127.0,127.0,127.0,1.0,"[[0,114],[96,32]]"
120,0,125,Brush Kit 1,16,146,1,109.0,109.0,109.0,111.0,111.0,113.0,113.0,1.0,"[[0,60],[156,59],[96,27]]"
120,0,28,House Kit 3,35,145,2,66.0,107.0,127.0,127.0,127.0,127.0,127.0,432.5,"[[96,57],[144,42],[0,33],[48,9],[60,2],[156,1],[12,1]]"
120,0,66,Trinity Perc.Kit,75,144,7,36.0,65.0,74.0,99.5,102.0,105.0,105.0,114.5,"[[0,118],[60,12],[48,8],[144,3],[132,2],[96,1]]"
120,0,2,Standard Kit RX3,37,143,10,50.0,79.0,111.0,114.0,120.0,124.0,127.0,2.0,"[[0,121],[96,16],[144,3],[156,2],[108,1]]"
120,0,64,Percussion Kit,87,143,2,92.0,92.0,92.0,108.0,108.0,111.0,118.0,1.0,"[[0,56],[96,56],[84,27],[132,2],[36,2]]"
120,0,51,Arabian Kit 1,84,143,1,106.0,115.0,124.0,127.0,127.0,127.0,127.0,1.0,"[[96,72],[0,50],[156,20],[60,1]]"
120,0,34,Jazz Kit RX2,125,143,1,37.0,43.0,44.0,55.0,74.0,84.0,87.0,2.0,"[[0,84],[96,59]]"
120,0,123,Analog Kit,59,142,3,27.0,32.0,38.25,74.0,85.0,87.9,108.0,1.0,"[[0,75],[96,67]]"
120,0,17,Power Kit 2,59,142,1,82.0,94.0,106.0,106.0,106.0,110.0,110.0,1.0,"[[96,62],[0,61],[24,10],[120,9]]"
120,0,65,Latin Perc. Kit1,21,142,1,122.0,126.0,127.0,127.0,127.0,127.0,127.0,41.0,"[[0,142]]"
120,0,97,Elektro Kit 2,36,141,1,86.0,109.0,109.0,119.0,119.0,119.0,119.0,23.0,"[[0,103],[96,34],[48,2],[36,2]]"
120,0,0,Standard Kit GM,40,141,3,23.0,66.0,87.0,107.0,119.0,121.0,127.0,48.0,"[[0,84],[144,28],[48,15],[96,14]]"
120,0,74,Dance Kit RX,36,141,1,36.0,120.0,120.0,120.0,120.0,120.0,120.0,48.0,"[[0,123],[96,18]]"
120,0,34,Jazz Kit RX2,3,140,5,39.0,50.0,50.0,50.5,57.0,57.1,90.0,1.0,"[[60,76],[108,24],[132,21],[96,9],[0,3],[48,3],[144,2],[120,2]]"
120,0,0,Standard Kit GM,36,140,2,80.0,120.0,120.0,120.0,120.0,125.0,127.0,48.0,"[[0,108],[96,18],[144,11],[12,2],[48,1]]"
120,0,66,Trinity Perc.Kit,34,140,1,93.0,99.7,103.5,107.0,109.0,111.0,115.0,25.5,"[[96,66],[156,62],[60,5],[0,3],[72,2],[120,1],[144,1]]"
120,0,13,HipHop Kit 2,36,140,1,88.0,126.0,127.0,127.0,127.0,127.0,127.0,1.0,"[[0,57],[96,43],[48,31],[60,8],[156,1]]"
120,0,13,HipHop Kit 2,39,139,3,70.0,105.0,114.0,117.0,121.0,127.0,127.0,1.0,"[[0,89],[96,45],[60,5]]"
120,0,34,Jazz Kit RX2,25,139,14,36.0,60.0,70.0,85.0,94.0,112.4,127.0,72.0,"[[96,30],[144,23],[48,18],[156,18],[24,12],[0,11],[120,11],[132,6]]"
120,0,64,Percussion Kit,35,139,4,44.0,61.0,76.0,96.0,96.0,96.0,98.0,2.0,"[[0,36],[96,36],[168,24],[60,19],[156,8],[48,8],[36,4],[72,4]]"
120,0,26,House Kit 1,59,139,1,80.0,88.0,93.0,99.0,106.0,110.0,110.0,1.0,"[[0,62],[96,62],[60,15]]"
120,0,89,Pop Std. Kit 1,48,138,9,66.0,97.4,104.5,114.0,122.5,126.3,127.0,43.0,"[[96,52],[0,43],[144,27],[48,6],[168,5],[72,4],[180,1]]"
120,0,1,Standard Kit RX2,57,137,13,27.0,61.2,90.0,108.0,119.0,121.2,127.0,2.0,"[[0,120],[96,5],[132,5],[144,3],[168,2],[180,1],[24,1]]"
120,0,11,Techno Kit 1,62,137,2,108.0,110.0,110.0,111.0,114.0,117.0,117.0,1.0,"[[96,90],[144,47]]"
120,0,5,Standard Kit RX1,62,137,2,84.0,125.0,125.0,125.0,125.0,125.0,127.0,1.0,"[[96,137]]"
120,0,2,Standard Kit RX3,47,136,16,13.0,64.0,86.25,100.0,110.0,117.0,127.0,26.0,"[[96,36],[48,27],[144,26],[0,15],[12,7],[84,6],[60,5],[72,4]]"
120,0,72,Hip Hop Kit RX,51,134,1,64.0,64.0,65.0,67.0,71.0,71.0,73.0,1.0,"[[0,69],[96,65]]"
120,0,66,Trinity Perc.Kit,63,134,1,119.0,119.0,119.0,122.0,122.0,122.0,126.0,100.0,"[[0,134]]"
120,0,1,Standard Kit RX2,61,134,2,60.0,64.0,70.0,72.0,78.0,80.0,109.0,2.0,"[[96,52],[48,48],[144,24],[0,10]]"
120,0,1,Standard Kit RX2,62,133,4,68.0,83.6,106.0,126.0,127.0,127.0,127.0,1.0,"[[132,56],[96,28],[48,25],[144,24]]"
120,0,33,Jazz Kit RX1,48,130,14,26.0,64.0,78.0,95.5,110.0,118.0,126.0,2.0,"[[96,23],[0,19],[60,19],[132,16],[48,14],[156,8],[84,8],[108,4]]"
120,0,96,Elektro Kit 1,36,130,1,86.0,113.7,126.0,126.0,126.0,126.0,127.0,48.0,"[[0,119],[96,8],[144,3]]"
120,0,13,HipHop Kit 2,9,130,1,101.0,101.0,112.0,126.0,126.0,126.0,126.0,1.0,"[[0,83],[156,47]]"
120,0,43,Brush Kit RX2,70,130,1,56.0,56.0,62.0,62.0,77.0,77.0,77.0,1.0,"[[0,66],[96,64]]"
120,0,65,Latin Perc. Kit1,110,129,1,62.0,70.0,70.0,70.0,92.0,110.0,112.0,1.0,"[[0,128],[96,1]]"
120,0,41,Brush Kit 2,40,129,3,47.0,47.0,47.0,59.0,59.0,59.0,98.0,1.0,"[[0,128],[96,1]]"
120,0,12,Room Kit 2,69,128,1,16.0,16.0,31.0,52.0,77.25,105.0,105.0,1.0,"[[0,32],[48,32],[96,32],[144,32]]"
120,0,12,Room Kit 2,54,128,1,48.0,48.0,60.0,65.0,73.25,95.0,95.0,1.0,"[[0,32],[48,32],[96,32],[144,32]]"
120,0,4,Pop Std. Kit RX,43,127,10,62.0,87.0,98.0,111.0,121.0,127.0,127.0,20.0,"[[0,35],[96,20],[132,14],[144,11],[120,8],[180,8],[60,7],[48,7]]"
120,0,64,Percussion Kit,50,127,3,70.0,70.0,70.0,75.0,79.0,110.0,126.0,12.0,"[[0,73],[120,22],[132,22],[156,10]]"
120,0,123,Analog Kit,60,126,1,42.0,42.0,44.0,70.5,84.0,87.0,99.0,1.0,"[[0,47],[48,32],[96,32],[144,15]]"
120,0,42,Brush Kit RX1,59,126,12,12.0,40.0,40.0,66.0,85.0,96.5,100.0,1.0,"[[0,86],[120,6],[144,6],[72,6],[180,4],[12,4],[156,3],[48,2]]"
120,0,65,Latin Perc. Kit1,52,126,5,45.0,62.0,63.0,63.0,63.0,69.0,74.0,1.0,"[[96,88],[156,36],[144,2]]"
120,0,42,Brush Kit RX1,57,124,18,13.0,38.0,58.0,80.0,95.0,104.0,127.0,2.0,"[[0,79],[96,10],[132,8],[36,4],[108,3],[144,3],[84,2],[120,2]]"
120,0,27,House Kit 2,63,124,2,49.0,50.0,127.0,127.0,127.0,127.0,127.0,1.0,"[[96,60],[156,50],[132,5],[48,5],[0,4]]"
120,0,5,Standard Kit RX1,63,123,2,55.0,55.0,55.0,85.0,85.0,94.6,109.0,1.0,"[[96,58],[144,55],[60,8],[48,1],[0,1]]"
120,0,26,House Kit 1,17,122,2,37.0,37.0,44.0,115.0,115.0,120.0,127.0,1.0,"[[0,35],[144,32],[48,32],[96,7],[180,6],[132,4],[36,4],[84,1]]"
120,0,43,Brush Kit RX2,21,122,1,46.0,58.0,58.0,64.0,72.0,72.0,110.0,1.0,"[[0,76],[96,44],[36,2]]"
120,0,97,Elektro Kit 2,46,121,1,103.0,103.0,103.0,103.0,103.0,103.0,119.0,23.0,"[[96,121]]"
120,0,10,Jungle Kit,46,121,1,82.0,95.0,95.0,101.0,103.0,109.0,120.0,1.0,"[[60,51],[96,26],[0,23],[156,21]]"
120,0,64,Percussion Kit,31,120,4,48.0,78.0,79.0,83.0,100.0,102.2,126.0,2.0,"[[96,62],[48,25],[0,24],[144,4],[180,3],[84,2]]"
120,0,2,Standard Kit RX3,2,120,5,23.0,37.0,42.0,53.0,63.25,74.0,115.0,4.0,"[[48,41],[144,34],[0,11],[96,10],[156,8],[120,8],[180,4],[24,4]]"
120,0,28,House Kit 3,20,120,2,37.0,37.0,37.0,53.0,83.0,85.0,88.0,1.0,"[[48,58],[96,58],[0,3],[144,1]]"
120,0,5,Standard Kit RX1,64,120,2,55.0,55.0,55.0,85.0,85.0,85.0,86.0,1.0,"[[96,56],[144,56],[0,8]]"
120,0,10,Jungle Kit,36,119,1,46.0,46.0,76.0,109.0,116.0,127.0,127.0,1.0,"[[0,49],[156,48],[96,22]]"
120,0,97,Elektro Kit 2,38,118,1,58.0,82.0,119.0,122.0,122.0,122.0,122.0,23.0,"[[96,100],[0,5],[48,5],[108,2],[24,2],[72,2],[132,2]]"
120,0,72,Hip Hop Kit RX,38,118,1,82.0,111.4,115.0,116.0,118.0,119.0,123.0,1.0,"[[0,94],[156,10],[96,9],[60,4],[48,1]]"
120,0,3,Ambient Kit RX,44,117,2,32.0,80.0,87.0,105.0,127.0,127.0,127.0,1537.0,"[[0,94],[96,17],[48,4],[144,2]]"
120,0,10,Jungle Kit,37,117,1,101.0,101.0,114.0,116.0,122.0,122.0,127.0,1.0,"[[0,94],[60,23]]"
120,0,65,Latin Perc. Kit1,49,117,3,30.0,30.0,42.0,61.0,93.0,105.0,109.0,19.0,"[[96,46],[0,28],[144,26],[48,17]]"
120,0,34,Jazz Kit RX2,41,116,18,36.0,69.0,84.0,100.0,114.0,125.0,127.0,2.0,"[[96,29],[0,26],[132,13],[60,11],[48,10],[144,9],[156,5],[24,5]]"
120,0,48,Orchestra Kit GM,35,116,1,95.0,95.0,95.0,110.0,110.0,110.0,110.0,47.0,"[[0,112],[96,4]]"
120,0,6,Standard Kit RX4,82,116,1,80.0,80.0,85.25,87.5,88.25,89.0,89.0,32.0,"[[96,87],[0,29]]"
120,0,43,Brush Kit RX2,16,116,1,82.0,85.0,85.0,94.5,108.0,108.0,127.0,1.0,"[[0,61],[96,51],[108,2],[24,1],[12,1]]"
120,0,33,Jazz Kit RX1,47,115,19,55.0,84.4,94.5,102.0,113.5,120.0,127.0,20.0,"[[60,25],[96,20],[48,18],[144,16],[0,13],[132,11],[156,7],[72,2]]"
120,0,125,Brush Kit 1,49,115,11,14.0,29.6,58.0,76.0,86.0,101.0,126.0,2.0,"[[0,69],[96,16],[60,6],[132,6],[156,6],[36,4],[144,3],[108,2]]"
120,0,56,SFX Kit GM,50,115,1,123.0,123.0,127.0,127.0,127.0,127.0,127.0,1.0,"[[0,115]]"
120,0,56,SFX Kit GM,56,115,1,123.0,123.0,123.0,123.0,127.0,127.0,127.0,1.0,"[[0,115]]"
120,0,50,Bdrum&Sdrum Kit,40,114,1,51.0,108.6,110.0,110.0,110.0,119.0,120.0,12.0,"[[0,77],[96,17],[156,16],[168,4]]"
120,0,34,Jazz Kit RX2,32,114,5,20.0,32.0,49.0,66.0,67.0,68.0,82.0,20.0,"[[144,18],[72,14],[168,13],[96,12],[84,10],[180,9],[108,8],[36,7]]"
120,0,4,Pop Std. Kit RX,62,114,1,75.0,75.0,85.0,86.0,88.0,127.0,127.0,48.0,"[[0,59],[96,52],[108,3]]"
120,0,42,Brush Kit RX1,89,114,1,77.0,82.0,87.0,89.0,95.0,97.0,102.0,1.0,"[[96,57],[0,57]]"
120,0,12,Room Kit 2,70,113,1,17.0,17.0,17.0,37.0,69.0,105.0,105.0,1.0,"[[0,29],[60,28],[96,28],[156,28]]"
120,0,6,Standard Kit RX4,38,113,3,24.0,42.0,50.0,110.0,120.0,120.0,127.0,11.0,"[[0,80],[156,31],[60,2]]"
120,0,41,Brush Kit 2,54,113,1,60.0,64.0,66.0,68.0,72.0,75.2,80.0,29.0,"[[0,57],[96,56]]"
120,0,50,Bdrum&Sdrum Kit,63,112,1,40.0,70.0,120.0,120.0,120.0,120.0,123.0,12.0,"[[0,89],[60,13],[96,5],[156,4],[180,1]]"
120,0,74,Dance Kit RX,69,112,1,14.0,120.2,122.0,122.0,122.0,123.0,123.0,48.0,"[[96,112]]"
120,0,64,Percussion Kit,76,111,2,60.0,60.0,60.0,60.0,60.0,60.0,114.0,1.0,"[[96,99],[0,8],[36,4]]"
120,0,123,Analog Kit,64,111,1,44.0,44.0,69.0,86.0,111.0,113.0,125.0,1.0,"[[0,45],[144,32],[48,17],[96,17]]"
120,0,30,House Kit RX1,13,109,4,83.0,112.0,120.0,120.0,124.0,124.0,127.0,2.0,"[[0,99],[96,4],[48,2],[144,2],[156,2]]"
120,0,1,Standard Kit RX2,55,109,14,37.0,84.0,104.0,110.0,125.0,127.0,127.0,1.0,"[[0,79],[144,14],[132,9],[96,3],[120,2],[156,2]]"
120,0,30,House Kit RX1,49,109,8,65.0,86.0,99.0,105.0,110.0,122.0,127.0,1.0,"[[0,108],[96,1]]"
120,0,35,Jazz Kit RX3,37,109,1,20.0,58.0,62.0,69.0,96.0,100.0,120.0,1.0,"[[0,83],[144,20],[72,6]]"
120,0,4,Pop Std. Kit RX,41,109,8,46.0,63.4,82.0,105.0,126.0,127.0,127.0,48.0,"[[0,30],[96,25],[132,17],[60,16],[156,6],[72,5],[144,4],[168,2]]"
120,0,12,Room Kit 2,9,109,1,127.0,127.0,127.0,127.0,127.0,127.0,127.0,9.0,"[[96,72],[0,37]]"
120,0,19,Power Kit RX2,9,109,1,127.0,127.0,127.0,127.0,127.0,127.0,127.0,9.0,"[[96,71],[0,38]]"
120,0,96,Elektro Kit 1,80,108,1,60.0,73.0,84.0,93.0,96.0,97.0,101.0,48.0,"[[96,108]]"
120,0,73,Techno Kit RX,88,108,2,45.0,50.0,115.0,126.0,126.0,126.0,126.0,1.0,"[[0,78],[156,17],[96,13]]"
120,0,27,House Kit 2,21,108,1,83.0,86.5,91.0,94.0,105.0,108.0,108.0,1.0,"[[0,45],[144,41],[48,22]]"
120,0,5,Standard Kit RX1,25,107,9,13.0,61.0,74.0,127.0,127.0,127.0,127.0,191.0,"[[0,59],[96,18],[144,17],[48,4],[24,2],[72,2],[12,2],[168,2]]"
120,0,26,House Kit 1,12,107,2,47.0,83.0,122.5,126.0,126.0,127.0,127.0,1.0,"[[0,84],[60,9],[144,5],[24,2],[72,2],[48,2],[96,2],[168,1]]"
120,0,11,Techno Kit 1,39,107,2,105.0,105.0,105.0,110.0,117.0,117.0,117.0,1.0,"[[0,107]]"
120,0,117,Arabian Kit 2,64,107,2,62.0,62.0,74.0,78.0,94.0,102.0,106.0,19.0,"[[0,29],[144,24],[96,23],[156,13],[132,11],[108,4],[60,3]]"
120,0,74,Dance Kit RX,42,107,1,40.0,120.0,120.0,120.0,120.0,120.0,120.0,48.0,"[[0,107]]"
120,0,35,Jazz Kit RX3,63,107,1,108.0,108.0,108.0,114.0,114.0,117.0,117.0,1.0,"[[96,107]]"
120,0,34,Jazz Kit RX2,48,106,21,47.0,64.0,80.5,100.0,109.0,117.0,127.0,2.0,"[[144,23],[48,20],[96,17],[0,13],[60,12],[132,10],[156,4],[84,2]]"
120,0,57,SFX Kit 2,41,106,1,80.0,90.0,90.0,90.0,90.0,90.0,90.0,1.0,"[[0,106]]"
120,0,33,Jazz Kit RX1,59,105,4,29.0,35.0,44.0,59.0,70.0,86.0,100.0,1.0,"[[0,15],[132,14],[12,10],[36,10],[60,10],[84,10],[108,10],[156,10]]"
120,0,4,Pop Std. Kit RX,53,105,3,50.0,76.0,101.0,111.0,115.0,117.0,119.0,48.0,"[[0,82],[132,11],[72,6],[60,6]]"
120,0,117,Arabian Kit 2,51,105,2,14.0,23.0,39.0,55.0,73.0,83.0,96.0,1.0,"[[0,12],[156,11],[60,10],[12,8],[36,8],[48,8],[84,8],[96,8]]"
120,0,33,Jazz Kit RX1,82,105,1,48.0,48.0,64.0,67.0,70.0,81.0,81.0,7.0,"[[132,63],[0,21],[60,21]]"
120,0,73,Techno Kit RX,24,105,1,56.0,95.0,105.0,114.0,114.0,122.0,122.0,1.0,"[[0,83],[156,22]]"
120,0,2,Standard Kit RX3,4,104,5,12.0,36.0,50.0,62.0,72.5,82.0,90.0,4.0,"[[144,25],[96,19],[48,17],[156,11],[0,11],[60,6],[132,6],[180,4]]"
120,0,74,Dance Kit RX,46,104,1,25.0,120.0,120.0,120.0,120.0,120.0,120.0,48.0,"[[96,104]]"
120,0,15,Techno Kit 3,51,104,1,39.0,86.0,94.0,110.0,110.0,114.0,114.0,1.0,"[[0,88],[132,10],[60,6]]"
120,0,43,Brush Kit RX2,59,103,7,29.0,35.0,39.0,51.0,84.5,96.0,127.0,1.0,"[[0,47],[132,11],[48,8],[156,8],[144,7],[96,4],[24,4],[108,4]]"
120,0,64,Percussion Kit,39,102,3,72.0,86.0,102.0,102.0,102.0,102.0,108.0,49.0,"[[0,85],[96,8],[144,8],[132,1]]"
120,0,26,House Kit 1,56,102,2,62.0,64.0,78.0,78.0,78.0,78.0,92.0,2.0,"[[0,44],[96,25],[144,18],[48,15]]"
120,0,90,Pop Std. Kit 2,18,102,2,80.0,100.0,100.0,100.0,100.0,100.0,100.0,2.0,"[[0,97],[96,3],[132,1],[156,1]]"
120,0,11,Techno Kit 1,42,102,1,87.0,96.0,96.0,99.0,105.75,108.0,111.0,1.0,"[[0,102]]"
120,0,15,Techno Kit 3,42,102,2,1.0,96.0,96.0,96.0,96.0,126.0,126.0,1.0,"[[96,65],[0,37]]"
120,0,5,Standard Kit RX1,50,101,11,38.0,77.0,90.0,99.0,114.0,127.0,127.0,10.5,"[[0,25],[96,19],[48,17],[12,11],[132,6],[144,5],[24,4],[36,2]]"
120,0,89,Pop Std. Kit 1,53,100,3,50.0,72.8,80.0,94.0,115.25,126.1,127.0,48.0,"[[96,51],[0,48],[144,1]]"
120,0,65,Latin Perc. Kit1,50,100,3,32.0,53.0,63.0,63.0,68.0,84.6,115.0,19.0,"[[0,50],[96,46],[144,4]]"
120,0,3,Ambient Kit RX,38,100,1,4.0,4.0,4.0,4.0,44.0,44.0,44.0,1.0,"[[48,52],[144,48]]"
120,0,72,Hip Hop Kit RX,39,100,1,102.0,102.0,102.0,103.5,105.0,105.0,105.0,1.0,"[[180,100]]"
120,0,1,Standard Kit RX2,1,99,6,48.0,48.0,50.0,67.0,74.0,81.6,101.0,1.0,"[[108,41],[96,32],[0,8],[36,8],[144,6],[120,2],[132,1],[156,1]]"
120,0,11,Techno Kit 1,61,99,2,93.0,93.0,96.0,115.0,115.0,115.0,115.0,23.0,"[[60,49],[144,49],[0,1]]"
120,0,3,Ambient Kit RX,40,99,1,47.0,65.6,80.0,120.0,127.0,127.0,127.0,18364.0,"[[0,65],[144,18],[48,14],[96,2]]"
120,0,1,Standard Kit RX2,64,98,2,80.0,87.0,93.0,101.0,109.0,118.0,118.0,1.0,"[[96,56],[144,27],[156,15]]"
120,0,4,Pop Std. Kit RX,45,98,11,70.0,85.0,98.0,117.0,125.0,127.0,127.0,24.0,"[[0,26],[96,18],[48,15],[132,10],[144,8],[12,5],[24,4],[72,3]]"
120,0,117,Arabian Kit 2,78,98,1,70.0,80.0,84.0,87.0,93.0,96.0,102.0,73.0,"[[0,98]]"
120,0,27,House Kit 2,61,98,2,49.0,63.2,104.0,127.0,127.0,127.0,127.0,1.0,"[[60,78],[48,10],[144,10]]"
120,0,89,Pop Std. Kit 1,51,97,4,86.0,87.0,87.0,107.0,117.0,127.0,127.0,48.0,"[[0,40],[96,19],[60,18],[132,18],[144,2]]"
120,0,5,Standard Kit RX1,19,97,5,71.0,83.0,83.0,100.0,115.0,120.4,121.0,49.0,"[[144,31],[0,27],[96,25],[132,4],[108,4],[36,2],[48,2],[60,1]]"
120,0,42,Brush Kit RX1,6,97,2,50.0,64.0,64.0,64.0,103.0,127.0,127.0,1.0,"[[132,46],[0,34],[36,4],[108,3],[12,3],[96,3],[60,2],[120,1]]"
120,0,27,House Kit 2,32,97,1,78.0,80.0,82.0,86.0,88.0,90.0,92.0,1.0,"[[96,97]]"
120,0,64,Percussion Kit,27,97,3,60.0,70.0,70.0,70.0,80.0,98.0,119.0,47.0,"[[48,91],[96,4],[132,1],[0,1]]"
120,0,4,Pop Std. Kit RX,37,97,5,90.0,98.0,107.0,116.0,127.0,127.0,127.0,79.0,"[[0,95],[96,2]]"
120,0,48,Orchestra Kit GM,54,96,2,68.0,68.0,72.0,74.0,78.0,84.0,86.0,21.0,"[[96,92],[60,2],[0,2]]"
120,0,30,House Kit RX1,24,96,1,41.0,53.0,66.0,74.0,82.0,86.0,94.0,1.0,"[[0,43],[144,35],[48,18]]"
120,0,117,Arabian Kit 2,39,96,1,92.0,107.0,107.0,109.0,111.0,127.0,127.0,87.0,"[[0,72],[96,8],[60,8],[156,5],[12,2],[180,1]]"
120,0,18,Power Kit RX1,46,96,2,68.0,70.0,80.0,90.0,96.25,100.0,111.0,1.0,"[[0,81],[96,15]]"
120,0,10,Jungle Kit,69,96,1,47.0,47.0,57.5,76.5,99.0,120.0,120.0,47.0,"[[0,24],[48,24],[96,24],[144,24]]"
120,0,123,Analog Kit,37,95,4,50.0,75.0,87.5,116.0,121.0,125.0,126.0,1.0,"[[0,76],[60,8],[48,3],[96,3],[144,3],[156,2]]"
120,0,28,House Kit 3,46,95,5,68.0,68.0,87.5,93.0,110.0,127.0,127.0,1.0,"[[96,67],[60,11],[144,7],[0,6],[48,4]]"
120,0,90,Pop Std. Kit 2,64,95,3,98.0,112.0,117.0,117.0,127.0,127.0,127.0,4.0,"[[96,47],[0,46],[144,2]]"
120,0,4,Pop Std. Kit RX,47,95,10,45.0,86.0,100.0,117.0,120.0,127.0,127.0,22.0,"[[96,22],[0,18],[144,14],[48,8],[132,6],[120,6],[108,6],[168,3]]"
120,0,41,Brush Kit 2,59,95,4,49.0,75.0,75.0,75.0,75.0,75.0,106.0,1.0,"[[0,74],[144,18],[96,2],[48,1]]"
120,0,50,Bdrum&Sdrum Kit,27,95,1,59.0,74.0,78.0,86.0,95.0,100.0,101.0,1.0,"[[156,41],[0,29],[60,25]]"
120,0,74,Dance Kit RX,54,95,1,14.0,127.0,127.0,127.0,127.0,127.0,127.0,48.0,"[[96,48],[0,31],[48,12],[144,4]]"
120,0,15,Techno Kit 3,46,95,1,79.0,94.0,106.0,110.0,114.0,114.0,127.0,1.0,"[[132,53],[0,42]]"
120,0,15,Techno Kit 3,62,94,1,102.0,102.0,108.0,108.0,111.0,111.0,114.0,1.0,"[[96,90],[156,4]]"
120,0,34,Jazz Kit RX2,24,94,7,35.0,35.0,35.0,40.0,63.0,122.0,127.0,55.0,"[[0,41],[60,23],[132,22],[48,4],[84,2],[156,1],[180,1]]"
120,0,28,House Kit 3,62,94,2,90.0,90.0,92.0,97.0,101.0,127.0,127.0,1.0,"[[48,68],[0,14],[96,10],[144,2]]"
120,0,117,Arabian Kit 2,82,94,1,87.0,87.0,90.0,90.0,96.0,96.0,106.0,137.0,"[[0,58],[96,36]]"
120,0,90,Pop Std. Kit 2,63,93,3,67.0,88.0,88.0,110.0,117.0,117.0,127.0,1.0,"[[96,57],[0,20],[144,16]]"
120,0,117,Arabian Kit 2,49,93,2,23.0,42.0,53.0,82.0,102.0,116.6,127.0,1.0,"[[0,27],[156,9],[96,9],[60,8],[12,5],[36,5],[48,5],[84,5]]"
120,0,15,Techno Kit 3,19,93,1,81.0,86.0,98.0,127.0,127.0,127.0,127.0,1.0,"[[60,31],[96,31],[0,16],[156,15]]"
120,0,15,Techno Kit 3,63,92,1,59.0,76.0,82.0,84.0,93.0,96.0,99.0,1.0,"[[60,92]]"
120,0,11,Techno Kit 1,82,92,1,58.0,58.0,59.0,64.0,72.0,74.0,74.0,1.0,"[[96,92]]"
120,0,51,Arabian Kit 1,86,92,1,126.0,126.0,127.0,127.0,127.0,127.0,127.0,1.0,"[[0,92]]"
120,0,34,Jazz Kit RX2,127,91,7,61.0,74.0,83.0,97.0,108.0,110.0,114.0,1.0,"[[0,69],[96,21],[168,1]]"
120,0,3,Ambient Kit RX,64,91,1,82.0,86.0,89.0,98.0,127.0,127.0,127.0,1.0,"[[96,52],[144,39]]"
120,0,117,Arabian Kit 2,77,91,1,82.0,84.0,87.0,90.0,93.0,93.0,96.0,54.0,"[[96,86],[0,5]]"
120,0,17,Power Kit 2,37,90,1,104.0,127.0,127.0,127.0,127.0,127.0,127.0,41.0,"[[0,86],[48,4]]"
120,0,33,Jazz Kit RX1,43,90,19,56.0,80.0,93.5,104.0,115.0,127.0,127.0,12.0,"[[96,27],[132,25],[60,12],[0,9],[72,5],[48,4],[168,2],[12,2]]"
120,0,28,House Kit 3,37,90,1,62.0,84.8,116.0,118.0,127.0,127.0,127.0,1.0,"[[0,70],[48,15],[144,4],[96,1]]"
120,0,31,House Kit RX2,22,90,1,72.0,78.0,90.0,97.0,105.0,109.5,127.0,1.0,"[[0,42],[60,36],[156,9],[96,3]]"
120,0,32,Jazz Kit GM,46,90,3,69.0,92.0,92.0,92.0,92.0,92.0,98.0,45.0,"[[96,76],[0,14]]"
120,0,42,Brush Kit RX1,70,90,1,47.0,52.0,55.0,58.0,70.0,70.0,70.0,34.0,"[[0,58],[96,32]]"
120,0,35,Jazz Kit RX3,35,88,2,76.0,84.0,87.0,113.0,115.0,115.0,115.0,48.0,"[[0,64],[96,22],[48,1],[144,1]]"
120,0,6,Standard Kit RX4,46,88,4,46.0,46.0,46.0,65.0,90.0,96.6,113.0,2.0,"[[96,37],[156,36],[0,7],[144,4],[60,4]]"
120,0,28,House Kit 3,126,88,1,20.0,20.0,66.0,68.0,68.0,68.0,68.0,1.0,"[[0,36],[96,35],[48,9],[144,8]]"
120,0,56,SFX Kit GM,31,88,1,87.0,87.0,93.0,96.0,105.0,105.0,111.0,1.0,"[[0,46],[144,21],[48,21]]"
120,0,11,Techno Kit 1,10,87,2,59.0,59.0,76.0,80.0,105.0,114.0,114.0,1.0,"[[96,22],[156,21],[0,13],[60,11],[48,10],[72,10]]"
120,0,30,House Kit RX1,57,87,9,72.0,78.0,95.0,103.0,108.0,120.4,127.0,1.0,"[[0,85],[96,2]]"
120,0,125,Brush Kit 1,70,87,1,64.0,64.0,64.0,65.0,84.0,84.0,84.0,1.0,"[[156,87]]"
120,0,26,House Kit 1,45,86,4,54.0,57.0,59.0,75.0,88.0,111.0,126.0,35.0,"[[96,29],[0,27],[60,18],[156,6],[48,3],[144,2],[24,1]]"
120,0,5,Standard Kit RX1,116,86,5,32.0,32.0,32.0,105.0,114.0,114.0,114.0,250.0,"[[36,13],[168,11],[84,10],[60,8],[180,8],[120,6],[144,6],[0,6]]"
120,0,34,Jazz Kit RX2,53,86,6,59.0,59.0,61.0,67.0,76.0,78.0,95.0,44.0,"[[0,83],[144,2],[36,1]]"
120,0,89,Pop Std. Kit 1,32,86,2,32.0,32.0,32.0,50.0,67.0,75.0,75.0,,"[[144,12],[120,11],[180,10],[48,9],[168,7],[156,7],[96,5],[24,5]]"
120,0,117,Arabian Kit 2,81,86,1,90.0,90.0,90.0,93.0,98.25,99.0,102.0,49.0,"[[0,86]]"
120,0,34,Jazz Kit RX2,123,86,1,45.0,47.0,55.0,68.0,105.0,111.0,111.0,2.0,"[[96,57],[0,29]]"
120,0,96,Elektro Kit 1,38,85,1,111.0,119.4,127.0,127.0,127.0,127.0,127.0,48.0,"[[0,42],[144,25],[96,15],[48,3]]"
120,0,26,House Kit 1,10,85,1,47.0,47.0,47.0,47.0,47.0,47.0,47.0,1.0,"[[0,85]]"
120,0,90,Pop Std. Kit 2,51,85,1,80.0,86.0,88.0,114.0,120.0,120.0,120.0,16.0,"[[0,63],[96,22]]"
120,0,2,Standard Kit RX3,48,84,14,56.0,66.0,86.0,98.0,108.5,114.7,120.0,2.0,"[[96,23],[0,23],[144,13],[60,9],[132,6],[120,3],[12,3],[84,1]]"
120,0,50,Bdrum&Sdrum Kit,87,84,1,40.0,41.2,52.0,60.0,70.0,70.0,78.0,12.0,"[[156,32],[60,28],[180,9],[36,6],[144,3],[132,2],[0,2],[168,2]]"
120,0,9,HipHop Kit 1,46,84,2,51.0,51.0,51.0,62.0,95.0,99.0,109.0,1.0,"[[156,47],[96,30],[144,6],[48,1]]"
120,0,42,Brush Kit RX1,55,84,11,54.0,68.0,75.25,86.5,99.0,104.0,127.0,2.0,"[[0,44],[132,25],[144,7],[120,3],[96,3],[12,2]]"
120,0,3,Ambient Kit RX,19,84,1,54.0,84.0,105.0,108.0,117.0,117.0,120.0,9878.5,"[[0,51],[96,21],[144,12]]"
120,0,26,House Kit 1,80,84,1,114.0,114.0,114.0,117.0,117.0,117.0,117.0,1.0,"[[0,84]]"
120,0,13,HipHop Kit 2,69,84,1,86.0,86.0,86.0,126.0,126.0,126.0,126.0,1.0,"[[0,43],[156,41]]"
120,0,96,Elektro Kit 1,39,83,1,21.0,89.8,112.0,121.0,121.0,121.0,121.0,48.0,"[[0,65],[144,10],[48,4],[96,4]]"
120,0,50,Bdrum&Sdrum Kit,58,83,2,83.0,89.0,100.0,100.0,127.0,127.0,127.0,1.0,"[[96,45],[0,36],[156,2]]"
120,0,2,Standard Kit RX3,5,83,5,36.0,45.0,52.0,62.0,83.0,96.0,127.0,4.0,"[[96,21],[144,12],[48,11],[0,8],[156,8],[168,6],[72,6],[132,5]]"
120,0,57,SFX Kit 2,50,83,1,50.0,50.0,54.0,74.0,74.0,78.0,78.0,1.0,"[[96,83]]"
120,0,73,Techno Kit RX,22,83,1,67.0,99.0,99.0,99.0,107.0,107.0,107.0,1.0,"[[0,83]]"
120,0,41,Brush Kit 2,57,82,7,41.0,64.0,72.0,85.5,100.0,113.0,116.0,4.0,"[[0,62],[144,4],[96,3],[12,2],[24,2],[36,2],[48,2],[60,2]]"
120,0,72,Hip Hop Kit RX,12,82,1,35.0,78.0,91.25,101.0,110.0,121.0,127.0,1.0,"[[0,68],[60,4],[96,4],[156,3],[48,2],[144,1]]"
120,0,65,Latin Perc. Kit1,112,82,1,28.0,35.0,39.0,55.0,63.0,69.0,75.0,1.0,"[[0,38],[144,38],[48,6]]"
120,0,33,Jazz Kit RX1,0,82,2,51.0,60.1,67.0,75.5,84.5,99.7,118.0,29.0,"[[144,44],[48,29],[0,9]]"
120,0,10,Jungle Kit,40,82,1,46.0,56.0,76.0,107.0,119.5,126.0,127.0,1.0,"[[0,36],[156,28],[60,18]]"
120,0,34,Jazz Kit RX2,124,82,1,24.0,24.6,42.0,57.0,117.0,117.0,120.0,2.0,"[[0,38],[144,19],[48,19],[96,6]]"
120,0,64,Percussion Kit,85,81,2,88.0,96.0,96.0,96.0,100.0,108.0,110.0,575.0,"[[0,78],[36,3]]"
120,0,42,Brush Kit RX1,32,81,3,32.0,32.0,49.0,66.0,67.0,75.0,127.0,1.0,"[[84,12],[168,8],[180,7],[96,7],[108,6],[0,6],[72,5],[144,5]]"
120,0,4,Pop Std. Kit RX,55,81,11,40.0,90.0,98.0,102.0,112.0,122.0,127.0,30.0,"[[0,39],[96,27],[132,8],[60,3],[156,2],[72,1],[120,1]]"
120,0,66,Trinity Perc.Kit,71,81,2,89.0,90.0,90.0,93.0,96.0,99.0,99.0,2.0,"[[0,34],[96,30],[120,17]]"
120,0,27,House Kit 2,9,81,2,108.0,113.0,115.0,117.0,122.0,127.0,127.0,1.0,"[[0,27],[156,26],[96,26],[48,1],[144,1]]"
120,0,30,House Kit RX1,67,80,1,96.0,102.0,106.5,110.0,114.0,116.0,116.0,2.0,"[[0,40],[144,40]]"
120,0,1,Standard Kit RX2,7,80,8,45.0,61.0,61.0,61.0,61.0,120.0,122.0,1.0,"[[48,64],[0,9],[96,5],[60,2]]"
120,0,32,Jazz Kit GM,59,80,1,91.0,91.0,91.0,91.0,113.0,113.0,125.0,127.0,"[[0,80]]"
120,0,65,Latin Perc. Kit1,15,80,1,104.0,115.0,117.0,127.0,127.0,127.0,127.0,40.0,"[[0,80]]"
120,0,5,Standard Kit RX1,48,79,14,51.0,81.0,85.0,98.0,114.0,120.0,127.0,2.0,"[[96,23],[0,17],[48,8],[180,7],[72,6],[144,6],[60,4],[132,3]]"
120,0,64,Percussion Kit,58,79,18,27.0,44.8,58.5,90.0,102.0,110.0,126.0,191.0,"[[0,55],[96,9],[72,6],[144,5],[48,2],[180,1],[120,1]]"
120,0,42,Brush Kit RX1,19,79,4,66.0,66.0,100.0,100.0,100.0,100.0,116.0,7.0,"[[0,39],[96,32],[60,3],[48,2],[144,2],[108,1]]"
120,0,28,House Kit 3,55,78,4,63.0,63.0,63.0,63.0,63.0,94.0,127.0,1.0,"[[0,35],[96,22],[144,21]]"
120,0,26,House Kit 1,32,78,2,50.0,89.0,101.0,106.0,112.0,122.0,122.0,34.0,"[[156,25],[60,24],[0,24],[168,3],[180,2]]"
120,0,43,Brush Kit RX2,49,78,8,32.0,63.0,80.0,100.0,104.0,116.0,121.0,10.5,"[[0,70],[132,4],[144,2],[24,1],[12,1]]"
120,0,28,House Kit 3,63,78,2,92.0,98.0,110.0,116.0,116.0,127.0,127.0,1.0,"[[0,60],[48,12],[96,6]]"
120,0,31,House Kit RX2,32,78,2,97.0,109.0,110.0,110.0,115.75,124.0,127.0,1.0,"[[96,52],[0,13],[60,7],[156,6]]"
120,0,32,Jazz Kit GM,49,78,3,82.0,89.0,94.0,94.0,104.75,125.0,126.0,47.0,"[[0,77],[180,1]]"
120,0,73,Techno Kit RX,85,78,1,56.0,56.0,60.0,62.0,64.0,64.0,64.0,1.0,"[[96,39],[156,39]]"
120,0,50,Bdrum&Sdrum Kit,80,76,1,50.0,56.0,56.0,62.0,77.0,77.0,87.0,1.0,"[[0,30],[144,30],[48,16]]"
120,0,33,Jazz Kit RX1,7,76,4,43.0,43.0,43.0,43.0,66.25,86.0,125.0,48.0,"[[96,35],[156,20],[48,10],[144,9],[0,1],[60,1]]"
120,0,26,House Kit 1,51,76,1,88.0,88.0,92.0,93.0,96.0,96.0,96.0,1.0,"[[96,39],[0,37]]"
120,0,18,Power Kit RX1,51,76,2,65.0,68.0,76.0,82.5,95.0,97.5,100.0,1.0,"[[0,46],[96,8],[156,8],[144,8],[180,6]]"
120,0,13,HipHop Kit 2,56,76,1,89.0,89.0,101.0,104.0,104.0,105.5,107.0,1.0,"[[96,44],[0,16],[156,16]]"
120,0,27,House Kit 2,28,76,1,84.0,84.5,85.0,85.0,85.0,108.0,111.0,1.0,"[[0,76]]"
120,0,34,Jazz Kit RX2,52,75,22,50.0,91.6,96.0,110.0,115.0,115.0,127.0,24.0,"[[0,51],[156,8],[96,4],[60,3],[144,3],[48,2],[24,2],[120,2]]"
120,0,1,Standard Kit RX2,5,75,8,50.0,50.0,81.0,81.0,101.0,109.0,116.0,1.0,"[[48,46],[60,8],[36,8],[96,7],[0,6]]"
120,0,67,i30 Perc. Kit,31,75,1,80.0,80.0,92.0,92.0,96.0,110.0,110.0,2.0,"[[156,33],[0,30],[96,12]]"
120,0,15,Techno Kit 3,70,75,1,127.0,127.0,127.0,127.0,127.0,127.0,127.0,1.0,"[[0,67],[96,8]]"
120,0,117,Arabian Kit 2,68,75,1,87.0,87.0,87.0,90.0,122.0,127.0,127.0,62.0,"[[96,60],[0,11],[144,4]]"
120,0,72,Hip Hop Kit RX,44,74,1,57.0,57.0,62.0,76.0,76.0,76.0,76.0,1.0,"[[0,54],[144,14],[156,6]]"
120,0,13,HipHop Kit 2,40,74,2,49.0,118.9,126.0,126.0,126.0,126.0,126.0,1.0,"[[0,68],[156,2],[120,1],[132,1],[60,1],[96,1]]"
120,0,31,House Kit RX2,60,74,1,108.0,108.0,108.0,109.0,110.0,110.0,110.0,1.0,"[[96,37],[60,37]]"
120,0,31,House Kit RX2,84,74,2,22.0,25.0,29.0,32.0,37.0,41.0,69.0,2.0,"[[0,70],[48,3],[96,1]]"
120,0,27,House Kit 2,53,74,1,74.0,76.6,80.0,84.0,88.0,88.0,90.0,1.0,"[[96,74]]"
120,0,5,Standard Kit RX1,5,73,5,13.0,21.0,29.0,49.0,112.0,124.0,127.0,18.0,"[[144,21],[60,12],[48,11],[96,10],[168,7],[132,4],[120,3],[72,2]]"
120,0,90,Pop Std. Kit 2,62,73,3,110.0,112.0,117.0,117.0,127.0,127.0,127.0,4.0,"[[0,41],[96,32]]"
120,0,33,Jazz Kit RX1,5,73,4,49.0,61.0,61.0,61.0,70.0,73.0,93.0,48.0,"[[156,37],[96,35],[0,1]]"
120,0,4,Pop Std. Kit RX,70,73,1,57.0,57.0,86.0,87.0,87.0,94.0,95.0,48.0,"[[96,39],[0,34]]"
120,0,15,Techno Kit 3,44,73,1,92.0,96.0,100.0,112.0,127.0,127.0,127.0,1.0,"[[0,73]]"
120,0,15,Techno Kit 3,12,72,2,61.0,74.0,84.0,111.0,116.0,117.0,117.0,1.0,"[[0,42],[96,15],[156,8],[60,7]]"
120,0,5,Standard Kit RX1,52,72,14,40.0,53.0,98.0,109.5,120.0,127.0,127.0,2.0,"[[0,37],[96,13],[144,8],[132,5],[60,2],[156,2],[24,2],[84,1]]"
120,0,96,Elektro Kit 1,62,72,1,76.0,117.5,127.0,127.0,127.0,127.0,127.0,48.0,"[[0,63],[48,5],[96,3],[144,1]]"
120,0,27,House Kit 2,27,72,1,56.0,62.0,64.0,80.0,92.0,94.0,95.0,1.0,"[[0,48],[60,24]]"
120,0,4,Pop Std. Kit RX,75,72,1,90.0,90.0,90.0,90.0,90.0,90.0,90.0,48.0,"[[0,58],[96,14]]"
120,0,6,Standard Kit RX4,70,72,1,56.0,60.0,63.0,65.0,72.0,73.9,80.0,1.0,"[[0,36],[96,36]]"
120,0,27,House Kit 2,62,72,2,49.0,65.0,71.0,127.0,127.0,127.0,127.0,1.0,"[[96,62],[144,5],[0,3],[180,2]]"
120,0,17,Power Kit 2,46,71,1,59.0,90.0,90.0,90.0,90.0,90.0,117.0,8.0,"[[144,62],[72,3],[0,2],[96,2],[24,2]]"
120,0,73,Techno Kit RX,49,71,3,43.0,83.0,110.0,124.0,124.0,124.0,127.0,1.0,"[[0,62],[96,9]]"
120,0,27,House Kit 2,16,71,1,88.0,117.0,117.0,122.0,122.0,122.0,127.0,1.0,"[[0,25],[96,24],[144,22]]"
120,0,33,Jazz Kit RX1,41,70,14,58.0,64.0,91.0,106.0,114.0,126.0,126.0,2.0,"[[96,18],[0,11],[60,9],[108,7],[120,6],[144,5],[48,3],[180,3]]"
120,0,34,Jazz Kit RX2,50,70,14,32.0,38.0,96.75,107.0,112.75,127.0,127.0,1.0,"[[0,20],[96,11],[60,11],[108,7],[72,4],[48,4],[156,3],[84,2]]"
120,0,2,Standard Kit RX3,25,70,9,46.0,65.0,70.0,80.0,88.5,110.0,127.0,93.0,"[[96,17],[0,13],[24,7],[132,6],[144,6],[120,6],[48,4],[168,4]]"
120,0,6,Standard Kit RX4,88,70,1,26.0,26.0,33.0,33.0,40.0,64.0,71.0,1.0,"[[36,26],[180,12],[132,12],[48,9],[0,6],[144,5]]"
120,0,1,Standard Kit RX2,37,69,4,27.0,73.4,103.0,110.0,127.0,127.0,127.0,1.0,"[[0,52],[96,9],[144,4],[48,4]]"
120,0,90,Pop Std. Kit 2,49,69,4,76.0,86.2,87.0,90.0,109.0,110.0,118.0,1.0,"[[0,66],[36,2],[96,1]]"
120,0,34,Jazz Kit RX2,63,69,3,115.0,115.0,115.0,121.0,124.0,124.0,124.0,1.0,"[[96,49],[144,20]]"
120,0,41,Brush Kit 2,49,68,7,64.0,70.0,76.0,91.0,111.0,113.0,113.0,1.0,"[[0,63],[72,3],[60,2]]"
120,0,1,Standard Kit RX2,45,68,10,62.0,69.4,86.0,101.0,114.0,117.2,127.0,10.5,"[[96,28],[132,8],[144,7],[48,7],[0,7],[168,6],[60,3],[84,2]]"
120,0,27,House Kit 2,49,68,5,66.0,74.0,100.0,100.0,116.25,127.0,127.0,1.0,"[[0,67],[96,1]]"
120,0,35,Jazz Kit RX3,40,68,3,84.0,99.0,117.0,127.0,127.0,127.0,127.0,24.0,"[[0,58],[96,2],[48,2],[144,2],[36,2],[84,2]]"
120,0,10,Jungle Kit,70,68,1,30.0,64.0,67.5,95.0,109.0,111.0,114.0,1.0,"[[0,32],[60,27],[156,9]]"
120,0,89,Pop Std. Kit 1,116,68,1,32.0,32.0,32.0,100.0,105.0,114.0,114.0,,"[[72,13],[96,11],[156,7],[0,7],[36,6],[132,6],[60,6],[144,5]]"
120,0,4,Pop Std. Kit RX,63,68,1,76.0,85.0,85.0,87.0,111.0,111.0,121.0,48.0,"[[96,32],[0,28],[144,8]]"
120,0,6,Standard Kit RX4,59,68,1,66.0,68.0,70.0,72.0,74.5,83.0,89.0,1.0,"[[0,36],[96,32]]"
120,0,9,HipHop Kit 1,40,67,1,15.0,79.0,97.0,97.0,100.0,102.0,115.0,1.0,"[[0,60],[48,7]]"
120,0,41,Brush Kit 2,21,67,2,26.0,36.0,42.0,70.0,103.0,104.0,116.0,1.0,"[[96,31],[0,28],[48,4],[156,2],[144,1],[168,1]]"
120,0,66,Trinity Perc.Kit,56,67,2,55.0,55.0,107.0,107.0,107.0,108.0,109.0,48.0,"[[0,49],[48,8],[12,6],[96,4]]"
120,0,3,Ambient Kit RX,35,67,1,107.0,127.0,127.0,127.0,127.0,127.0,127.0,17.0,"[[144,21],[96,20],[0,18],[48,8]]"
120,0,66,Trinity Perc.Kit,45,67,3,64.0,64.0,64.0,70.0,104.0,120.0,125.0,1.0,"[[0,37],[144,27],[48,3]]"
120,0,51,Arabian Kit 1,69,67,1,126.0,126.0,126.0,127.0,127.0,127.0,127.0,1.0,"[[96,67]]"
120,0,65,Latin Perc. Kit1,25,67,3,43.0,43.0,48.0,57.0,74.5,78.0,105.0,20.0,"[[0,47],[96,19],[84,1]]"
120,0,123,Analog Kit,33,66,1,29.0,54.5,83.0,87.0,89.0,96.0,96.0,1.0,"[[0,50],[96,9],[144,4],[48,3]]"
120,0,33,Jazz Kit RX1,25,66,8,49.0,55.0,65.0,77.5,98.75,110.0,127.0,46.0,"[[144,26],[156,21],[48,7],[60,4],[96,3],[0,3],[120,1],[36,1]]"
120,0,68,Latin Perc. Kit2,43,66,1,75.0,76.0,80.0,85.0,89.0,92.0,97.0,26.0,"[[96,32],[144,32],[0,2]]"
120,0,43,Brush Kit RX2,74,66,1,39.0,39.0,39.0,39.0,39.0,39.0,39.0,1.0,"[[0,66]]"
120,0,5,Standard Kit RX1,59,65,7,17.0,25.0,36.0,76.0,90.0,117.8,127.0,20.0,"[[0,23],[96,15],[120,6],[72,6],[60,4],[168,3],[180,2],[132,2]]"
120,0,30,House Kit RX1,17,65,3,59.0,79.0,79.0,79.0,99.0,99.0,127.0,15.0,"[[0,24],[96,18],[144,13],[48,5],[24,1],[72,1],[120,1],[168,1]]"
120,0,72,Hip Hop Kit RX,53,65,1,50.0,62.0,62.0,68.0,68.0,68.0,71.0,1.0,"[[96,65]]"
120,0,64,Percussion Kit,8,65,9,69.0,69.0,80.0,80.0,80.0,80.0,80.0,,"[[96,17],[60,10],[168,8],[144,6],[0,5],[132,5],[108,4],[120,4]]"
120,0,50,Bdrum&Sdrum Kit,107,65,1,114.0,114.0,117.0,117.0,117.0,117.0,117.0,1.0,"[[0,65]]"
120,0,15,Techno Kit 3,9,65,1,126.0,126.0,127.0,127.0,127.0,127.0,127.0,1.0,"[[96,31],[0,19],[156,15]]"
120,0,4,Pop Std. Kit RX,64,65,1,94.0,96.0,96.0,106.0,106.0,111.0,125.0,48.0,"[[0,34],[96,31]]"
120,0,43,Brush Kit RX2,61,65,1,75.0,75.0,75.0,92.0,92.0,92.0,92.0,1.0,"[[96,33],[0,32]]"
120,0,35,Jazz Kit RX3,49,64,5,57.0,84.8,99.0,105.0,113.25,126.4,127.0,1.0,"[[0,36],[156,10],[132,8],[144,6],[120,2],[180,2]]"
120,0,9,HipHop Kit 1,64,64,1,68.0,68.0,75.0,84.5,99.75,105.0,105.0,1.0,"[[96,32],[156,32]]"
120,0,67,i30 Perc. Kit,23,64,1,72.0,72.0,72.0,82.0,92.0,92.0,92.0,2.0,"[[96,32],[156,32]]"
120,0,65,Latin Perc. Kit1,81,64,1,15.0,15.0,23.0,39.0,43.0,55.0,55.0,1.0,"[[0,32],[96,32]]"
120,0,68,Latin Perc. Kit2,86,64,1,99.0,104.0,107.0,110.0,110.0,113.0,116.0,61.0,"[[0,64]]"
120,0,68,Latin Perc. Kit2,85,64,1,64.0,66.0,72.75,79.5,85.5,92.0,100.0,62.0,"[[48,64]]"
120,0,68,Latin Perc. Kit2,83,64,1,58.0,60.0,63.75,67.0,69.25,72.0,79.0,50.5,"[[144,62],[96,2]]"
120,0,43,Brush Kit RX2,64,64,1,60.0,60.0,80.0,80.0,86.0,94.4,98.0,1.0,"[[0,32],[96,32]]"
120,0,17,Power Kit 2,54,63,1,94.0,94.0,94.0,94.0,102.0,102.0,102.0,1.0,"[[12,46],[132,12],[120,2],[60,1],[48,1],[0,1]]"
120,0,90,Pop Std. Kit 2,44,63,2,69.0,80.0,86.0,86.0,89.0,103.2,106.0,38.0,"[[96,53],[0,10]]"
120,0,27,House Kit 2,57,62,5,58.0,82.0,100.0,102.5,120.0,127.0,127.0,1.0,"[[0,62]]"
120,0,90,Pop Std. Kit 2,65,62,1,63.0,63.0,70.5,82.0,84.0,100.0,100.0,17.0,"[[96,10],[36,8],[84,8],[0,8],[144,6],[60,4],[108,4],[132,4]]"
120,0,33,Jazz Kit RX1,16,62,1,85.0,90.0,93.0,97.0,120.0,120.0,121.0,1.0,"[[0,42],[96,10],[156,8],[60,2]]"
120,0,68,Latin Perc. Kit2,84,62,1,46.0,64.0,69.0,78.0,84.0,89.0,97.0,53.0,"[[96,62]]"
120,0,125,Brush Kit 1,50,62,1,88.0,88.0,88.0,94.0,94.0,94.0,94.0,1.0,"[[0,58],[96,4]]"
120,0,41,Brush Kit 2,55,61,7,73.0,82.0,84.0,90.0,99.0,110.0,111.0,1.0,"[[0,50],[144,6],[96,2],[48,2],[180,1]]"
120,0,89,Pop Std. Kit 1,41,61,8,94.0,98.0,104.0,114.0,126.0,127.0,127.0,22.0,"[[96,23],[0,18],[144,10],[132,5],[120,3],[60,2]]"
120,0,125,Brush Kit 1,55,61,7,55.0,56.0,66.0,90.0,100.0,108.0,118.0,2.0,"[[0,50],[12,5],[96,3],[180,2],[72,1]]"
120,0,19,Power Kit RX2,53,61,1,95.0,95.0,95.0,95.0,95.0,95.0,95.0,8.0,"[[0,61]]"
120,0,30,House Kit RX1,55,60,9,68.0,82.0,103.0,116.0,126.0,127.0,127.0,2.0,"[[0,38],[96,14],[156,5],[144,2],[60,1]]"
120,0,28,House Kit 3,56,60,1,48.0,48.0,51.0,55.0,60.0,61.0,70.0,1.0,"[[96,24],[48,12],[0,12],[144,12]]"
120,0,6,Standard Kit RX4,75,60,1,62.0,62.0,66.0,80.0,82.0,82.0,90.0,2.0,"[[156,16],[96,16],[0,14],[60,14]]"
120,0,15,Techno Kit 3,35,60,1,126.0,126.0,126.75,127.0,127.0,127.0,127.0,1.0,"[[96,30],[0,15],[156,15]]"
120,0,117,Arabian Kit 2,69,60,1,42.0,56.0,72.0,72.0,82.0,82.0,98.0,43.0,"[[0,25],[48,24],[96,3],[144,2],[132,2],[156,2],[84,1],[108,1]]"
120,0,42,Brush Kit RX1,26,60,2,91.0,91.0,91.0,91.0,91.0,99.0,105.0,1.0,"[[0,60]]"
120,0,50,Bdrum&Sdrum Kit,99,59,1,67.0,67.0,67.0,67.0,80.0,80.0,80.0,1.0,"[[0,59]]"
120,0,56,SFX Kit GM,29,59,1,50.0,50.0,50.0,50.0,69.0,69.0,69.0,1.0,"[[96,59]]"
120,0,56,SFX Kit GM,33,59,1,103.0,103.0,103.0,106.0,106.0,106.0,106.0,1.0,"[[144,59]]"
120,0,12,Room Kit 2,17,59,1,127.0,127.0,127.0,127.0,127.0,127.0,127.0,1.0,"[[0,59]]"
120,0,5,Standard Kit RX1,97,58,4,110.0,110.0,110.0,112.0,114.0,114.0,114.0,,"[[24,12],[72,8],[168,7],[120,7],[156,6],[108,6],[60,4],[84,2]]"
120,0,35,Jazz Kit RX3,57,58,4,81.0,92.0,104.0,118.0,123.5,127.0,127.0,1.0,"[[0,32],[132,13],[156,4],[96,4],[120,3],[144,2]]"
120,0,123,Analog Kit,30,58,1,120.0,120.0,120.0,120.0,120.0,120.0,120.0,15.0,"[[0,58]]"
120,0,18,Power Kit RX1,44,58,2,55.0,72.5,95.0,100.0,100.0,115.0,115.0,1.0,"[[96,43],[0,15]]"
120,0,66,Trinity Perc.Kit,43,58,1,37.0,71.7,87.0,91.0,112.0,112.0,126.0,1.0,"[[96,29],[48,15],[180,2],[12,2],[36,2],[60,2],[84,2],[132,2]]"
120,0,19,Power Kit RX2,17,58,1,127.0,127.0,127.0,127.0,127.0,127.0,127.0,1.0,"[[0,58]]"
120,0,1,Standard Kit RX2,127,57,6,38.0,51.0,51.0,68.0,87.0,104.8,115.0,1.0,"[[0,57]]"
120,0,35,Jazz Kit RX3,43,57,4,34.0,37.8,65.0,80.0,109.0,127.0,127.0,1.0,"[[0,22],[72,10],[132,9],[60,4],[144,4],[120,3],[96,3],[48,2]]"
120,0,117,Arabian Kit 2,14,57,1,23.0,30.2,47.0,70.0,94.0,106.0,110.0,3.0,"[[180,22],[168,21],[156,7],[0,7]]"
120,0,33,Jazz Kit RX1,61,57,1,79.0,79.0,79.0,89.0,119.0,119.0,119.0,7.0,"[[0,38],[132,19]]"
120,0,67,i30 Perc. Kit,53,57,1,54.0,54.0,54.0,54.0,84.0,84.0,84.0,48.0,"[[0,57]]"
120,0,64,Percussion Kit,82,56,9,67.0,67.0,67.0,67.0,67.0,67.0,67.0,,"[[168,20],[48,7],[0,7],[72,5],[24,4],[12,3],[60,2],[36,2]]"
120,0,1,Standard Kit RX2,20,56,1,110.0,110.0,110.0,110.0,110.0,110.0,110.0,18.0,"[[0,56]]"
120,0,0,Standard Kit GM,81,55,1,72.0,72.0,72.0,90.0,90.0,90.0,90.0,1.0,"[[0,26],[96,25],[168,2],[72,2]]"
120,0,15,Techno Kit 3,61,54,2,61.0,87.0,99.0,99.0,102.0,108.3,119.0,1.0,"[[60,44],[132,6],[96,2],[0,2]]"
120,0,42,Brush Kit RX1,45,54,10,48.0,50.0,54.0,75.0,92.0,104.4,115.0,2.0,"[[132,21],[0,18],[96,10],[48,3],[12,1],[60,1]]"
120,0,50,Bdrum&Sdrum Kit,25,54,1,64.0,66.1,80.0,84.0,97.75,100.0,100.0,1.0,"[[156,39],[60,15]]"
120,0,27,House Kit 2,13,54,1,111.0,117.0,117.0,122.0,127.0,127.0,127.0,1.0,"[[0,52],[96,1],[156,1]]"
120,0,34,Jazz Kit RX2,5,53,5,38.0,45.0,55.0,63.0,97.0,102.0,105.0,2.0,"[[144,17],[48,14],[96,8],[0,6],[180,5],[132,2],[120,1]]"
120,0,43,Brush Kit RX2,22,53,1,46.0,46.8,54.0,64.0,72.0,76.0,94.0,1.0,"[[96,34],[168,8],[36,6],[60,4],[0,1]]"
120,0,66,Trinity Perc.Kit,53,53,2,89.0,89.0,89.0,89.0,89.0,89.0,98.0,48.0,"[[0,50],[144,3]]"
120,0,33,Jazz Kit RX1,17,53,5,20.0,60.0,70.0,86.0,86.0,127.0,127.0,48.0,"[[0,25],[48,12],[144,7],[156,3],[96,3],[36,1],[84,1],[132,1]]"
120,0,26,House Kit 1,49,52,5,48.0,75.5,94.0,104.0,118.0,126.9,127.0,1.0,"[[0,46],[144,2],[96,2],[180,1],[168,1]]"
120,0,5,Standard Kit RX1,14,52,6,18.0,34.1,58.75,112.0,127.0,127.0,127.0,10.0,"[[0,15],[96,7],[48,7],[144,5],[36,4],[108,2],[132,2],[60,2]]"
120,0,33,Jazz Kit RX1,22,52,3,47.0,58.0,75.0,81.0,89.75,102.0,127.0,48.0,"[[0,39],[60,5],[156,4],[132,2],[96,2]]"
120,0,51,Arabian Kit 1,16,52,1,126.0,126.0,126.0,126.0,126.0,127.0,127.0,1.0,"[[0,52]]"
120,0,74,Dance Kit RX,38,52,1,40.0,120.0,120.0,120.0,120.0,120.0,120.0,48.0,"[[0,52]]"
120,0,89,Pop Std. Kit 1,62,52,2,106.0,127.0,127.0,127.0,127.0,127.0,127.0,48.0,"[[0,30],[96,15],[144,4],[48,2],[12,1]]"
120,0,90,Pop Std. Kit 2,57,51,4,87.0,87.0,94.0,104.0,109.0,111.0,117.0,2.0,"[[0,42],[96,9]]"
120,0,30,House Kit RX1,3,51,3,62.0,75.0,75.0,76.0,76.0,76.0,101.0,1.0,"[[156,21],[60,21],[0,5],[72,1],[96,1],[144,1],[24,1]]"
120,0,11,Techno Kit 1,40,51,2,62.0,68.0,82.0,96.0,110.5,120.0,120.0,1.0,"[[144,18],[0,15],[48,10],[96,8]]"
120,0,33,Jazz Kit RX1,50,51,9,54.0,54.0,70.0,92.0,110.0,110.0,126.0,2.0,"[[0,9],[72,8],[108,8],[60,6],[156,3],[120,3],[180,3],[132,3]]"
120,0,13,HipHop Kit 2,63,51,1,75.0,75.0,83.0,89.0,98.0,98.0,98.0,1.0,"[[156,30],[0,21]]"
120,0,66,Trinity Perc.Kit,116,50,4,105.0,105.0,105.0,114.0,121.0,121.0,121.0,,"[[0,8],[156,8],[24,7],[96,6],[144,5],[168,4],[120,4],[12,3]]"
120,0,26,House Kit 1,43,50,2,48.0,49.0,55.0,58.5,59.0,63.0,96.0,33.0,"[[96,24],[156,18],[60,6],[144,2]]"
120,0,57,SFX Kit 2,96,50,1,65.0,65.0,69.0,71.0,73.0,73.0,73.0,1.0,"[[96,25],[0,25]]"
120,0,57,SFX Kit 2,21,50,1,114.0,114.0,116.0,119.0,120.0,122.0,122.0,1.0,"[[0,50]]"
120,0,27,House Kit 2,29,50,2,34.0,34.0,34.0,37.0,37.0,40.3,108.0,1.0,"[[144,46],[60,2],[48,1],[0,1]]"
120,0,34,Jazz Kit RX2,6,49,6,36.0,41.0,52.0,56.0,80.0,96.0,102.0,2.0,"[[0,14],[144,9],[96,7],[72,5],[48,5],[120,3],[24,3],[156,2]]"
120,0,8,Room Kit GM,18,49,1,95.0,95.0,95.0,95.0,95.0,95.0,95.0,44.0,"[[96,49]]"
120,0,35,Jazz Kit RX3,62,49,1,108.0,108.0,108.0,108.0,117.0,117.0,117.0,1.0,"[[60,49]]"
120,0,2,Standard Kit RX3,24,48,7,40.0,44.0,56.5,63.0,109.0,112.2,122.0,40.0,"[[0,33],[96,8],[48,4],[24,2],[108,1]]"
120,0,64,Percussion Kit,114,48,7,99.0,99.0,99.0,99.0,105.0,105.0,105.0,,"[[156,8],[12,6],[180,6],[36,5],[0,4],[24,3],[48,3],[120,3]]"
120,0,8,Room Kit GM,36,48,1,104.0,104.0,109.25,113.0,115.25,116.0,116.0,43.0,"[[96,24],[0,12],[144,12]]"
120,0,67,i30 Perc. Kit,22,48,1,34.0,51.7,56.75,60.5,66.0,68.0,87.0,25.0,"[[0,16],[60,16],[132,16]]"
120,0,6,Standard Kit RX4,54,48,2,95.0,98.0,107.75,119.0,126.0,126.0,127.0,1.0,"[[0,32],[96,16]]"
120,0,123,Analog Kit,18,48,1,127.0,127.0,127.0,127.0,127.0,127.0,127.0,1.0,"[[96,24],[48,24]]"
120,0,5,Standard Kit RX1,82,48,1,84.0,84.0,84.0,84.0,84.0,84.0,84.0,25.0,"[[0,48]]"
120,0,125,Brush Kit 1,14,48,1,23.0,41.0,44.0,92.0,95.0,95.0,103.0,1.0,"[[0,26],[48,16],[72,2],[96,2],[120,1],[144,1]]"
120,0,64,Percussion Kit,78,47,2,62.0,63.0,65.0,67.0,69.0,110.0,116.0,47.0,"[[48,22],[96,21],[144,4]]"
120,0,64,Percussion Kit,116,47,9,105.0,105.0,105.0,114.0,114.0,114.0,114.0,,"[[60,10],[48,5],[168,5],[132,4],[84,4],[24,3],[96,3],[156,3]]"
120,0,8,Room Kit GM,37,47,1,96.0,96.0,96.0,127.0,127.0,127.0,127.0,46.0,"[[0,26],[48,13],[144,8]]"
120,0,66,Trinity Perc.Kit,48,47,1,70.0,91.0,91.0,118.0,124.0,124.0,127.0,1.0,"[[0,44],[96,3]]"
120,0,27,House Kit 2,89,47,1,114.0,114.0,114.0,114.0,120.0,120.0,120.0,1.0,"[[0,47]]"
120,0,26,House Kit 1,39,46,2,66.0,72.0,83.0,104.0,120.0,120.0,120.0,2.0,"[[0,40],[48,2],[96,2],[144,2]]"
120,0,66,Trinity Perc.Kit,99,46,8,19.0,22.0,46.0,46.0,57.0,96.0,99.0,2.0,"[[0,14],[108,6],[144,6],[168,5],[120,4],[72,3],[96,3],[180,2]]"
120,0,97,Elektro Kit 2,47,46,1,80.0,93.0,102.0,104.0,122.5,126.0,126.0,23.0,"[[0,13],[48,9],[96,6],[144,6],[72,4],[12,2],[60,2],[108,2]]"
120,0,34,Jazz Kit RX2,11,46,2,83.0,83.0,83.0,88.0,88.0,88.0,106.0,1.0,"[[156,34],[0,4],[180,2],[108,2],[24,2],[168,1],[60,1]]"
120,0,34,Jazz Kit RX2,0,46,3,44.0,56.0,56.0,56.0,56.0,72.5,93.0,1.0,"[[96,20],[156,19],[132,2],[60,2],[48,1],[24,1],[144,1]]"
120,0,73,Techno Kit RX,81,46,2,56.0,56.0,56.0,60.0,60.0,60.0,67.0,1.0,"[[96,44],[0,2]]"
120,0,73,Techno Kit RX,46,46,2,75.0,78.0,78.0,79.0,80.0,80.0,107.0,1.0,"[[156,24],[96,21],[0,1]]"
120,0,27,House Kit 2,18,46,1,108.0,127.0,127.0,127.0,127.0,127.0,127.0,1.0,"[[96,43],[48,1],[144,1],[0,1]]"
120,0,42,Brush Kit RX1,53,46,6,60.0,70.0,72.5,80.0,89.5,111.0,118.0,2.0,"[[0,34],[132,10],[96,2]]"
120,0,5,Standard Kit RX1,6,45,7,13.0,37.4,52.0,56.0,70.0,101.2,124.0,12.0,"[[60,9],[156,7],[12,6],[144,5],[0,4],[108,3],[120,2],[96,2]]"
120,0,0,Standard Kit GM,13,45,1,60.0,67.0,70.0,100.0,100.0,100.0,100.0,1.0,"[[0,27],[168,10],[48,6],[24,2]]"
120,0,2,Standard Kit RX3,19,45,3,54.0,82.4,105.0,111.0,117.0,117.0,120.0,526.0,"[[0,29],[96,7],[144,5],[180,2],[72,1],[48,1]]"
120,0,2,Standard Kit RX3,7,45,2,47.0,55.0,58.0,72.0,74.0,90.0,102.0,4.0,"[[0,15],[144,9],[96,7],[168,6],[84,3],[180,2],[48,2],[120,1]]"
120,0,32,Jazz Kit GM,57,45,3,77.0,92.0,103.0,105.0,110.0,110.0,127.0,47.0,"[[0,45]]"
120,0,27,House Kit 2,12,45,1,108.0,108.0,108.0,108.0,108.0,113.4,117.0,1.0,"[[0,45]]"
120,0,12,Room Kit 2,37,45,1,95.0,95.0,95.0,95.0,110.0,114.0,114.0,8.0,"[[0,21],[48,11],[96,7],[144,6]]"
120,0,30,House Kit RX1,14,44,2,100.0,100.0,100.0,100.0,100.0,124.0,127.0,2.0,"[[0,41],[156,2],[60,1]]"
120,0,1,Standard Kit RX2,17,44,5,69.0,87.8,107.0,127.0,127.0,127.0,127.0,11.0,"[[96,29],[0,11],[60,4]]"
120,0,33,Jazz Kit RX1,2,44,4,56.0,64.6,69.0,75.0,87.0,94.0,108.0,46.0,"[[144,16],[0,14],[48,9],[120,2],[60,2],[96,1]]"
120,0,33,Jazz Kit RX1,32,44,3,32.0,32.0,32.0,56.0,67.0,82.0,82.0,,"[[168,7],[84,5],[180,5],[0,4],[72,3],[144,3],[60,2],[24,2]]"
120,0,10,Jungle Kit,68,44,1,68.0,68.0,74.0,78.0,80.0,84.0,86.0,1.0,"[[0,33],[156,11]]"
120,0,64,Percussion Kit,66,43,8,43.0,43.0,43.0,97.0,97.0,97.0,97.0,24.0,"[[144,13],[60,7],[168,5],[72,4],[96,4],[156,3],[84,2],[108,2]]"
120,0,42,Brush Kit RX1,116,43,2,32.0,32.0,105.0,114.0,114.0,114.0,114.0,,"[[156,5],[0,5],[144,4],[180,4],[96,4],[60,4],[108,3],[84,3]]"
120,0,5,Standard Kit RX1,114,43,2,105.0,105.0,105.0,105.0,117.0,117.0,117.0,,"[[132,7],[180,7],[96,5],[120,4],[24,4],[36,4],[144,4],[108,3]]"
120,0,3,Ambient Kit RX,4,43,1,30.0,48.0,61.0,68.0,82.0,86.4,99.0,20794.5,"[[96,12],[156,11],[0,10],[144,9],[132,1]]"
120,0,123,Analog Kit,12,42,1,54.0,54.0,56.0,71.0,81.0,81.0,81.0,1.0,"[[0,34],[156,4],[144,3],[96,1]]"
120,0,66,Trinity Perc.Kit,16,42,1,77.0,77.0,77.0,109.0,114.0,114.0,114.0,1.0,"[[0,28],[48,14]]"
120,0,2,Standard Kit RX3,3,42,3,33.0,40.0,41.0,46.0,53.75,61.5,63.0,4.0,"[[48,18],[144,17],[96,2],[36,1],[24,1],[72,1],[120,1],[168,1]]"
120,0,1,Standard Kit RX2,43,42,8,64.0,82.4,94.0,99.0,106.0,118.7,127.0,11.0,"[[96,9],[0,7],[60,7],[48,7],[132,4],[24,4],[144,2],[156,2]]"
120,0,66,Trinity Perc.Kit,105,42,3,110.0,110.0,110.0,113.0,116.0,116.0,116.0,,"[[48,7],[0,7],[84,6],[60,6],[24,5],[108,4],[96,2],[72,1]]"
120,0,50,Bdrum&Sdrum Kit,36,42,1,102.0,102.3,105.0,106.5,108.0,110.7,111.0,1.0,"[[0,21],[156,11],[60,10]]"
120,0,43,Brush Kit RX2,53,42,3,40.0,40.0,42.0,72.0,86.0,100.0,104.0,1.0,"[[132,20],[0,12],[60,10]]"
120,0,0,Standard Kit GM,24,42,2,73.0,80.1,81.0,81.0,81.0,98.1,102.0,8.0,"[[0,32],[96,4],[144,4],[48,1],[180,1]]"
120,0,57,SFX Kit 2,51,42,1,72.0,72.0,76.0,80.0,80.0,86.0,86.0,1.0,"[[0,42]]"
120,0,57,SFX Kit 2,100,42,1,122.0,126.0,127.0,127.0,127.0,127.0,127.0,1.0,"[[0,42]]"
120,0,74,Dance Kit RX,57,42,1,53.0,120.0,120.0,120.0,120.0,120.0,124.0,48.0,"[[0,42]]"
120,0,74,Dance Kit RX,39,42,1,120.0,120.0,120.0,120.0,120.0,120.0,120.0,48.0,"[[0,42]]"
120,0,89,Pop Std. Kit 1,66,42,2,97.0,97.0,97.0,100.0,100.0,100.0,100.0,19.0,"[[96,14],[0,8],[48,7],[144,4],[168,3],[60,3],[72,2],[84,1]]"
120,0,17,Power Kit 2,13,41,1,91.0,91.0,91.0,91.0,91.0,91.0,91.0,1.0,"[[0,32],[120,5],[96,3],[24,1]]"
120,0,48,Orchestra Kit GM,45,41,2,60.0,60.0,70.0,81.0,100.0,126.0,127.0,22.0,"[[0,25],[144,4],[168,4],[24,4],[48,4]]"
120,0,123,Analog Kit,48,41,3,16.0,36.0,36.0,76.0,100.0,100.0,111.0,2.0,"[[144,13],[48,12],[0,11],[96,5]]"
120,0,123,Analog Kit,41,41,3,28.0,37.0,42.0,78.0,86.0,96.0,110.0,2.0,"[[144,22],[0,13],[96,4],[48,2]]"
120,0,96,Elektro Kit 1,48,41,2,98.0,106.0,106.0,110.0,112.0,116.0,122.0,22.0,"[[96,19],[0,9],[48,5],[72,4],[144,4]]"
120,0,50,Bdrum&Sdrum Kit,104,41,1,78.0,78.0,78.0,80.0,80.0,80.0,80.0,1.0,"[[60,19],[96,18],[0,4]]"
120,0,43,Brush Kit RX2,55,41,4,39.0,42.0,64.0,100.0,103.0,109.0,120.0,21.0,"[[0,24],[132,12],[96,3],[24,1],[12,1]]"
120,0,42,Brush Kit RX1,14,41,4,45.0,93.0,93.0,93.0,122.0,122.0,122.0,1.0,"[[0,37],[96,4]]"
120,0,33,Jazz Kit RX1,85,41,3,77.0,77.0,77.0,112.0,126.0,126.0,126.0,34.0,"[[84,8],[0,7],[132,4],[180,4],[96,3],[156,3],[144,3],[72,2]]"
120,0,4,Pop Std. Kit RX,52,41,5,88.0,90.0,105.0,119.0,127.0,127.0,127.0,63.0,"[[0,19],[60,11],[132,5],[96,4],[72,2]]"
120,0,3,Ambient Kit RX,5,41,1,36.0,46.0,59.0,72.0,90.0,99.0,99.0,1.0,"[[96,16],[0,11],[168,6],[132,4],[144,2],[48,2]]"
120,0,0,Standard Kit GM,25,41,1,92.0,92.0,92.0,92.0,92.0,97.0,113.0,94.0,"[[96,31],[0,10]]"
120,0,30,House Kit RX1,48,40,5,58.0,64.0,64.0,98.0,110.5,126.0,127.0,2.0,"[[144,20],[96,8],[0,5],[120,4],[48,3]]"
120,0,66,Trinity Perc.Kit,102,40,3,8.0,13.0,33.0,42.0,58.25,67.3,70.0,1.0,"[[0,9],[120,6],[180,6],[48,6],[144,4],[72,3],[132,3],[60,3]]"
120,0,5,Standard Kit RX1,85,40,5,77.0,77.0,77.0,77.0,77.0,77.0,77.0,,"[[84,14],[0,7],[36,5],[12,4],[120,3],[180,2],[60,2],[168,1]]"
120,0,5,Standard Kit RX1,58,40,5,32.0,32.0,32.0,32.0,32.0,32.0,32.0,,"[[84,12],[180,7],[36,5],[72,3],[168,3],[108,3],[0,2],[60,2]]"
120,0,5,Standard Kit RX1,111,40,5,112.0,112.0,112.0,116.0,117.0,117.0,117.0,,"[[156,8],[144,7],[72,7],[120,7],[180,3],[48,2],[60,2],[84,2]]"
120,0,1,Standard Kit RX2,25,40,3,52.0,61.0,67.0,70.5,87.0,94.3,127.0,95.0,"[[96,29],[132,5],[72,2],[0,2],[84,2]]"
120,0,34,Jazz Kit RX2,2,40,6,32.0,47.8,61.0,74.0,83.25,97.0,97.0,2.0,"[[96,14],[156,8],[0,5],[48,3],[132,3],[60,2],[144,2],[168,1]]"
120,0,65,Latin Perc. Kit1,53,40,1,74.0,74.9,75.0,77.0,80.0,81.2,83.0,38.0,"[[144,20],[96,20]]"
120,0,33,Jazz Kit RX1,73,40,1,85.0,85.0,85.0,106.0,127.0,127.0,127.0,31.0,"[[0,20],[132,20]]"
120,0,33,Jazz Kit RX1,62,40,1,69.0,69.0,69.0,69.0,99.0,99.0,99.0,7.0,"[[60,40]]"
120,0,34,Jazz Kit RX2,20,40,2,78.0,78.0,101.0,102.5,108.0,108.0,108.0,1.0,"[[0,32],[60,8]]"
120,0,64,Percussion Kit,45,40,3,71.0,71.0,71.0,83.0,86.0,110.0,110.0,378.0,"[[120,26],[96,14]]"
120,0,51,Arabian Kit 1,13,40,1,126.0,126.0,126.0,126.0,126.0,127.0,127.0,1.0,"[[0,40]]"
120,0,19,Power Kit RX2,82,40,1,20.0,30.0,39.75,47.0,69.0,69.0,77.0,3.5,"[[36,7],[72,6],[120,5],[0,3],[108,3],[144,3],[180,3],[24,3]]"
120,0,66,Trinity Perc.Kit,38,39,3,87.0,87.0,112.0,127.0,127.0,127.0,127.0,1.0,"[[0,31],[96,8]]"
120,0,48,Orchestra Kit GM,55,39,3,74.0,91.0,100.0,107.0,115.0,120.6,127.0,13.0,"[[0,14],[96,8],[108,5],[168,5],[72,5],[12,2]]"
120,0,35,Jazz Kit RX3,41,39,3,43.0,76.4,83.5,102.0,119.0,127.0,127.0,1.0,"[[0,13],[132,9],[96,5],[48,4],[144,3],[168,2],[120,1],[72,1]]"
120,0,97,Elektro Kit 2,50,39,1,82.0,82.0,104.0,112.0,124.0,126.0,126.0,23.0,"[[144,13],[96,7],[120,7],[0,6],[48,6]]"
120,0,4,Pop Std. Kit RX,48,39,9,30.0,80.8,110.0,120.0,126.0,127.0,127.0,19.0,"[[0,17],[48,10],[96,8],[144,2],[168,1],[60,1]]"
120,0,42,Brush Kit RX1,3,39,1,57.0,57.0,57.0,57.0,64.0,64.0,64.0,1.0,"[[0,23],[60,12],[96,2],[168,1],[12,1]]"
120,0,30,House Kit RX1,80,38,1,126.0,126.0,126.0,126.0,126.0,126.0,126.0,2.0,"[[96,38]]"
120,0,5,Standard Kit RX1,1,38,6,19.0,29.0,29.0,44.0,75.75,88.6,90.0,17.0,"[[96,16],[48,9],[144,5],[60,4],[72,2],[120,2]]"
120,0,89,Pop Std. Kit 1,55,38,10,82.0,97.0,97.0,101.0,109.25,127.0,127.0,32.0,"[[0,38]]"
120,0,11,Techno Kit 1,49,38,3,101.0,107.1,110.0,110.0,114.75,117.0,127.0,1.5,"[[0,38]]"
120,0,0,Standard Kit GM,49,38,3,54.0,86.9,110.0,122.0,122.0,122.0,122.0,8.0,"[[0,34],[132,2],[120,2]]"
120,0,90,Pop Std. Kit 2,75,38,2,71.0,76.0,87.0,90.5,96.0,97.5,101.0,1.0,"[[0,32],[96,6]]"
120,0,89,Pop Std. Kit 1,50,38,5,78.0,106.0,115.0,121.0,123.0,126.3,127.0,48.0,"[[96,12],[0,10],[48,10],[144,3],[168,2],[180,1]]"
120,0,90,Pop Std. Kit 2,59,38,1,70.0,74.8,76.5,100.0,109.0,110.0,110.0,1.0,"[[0,22],[96,16]]"
120,0,1,Standard Kit RX2,48,37,9,52.0,78.4,84.0,100.0,108.0,117.2,127.0,14.0,"[[0,9],[120,7],[156,6],[132,6],[96,5],[168,2],[60,2]]"
120,0,1,Standard Kit RX2,50,37,7,30.0,81.0,95.0,97.0,102.0,122.0,127.0,14.0,"[[60,9],[0,6],[24,6],[48,6],[96,6],[144,4]]"
120,0,64,Percussion Kit,57,37,7,40.0,58.0,80.0,102.0,112.0,124.8,126.0,2.0,"[[0,24],[96,6],[60,3],[168,2],[180,1],[144,1]]"
120,0,33,Jazz Kit RX1,13,37,3,80.0,91.0,121.0,127.0,127.0,127.0,127.0,1.0,"[[0,31],[144,5],[48,1]]"
120,0,2,Standard Kit RX3,50,36,8,47.0,78.0,92.0,96.0,105.25,109.0,111.0,2.0,"[[96,9],[0,6],[48,6],[132,5],[144,2],[108,2],[168,2],[180,2]]"
120,0,34,Jazz Kit RX2,85,36,6,77.0,77.0,77.0,77.0,77.0,110.0,110.0,2.0,"[[84,11],[96,10],[180,7],[36,4],[24,2],[132,2]]"
120,0,30,House Kit RX1,9,36,3,42.0,42.0,42.0,71.0,71.0,117.5,127.0,29.0,"[[144,28],[0,6],[96,2]]"
120,0,90,Pop Std. Kit 2,55,36,3,73.0,73.0,110.0,110.0,126.0,126.0,126.0,2.0,"[[0,35],[132,1]]"
120,0,33,Jazz Kit RX1,52,36,12,84.0,100.0,113.75,119.0,125.25,126.0,127.0,42.0,"[[0,21],[96,9],[132,4],[144,2]]"
120,0,42,Brush Kit RX1,43,36,9,41.0,62.0,74.0,93.0,108.0,114.0,122.0,18.0,"[[96,11],[0,10],[60,6],[132,4],[48,2],[180,1],[168,1],[72,1]]"
120,0,123,Analog Kit,85,36,2,80.0,80.0,90.0,90.0,90.0,92.0,92.0,2.0,"[[0,26],[96,8],[12,2]]"
120,0,8,Room Kit GM,40,36,1,23.0,23.0,47.0,79.0,87.0,87.0,87.0,1.0,"[[0,26],[48,4],[96,2],[120,2],[144,2]]"
120,0,1,Standard Kit RX2,47,35,9,51.0,94.0,97.0,102.0,115.0,126.2,127.0,2.0,"[[144,11],[96,6],[0,6],[48,6],[132,4],[24,1],[60,1]]"
120,0,33,Jazz Kit RX1,20,35,2,102.0,102.0,103.0,127.0,127.0,127.0,127.0,1.0,"[[0,35]]"
120,0,96,Elektro Kit 1,44,35,2,69.0,69.4,80.0,110.0,110.0,110.0,110.0,22.0,"[[0,24],[96,11]]"
120,0,42,Brush Kit RX1,41,35,6,32.0,54.8,69.0,82.0,97.5,107.0,113.0,23.0,"[[96,14],[0,10],[132,4],[72,2],[60,2],[120,2],[144,1]]"
120,0,42,Brush Kit RX1,127,35,4,30.0,49.4,57.0,71.0,92.0,117.0,127.0,1.0,"[[0,31],[48,2],[96,1],[12,1]]"
120,0,13,HipHop Kit 2,49,34,3,80.0,80.6,93.0,102.0,126.0,127.0,127.0,1.0,"[[0,32],[96,2]]"
120,0,64,Percussion Kit,25,34,7,14.0,84.5,110.0,118.0,126.0,126.0,126.0,2.0,"[[0,32],[96,1],[168,1]]"
120,0,96,Elektro Kit 1,45,34,2,106.0,106.9,109.0,116.0,116.0,121.6,124.0,22.0,"[[144,14],[0,9],[96,6],[48,5]]"
120,0,50,Bdrum&Sdrum Kit,55,34,2,102.0,105.9,111.0,117.0,117.0,117.0,123.0,1.0,"[[96,25],[0,9]]"
120,0,90,Pop Std. Kit 2,61,34,2,85.0,90.0,95.0,99.0,113.75,115.0,115.0,3.0,"[[96,18],[0,16]]"
120,0,0,Standard Kit GM,57,34,3,100.0,107.0,110.0,116.0,122.0,122.0,122.0,8.0,"[[0,34]]"
120,0,125,Brush Kit 1,32,34,1,32.0,32.0,32.0,32.0,67.0,75.0,75.0,,"[[12,4],[72,4],[60,4],[120,4],[108,2],[24,2],[180,2],[48,2]]"
120,0,72,Hip Hop Kit RX,46,34,1,95.0,95.0,95.0,104.0,105.0,105.0,106.0,1.0,"[[96,34]]"
120,0,89,Pop Std. Kit 1,114,34,1,32.0,32.0,32.0,105.0,105.0,105.0,105.0,,"[[0,6],[36,5],[156,5],[180,3],[132,3],[108,3],[60,3],[168,3]]"
120,0,96,Elektro Kit 1,49,33,2,86.0,113.0,120.0,124.0,127.0,127.0,127.0,48.0,"[[0,26],[96,4],[144,3]]"
120,0,96,Elektro Kit 1,69,33,1,43.0,56.6,65.0,72.0,77.0,78.6,79.0,48.0,"[[48,13],[0,11],[144,9]]"
120,0,43,Brush Kit RX2,45,33,7,50.0,50.6,66.0,79.0,84.0,84.0,110.0,1.0,"[[60,16],[132,8],[96,7],[156,1],[0,1]]"
120,0,28,House Kit 3,10,33,1,68.0,80.0,127.0,127.0,127.0,127.0,127.0,1.0,"[[0,29],[144,3],[96,1]]"
120,0,11,Techno Kit 1,54,32,1,87.0,87.0,87.0,87.0,87.0,87.0,87.0,1.0,"[[0,32]]"
120,0,26,House Kit 1,57,32,4,48.0,80.9,96.0,106.0,122.25,127.0,127.0,1.0,"[[0,30],[96,2]]"
120,0,30,House Kit RX1,52,32,9,44.0,49.0,56.25,75.0,117.0,126.0,127.0,1.5,"[[144,10],[0,9],[96,7],[48,3],[156,2],[72,1]]"
120,0,6,Standard Kit RX4,10,32,1,99.0,99.0,106.0,106.0,106.0,108.0,108.0,46.0,"[[0,31],[96,1]]"
120,0,30,House Kit RX1,19,32,1,86.0,86.0,86.0,86.0,86.0,86.0,127.0,18.0,"[[144,15],[96,9],[0,4],[48,4]]"
120,0,64,Percussion Kit,75,32,8,105.0,105.0,105.0,105.0,105.0,118.0,118.0,48.0,"[[72,7],[96,6],[144,4],[180,3],[168,3],[84,2],[108,2],[48,2]]"
120,0,2,Standard Kit RX3,17,32,5,43.0,80.0,105.25,115.0,127.0,127.0,127.0,47.0,"[[0,22],[96,3],[48,3],[144,2],[108,1],[24,1]]"
120,0,8,Room Kit GM,9,32,1,63.0,63.0,93.0,103.0,103.0,103.0,103.0,1.0,"[[0,12],[96,12],[144,8]]"
120,0,41,Brush Kit 2,43,32,5,68.0,83.1,98.0,103.0,115.0,115.0,120.0,30.0,"[[96,11],[48,9],[0,7],[72,3],[144,2]]"
120,0,28,House Kit 3,49,32,2,67.0,67.6,82.5,87.0,95.25,110.9,117.0,1.0,"[[0,23],[144,4],[96,3],[72,1],[60,1]]"
120,0,9,HipHop Kit 1,62,32,1,111.0,111.0,113.25,115.5,117.0,117.0,117.0,1.0,"[[96,32]]"
120,0,9,HipHop Kit 1,63,32,1,70.0,70.0,89.5,99.0,103.5,108.0,108.0,1.0,"[[60,32]]"
120,0,51,Arabian Kit 1,82,32,1,127.0,127.0,127.0,127.0,127.0,127.0,127.0,1.0,"[[0,32]]"
120,0,13,HipHop Kit 2,44,32,1,126.0,126.0,126.0,126.0,127.0,127.0,127.0,1.0,"[[96,32]]"
120,0,65,Latin Perc. Kit1,84,32,1,43.0,59.0,59.0,64.0,68.25,71.0,74.0,43.0,"[[12,14],[96,8],[108,8],[0,2]]"
120,0,68,Latin Perc. Kit2,40,32,1,89.0,92.0,98.5,105.0,108.5,114.7,123.0,30.5,"[[96,30],[144,2]]"
120,0,68,Latin Perc. Kit2,38,32,1,80.0,89.5,96.25,98.5,103.0,103.0,108.0,32.0,"[[48,32]]"
120,0,89,Pop Std. Kit 1,64,32,1,127.0,127.0,127.0,127.0,127.0,127.0,127.0,24.5,"[[0,30],[60,2]]"
120,0,31,House Kit RX2,75,32,1,72.0,72.0,72.0,72.0,72.0,72.0,72.0,1.0,"[[48,32]]"
120,0,11,Techno Kit 1,57,31,3,96.0,96.0,110.0,111.0,115.5,120.0,127.0,20.0,"[[0,29],[96,2]]"
120,0,5,Standard Kit RX1,66,31,5,97.0,97.0,97.0,97.0,97.0,97.0,101.0,,"[[84,7],[48,6],[0,5],[24,4],[36,3],[120,2],[132,2],[144,1]]"
120,0,35,Jazz Kit RX3,53,31,1,59.0,59.0,61.0,71.0,73.0,90.0,90.0,1.0,"[[60,28],[132,2],[144,1]]"
120,0,117,Arabian Kit 2,70,31,2,58.0,70.0,81.0,93.0,103.0,114.0,114.0,31.0,"[[60,16],[156,14],[96,1]]"
120,0,31,House Kit RX2,49,31,2,99.0,99.0,106.0,110.0,112.0,119.0,127.0,1.0,"[[0,27],[96,4]]"
120,0,18,Power Kit RX1,59,31,1,80.0,80.0,85.0,105.0,110.0,110.0,112.0,1.0,"[[0,31]]"
120,0,27,House Kit 2,4,31,1,93.0,93.0,93.0,96.0,96.0,96.0,96.0,1.0,"[[0,31]]"
120,0,19,Power Kit RX2,40,31,1,39.0,47.0,47.0,63.0,83.0,95.0,127.0,1.0,"[[0,11],[144,7],[48,7],[96,6]]"
120,0,41,Brush Kit 2,47,30,7,35.0,63.5,73.0,91.0,110.0,115.0,118.0,15.5,"[[48,11],[96,9],[36,9],[60,1]]"
120,0,28,House Kit 3,57,30,5,68.0,77.0,83.5,87.0,100.5,127.0,127.0,1.0,"[[0,26],[144,3],[72,1]]"
120,0,9,HipHop Kit 1,53,30,1,51.0,51.0,72.0,85.0,108.0,110.0,122.0,1.0,"[[0,11],[144,9],[96,8],[48,2]]"
120,0,66,Trinity Perc.Kit,8,30,4,80.0,80.0,80.0,80.0,80.0,80.0,80.0,,"[[132,8],[156,4],[180,4],[0,3],[144,3],[96,2],[120,2],[48,1]]"
120,0,35,Jazz Kit RX3,52,30,3,57.0,57.0,57.5,99.0,122.5,127.0,127.0,1.0,"[[0,17],[132,11],[144,2]]"
120,0,15,Techno Kit 3,39,30,1,102.0,102.0,102.0,102.0,111.0,114.0,117.0,1.0,"[[0,30]]"
120,0,90,Pop Std. Kit 2,66,30,2,97.0,100.0,100.0,100.0,100.0,100.0,100.0,12.0,"[[96,10],[0,6],[84,4],[36,4],[48,4],[144,2]]"
120,0,28,House Kit 3,32,30,3,32.0,32.0,50.25,78.0,108.0,114.0,114.0,1.0,"[[48,5],[120,5],[0,5],[72,3],[96,3],[168,3],[36,2],[180,1]]"
120,0,122,Electro Kit,64,30,1,100.0,100.0,108.0,108.0,122.0,126.0,126.0,2.0,"[[144,24],[96,6]]"
120,0,5,Standard Kit RX1,88,29,4,49.0,49.0,49.0,49.0,49.0,49.0,49.0,,"[[120,7],[72,6],[24,6],[60,4],[156,2],[168,2],[180,1],[84,1]]"
120,0,50,Bdrum&Sdrum Kit,46,29,2,100.0,100.0,100.0,100.0,100.0,100.0,103.0,1.0,"[[156,27],[96,1],[48,1]]"
120,0,43,Brush Kit RX2,57,29,6,48.0,63.8,70.0,90.0,102.0,109.0,116.0,3.0,"[[0,21],[132,5],[108,2],[96,1]]"
120,0,67,i30 Perc. Kit,27,29,1,45.0,92.2,100.0,106.0,118.0,121.0,121.0,852.0,"[[132,29]]"
120,0,66,Trinity Perc.Kit,31,29,1,102.0,102.0,102.0,106.0,106.0,106.0,106.0,268.0,"[[96,29]]"
120,0,18,Power Kit RX1,25,29,2,50.0,55.0,60.0,70.0,85.0,95.0,95.0,94.0,"[[96,15],[36,5],[48,4],[108,4],[144,1]]"
120,0,64,Percussion Kit,93,29,1,80.0,84.0,84.0,87.0,90.0,99.6,110.0,17.0,"[[96,17],[0,12]]"
120,0,4,Pop Std. Kit RX,50,29,2,65.0,65.0,69.0,86.0,119.0,127.0,127.0,48.0,"[[144,10],[0,7],[96,5],[24,2],[36,2],[48,1],[132,1],[60,1]]"
120,0,31,House Kit RX2,85,29,1,46.0,66.0,66.0,74.0,74.0,74.0,74.0,1.0,"[[96,29]]"
120,0,42,Brush Kit RX1,2,28,2,64.0,64.0,64.0,74.0,84.0,84.0,84.0,1.0,"[[60,25],[168,2],[72,1]]"
120,0,34,Jazz Kit RX2,58,28,5,32.0,32.0,32.0,32.0,32.0,32.0,32.0,,"[[180,7],[72,7],[84,4],[36,4],[96,2],[12,2],[132,2]]"
120,0,2,Standard Kit RX3,52,28,11,76.0,89.0,98.0,107.5,117.0,117.0,126.0,4.0,"[[0,24],[144,3],[132,1]]"
120,0,57,SFX Kit 2,63,28,1,90.0,90.0,90.0,94.0,94.0,94.0,127.0,1.0,"[[96,28]]"
120,0,50,Bdrum&Sdrum Kit,67,28,1,74.0,74.0,74.0,75.0,77.0,80.0,80.0,1.0,"[[0,28]]"
120,0,117,Arabian Kit 2,87,28,2,52.0,52.0,52.0,106.0,110.0,127.0,127.0,54.0,"[[0,19],[180,3],[144,3],[84,3]]"
120,0,66,Trinity Perc.Kit,28,28,1,109.0,109.0,109.0,111.0,111.0,111.0,111.0,94.5,"[[96,28]]"
120,0,48,Orchestra Kit GM,77,28,2,76.0,82.0,85.5,94.0,113.0,120.3,124.0,1.0,"[[0,7],[96,7],[60,5],[156,4],[132,3],[168,2]]"
120,0,28,House Kit 3,51,28,2,47.0,47.0,47.0,51.0,51.0,123.3,126.0,1.0,"[[60,23],[156,4],[0,1]]"
120,0,66,Trinity Perc.Kit,47,28,1,72.0,77.7,85.75,93.0,96.0,96.0,96.0,1.0,"[[0,14],[144,12],[96,2]]"
120,0,89,Pop Std. Kit 1,56,28,1,89.0,93.0,99.75,102.0,105.0,116.0,119.0,48.0,"[[0,28]]"
120,0,72,Hip Hop Kit RX,49,27,2,76.0,85.0,86.0,109.0,110.0,110.0,110.0,1.0,"[[0,23],[96,4]]"
120,0,48,Orchestra Kit GM,18,27,1,101.0,102.2,106.0,106.0,111.0,111.0,111.0,33.0,"[[0,23],[96,4]]"
120,0,96,Elektro Kit 1,47,27,2,99.0,99.0,99.0,102.0,114.0,124.0,124.0,48.0,"[[0,9],[144,9],[48,5],[96,4]]"
120,0,64,Percussion Kit,6,27,7,50.0,51.2,52.0,52.0,52.0,52.0,54.0,,"[[24,5],[132,5],[36,4],[60,4],[144,3],[108,2],[48,2],[72,2]]"
120,0,34,Jazz Kit RX2,14,27,6,83.0,83.0,83.0,120.0,125.0,127.0,127.0,30.0,"[[0,15],[96,5],[12,2],[132,2],[48,2],[144,1]]"
120,0,2,Standard Kit RX3,6,27,3,43.0,51.0,54.0,58.0,63.0,88.4,109.0,4.0,"[[144,8],[0,6],[96,6],[48,4],[12,1],[132,1],[156,1]]"
120,0,50,Bdrum&Sdrum Kit,43,27,1,100.0,100.0,100.0,100.0,100.0,100.0,100.0,1.0,"[[96,27]]"
120,0,64,Percussion Kit,115,26,7,115.0,115.0,115.0,115.0,115.0,115.0,115.0,6897.0,"[[120,6],[36,4],[156,4],[12,2],[132,2],[144,2],[168,2],[108,2]]"
120,0,64,Percussion Kit,111,26,7,110.0,110.0,110.0,110.0,110.0,110.0,110.0,,"[[36,6],[72,4],[132,3],[48,2],[60,2],[84,2],[144,2],[108,1]]"
120,0,5,Standard Kit RX1,110,26,2,32.0,32.0,32.0,32.0,32.0,32.0,32.0,14808.0,"[[0,7],[156,6],[108,5],[144,4],[36,2],[48,2]]"
120,0,67,i30 Perc. Kit,84,26,1,74.0,78.0,80.0,84.0,87.0,93.0,98.0,41.0,"[[0,18],[132,8]]"
120,0,3,Ambient Kit RX,62,26,1,90.0,90.0,97.0,98.0,127.0,127.0,127.0,1.0,"[[48,26]]"
120,0,3,Ambient Kit RX,63,26,1,98.0,98.0,98.0,116.0,127.0,127.0,127.0,1.0,"[[0,26]]"
120,0,31,House Kit RX2,57,26,2,83.0,99.0,106.0,107.0,110.0,121.0,127.0,1.0,"[[0,26]]"
120,0,15,Techno Kit 3,20,26,1,126.0,126.0,126.0,126.5,127.0,127.0,127.0,1.0,"[[0,26]]"
120,0,89,Pop Std. Kit 1,65,26,1,63.0,63.0,69.0,82.0,84.0,100.0,100.0,18.0,"[[96,8],[0,6],[120,4],[144,4],[168,4]]"
120,0,31,House Kit RX2,37,26,1,86.0,86.0,86.0,88.0,90.0,90.0,90.0,1.0,"[[48,26]]"
120,0,27,House Kit 2,64,26,1,127.0,127.0,127.0,127.0,127.0,127.0,127.0,1.0,"[[0,26]]"
120,0,42,Brush Kit RX1,64,26,1,98.0,101.0,105.0,108.0,113.0,113.0,113.0,30.0,"[[0,13],[96,13]]"
120,0,3,Ambient Kit RX,49,25,2,54.0,63.4,73.0,85.0,106.0,117.0,117.0,2.0,"[[0,19],[96,3],[144,3]]"
120,0,13,HipHop Kit 2,57,25,3,80.0,80.0,84.0,96.0,112.0,127.0,127.0,1.0,"[[0,17],[96,4],[60,2],[156,2]]"
120,0,64,Percussion Kit,7,25,9,73.0,73.0,73.0,73.0,73.0,73.0,73.0,,"[[60,5],[132,4],[108,3],[120,3],[144,2],[12,2],[96,2],[0,1]]"
120,0,42,Brush Kit RX1,9,25,4,63.0,68.0,68.0,68.0,68.0,81.0,83.0,17.0,"[[96,7],[0,6],[48,3],[132,3],[144,3],[108,1],[12,1],[24,1]]"
120,0,27,House Kit 2,22,25,1,88.0,88.0,92.0,97.0,101.0,101.0,101.0,1.0,"[[156,18],[144,7]]"
120,0,1,Standard Kit RX2,41,24,8,75.0,94.0,94.0,106.0,124.25,127.0,127.0,2.0,"[[96,10],[0,8],[144,3],[72,1],[48,1],[132,1]]"
120,0,9,HipHop Kit 1,60,24,1,20.0,20.0,26.0,46.0,89.0,99.0,99.0,1.0,"[[96,8],[144,8],[0,4],[48,4]]"
120,0,9,HipHop Kit 1,75,24,1,80.0,80.0,80.0,80.5,81.0,81.0,81.0,1.0,"[[96,12],[48,12]]"
120,0,34,Jazz Kit RX2,111,24,3,102.0,102.0,102.0,102.0,118.0,118.0,118.0,,"[[156,5],[168,4],[72,4],[120,3],[60,3],[96,2],[12,2],[144,1]]"
120,0,30,House Kit RX1,62,24,1,108.0,108.0,108.0,111.0,114.0,114.0,114.0,1.0,"[[96,20],[0,4]]"
120,0,41,Brush Kit 2,41,24,3,85.0,99.0,108.25,114.0,115.0,115.0,117.0,31.0,"[[96,8],[48,7],[0,4],[132,3],[144,2]]"
120,0,28,House Kit 3,39,24,1,49.0,49.0,49.0,49.0,49.0,49.0,49.0,1.0,"[[0,24]]"
120,0,33,Jazz Kit RX1,74,24,2,69.0,71.2,90.0,90.0,90.0,127.0,127.0,31.0,"[[0,24]]"
120,0,33,Jazz Kit RX1,24,24,2,71.0,71.0,74.0,80.5,85.0,92.7,96.0,45.0,"[[48,19],[156,3],[144,2]]"
120,0,42,Brush Kit RX1,1,24,1,64.0,64.0,64.0,64.0,64.0,64.0,64.0,1.0,"[[60,22],[168,2]]"
120,0,26,House Kit 1,82,24,2,68.0,68.0,68.0,68.0,68.0,68.0,127.0,1.0,"[[96,23],[0,1]]"
120,0,65,Latin Perc. Kit1,83,24,1,44.0,45.0,56.5,67.0,67.75,70.0,75.0,32.0,"[[96,14],[0,8],[108,2]]"
120,0,122,Electro Kit,62,24,1,98.0,98.0,102.5,113.0,122.0,122.0,122.0,2.0,"[[96,24]]"
120,0,122,Electro Kit,61,24,1,98.0,98.0,99.5,113.0,126.0,126.0,126.0,2.0,"[[144,24]]"
120,0,30,House Kit RX1,45,23,4,82.0,86.0,96.0,106.0,122.0,126.0,127.0,2.0,"[[48,9],[0,5],[96,4],[144,2],[168,2],[60,1]]"
120,0,3,Ambient Kit RX,57,23,2,41.0,78.8,83.0,91.0,117.0,123.0,127.0,359.0,"[[0,20],[144,2],[96,1]]"
120,0,43,Brush Kit RX2,41,23,4,40.0,77.2,94.0,103.0,107.5,110.0,122.0,32.0,"[[132,9],[96,7],[0,6],[12,1]]"
120,0,42,Brush Kit RX1,52,23,3,35.0,35.0,35.0,45.0,58.0,69.6,104.0,19.0,"[[120,8],[156,8],[0,5],[132,2]]"
120,0,30,House Kit RX1,41,22,3,86.0,86.0,86.0,86.0,86.0,112.0,126.0,2.0,"[[0,7],[48,6],[96,4],[144,4],[60,1]]"
120,0,90,Pop Std. Kit 2,47,22,3,94.0,96.6,104.0,107.0,113.75,114.0,115.0,4.0,"[[96,13],[48,5],[144,2],[0,2]]"
120,0,123,Analog Kit,45,22,3,31.0,46.0,64.25,81.5,96.0,109.0,110.0,1.0,"[[96,9],[144,6],[48,6],[0,1]]"
120,0,64,Percussion Kit,11,22,4,86.0,86.0,86.0,86.0,86.0,86.0,86.0,,"[[60,7],[72,3],[96,3],[156,3],[84,3],[132,2],[48,1]]"
120,0,64,Percussion Kit,110,22,4,32.0,32.0,32.0,32.0,32.0,32.0,32.0,15064.0,"[[168,7],[0,3],[72,3],[12,3],[180,2],[24,2],[48,1],[60,1]]"
120,0,97,Elektro Kit 2,43,22,1,94.0,96.8,104.0,126.0,126.0,126.0,126.0,23.0,"[[0,6],[48,5],[96,5],[108,2],[12,2],[72,2]]"
120,0,30,House Kit RX1,47,22,3,40.0,64.0,80.0,86.0,106.0,125.2,127.0,2.0,"[[0,8],[96,4],[144,4],[72,2],[168,2],[48,2]]"
120,0,117,Arabian Kit 2,41,22,1,85.0,85.0,85.0,91.0,105.75,117.0,127.0,25.0,"[[156,10],[60,5],[96,4],[0,3]]"
120,0,27,House Kit 2,52,22,3,64.0,64.0,65.25,84.0,102.0,107.4,126.0,239.0,"[[96,13],[0,5],[48,2],[156,1],[132,1]]"
120,0,51,Arabian Kit 1,46,22,1,126.0,126.0,126.0,126.0,126.0,126.0,126.0,1.0,"[[96,22]]"
120,0,51,Arabian Kit 1,79,22,1,122.0,126.0,126.0,126.5,127.0,127.0,127.0,1.0,"[[96,20],[0,2]]"
120,0,51,Arabian Kit 1,44,22,1,126.0,126.0,126.0,126.0,126.0,126.0,127.0,1.0,"[[0,22]]"
120,0,90,Pop Std. Kit 2,53,22,1,72.0,72.0,74.0,74.0,92.0,100.0,100.0,17.0,"[[96,16],[0,6]]"
120,0,28,House Kit 3,4,22,1,93.0,93.0,93.0,94.5,96.0,96.0,96.0,1.0,"[[0,22]]"
120,0,19,Power Kit RX2,46,22,1,80.0,80.4,84.0,90.0,91.5,92.0,127.0,16.0,"[[96,16],[0,5],[48,1]]"
120,0,41,Brush Kit 2,22,22,2,33.0,33.0,46.0,48.0,49.0,49.0,90.0,55.0,"[[144,21],[96,1]]"
120,0,9,HipHop Kit 1,51,21,1,74.0,80.0,95.0,113.0,119.0,125.0,127.0,1.0,"[[120,6],[144,6],[168,6],[0,3]]"
120,0,17,Power Kit 2,32,21,1,32.0,32.0,32.0,75.0,87.0,102.0,117.0,1.0,"[[144,7],[96,4],[0,2],[60,2],[120,2],[24,2],[180,1],[48,1]]"
120,0,66,Trinity Perc.Kit,6,21,3,50.0,50.0,56.0,56.0,56.0,56.0,70.0,,"[[120,5],[60,5],[96,5],[72,3],[144,1],[168,1],[108,1]]"
120,0,66,Trinity Perc.Kit,66,21,3,97.0,97.0,97.0,97.0,97.0,97.0,97.0,,"[[96,7],[156,3],[120,3],[144,3],[132,2],[60,1],[108,1],[12,1]]"
120,0,96,Elektro Kit 1,57,21,2,99.0,99.0,120.0,120.0,127.0,127.0,127.0,48.0,"[[0,17],[12,4]]"
120,0,26,House Kit 1,52,21,4,35.0,62.0,66.0,79.0,88.0,94.0,105.0,1.0,"[[0,12],[96,5],[48,2],[144,2]]"
120,0,117,Arabian Kit 2,43,21,1,91.0,91.0,91.0,94.0,97.0,117.0,117.0,22.0,"[[96,7],[60,6],[156,5],[12,3]]"
120,0,33,Jazz Kit RX1,63,21,1,100.0,100.0,100.0,100.0,100.0,100.0,100.0,7.0,"[[132,21]]"
120,0,125,Brush Kit 1,40,21,1,40.0,40.0,40.0,40.0,40.0,40.0,40.0,1.0,"[[0,21]]"
120,0,0,Standard Kit GM,3,21,1,81.0,81.0,81.0,81.0,81.0,104.0,104.0,8.0,"[[96,18],[72,3]]"
120,0,65,Latin Perc. Kit1,55,21,2,62.0,62.0,62.0,62.0,62.0,62.0,62.0,48.0,"[[96,21]]"
120,0,11,Techno Kit 1,50,20,2,72.0,72.0,74.0,94.0,99.75,102.0,102.0,1.0,"[[96,6],[0,5],[144,5],[48,4]]"
120,0,42,Brush Kit RX1,85,20,2,77.0,77.0,77.0,77.0,77.0,77.0,77.0,,"[[180,5],[84,4],[132,3],[72,2],[24,2],[96,2],[0,1],[168,1]]"
120,0,42,Brush Kit RX1,58,20,2,32.0,32.0,32.0,32.0,32.0,32.0,32.0,,"[[180,5],[72,4],[120,3],[24,2],[84,2],[96,2],[0,1],[168,1]]"
120,0,42,Brush Kit RX1,111,20,2,117.0,117.0,117.0,117.0,117.0,120.0,120.0,,"[[48,5],[144,4],[0,3],[132,2],[84,2],[60,2],[156,1],[168,1]]"
120,0,34,Jazz Kit RX2,61,20,2,127.0,127.0,127.0,127.0,127.0,127.0,127.0,1.0,"[[0,20]]"
120,0,34,Jazz Kit RX2,60,20,2,127.0,127.0,127.0,127.0,127.0,127.0,127.0,1.0,"[[0,20]]"
120,0,89,Pop Std. Kit 1,19,20,2,80.0,80.0,80.0,80.0,80.0,80.3,83.0,,"[[96,5],[144,3],[72,3],[0,3],[132,3],[120,2],[108,1]]"
120,0,67,i30 Perc. Kit,61,20,1,99.0,101.7,117.0,117.0,117.0,118.0,127.0,32.5,"[[0,14],[132,6]]"
120,0,2,Standard Kit RX3,1,20,1,31.0,31.0,52.0,53.0,54.0,55.0,55.0,4.0,"[[144,20]]"
120,0,3,Ambient Kit RX,46,20,1,93.0,101.4,102.0,105.0,127.0,127.0,127.0,3721.0,"[[96,16],[144,2],[0,2]]"
120,0,66,Trinity Perc.Kit,11,20,2,86.0,86.0,86.0,86.0,86.0,86.0,86.0,,"[[96,6],[144,5],[120,5],[108,1],[0,1],[132,1],[84,1]]"
120,0,66,Trinity Perc.Kit,114,20,2,105.0,105.0,105.0,105.0,105.0,105.0,105.0,,"[[48,6],[0,6],[24,5],[12,1],[96,1],[180,1]]"
120,0,66,Trinity Perc.Kit,110,20,2,32.0,32.0,32.0,32.0,32.0,32.0,32.0,15064.0,"[[12,7],[72,3],[60,3],[48,3],[36,2],[24,1],[120,1]]"
120,0,27,House Kit 2,20,20,1,127.0,127.0,127.0,127.0,127.0,127.0,127.0,1.0,"[[96,20]]"
120,0,5,Standard Kit RX1,101,20,2,32.0,32.0,32.0,32.0,32.0,32.0,108.0,257.0,"[[36,7],[180,5],[132,5],[156,2],[72,1]]"
120,0,5,Standard Kit RX1,83,20,2,104.0,104.0,104.0,104.0,104.0,104.0,104.0,,"[[0,7],[96,6],[144,5],[120,2]]"
120,0,5,Standard Kit RX1,102,20,2,102.0,102.0,102.0,102.0,102.0,102.0,102.0,,"[[120,7],[24,6],[72,5],[48,2]]"
120,0,65,Latin Perc. Kit1,96,20,3,56.0,56.0,63.0,63.0,63.0,63.5,68.0,48.0,"[[96,19],[60,1]]"
120,0,0,Standard Kit GM,2,20,1,113.0,113.0,113.0,113.0,116.0,116.0,116.0,8.0,"[[96,12],[0,4],[48,4]]"
120,0,4,Pop Std. Kit RX,81,20,1,70.0,72.0,72.0,73.0,75.25,76.0,77.0,48.0,"[[0,10],[96,10]]"
120,0,48,Orchestra Kit GM,60,20,1,102.0,110.1,113.0,116.0,120.75,126.1,127.0,13.0,"[[108,8],[168,5],[72,5],[96,2]]"
120,0,2,Standard Kit RX3,14,19,4,55.0,71.8,93.0,107.0,111.0,111.0,120.0,24.0,"[[144,6],[0,5],[96,4],[48,4]]"
120,0,1,Standard Kit RX2,52,19,8,96.0,101.0,105.0,110.0,120.0,120.2,121.0,1.0,"[[0,15],[96,3],[144,1]]"
120,0,42,Brush Kit RX1,47,19,8,70.0,77.0,91.5,108.0,113.0,113.4,122.0,43.0,"[[132,6],[0,4],[156,2],[96,2],[48,1],[36,1],[60,1],[24,1]]"
120,0,50,Bdrum&Sdrum Kit,102,19,1,82.0,110.0,117.0,117.0,117.0,119.0,127.0,1.0,"[[0,17],[60,2]]"
120,0,42,Brush Kit RX1,100,19,2,32.0,32.0,32.0,32.0,32.0,105.0,105.0,,"[[96,4],[36,3],[0,3],[180,2],[132,2],[156,2],[108,1],[84,1]]"
120,0,34,Jazz Kit RX2,19,19,3,74.0,74.0,74.0,113.0,123.0,127.0,127.0,1.0,"[[96,8],[0,6],[24,3],[132,2]]"
120,0,41,Brush Kit 2,45,19,5,49.0,73.0,102.0,110.0,112.5,115.0,120.0,30.0,"[[144,8],[0,6],[156,3],[48,2]]"
120,0,3,Ambient Kit RX,2,19,1,40.0,48.8,63.0,76.0,76.0,79.2,84.0,1057.0,"[[144,10],[180,4],[132,2],[0,1],[48,1],[96,1]]"
120,0,33,Jazz Kit RX1,64,19,1,109.0,109.0,109.0,109.0,109.0,109.0,109.0,7.0,"[[132,19]]"
120,0,15,Techno Kit 3,49,19,2,85.0,87.4,90.0,96.0,124.5,127.0,127.0,1.0,"[[0,19]]"
120,0,0,Standard Kit GM,4,19,1,49.0,81.0,91.5,102.0,102.0,120.0,120.0,8.0,"[[144,18],[96,1]]"
120,0,33,Jazz Kit RX1,6,19,3,50.0,50.0,53.5,62.0,62.0,62.0,70.0,48.0,"[[96,13],[144,2],[36,1],[0,1],[132,1],[180,1]]"
120,0,35,Jazz Kit RX3,39,19,1,114.0,114.0,115.5,117.0,127.0,127.0,127.0,1.0,"[[0,14],[96,5]]"
120,0,30,House Kit RX1,60,18,2,86.0,86.0,86.0,114.0,121.0,122.0,122.0,1.0,"[[60,12],[96,2],[0,2],[144,2]]"
120,0,6,Standard Kit RX4,32,18,1,65.0,68.4,71.0,88.0,98.5,106.0,108.0,18.0,"[[144,6],[0,4],[48,4],[96,4]]"
120,0,72,Hip Hop Kit RX,23,18,1,94.0,94.0,94.0,97.5,101.0,101.0,101.0,1.0,"[[0,18]]"
120,0,0,Standard Kit GM,46,18,4,81.0,85.0,87.0,89.0,92.0,100.6,110.0,48.0,"[[96,13],[144,4],[48,1]]"
120,0,0,Standard Kit GM,9,18,2,63.0,66.5,68.0,103.0,103.0,103.0,103.0,1.0,"[[0,5],[96,5],[144,4],[132,2],[120,2]]"
120,0,90,Pop Std. Kit 2,41,18,4,77.0,98.0,119.5,124.0,126.0,126.3,127.0,8.0,"[[96,16],[144,2]]"
120,0,35,Jazz Kit RX3,45,18,4,40.0,47.7,67.75,88.0,109.0,118.6,120.0,12.0,"[[0,5],[96,3],[144,2],[156,2],[180,2],[48,2],[60,1],[132,1]]"
120,0,13,HipHop Kit 2,55,18,2,96.0,96.0,96.0,97.0,114.0,119.7,126.0,1.0,"[[96,10],[0,6],[156,2]]"
120,0,34,Jazz Kit RX2,97,18,3,115.0,115.0,116.0,116.0,116.0,116.0,116.0,,"[[144,7],[48,6],[0,3],[180,1],[108,1]]"
120,0,89,Pop Std. Kit 1,9,18,2,68.0,68.0,68.0,68.0,68.0,68.0,68.0,,"[[120,5],[48,5],[0,3],[180,3],[96,2]]"
120,0,89,Pop Std. Kit 1,85,18,2,77.0,77.0,77.0,77.0,77.0,77.0,77.0,,"[[12,5],[132,5],[84,3],[72,3],[180,2]]"
120,0,89,Pop Std. Kit 1,58,18,2,32.0,32.0,32.0,32.0,32.0,32.0,32.0,,"[[132,5],[84,3],[12,3],[60,3],[180,2],[0,2]]"
120,0,28,House Kit 3,50,18,2,45.0,45.0,50.0,82.5,92.5,100.6,114.0,13.0,"[[144,5],[48,3],[0,3],[132,2],[120,2],[12,1],[24,1],[96,1]]"
120,0,26,House Kit 1,37,18,1,60.0,60.0,60.0,60.0,60.0,60.0,60.0,1.0,"[[96,18]]"
120,0,26,House Kit 1,64,18,1,51.0,52.4,106.0,106.0,108.0,108.0,108.0,1.0,"[[96,18]]"
120,0,117,Arabian Kit 2,48,18,1,81.0,81.0,82.0,88.0,92.5,98.5,127.0,15.0,"[[60,6],[156,5],[12,3],[96,3],[0,1]]"
120,0,117,Arabian Kit 2,47,18,1,79.0,79.0,79.5,88.0,90.25,96.4,127.0,11.0,"[[60,6],[156,5],[12,3],[108,3],[96,1]]"
120,0,117,Arabian Kit 2,45,18,1,85.0,85.0,88.0,91.0,94.75,99.9,127.0,30.0,"[[60,5],[156,5],[96,4],[12,3],[0,1]]"
120,0,10,Jungle Kit,30,18,1,107.0,114.7,118.0,118.0,121.5,124.0,124.0,1.0,"[[156,18]]"
120,0,13,HipHop Kit 2,21,18,1,89.0,99.0,99.0,100.0,116.0,126.0,126.0,1.0,"[[0,14],[96,2],[156,1],[60,1]]"
120,0,122,Electro Kit,63,18,1,108.0,108.0,108.0,124.0,126.0,126.0,126.0,2.0,"[[96,18]]"
120,0,89,Pop Std. Kit 1,11,18,1,86.0,86.0,86.0,86.0,86.0,86.0,86.0,,"[[36,3],[156,3],[84,3],[96,3],[72,3],[60,2],[48,1]]"
120,0,89,Pop Std. Kit 1,110,18,1,32.0,32.0,32.0,32.0,32.0,32.0,32.0,14936.0,"[[12,6],[156,3],[84,3],[168,3],[0,2],[180,1]]"
120,0,89,Pop Std. Kit 1,6,18,1,50.0,50.0,50.0,50.0,50.0,50.0,50.0,,"[[60,6],[12,3],[132,3],[48,3],[24,2],[36,1]]"
120,0,89,Pop Std. Kit 1,112,18,1,32.0,32.0,32.0,32.0,32.0,32.0,32.0,,"[[60,3],[180,3],[120,3],[48,3],[36,3],[24,2],[12,1]]"
120,0,17,Power Kit 2,49,17,1,45.0,45.0,72.0,90.0,91.0,98.4,99.0,1.0,"[[0,10],[144,5],[120,1],[72,1]]"
120,0,17,Power Kit 2,57,17,1,46.0,46.0,68.0,90.0,94.0,100.0,106.0,1.0,"[[0,10],[144,3],[12,2],[120,1],[72,1]]"
120,0,90,Pop Std. Kit 2,45,17,4,77.0,92.6,107.0,115.0,126.0,126.0,126.0,7.0,"[[0,10],[96,4],[60,2],[36,1]]"
120,0,90,Pop Std. Kit 2,4,17,1,80.0,84.0,88.0,93.0,101.0,105.4,112.0,47.0,"[[144,5],[180,5],[96,3],[132,2],[0,1],[24,1]]"
120,0,43,Brush Kit RX2,48,17,3,66.0,70.8,74.0,86.0,96.0,107.6,110.0,1.0,"[[0,12],[132,4],[180,1]]"
120,0,28,House Kit 3,43,17,2,55.0,59.2,62.0,77.0,90.0,96.4,108.0,1.0,"[[96,5],[0,4],[48,4],[168,2],[24,1],[180,1]]"
120,0,5,Standard Kit RX1,127,17,2,95.0,95.0,95.0,102.0,105.0,105.0,109.0,1.0,"[[0,17]]"
120,0,73,Techno Kit RX,57,17,3,48.0,84.0,90.0,109.0,115.0,125.8,127.0,1.0,"[[0,16],[96,1]]"
120,0,34,Jazz Kit RX2,26,17,2,94.0,94.0,94.0,119.0,119.0,119.0,121.0,1.0,"[[0,17]]"
120,0,13,HipHop Kit 2,14,17,1,87.0,87.0,87.0,87.0,97.0,97.0,97.0,47.0,"[[0,17]]"
120,0,89,Pop Std. Kit 1,63,17,2,122.0,124.2,127.0,127.0,127.0,127.0,127.0,48.0,"[[0,12],[96,5]]"
120,0,125,Brush Kit 1,23,17,1,59.0,66.6,79.0,79.0,79.0,79.0,79.0,1.0,"[[0,17]]"
120,0,12,Room Kit 2,18,17,1,63.0,63.0,63.0,63.0,63.0,63.0,63.0,1.0,"[[132,17]]"
120,0,19,Power Kit RX2,18,17,1,63.0,63.0,63.0,63.0,63.0,63.0,63.0,1.0,"[[132,17]]"
120,0,6,Standard Kit RX4,30,16,1,1.0,16.0,33.25,59.5,92.0,110.5,117.0,8.0,"[[0,4],[48,4],[96,4],[144,4]]"
120,0,6,Standard Kit RX4,49,16,3,70.0,74.5,80.0,80.0,86.0,110.0,120.0,1.5,"[[0,16]]"
120,0,11,Techno Kit 1,47,16,3,74.0,74.0,84.5,99.0,110.0,110.0,110.0,41.0,"[[144,6],[96,6],[48,4]]"
120,0,11,Techno Kit 1,45,16,3,64.0,64.0,90.25,110.0,111.0,114.0,114.0,46.5,"[[0,6],[144,5],[48,4],[168,1]]"
120,0,11,Techno Kit 1,55,16,3,110.0,111.0,111.0,117.0,120.0,125.0,127.0,21.0,"[[0,8],[96,4],[48,4]]"
120,0,123,Analog Kit,17,16,1,50.0,50.0,50.0,60.0,60.0,60.0,60.0,22.0,"[[144,12],[156,4]]"
120,0,13,HipHop Kit 2,50,16,1,102.0,102.0,102.0,102.0,102.0,105.0,108.0,47.0,"[[0,8],[60,8]]"
120,0,42,Brush Kit RX1,20,16,1,83.0,83.0,83.0,83.0,83.0,83.0,83.0,,"[[96,4],[48,3],[180,2],[132,2],[0,2],[108,1],[84,1],[12,1]]"
120,0,42,Brush Kit RX1,108,16,1,108.0,108.0,108.0,108.0,108.0,108.0,108.0,,"[[0,4],[132,3],[84,2],[24,2],[96,2],[12,1],[180,1],[108,1]]"
120,0,43,Brush Kit RX2,43,16,3,70.0,70.0,70.0,75.0,90.0,90.0,95.0,30.0,"[[132,8],[0,7],[180,1]]"
120,0,34,Jazz Kit RX2,13,16,3,80.0,80.0,84.5,86.0,120.0,123.0,126.0,44.0,"[[48,8],[0,4],[144,2],[156,2]]"
120,0,8,Room Kit GM,54,16,1,39.0,39.0,39.0,39.0,39.0,39.0,39.0,1.0,"[[0,16]]"
120,0,26,House Kit 1,28,16,2,48.0,83.0,89.25,92.0,94.25,100.0,102.0,24.5,"[[96,6],[0,5],[156,2],[60,2],[168,1]]"
120,0,67,i30 Perc. Kit,32,16,2,50.0,70.0,90.0,124.0,124.0,124.0,124.0,2.0,"[[0,14],[120,2]]"
120,0,117,Arabian Kit 2,54,16,1,96.0,96.0,96.0,96.0,96.0,97.0,97.0,30.5,"[[60,5],[156,5],[0,3],[96,3]]"
120,0,117,Arabian Kit 2,58,16,1,89.0,89.0,89.0,92.0,97.0,97.0,97.0,28.0,"[[60,5],[156,5],[0,3],[96,3]]"
120,0,117,Arabian Kit 2,56,16,1,85.0,85.0,85.0,94.0,96.0,96.0,96.0,31.5,"[[60,5],[156,5],[0,3],[96,3]]"
120,0,117,Arabian Kit 2,62,16,1,83.0,83.0,83.0,83.0,91.0,94.0,94.0,19.0,"[[60,5],[156,5],[0,3],[108,3]]"
120,0,117,Arabian Kit 2,60,16,1,83.0,83.0,83.0,83.0,91.0,91.0,91.0,23.0,"[[60,5],[156,5],[0,3],[108,3]]"
120,0,117,Arabian Kit 2,38,16,1,77.0,77.0,79.0,80.0,81.0,91.0,91.0,22.0,"[[60,5],[156,5],[0,3],[108,3]]"
120,0,117,Arabian Kit 2,52,16,1,83.0,83.0,83.0,88.0,91.0,96.0,96.0,17.0,"[[60,5],[156,5],[96,3],[12,2],[0,1]]"
120,0,117,Arabian Kit 2,44,16,1,92.0,92.0,92.0,92.0,92.0,96.0,96.0,6.0,"[[60,5],[156,5],[12,3],[108,3]]"
120,0,33,Jazz Kit RX1,56,16,1,90.0,90.0,90.0,90.0,90.0,90.0,90.0,31.0,"[[0,16]]"
120,0,125,Brush Kit 1,101,16,1,32.0,32.0,32.0,73.0,114.0,114.0,114.0,,"[[12,4],[96,2],[108,2],[144,2],[156,2],[60,2],[72,2]]"
120,0,2,Standard Kit RX3,26,16,1,104.0,106.0,109.5,110.0,110.5,113.0,114.0,55.5,"[[0,16]]"
120,0,15,Techno Kit 3,57,16,2,42.0,72.0,82.75,96.5,116.0,118.0,118.0,1.0,"[[0,14],[132,2]]"
120,0,117,Arabian Kit 2,66,16,1,93.0,112.5,122.0,124.5,127.0,127.0,127.0,119.0,"[[0,13],[96,3]]"
120,0,90,Pop Std. Kit 2,37,16,1,114.0,114.0,114.0,114.0,114.0,114.0,114.0,3.5,"[[0,16]]"
120,0,13,HipHop Kit 2,78,16,1,51.0,51.0,51.0,51.0,51.0,51.0,51.0,1.0,"[[96,16]]"
120,0,89,Pop Std. Kit 1,14,16,1,83.0,83.0,83.0,83.0,83.0,83.0,83.0,,"[[120,5],[48,5],[0,3],[180,3]]"
120,0,89,Pop Std. Kit 1,99,16,1,104.0,104.0,104.0,104.0,104.0,104.0,104.0,,"[[24,5],[168,3],[96,3],[144,3],[84,2]]"
120,0,89,Pop Std. Kit 1,97,16,1,103.0,103.0,103.0,103.0,103.0,103.0,103.0,,"[[72,3],[12,3],[132,3],[60,3],[120,2],[0,2]]"
120,0,89,Pop Std. Kit 1,8,16,1,80.0,80.0,80.0,80.0,80.0,80.0,80.0,,"[[132,4],[96,3],[108,2],[120,2],[84,2],[72,1],[0,1],[12,1]]"
120,0,89,Pop Std. Kit 1,67,16,1,86.0,86.0,86.0,86.0,86.0,86.0,86.0,,"[[36,5],[24,3],[180,3],[0,2],[108,2],[12,1]]"
120,0,31,House Kit RX2,20,16,1,39.0,39.0,39.0,39.0,39.0,39.0,39.0,1.0,"[[0,8],[96,8]]"
120,0,6,Standard Kit RX4,63,16,1,127.0,127.0,127.0,127.0,127.0,127.0,127.0,1.0,"[[96,8],[156,8]]"
120,0,72,Hip Hop Kit RX,56,15,1,49.0,55.4,61.0,68.0,78.0,87.2,90.0,1.0,"[[0,10],[144,4],[156,1]]"
120,0,27,House Kit 2,43,15,2,83.0,105.0,105.0,105.0,105.0,105.0,105.0,287.0,"[[0,14],[96,1]]"
120,0,13,HipHop Kit 2,52,15,3,105.0,105.0,105.0,105.0,111.0,111.0,120.0,1.0,"[[96,8],[180,5],[0,2]]"
120,0,96,Elektro Kit 1,50,15,1,101.0,101.0,101.0,101.0,108.0,108.0,108.0,48.0,"[[0,5],[96,5],[144,5]]"
120,0,97,Elektro Kit 2,49,15,1,99.0,100.0,121.0,122.0,122.0,122.0,122.0,574.0,"[[0,11],[48,2],[36,2]]"
120,0,42,Brush Kit RX1,48,15,3,32.0,46.6,61.5,84.0,91.5,103.2,113.0,4.0,"[[0,4],[60,3],[72,2],[132,2],[120,2],[84,1],[96,1]]"
120,0,43,Brush Kit RX2,52,15,4,50.0,50.0,70.0,98.0,104.5,109.0,122.0,2.0,"[[0,12],[132,3]]"
120,0,0,Standard Kit GM,55,15,3,110.0,110.0,122.0,123.0,123.0,123.0,125.0,382.0,"[[0,15]]"
120,0,11,Techno Kit 1,78,15,1,79.0,79.0,79.5,80.0,80.0,97.0,97.0,1.0,"[[96,15]]"
120,0,41,Brush Kit 2,52,15,5,90.0,90.0,90.0,100.0,107.5,112.2,113.0,1.0,"[[96,8],[0,6],[144,1]]"
120,0,28,House Kit 3,11,15,1,80.0,80.0,80.0,80.0,80.0,80.0,80.0,1.0,"[[144,8],[96,7]]"
120,0,18,Power Kit RX1,40,15,3,63.0,80.0,82.0,85.0,93.5,113.6,126.0,1.0,"[[96,11],[0,4]]"
120,0,125,Brush Kit 1,24,15,2,19.0,21.0,27.0,55.0,62.0,78.0,95.0,66376.0,"[[60,2],[132,2],[108,2],[48,2],[24,2],[84,2],[12,1],[0,1]]"
120,0,33,Jazz Kit RX1,8,15,1,69.0,69.0,69.0,83.0,83.0,83.0,83.0,,"[[96,4],[0,2],[48,2],[84,1],[108,1],[144,1],[12,1],[180,1]]"
120,0,1,Standard Kit RX2,8,15,2,58.0,69.0,69.0,80.0,80.0,80.0,80.0,1.0,"[[96,4],[144,2],[24,2],[60,1],[120,1],[72,1],[0,1],[108,1]]"
120,0,123,Analog Kit,55,14,3,50.0,50.9,63.0,71.5,102.0,105.0,111.0,1.0,"[[0,14]]"
120,0,72,Hip Hop Kit RX,57,14,2,85.0,85.0,87.0,95.0,99.0,99.7,110.0,1.0,"[[0,12],[96,2]]"
120,0,17,Power Kit 2,40,14,1,86.0,96.0,100.5,105.0,109.5,110.7,112.0,34.5,"[[0,10],[48,3],[96,1]]"
120,0,27,House Kit 2,41,14,2,70.0,70.0,70.0,70.0,70.0,70.0,100.0,47.0,"[[0,13],[144,1]]"
120,0,66,Trinity Perc.Kit,17,14,1,114.0,114.0,114.0,114.0,114.0,114.0,114.0,1.0,"[[96,14]]"
120,0,3,Ambient Kit RX,43,14,2,51.0,55.0,65.0,91.5,114.75,118.5,120.0,193.0,"[[96,6],[180,3],[48,2],[168,2],[144,1]]"
120,0,35,Jazz Kit RX3,55,14,5,60.0,71.9,80.0,95.0,109.25,119.9,127.0,2.5,"[[0,9],[132,2],[144,2],[120,1]]"
120,0,13,HipHop Kit 2,48,14,1,73.0,73.0,75.25,82.0,88.75,91.0,91.0,47.0,"[[132,6],[12,4],[72,4]]"
120,0,15,Techno Kit 3,11,14,1,78.0,78.0,78.0,81.0,84.0,84.0,84.0,1.0,"[[156,7],[60,7]]"
120,0,123,Analog Kit,43,14,2,38.0,40.0,47.0,72.5,90.0,97.0,100.0,1.0,"[[96,12],[48,2]]"
120,0,2,Standard Kit RX3,0,14,2,39.0,39.0,43.75,58.0,63.75,70.2,72.0,4.0,"[[180,8],[48,2],[108,2],[96,1],[0,1]]"
120,0,26,House Kit 1,50,14,4,62.0,75.0,75.0,87.5,100.75,108.5,110.0,6.5,"[[96,6],[48,2],[60,2],[156,2],[0,2]]"
120,0,42,Brush Kit RX1,12,14,4,63.0,65.9,72.5,87.0,96.0,96.0,109.0,16.5,"[[96,10],[0,4]]"
120,0,2,Standard Kit RX3,32,14,2,32.0,37.1,55.0,67.0,67.0,72.6,75.0,,"[[168,4],[144,2],[156,2],[72,1],[84,1],[108,1],[180,1],[0,1]]"
120,0,2,Standard Kit RX3,66,14,2,97.0,97.0,97.0,101.0,104.0,105.0,105.0,,"[[96,4],[12,3],[0,2],[48,1],[120,1],[156,1],[84,1],[108,1]]"
120,0,33,Jazz Kit RX1,9,14,3,68.0,68.0,68.0,68.0,68.0,68.0,68.0,,"[[0,6],[96,4],[48,1],[144,1],[180,1],[36,1]]"
120,0,33,Jazz Kit RX1,58,14,3,32.0,32.0,32.0,32.0,32.0,32.0,32.0,,"[[72,6],[180,3],[120,2],[168,1],[24,1],[84,1]]"
120,0,73,Techno Kit RX,55,14,3,67.0,70.3,76.5,109.0,127.0,127.0,127.0,1.0,"[[0,11],[96,3]]"
120,0,3,Ambient Kit RX,32,14,1,66.0,66.0,66.0,66.5,67.0,67.0,67.0,,"[[168,6],[72,6],[120,1],[24,1]]"
120,0,34,Jazz Kit RX2,31,14,3,22.0,36.4,86.0,95.5,101.5,108.3,113.0,1.0,"[[0,14]]"
120,0,125,Brush Kit 1,110,14,1,32.0,32.0,32.0,97.0,97.0,97.0,97.0,84361.0,"[[108,4],[12,2],[0,2],[60,2],[48,2],[156,2]]"
120,0,125,Brush Kit 1,116,14,1,32.0,32.0,32.0,105.0,105.0,111.3,114.0,,"[[180,4],[84,2],[120,2],[132,2],[36,2],[156,2]]"
120,0,10,Jungle Kit,21,14,1,82.0,82.0,92.0,92.0,93.5,94.0,94.0,1.0,"[[0,7],[96,7]]"
120,0,41,Brush Kit 2,89,14,1,118.0,118.0,118.0,120.0,124.0,126.0,126.0,54.0,"[[96,14]]"
120,0,89,Pop Std. Kit 1,7,14,1,73.0,73.0,73.0,73.0,73.0,73.0,73.0,,"[[84,4],[156,4],[24,3],[36,2],[48,1]]"
120,0,27,House Kit 2,45,14,1,120.0,120.0,120.0,120.0,120.0,120.0,120.0,287.0,"[[0,14]]"
120,0,26,House Kit 1,47,13,5,52.0,66.0,84.0,93.0,97.0,103.8,120.0,18.0,"[[96,6],[0,3],[144,2],[60,2]]"
120,0,30,House Kit RX1,43,13,3,76.0,98.0,98.0,102.0,110.0,112.0,121.0,2.0,"[[96,6],[48,5],[180,1],[144,1]]"
120,0,11,Techno Kit 1,52,13,3,100.0,100.0,100.0,101.0,114.0,114.0,114.0,428.0,"[[144,6],[0,6],[120,1]]"
120,0,11,Techno Kit 1,43,13,3,55.0,55.0,55.0,105.0,105.0,105.0,109.0,1.0,"[[0,6],[144,4],[48,2],[96,1]]"
120,0,30,House Kit RX1,63,13,1,108.0,108.0,108.0,108.0,114.0,114.0,114.0,1.0,"[[96,13]]"
120,0,35,Jazz Kit RX2,51,13,1,60.0,70.0,75.0,91.0,95.0,110.0,115.0,,"[[132,5],[36,4],[180,4]]"
120,0,42,Brush Kit RX1,60,13,2,100.0,104.0,104.0,111.0,113.0,113.0,113.0,35.0,"[[0,13]]"
120,0,125,Brush Kit 1,52,13,3,68.0,70.0,70.0,72.0,100.0,100.0,100.0,2.0,"[[0,13]]"
120,0,123,Analog Kit,73,13,1,92.0,95.4,97.0,103.0,109.0,111.4,116.0,48.0,"[[96,7],[0,6]]"
120,0,64,Percussion Kit,99,13,1,19.0,20.2,25.0,57.0,57.0,62.0,62.0,384.0,"[[0,4],[72,2],[144,2],[48,2],[96,2],[12,1]]"
120,0,1,Standard Kit RX2,32,13,1,32.0,32.0,32.0,50.0,75.0,75.0,75.0,,"[[84,2],[60,2],[72,1],[132,1],[168,1],[156,1],[180,1],[36,1]]"
120,0,19,Power Kit RX2,127,13,1,61.0,92.0,92.0,94.0,127.0,127.0,127.0,1.0,"[[0,13]]"
120,0,26,House Kit 1,55,12,4,94.0,96.0,96.0,107.5,126.0,126.0,127.0,1.5,"[[0,8],[144,2],[48,1],[156,1]]"
120,0,11,Techno Kit 1,41,12,2,99.0,108.0,108.0,108.0,114.0,114.0,118.0,10.5,"[[96,10],[0,2]]"
120,0,0,Standard Kit GM,84,12,1,24.0,24.1,25.0,30.5,46.0,107.2,114.0,13.0,"[[120,4],[0,4],[144,2],[96,2]]"
120,0,125,Brush Kit 1,45,12,2,72.0,72.6,78.0,82.0,86.5,91.6,94.0,405.0,"[[0,2],[168,2],[72,2],[12,2],[60,2],[132,2]]"
120,0,42,Brush Kit RX1,23,12,1,72.0,72.0,72.0,72.0,72.0,72.0,72.0,2.0,"[[0,12]]"
120,0,42,Brush Kit RX1,11,12,4,51.0,58.5,72.0,86.0,86.0,86.0,86.0,11.0,"[[144,4],[84,2],[36,2],[0,2],[108,1],[48,1]]"
120,0,90,Pop Std. Kit 2,3,12,1,66.0,66.0,66.0,77.0,98.75,101.0,101.0,19275.5,"[[144,5],[48,3],[96,2],[0,2]]"
120,0,34,Jazz Kit RX2,116,12,3,105.0,105.0,105.0,109.5,114.0,114.0,114.0,,"[[0,3],[108,3],[60,3],[24,2],[156,1]]"
120,0,28,House Kit 3,100,12,2,32.0,32.0,32.0,97.0,105.0,105.0,105.0,,"[[84,3],[0,3],[24,2],[36,1],[144,1],[108,1],[156,1]]"
120,0,28,House Kit 3,27,12,1,81.0,81.0,81.0,87.0,89.0,89.0,89.0,1.0,"[[96,4],[144,4],[0,4]]"
120,0,28,House Kit 3,47,12,2,69.0,76.8,85.5,87.0,102.25,109.9,127.0,14.0,"[[96,4],[144,4],[156,2],[48,1],[72,1]]"
120,0,5,Standard Kit RX1,61,12,1,97.0,101.4,108.0,125.0,125.0,125.0,125.0,1.0,"[[96,9],[48,1],[0,1],[144,1]]"
120,0,31,House Kit RX2,50,12,2,120.0,120.0,120.0,123.0,127.0,127.0,127.0,1.0,"[[0,5],[96,4],[48,3]]"
120,0,33,Jazz Kit RX1,76,12,1,85.0,85.0,85.0,100.0,100.0,100.0,100.0,31.0,"[[0,8],[132,4]]"
120,0,6,Standard Kit RX4,9,12,1,113.0,113.2,115.0,117.0,122.0,126.5,127.0,1.0,"[[0,4],[156,4],[96,4]]"
120,0,6,Standard Kit RX4,61,12,1,104.0,104.0,104.0,127.0,127.0,127.0,127.0,1.0,"[[60,12]]"
120,0,4,Pop Std. Kit RX,23,12,1,90.0,90.0,90.0,100.0,110.0,110.0,110.0,71.0,"[[0,12]]"
120,0,42,Brush Kit RX1,61,12,1,86.0,86.0,86.0,92.0,96.5,101.0,101.0,22.0,"[[96,12]]"
120,0,11,Techno Kit 1,48,11,3,82.0,82.0,82.0,100.0,111.0,111.0,111.0,1.0,"[[96,5],[48,4],[120,1],[0,1]]"
120,0,35,Jazz Kit RX3,50,11,3,71.0,77.0,97.0,114.0,114.0,114.0,114.0,1.0,"[[96,9],[0,1],[132,1]]"
120,0,35,Jazz Kit RX3,25,11,3,50.0,52.0,72.0,85.0,85.0,95.0,107.0,40.0,"[[156,5],[84,4],[0,1],[144,1]]"
120,0,13,HipHop Kit 2,47,11,1,64.0,64.0,74.0,74.0,74.5,75.0,75.0,1.0,"[[156,6],[132,3],[96,2]]"
120,0,64,Percussion Kit,83,11,1,38.0,38.0,48.0,70.0,70.0,70.0,70.0,2.0,"[[0,6],[96,3],[72,2]]"
120,0,26,House Kit 1,13,11,2,56.0,56.0,71.5,89.0,107.5,127.0,127.0,25.0,"[[96,3],[144,2],[0,2],[132,1],[72,1],[120,1],[48,1]]"
120,0,97,Elektro Kit 2,57,11,1,115.0,122.0,122.0,122.0,122.0,122.0,122.0,574.0,"[[0,11]]"
120,0,42,Brush Kit RX1,66,11,2,97.0,97.0,97.0,97.0,97.0,97.0,97.0,,"[[144,4],[96,2],[48,2],[156,2],[12,1]]"
120,0,90,Pop Std. Kit 2,32,11,2,32.0,32.0,49.0,50.0,67.0,67.0,75.0,,"[[168,2],[96,2],[72,2],[132,2],[48,1],[12,1],[36,1]]"
120,0,32,Jazz Kit GM,55,11,2,120.0,125.0,125.0,125.0,125.0,126.0,126.0,45.0,"[[0,11]]"
120,0,3,Ambient Kit RX,45,11,1,78.0,78.0,88.5,111.0,114.0,117.0,120.0,817.0,"[[96,4],[168,3],[144,2],[0,1],[48,1]]"
120,0,117,Arabian Kit 2,61,11,1,89.0,89.0,89.0,96.0,96.5,97.0,97.0,27.0,"[[0,3],[60,3],[96,3],[156,2]]"
120,0,117,Arabian Kit 2,63,11,2,74.0,80.0,80.0,80.0,86.5,89.0,89.0,21.0,"[[0,3],[60,3],[156,2],[96,2],[144,1]]"
120,0,18,Power Kit RX1,49,11,2,90.0,90.0,90.0,100.0,100.0,110.0,110.0,1.0,"[[0,11]]"
120,0,18,Power Kit RX1,55,11,2,90.0,90.0,96.0,100.0,110.0,110.0,110.0,1.0,"[[0,11]]"
120,0,10,Jungle Kit,88,11,1,105.0,105.0,112.0,112.0,112.0,112.0,112.0,1.0,"[[156,11]]"
120,0,64,Percussion Kit,102,11,1,56.0,56.0,57.0,57.0,62.0,70.0,70.0,1463.0,"[[0,6],[72,2],[144,2],[12,1]]"
120,0,89,Pop Std. Kit 1,61,11,1,104.0,107.0,109.0,127.0,127.0,127.0,127.0,48.0,"[[48,4],[0,3],[96,2],[144,2]]"
120,0,64,Percussion Kit,49,11,3,70.0,70.0,70.0,110.0,121.0,126.0,126.0,47.0,"[[0,11]]"
120,0,48,Orchestra Kit GM,84,11,1,97.0,97.0,101.0,105.0,111.0,115.0,115.0,10.0,"[[0,7],[96,4]]"
120,0,26,House Kit 1,48,10,3,67.0,93.1,106.0,111.0,116.0,126.1,127.0,2.0,"[[0,3],[96,3],[48,2],[144,2]]"
120,0,30,House Kit RX1,30,10,1,51.0,51.0,51.0,51.0,51.0,51.0,51.0,18.0,"[[96,10]]"
120,0,9,HipHop Kit 1,55,10,1,52.0,52.0,52.0,61.0,61.0,102.6,117.0,1.0,"[[48,9],[0,1]]"
120,0,123,Analog Kit,87,10,1,47.0,47.0,47.0,47.0,47.0,59.0,59.0,1.0,"[[0,10]]"
120,0,90,Pop Std. Kit 2,50,10,2,88.0,88.0,94.0,103.0,111.0,116.0,116.0,13.5,"[[0,4],[144,4],[96,2]]"
120,0,35,Jazz Kit RX3,48,10,4,67.0,94.9,98.0,98.0,103.25,114.0,114.0,12.0,"[[96,4],[48,3],[108,2],[132,1]]"
120,0,26,House Kit 1,84,10,2,85.0,85.0,85.0,85.0,85.0,85.0,85.0,46.0,"[[0,4],[48,2],[96,2],[144,2]]"
120,0,96,Elektro Kit 1,41,10,1,116.0,116.0,116.0,120.0,124.0,124.0,124.0,22.0,"[[0,5],[96,5]]"
120,0,42,Brush Kit RX1,117,10,2,115.0,115.0,115.0,115.0,115.0,115.0,115.0,,"[[168,3],[120,2],[60,2],[180,2],[36,1]]"
120,0,42,Brush Kit RX1,88,10,2,49.0,49.0,49.0,49.0,49.0,49.0,49.0,,"[[72,3],[24,2],[168,2],[84,2],[132,1]]"
120,0,90,Pop Std. Kit 2,2,10,1,79.0,79.9,80.0,82.0,87.25,89.0,89.0,15.0,"[[84,3],[48,2],[108,2],[96,1],[120,1],[156,1]]"
120,0,30,House Kit RX1,50,10,3,112.0,112.0,112.0,112.0,118.75,121.1,122.0,2.0,"[[96,7],[0,3]]"
120,0,34,Jazz Kit RX2,115,10,1,99.0,99.0,99.0,99.0,99.0,99.0,99.0,615.0,"[[72,3],[180,2],[108,2],[24,2],[168,1]]"
120,0,34,Jazz Kit RX2,1,10,5,53.0,59.3,76.5,97.0,97.0,97.0,97.0,13.0,"[[0,6],[144,1],[168,1],[48,1],[156,1]]"
120,0,35,Jazz Kit RX2,36,10,1,110.0,113.6,120.25,123.0,125.75,127.0,127.0,41.5,"[[132,5],[36,3],[180,2]]"
120,0,64,Percussion Kit,126,10,1,20.0,20.0,68.0,68.0,68.0,68.0,68.0,1873.0,"[[180,4],[84,4],[132,1],[36,1]]"
120,0,2,Standard Kit RX3,84,10,3,90.0,90.0,90.0,95.0,96.0,110.0,110.0,575.0,"[[0,10]]"
120,0,41,Brush Kit 2,53,10,5,84.0,84.9,96.0,96.0,96.0,96.6,102.0,30.5,"[[0,9],[96,1]]"
120,0,125,Brush Kit 1,53,10,2,32.0,32.0,46.0,62.0,87.5,95.1,123.0,2.0,"[[132,5],[0,3],[60,2]]"
120,0,4,Pop Std. Kit RX,19,10,2,64.0,64.9,66.25,77.5,83.0,83.5,88.0,2987.5,"[[144,4],[0,2],[132,2],[60,2]]"
120,0,6,Standard Kit RX4,15,10,1,18.0,18.0,18.0,32.0,32.0,32.0,32.0,2.0,"[[156,10]]"
120,0,6,Standard Kit RX4,16,10,1,26.0,26.0,26.0,40.0,40.0,40.0,40.0,2.0,"[[156,10]]"
120,0,48,Orchestra Kit GM,39,10,1,72.0,72.0,102.0,106.0,112.0,126.0,126.0,2.0,"[[0,4],[36,2],[72,2],[156,2]]"
120,0,48,Orchestra Kit GM,48,10,2,103.0,103.0,103.0,103.0,126.0,126.0,126.0,15.0,"[[0,6],[96,4]]"
120,0,33,Jazz Kit RX1,105,10,1,118.0,118.0,118.0,118.0,118.0,118.0,118.0,,"[[60,3],[144,2],[48,1],[12,1],[108,1],[156,1],[0,1]]"
120,0,1,Standard Kit RX2,97,10,1,110.0,110.0,110.0,112.0,114.0,114.0,114.0,,"[[60,2],[132,1],[36,1],[144,1],[24,1],[120,1],[180,1],[84,1]]"
120,0,41,Brush Kit 2,70,10,1,88.0,89.8,92.0,95.5,97.0,97.0,97.0,41.5,"[[0,10]]"
120,0,0,Standard Kit GM,41,10,1,103.0,103.0,115.0,115.0,116.0,118.0,118.0,48.0,"[[96,6],[0,4]]"
120,0,125,Brush Kit 1,127,10,1,65.0,65.0,65.0,65.0,82.5,87.0,87.0,1.0,"[[0,10]]"
120,0,27,House Kit 2,68,10,1,59.0,59.0,59.0,63.0,67.0,67.0,67.0,2.5,"[[96,10]]"
120,0,12,Room Kit 2,47,9,2,92.0,106.4,110.0,110.0,110.0,114.0,114.0,17.0,"[[0,4],[144,4],[36,1]]"
120,0,12,Room Kit 2,43,9,2,92.0,103.2,106.0,110.0,110.0,127.0,127.0,8.0,"[[144,4],[0,4],[180,1]]"
120,0,28,House Kit 3,15,9,1,114.0,123.6,126.0,126.0,126.0,126.0,126.0,23.0,"[[96,4],[0,3],[144,2]]"
120,0,26,House Kit 1,41,9,2,86.0,86.0,86.0,96.0,96.0,99.6,114.0,13.0,"[[0,3],[48,2],[96,2],[144,2]]"
120,0,9,HipHop Kit 1,49,9,1,71.0,71.0,71.0,99.0,102.0,105.0,105.0,1.0,"[[0,9]]"
120,0,9,HipHop Kit 1,69,9,1,54.0,57.2,66.0,75.0,111.0,119.0,123.0,1.0,"[[0,3],[48,2],[96,2],[144,2]]"
120,0,3,Ambient Kit RX,47,9,2,84.0,84.0,84.0,88.0,108.0,115.0,115.0,216.0,"[[144,4],[156,3],[48,2]]"
120,0,125,Brush Kit 1,48,9,2,37.0,37.0,68.0,79.0,80.0,86.0,86.0,2.0,"[[48,2],[180,2],[132,2],[0,2],[96,1]]"
120,0,66,Trinity Perc.Kit,7,9,3,73.0,73.0,73.0,73.0,73.0,73.0,73.0,,"[[108,2],[96,2],[48,1],[0,1],[84,1],[24,1],[60,1]]"
120,0,42,Brush Kit RX1,7,9,2,73.0,73.0,73.0,73.0,73.0,73.0,73.0,,"[[180,2],[72,2],[156,1],[132,1],[60,1],[96,1],[168,1]]"
120,0,64,Percussion Kit,100,9,4,105.0,105.0,105.0,105.0,105.0,105.0,105.0,318.0,"[[168,6],[72,2],[180,1]]"
120,0,64,Percussion Kit,103,9,4,32.0,32.0,32.0,32.0,32.0,32.0,32.0,,"[[84,5],[180,2],[96,2]]"
120,0,65,Latin Perc. Kit1,104,9,2,35.0,35.0,35.0,47.0,47.0,56.8,64.0,20.0,"[[0,9]]"
120,0,34,Jazz Kit RX2,89,9,1,63.0,63.0,63.0,63.0,76.0,76.0,76.0,13.0,"[[96,9]]"
120,0,28,House Kit 3,116,9,2,32.0,32.0,97.0,97.0,114.0,114.0,114.0,16709.0,"[[156,4],[72,1],[0,1],[120,1],[144,1],[168,1]]"
120,0,64,Percussion Kit,127,9,3,63.0,68.6,70.0,70.0,70.0,70.0,70.0,192.0,"[[0,8],[180,1]]"
120,0,33,Jazz Kit RX1,4,9,3,70.0,70.0,78.0,78.0,83.0,87.4,89.0,22.0,"[[144,5],[156,2],[48,2]]"
120,0,4,Pop Std. Kit RX,32,9,2,66.0,66.0,66.0,67.0,67.0,67.0,67.0,,"[[120,4],[12,4],[108,1]]"
120,0,3,Ambient Kit RX,37,9,1,114.0,116.4,117.0,117.0,120.0,120.0,120.0,1.0,"[[0,9]]"
120,0,3,Ambient Kit RX,55,9,1,94.0,105.2,108.0,111.0,127.0,127.0,127.0,1633.0,"[[0,5],[96,4]]"
120,0,5,Standard Kit RX1,31,9,2,64.0,64.0,64.0,80.0,80.0,80.0,80.0,1.0,"[[0,8],[96,1]]"
120,0,56,SFX Kit GM,83,9,1,80.0,80.0,80.0,80.0,84.0,92.6,107.0,3070.0,"[[0,7],[108,2]]"
120,0,18,Power Kit RX1,57,9,2,90.0,91.6,92.0,100.0,100.0,110.0,110.0,1.0,"[[0,7],[180,2]]"
120,0,33,Jazz Kit RX1,66,9,2,97.0,97.0,97.0,97.0,97.0,101.0,101.0,,"[[24,3],[120,3],[168,2],[60,1]]"
120,0,6,Standard Kit RX4,51,9,1,47.0,47.0,47.0,51.0,51.0,51.0,51.0,1.0,"[[60,9]]"
120,0,6,Standard Kit RX4,4,9,1,93.0,93.0,93.0,96.0,96.0,96.0,96.0,1.0,"[[0,9]]"
120,0,12,Room Kit 2,32,9,1,127.0,127.0,127.0,127.0,127.0,127.0,127.0,1.0,"[[0,9]]"
120,0,12,Room Kit 2,80,9,1,127.0,127.0,127.0,127.0,127.0,127.0,127.0,10.0,"[[0,9]]"
120,0,12,Room Kit 2,45,8,2,105.0,105.0,105.0,106.0,110.0,110.0,110.0,7.0,"[[48,5],[96,3]]"
120,0,0,Standard Kit GM,32,8,1,32.0,32.0,58.25,67.0,69.0,75.0,75.0,,"[[108,2],[144,2],[168,2],[96,2]]"
120,0,0,Standard Kit GM,66,8,1,97.0,97.0,97.0,99.0,101.0,101.0,101.0,,"[[168,2],[120,2],[144,2],[96,2]]"
120,0,27,House Kit 2,55,8,4,73.0,78.6,81.0,81.0,95.5,103.0,110.0,2.0,"[[0,8]]"
120,0,1,Standard Kit RX2,23,8,2,66.0,66.0,69.75,80.5,90.0,90.0,90.0,24.0,"[[12,4],[0,4]]"
120,0,97,Elektro Kit 2,41,8,1,101.0,105.9,121.5,126.0,126.0,126.0,126.0,23.0,"[[96,6],[120,2]]"
120,0,42,Brush Kit RX1,114,8,1,105.0,105.0,105.0,105.0,105.0,105.0,105.0,,"[[48,4],[180,2],[132,2]]"
120,0,42,Brush Kit RX1,110,8,1,32.0,32.0,32.0,32.0,32.0,32.0,32.0,14808.0,"[[60,4],[12,2],[144,2]]"
120,0,34,Jazz Kit RX2,66,8,2,97.0,97.0,97.0,97.0,97.0,97.0,97.0,,"[[108,3],[0,2],[24,2],[156,1]]"
120,0,2,Standard Kit RX3,9,8,2,68.0,68.0,68.0,68.0,68.0,68.0,68.0,,"[[0,5],[96,1],[12,1],[168,1]]"
120,0,2,Standard Kit RX3,85,8,2,77.0,77.0,77.0,77.0,77.0,77.0,77.0,,"[[84,3],[72,2],[180,1],[96,1],[60,1]]"
120,0,2,Standard Kit RX3,58,8,2,32.0,32.0,32.0,32.0,32.0,32.0,32.0,,"[[72,3],[84,2],[180,1],[96,1],[60,1]]"
120,0,2,Standard Kit RX3,117,8,2,105.0,105.0,105.0,107.0,109.0,109.0,109.0,,"[[60,2],[72,2],[48,1],[168,1],[132,1],[144,1]]"
120,0,2,Standard Kit RX3,97,8,1,110.0,110.0,113.0,114.0,114.0,114.0,114.0,,"[[168,2],[72,2],[84,1],[180,1],[96,1],[48,1]]"
120,0,8,Room Kit GM,35,8,1,90.0,90.0,90.0,90.0,95.75,110.0,110.0,46.0,"[[48,6],[96,2]]"
120,0,34,Jazz Kit RX2,21,8,2,70.0,77.0,80.75,94.0,104.0,104.0,104.0,43.5,"[[144,7],[48,1]]"
120,0,67,i30 Perc. Kit,44,8,1,108.0,108.0,108.0,114.0,114.0,114.9,117.0,79.0,"[[0,8]]"
120,0,67,i30 Perc. Kit,19,8,1,38.0,43.6,49.0,55.0,57.5,59.0,59.0,70.0,"[[0,8]]"
120,0,67,i30 Perc. Kit,60,8,1,87.0,90.5,92.0,94.0,95.25,96.6,98.0,39.0,"[[0,8]]"
120,0,67,i30 Perc. Kit,16,8,1,56.0,59.5,61.0,65.5,75.25,79.3,80.0,51.5,"[[132,8]]"
120,0,73,Techno Kit RX,40,8,2,72.0,74.8,80.5,103.0,124.0,124.0,124.0,21.5,"[[0,6],[96,2]]"
120,0,4,Pop Std. Kit RX,39,8,1,97.0,99.8,117.5,127.0,127.0,127.0,127.0,1565.5,"[[0,8]]"
120,0,9,HipHop Kit 1,61,8,1,105.0,105.0,105.0,105.0,105.0,105.0,105.0,1.0,"[[0,8]]"
120,0,6,Standard Kit RX4,14,8,1,106.0,106.0,106.0,113.0,120.0,120.0,120.0,2.0,"[[0,8]]"
120,0,117,Arabian Kit 2,50,8,1,94.0,94.0,94.0,94.0,94.0,94.0,94.0,23.0,"[[156,3],[108,3],[60,2]]"
120,0,48,Orchestra Kit GM,34,8,1,98.0,98.0,101.0,103.0,106.75,115.0,115.0,1.5,"[[0,4],[156,4]]"
120,0,7,Standard Kit 1,36,8,1,102.0,102.0,102.0,102.0,103.5,108.0,108.0,1.0,"[[0,8]]"
120,0,7,Standard Kit 1,44,8,1,114.0,114.0,116.25,118.5,120.75,123.0,123.0,1.0,"[[84,6],[96,2]]"
120,0,7,Standard Kit 1,47,8,1,39.0,39.0,42.75,47.0,62.25,99.0,99.0,1.0,"[[132,2],[0,2],[48,2],[96,2]]"
120,0,18,Power Kit RX1,54,8,1,70.0,70.0,70.0,70.0,70.0,70.0,70.0,47.0,"[[0,8]]"
120,0,125,Brush Kit 1,9,8,1,68.0,68.0,68.0,68.0,68.0,68.0,68.0,,"[[132,2],[180,2],[36,2],[96,2]]"
120,0,125,Brush Kit 1,17,8,1,83.0,83.0,83.0,83.0,83.0,83.0,83.0,,"[[132,2],[180,2],[36,2],[84,2]]"
120,0,125,Brush Kit 1,58,8,1,32.0,32.0,32.0,32.0,32.0,32.0,32.0,,"[[12,2],[60,2],[120,2],[168,2]]"
120,0,125,Brush Kit 1,97,8,1,110.0,110.0,110.0,110.0,110.0,110.0,110.0,,"[[168,2],[24,2],[84,2],[132,2]]"
120,0,51,Arabian Kit 1,80,8,1,120.0,124.2,126.0,126.0,126.0,126.0,126.0,1.0,"[[60,8]]"
120,0,4,Pop Std. Kit RX,84,8,2,84.0,84.0,84.0,87.0,90.0,90.0,90.0,192.0,"[[0,8]]"
120,0,1,Standard Kit RX2,67,8,1,86.0,86.0,86.0,86.0,86.0,86.0,86.0,,"[[12,3],[0,1],[24,1],[96,1],[60,1],[120,1]]"
120,0,1,Standard Kit RX2,116,8,1,32.0,32.0,32.0,32.0,114.0,114.0,114.0,,"[[168,3],[156,1],[48,1],[72,1],[144,1],[96,1]]"
120,0,66,Trinity Perc.Kit,70,8,1,124.0,124.0,125.5,126.0,126.0,126.0,126.0,2.0,"[[0,4],[120,4]]"
120,0,5,Standard Kit RX1,20,8,1,92.0,92.0,95.75,98.0,99.75,102.0,102.0,24.0,"[[0,8]]"
120,0,6,Standard Kit RX4,62,8,1,127.0,127.0,127.0,127.0,127.0,127.0,127.0,1.0,"[[96,8]]"
120,0,4,Pop Std. Kit RX,100,8,1,32.0,32.0,32.0,64.5,97.0,97.0,97.0,,"[[36,4],[144,4]]"
120,0,12,Room Kit 2,52,8,1,55.0,55.0,58.0,59.0,62.75,71.0,71.0,21.5,"[[0,8]]"
120,0,12,Room Kit 2,51,8,1,80.0,80.0,89.0,92.0,92.0,92.0,92.0,6.0,"[[0,8]]"
120,0,41,Brush Kit 2,20,8,1,108.0,108.0,108.0,108.0,108.75,111.0,111.0,1.0,"[[0,8]]"
120,0,123,Analog Kit,84,7,3,29.0,29.0,44.0,87.0,87.0,87.0,87.0,96.0,"[[0,6],[96,1]]"
120,0,26,House Kit 1,25,7,2,43.0,46.0,50.5,57.0,61.5,63.4,64.0,48.0,"[[48,2],[0,2],[96,1],[168,1],[24,1]]"
120,0,6,Standard Kit RX4,57,7,3,62.0,66.2,72.5,85.0,100.5,103.0,106.0,23.0,"[[0,7]]"
120,0,72,Hip Hop Kit RX,52,7,2,34.0,34.0,34.0,34.0,70.0,70.0,70.0,1.0,"[[144,3],[48,3],[156,1]]"
120,0,17,Power Kit 2,55,7,1,88.0,88.0,88.0,88.0,100.0,106.0,115.0,337.0,"[[0,2],[72,2],[48,1],[144,1],[120,1]]"
120,0,123,Analog Kit,77,7,1,66.0,66.0,66.0,66.0,66.0,66.0,66.0,1.0,"[[48,7]]"
120,0,123,Analog Kit,76,7,1,44.0,44.0,44.0,44.0,44.0,44.0,44.0,1.0,"[[96,7]]"
120,0,123,Analog Kit,47,7,1,48.0,48.0,61.0,74.0,91.0,96.6,105.0,1.0,"[[96,3],[48,2],[144,2]]"
120,0,90,Pop Std. Kit 2,40,7,1,101.0,101.0,109.0,119.0,127.0,127.0,127.0,47.0,"[[0,3],[96,2],[36,1],[132,1]]"
120,0,34,Jazz Kit RX2,122,7,2,122.0,122.0,122.0,122.0,122.0,122.0,122.0,,"[[120,3],[0,2],[36,2]]"
120,0,34,Jazz Kit RX2,75,7,2,105.0,105.0,105.0,105.0,105.0,105.0,105.0,,"[[36,2],[144,2],[72,2],[156,1]]"
120,0,2,Standard Kit RX3,13,7,3,70.0,73.0,77.5,84.0,93.0,106.0,115.0,43.0,"[[144,3],[48,1],[132,1],[0,1],[96,1]]"
120,0,35,Jazz Kit RX2,44,7,1,45.0,54.6,71.0,115.0,115.0,117.8,122.0,31.0,"[[36,5],[132,2]]"
120,0,28,House Kit 3,52,7,2,70.0,79.0,85.0,87.0,87.0,87.0,87.0,1.0,"[[0,5],[144,2]]"
120,0,28,House Kit 3,8,7,2,69.0,69.0,69.0,69.0,80.0,80.0,80.0,,"[[0,2],[144,2],[108,2],[48,1]]"
120,0,28,House Kit 3,48,7,2,62.0,81.8,95.5,96.0,112.5,114.0,114.0,8.0,"[[48,3],[96,2],[120,1],[168,1]]"
120,0,3,Ambient Kit RX,9,7,1,68.0,68.0,68.0,68.0,68.0,68.0,68.0,,"[[0,5],[144,1],[96,1]]"
120,0,3,Ambient Kit RX,85,7,1,77.0,77.0,77.0,77.0,77.0,77.0,77.0,,"[[84,5],[36,1],[180,1]]"
120,0,3,Ambient Kit RX,13,7,1,83.0,83.0,83.0,83.0,83.0,83.0,83.0,,"[[0,5],[144,1],[96,1]]"
120,0,3,Ambient Kit RX,58,7,1,32.0,32.0,32.0,32.0,32.0,32.0,32.0,,"[[72,3],[84,2],[36,1],[180,1]]"
120,0,3,Ambient Kit RX,111,7,1,111.0,111.0,111.0,111.0,111.0,111.0,111.0,,"[[156,5],[108,1],[60,1]]"
120,0,3,Ambient Kit RX,97,7,1,116.0,116.0,116.0,116.0,116.0,116.0,116.0,,"[[168,5],[120,1],[72,1]]"
120,0,117,Arabian Kit 2,71,7,2,87.0,94.8,100.0,100.0,101.0,102.0,102.0,80.0,"[[96,6],[48,1]]"
120,0,125,Brush Kit 1,19,7,2,66.0,66.0,66.0,66.0,66.0,83.6,110.0,10.0,"[[0,2],[48,2],[96,2],[144,1]]"
120,0,33,Jazz Kit RX1,122,7,1,122.0,122.0,122.0,122.0,122.0,122.0,122.0,,"[[36,2],[72,1],[132,1],[168,1],[180,1],[24,1]]"
120,0,33,Jazz Kit RX1,75,7,1,105.0,105.0,105.0,105.0,105.0,105.0,105.0,,"[[72,2],[96,1],[168,1],[12,1],[24,1],[60,1]]"
120,0,1,Standard Kit RX2,6,7,2,50.0,50.0,51.0,52.0,56.5,58.0,58.0,1.0,"[[0,2],[132,1],[156,1],[36,1],[60,1],[72,1]]"
120,0,48,Orchestra Kit GM,58,7,1,115.0,115.0,115.0,115.0,123.0,124.6,127.0,8.0,"[[0,6],[96,1]]"
120,0,2,Standard Kit RX3,20,6,1,66.0,66.0,66.0,66.0,66.0,66.0,66.0,2.0,"[[48,6]]"
120,0,48,Orchestra Kit GM,75,6,1,98.0,102.5,107.0,111.0,115.0,121.0,127.0,20.5,"[[96,3],[0,2],[144,1]]"
120,0,122,Electro Kit,17,6,1,79.0,79.0,79.0,79.0,79.0,89.0,99.0,20.0,"[[96,2],[144,2],[0,1],[48,1]]"
120,0,17,Power Kit 2,8,6,1,69.0,69.0,69.0,74.5,80.0,80.0,80.0,,"[[144,2],[108,2],[72,1],[36,1]]"
120,0,66,Trinity Perc.Kit,94,6,3,112.0,112.0,115.75,127.0,127.0,127.0,127.0,2.0,"[[0,6]]"
120,0,1,Standard Kit RX2,31,6,2,99.0,99.0,100.5,106.5,116.25,119.0,119.0,1.0,"[[0,6]]"
120,0,1,Standard Kit RX2,21,6,3,54.0,59.0,64.0,65.0,111.75,127.0,127.0,1.0,"[[60,3],[0,2],[132,1]]"
120,0,96,Elektro Kit 1,65,6,1,71.0,71.0,77.75,98.0,119.75,127.0,127.0,48.0,"[[144,2],[0,2],[96,2]]"
120,0,26,House Kit 1,116,6,1,114.0,114.0,114.0,114.0,114.0,114.0,114.0,,"[[60,3],[72,2],[48,1]]"
120,0,96,Elektro Kit 1,43,6,1,104.0,106.5,112.25,122.0,122.0,122.0,122.0,22.0,"[[96,6]]"
120,0,90,Pop Std. Kit 2,67,6,2,86.0,86.0,92.25,111.0,111.0,111.0,111.0,,"[[96,2],[0,2],[60,2]]"
120,0,90,Pop Std. Kit 2,116,6,2,32.0,66.0,103.5,114.0,114.0,114.0,114.0,,"[[180,2],[24,2],[0,1],[144,1]]"
120,0,90,Pop Std. Kit 2,43,6,3,102.0,102.0,104.75,114.0,117.25,118.0,118.0,4.5,"[[108,2],[144,2],[96,1],[0,1]]"
120,0,30,House Kit RX1,2,6,2,56.0,56.0,60.0,86.0,100.0,100.5,101.0,6.5,"[[48,1],[96,1],[132,1],[72,1],[24,1],[120,1]]"
120,0,34,Jazz Kit RX2,114,6,1,105.0,105.0,105.0,105.0,105.0,105.0,105.0,,"[[96,2],[12,2],[120,2]]"
120,0,34,Jazz Kit RX2,110,6,1,32.0,32.0,32.0,32.0,32.0,32.0,32.0,14808.0,"[[108,2],[24,2],[132,2]]"
120,0,2,Standard Kit RX3,116,6,1,32.0,32.0,50.25,105.0,111.75,114.0,114.0,108859.0,"[[48,1],[0,1],[156,1],[108,1],[36,1],[60,1]]"
120,0,64,Percussion Kit,56,6,1,75.0,76.0,77.0,78.5,81.5,83.5,85.0,1.0,"[[96,6]]"
120,0,43,Brush Kit RX2,24,6,1,71.0,71.0,77.0,95.0,108.5,113.0,113.0,23.0,"[[0,2],[60,2],[132,2]]"
120,0,0,Standard Kit GM,22,6,1,43.0,47.0,52.25,59.5,78.75,96.5,109.0,9.0,"[[144,2],[156,1],[180,1],[48,1],[96,1]]"
120,0,26,House Kit 1,88,6,1,50.0,63.5,77.5,79.0,79.0,79.0,79.0,1.0,"[[96,6]]"
120,0,67,i30 Perc. Kit,29,6,1,87.0,90.0,93.0,94.5,96.0,100.5,105.0,37.0,"[[120,3],[60,3]]"
120,0,2,Standard Kit RX3,31,6,2,70.0,80.0,92.5,104.0,108.0,108.0,108.0,2.5,"[[0,6]]"
120,0,31,House Kit RX2,28,6,2,59.0,69.0,81.0,97.0,122.0,127.0,127.0,19.5,"[[0,2],[60,1],[96,1],[144,1],[48,1]]"
120,0,31,House Kit RX2,88,6,2,32.0,34.5,38.0,41.0,47.75,88.0,126.0,98.5,"[[96,4],[60,2]]"
120,0,31,House Kit RX2,21,6,2,107.0,107.0,107.0,111.5,123.5,126.5,127.0,1.5,"[[0,4],[96,2]]"
120,0,73,Techno Kit RX,32,6,1,75.0,96.5,119.0,122.0,122.0,124.5,127.0,38.0,"[[156,2],[60,2],[0,1],[96,1]]"
120,0,7,Standard Kit 1,43,6,1,47.0,47.0,52.75,70.0,100.75,111.0,111.0,1.0,"[[0,2],[48,2],[96,2]]"
120,0,125,Brush Kit 1,11,6,1,86.0,86.0,86.0,86.0,86.0,86.0,86.0,,"[[84,2],[132,2],[180,2]]"
120,0,125,Brush Kit 1,114,6,1,105.0,105.0,105.0,105.0,105.0,105.0,105.0,,"[[180,2],[36,2],[84,2]]"
120,0,125,Brush Kit 1,6,6,1,52.0,52.0,52.0,52.0,52.0,52.0,52.0,,"[[48,2],[108,2],[156,2]]"
120,0,125,Brush Kit 1,66,6,1,97.0,97.0,97.0,97.0,97.0,97.0,97.0,,"[[84,2],[132,2],[0,2]]"
120,0,125,Brush Kit 1,117,6,1,115.0,115.0,115.0,115.0,115.0,115.0,115.0,,"[[108,2],[156,2],[24,2]]"
120,0,51,Arabian Kit 1,57,6,1,107.0,116.5,126.0,126.0,126.75,127.0,127.0,1.0,"[[0,2],[96,2],[156,1],[60,1]]"
120,0,51,Arabian Kit 1,83,6,1,91.0,91.0,91.0,91.0,91.0,91.0,91.0,1.0,"[[96,6]]"
120,0,122,Electro Kit,60,6,1,116.0,116.0,116.0,116.0,116.0,116.0,116.0,2.0,"[[48,6]]"
120,0,90,Pop Std. Kit 2,23,6,1,72.0,72.0,72.0,72.0,72.0,72.0,72.0,2.0,"[[0,6]]"
120,0,5,Standard Kit RX1,23,6,2,98.0,100.0,102.5,104.0,116.0,123.5,127.0,1.0,"[[0,6]]"
120,0,66,Trinity Perc.Kit,52,6,1,88.0,88.0,93.0,108.0,118.5,122.0,122.0,1.0,"[[48,2],[132,2],[12,2]]"
120,0,4,Pop Std. Kit RX,61,6,1,114.0,114.0,114.0,120.5,127.0,127.0,127.0,24.0,"[[0,3],[48,3]]"
120,0,15,Techno Kit 3,89,6,1,86.0,86.0,86.0,86.0,86.0,86.0,86.0,1.0,"[[0,6]]"
120,0,43,Brush Kit RX2,84,6,1,110.0,110.0,110.0,110.0,114.5,116.0,116.0,48.0,"[[0,6]]"
120,0,34,Jazz Kit RX2,83,6,1,29.0,29.0,29.0,29.0,29.0,29.0,29.0,1.0,"[[0,6]]"
120,0,12,Room Kit 2,40,6,1,79.0,103.0,127.0,127.0,127.0,127.0,127.0,7.5,"[[0,2],[96,2],[48,1],[144,1]]"
120,0,48,Orchestra Kit GM,27,6,1,42.0,42.0,42.5,44.0,69.5,78.0,78.0,34.0,"[[0,6]]"
120,0,123,Analog Kit,52,5,2,64.0,66.4,70.0,70.0,70.0,70.0,70.0,1.0,"[[0,5]]"
120,0,6,Standard Kit RX4,52,5,3,70.0,76.4,86.0,86.0,101.0,110.6,117.0,16.0,"[[0,4],[144,1]]"
120,0,122,Electro Kit,36,5,1,120.0,122.4,126.0,126.0,127.0,127.0,127.0,18.0,"[[0,2],[48,1],[96,1],[144,1]]"
120,0,122,Electro Kit,46,5,1,75.0,78.6,84.0,88.0,88.0,88.0,88.0,22.0,"[[0,3],[96,2]]"
120,0,122,Electro Kit,19,5,1,86.0,86.0,86.0,86.0,86.0,86.0,86.0,18.0,"[[144,2],[0,1],[48,1],[96,1]]"
120,0,9,HipHop Kit 1,52,5,1,101.0,101.0,101.0,101.0,113.0,113.0,113.0,7.0,"[[120,5]]"
120,0,17,Power Kit 2,44,5,1,96.0,99.2,104.0,104.0,104.0,104.0,104.0,17.0,"[[0,5]]"
120,0,67,i30 Perc. Kit,58,5,2,54.0,54.8,56.0,58.0,88.0,89.2,90.0,2.0,"[[0,2],[132,2],[96,1]]"
120,0,3,Ambient Kit RX,7,5,2,88.0,88.0,88.0,99.0,105.0,105.0,105.0,1.0,"[[144,2],[96,1],[168,1],[180,1]]"
120,0,66,Trinity Perc.Kit,108,5,2,30.0,30.0,30.0,75.0,75.0,94.8,108.0,5.5,"[[96,2],[0,2],[60,1]]"
120,0,13,HipHop Kit 2,45,5,1,40.0,40.0,40.0,40.0,78.0,78.0,78.0,1.0,"[[168,3],[132,2]]"
120,0,13,HipHop Kit 2,77,5,1,66.0,66.0,66.0,66.0,66.0,66.0,66.0,1.0,"[[48,5]]"
120,0,13,HipHop Kit 2,76,5,1,44.0,44.0,44.0,44.0,44.0,44.0,44.0,1.0,"[[96,5]]"
120,0,13,HipHop Kit 2,75,5,1,58.0,58.0,58.0,58.0,58.0,58.0,58.0,1.0,"[[144,5]]"
120,0,42,Brush Kit RX1,50,5,2,60.0,82.8,117.0,117.0,117.0,117.0,117.0,45.0,"[[0,3],[120,1],[96,1]]"
120,0,34,Jazz Kit RX2,84,5,2,72.0,72.0,72.0,79.0,79.0,79.0,79.0,216.0,"[[0,2],[120,2],[180,1]]"
120,0,43,Brush Kit RX2,47,5,3,60.0,70.0,85.0,85.0,85.0,95.2,102.0,30.0,"[[132,4],[0,1]]"
120,0,0,Standard Kit GM,18,5,1,58.0,60.8,65.0,75.0,75.0,78.6,81.0,18.0,"[[48,3],[144,2]]"
120,0,35,Jazz Kit RX3,17,5,2,117.0,117.0,117.0,117.0,120.0,123.0,125.0,1.0,"[[60,4],[0,1]]"
120,0,30,House Kit RX1,10,5,1,103.0,112.6,127.0,127.0,127.0,127.0,127.0,1.0,"[[156,3],[60,2]]"
120,0,30,House Kit RX1,4,5,1,76.0,76.0,76.0,100.0,100.0,100.6,101.0,1.0,"[[120,1],[144,1],[72,1],[24,1],[48,1]]"
120,0,31,House Kit RX2,87,5,1,114.0,114.0,114.0,117.0,117.0,117.0,117.0,175.0,"[[96,5]]"
120,0,4,Pop Std. Kit RX,9,5,2,68.0,68.0,68.0,68.0,68.0,68.0,68.0,,"[[144,4],[132,1]]"
120,0,4,Pop Std. Kit RX,85,5,2,77.0,77.0,77.0,77.0,77.0,77.0,77.0,,"[[36,4],[24,1]]"
120,0,4,Pop Std. Kit RX,58,5,2,32.0,32.0,32.0,32.0,32.0,32.0,32.0,,"[[36,4],[12,1]]"
120,0,31,House Kit RX2,48,5,2,71.0,93.4,127.0,127.0,127.0,127.0,127.0,1.0,"[[96,2],[0,2],[144,1]]"
120,0,125,Brush Kit 1,25,5,2,30.0,30.0,30.0,38.0,38.0,71.0,93.0,62.0,"[[132,2],[84,2],[168,1]]"
120,0,18,Power Kit RX1,39,5,1,126.0,126.4,127.0,127.0,127.0,127.0,127.0,1.0,"[[0,2],[96,2],[156,1]]"
120,0,18,Power Kit RX1,70,5,1,112.0,117.6,126.0,126.0,127.0,127.0,127.0,1.0,"[[0,2],[96,2],[156,1]]"
120,0,0,Standard Kit GM,5,5,1,68.0,77.6,92.0,92.0,92.0,92.0,92.0,8.0,"[[96,4],[144,1]]"
120,0,33,Jazz Kit RX1,116,5,2,114.0,114.0,114.0,114.0,114.0,114.0,114.0,,"[[72,4],[168,1]]"
120,0,33,Jazz Kit RX1,100,5,1,105.0,105.0,105.0,105.0,105.0,105.0,105.0,,"[[24,2],[120,1],[156,1],[168,1]]"
120,0,33,Jazz Kit RX1,103,5,1,32.0,32.0,32.0,32.0,32.0,32.0,32.0,,"[[144,1],[36,1],[72,1],[96,1],[132,1]]"
120,0,1,Standard Kit RX2,100,5,1,105.0,105.0,105.0,105.0,105.0,105.0,105.0,,"[[168,1],[0,1],[60,1],[24,1],[96,1]]"
120,0,1,Standard Kit RX2,103,5,1,32.0,32.0,32.0,32.0,32.0,32.0,32.0,,"[[84,1],[108,1],[168,1],[132,1],[12,1]]"
120,0,1,Standard Kit RX2,66,5,1,97.0,97.0,97.0,97.0,97.0,97.0,97.0,,"[[168,1],[0,1],[60,1],[24,1],[96,1]]"
120,0,1,Standard Kit RX2,88,5,1,50.0,50.0,50.0,50.0,50.0,50.0,50.0,,"[[132,1],[156,1],[24,1],[180,1],[60,1]]"
120,0,6,Standard Kit RX4,47,5,1,72.0,72.0,72.0,72.0,73.0,88.0,98.0,18.0,"[[96,5]]"
120,0,6,Standard Kit RX4,45,5,1,98.0,98.0,98.0,98.0,100.0,100.6,101.0,20.0,"[[0,5]]"
120,0,12,Room Kit 2,53,5,1,75.0,75.0,75.0,79.0,79.0,79.0,79.0,25.0,"[[96,5]]"
120,0,10,Jungle Kit,38,5,1,78.0,79.2,81.0,90.0,91.0,91.0,91.0,24.0,"[[48,2],[144,2],[96,1]]"
120,0,41,Brush Kit 2,12,5,1,64.0,64.0,64.0,71.0,71.0,82.4,90.0,1.0,"[[96,2],[0,2],[48,1]]"
120,0,12,Room Kit 2,48,4,1,107.0,107.0,107.0,107.0,107.75,109.1,110.0,1.0,"[[48,3],[96,1]]"
120,0,12,Room Kit 2,41,4,1,110.0,111.5,113.75,115.0,115.0,115.0,115.0,1.0,"[[144,3],[0,1]]"
120,0,64,Percussion Kit,71,4,1,106.0,106.0,106.0,106.0,106.0,106.0,106.0,2.0,"[[0,4]]"
120,0,89,Pop Std. Kit 1,34,4,1,117.0,117.0,117.0,117.0,117.0,117.0,117.0,48.0,"[[0,4]]"
120,0,89,Pop Std. Kit 1,23,4,1,90.0,90.3,90.75,94.0,97.5,98.4,99.0,84.5,"[[0,4]]"
120,0,0,Standard Kit GM,85,4,1,77.0,77.0,77.0,77.0,77.0,77.0,77.0,,"[[24,2],[12,2]]"
120,0,0,Standard Kit GM,15,4,1,83.0,83.0,83.0,83.0,83.0,83.0,83.0,,"[[132,2],[120,2]]"
120,0,0,Standard Kit GM,58,4,1,32.0,32.0,32.0,32.0,32.0,32.0,32.0,,"[[24,2],[0,2]]"
120,0,0,Standard Kit GM,111,4,1,112.0,112.0,112.0,112.0,112.0,112.0,112.0,,"[[96,2],[84,2]]"
120,0,0,Standard Kit GM,8,4,1,69.0,69.0,69.0,69.0,69.0,69.0,69.0,,"[[0,2],[180,2]]"
120,0,0,Standard Kit GM,100,4,1,105.0,105.0,105.0,105.0,105.0,105.0,105.0,,"[[120,2],[96,2]]"
120,0,0,Standard Kit GM,103,4,1,32.0,32.0,32.0,32.0,32.0,32.0,32.0,,"[[36,2],[12,2]]"
120,0,0,Standard Kit GM,6,4,1,50.0,50.0,50.0,50.0,50.0,50.0,50.0,,"[[84,2],[72,2]]"
120,0,0,Standard Kit GM,97,4,1,110.0,110.0,110.0,112.0,114.0,114.0,114.0,,"[[144,2],[48,2]]"
120,0,17,Power Kit 2,77,4,1,84.0,85.8,88.5,93.0,96.0,96.0,96.0,1.0,"[[0,3],[96,1]]"
120,0,17,Power Kit 2,26,4,1,127.0,127.0,127.0,127.0,127.0,127.0,127.0,47356.5,"[[72,2],[0,1],[144,1]]"
120,0,3,Ambient Kit RX,3,4,1,88.0,88.0,88.0,88.0,88.0,88.0,88.0,11.0,"[[0,2],[168,2]]"
120,0,1,Standard Kit RX2,84,4,3,81.0,82.2,84.0,93.5,102.0,102.0,102.0,2.0,"[[0,3],[96,1]]"
120,0,90,Pop Std. Kit 2,48,4,2,107.0,107.0,107.0,107.0,107.0,107.0,107.0,7.0,"[[48,2],[144,2]]"
120,0,35,Jazz Kit RX3,47,4,1,117.0,117.0,117.0,121.5,126.0,126.0,126.0,1.5,"[[144,2],[0,2]]"
120,0,123,Analog Kit,31,4,1,95.0,95.0,95.0,101.0,107.75,109.1,110.0,47.0,"[[0,4]]"
120,0,42,Brush Kit RX1,25,4,2,35.0,36.8,39.5,53.0,65.0,65.0,65.0,185.0,"[[0,2],[96,1],[60,1]]"
120,0,30,House Kit RX1,58,4,2,32.0,32.0,32.0,32.0,55.75,98.5,127.0,2.0,"[[72,2],[0,1],[180,1]]"
120,0,50,Bdrum&Sdrum Kit,103,4,1,99.0,99.0,99.0,101.5,104.0,104.0,104.0,1.0,"[[60,2],[0,2]]"
120,0,50,Bdrum&Sdrum Kit,54,4,1,109.0,110.5,112.75,114.0,114.0,114.0,114.0,57.0,"[[0,2],[144,1],[96,1]]"
120,0,123,Analog Kit,50,4,1,86.0,86.9,88.25,89.0,90.25,92.5,94.0,2.0,"[[144,2],[0,2]]"
120,0,64,Percussion Kit,5,4,2,49.0,49.0,49.0,49.0,49.0,49.0,49.0,,"[[36,2],[132,1],[144,1]]"
120,0,90,Pop Std. Kit 2,9,4,1,68.0,68.0,68.0,68.0,68.0,68.0,68.0,,"[[0,2],[96,2]]"
120,0,90,Pop Std. Kit 2,85,4,1,77.0,77.0,77.0,77.0,77.0,77.0,77.0,,"[[84,2],[180,2]]"
120,0,90,Pop Std. Kit 2,58,4,1,32.0,32.0,32.0,32.0,32.0,32.0,32.0,,"[[72,2],[180,2]]"
120,0,90,Pop Std. Kit 2,111,4,1,100.0,100.0,100.0,100.0,100.0,100.0,100.0,,"[[156,2],[60,2]]"
120,0,90,Pop Std. Kit 2,114,4,1,110.0,110.0,110.0,110.0,110.0,110.0,110.0,,"[[60,2],[156,2]]"
120,0,90,Pop Std. Kit 2,110,4,1,116.0,116.0,116.0,116.0,116.0,116.0,116.0,78252.0,"[[24,2],[120,2]]"
120,0,90,Pop Std. Kit 2,7,4,2,73.0,73.0,73.0,73.0,73.0,73.0,73.0,,"[[72,2],[108,2]]"
120,0,90,Pop Std. Kit 2,8,4,2,69.0,69.0,69.0,74.5,80.0,80.0,80.0,,"[[168,2],[144,2]]"
120,0,90,Pop Std. Kit 2,5,4,1,93.0,93.0,93.0,102.5,112.0,112.0,112.0,47.0,"[[96,2],[144,2]]"
120,0,89,Pop Std. Kit 1,101,4,1,100.0,100.0,100.0,107.0,114.0,114.0,114.0,,"[[60,2],[24,2]]"
120,0,2,Standard Kit RX3,15,4,1,83.0,83.0,83.0,83.0,83.0,83.0,83.0,,"[[96,1],[12,1],[168,1],[0,1]]"
120,0,6,Standard Kit RX4,127,4,1,57.0,57.0,57.0,62.5,68.25,68.7,69.0,1.0,"[[0,4]]"
120,0,28,House Kit 3,103,4,2,32.0,32.0,32.0,32.0,32.0,32.0,32.0,,"[[132,2],[24,1],[72,1]]"
120,0,28,House Kit 3,6,4,2,50.0,50.0,50.0,50.0,50.0,50.0,50.0,,"[[180,1],[0,1],[72,1],[120,1]]"
120,0,28,House Kit 3,66,4,2,97.0,97.0,97.0,97.0,97.0,97.0,97.0,,"[[24,2],[108,1],[156,1]]"
120,0,57,SFX Kit 2,49,4,1,127.0,127.0,127.0,127.0,127.0,127.0,127.0,2.0,"[[0,4]]"
120,0,57,SFX Kit 2,84,4,1,127.0,127.0,127.0,127.0,127.0,127.0,127.0,2.0,"[[0,4]]"
120,0,50,Bdrum&Sdrum Kit,29,4,1,64.0,64.0,64.0,64.0,64.0,64.0,64.0,1.0,"[[96,4]]"
120,0,2,Standard Kit RX3,101,4,1,100.0,100.0,100.0,100.0,100.0,100.0,100.0,,"[[144,2],[156,2]]"
120,0,2,Standard Kit RX3,100,4,1,50.0,50.0,50.0,50.0,50.0,50.0,50.0,,"[[120,4]]"
120,0,41,Brush Kit 2,84,4,2,85.0,85.0,85.0,85.0,85.0,85.0,85.0,766.0,"[[0,4]]"
120,0,33,Jazz Kit RX1,111,4,2,102.0,102.0,102.0,111.0,120.0,120.0,120.0,,"[[144,2],[156,2]]"
120,0,42,Brush Kit RX1,17,4,1,83.0,83.0,83.0,83.0,83.0,83.0,83.0,,"[[0,2],[96,1],[12,1]]"
120,0,42,Brush Kit RX1,83,4,1,104.0,104.0,104.0,104.0,104.0,104.0,104.0,,"[[180,2],[84,1],[0,1]]"
120,0,42,Brush Kit RX1,102,4,1,102.0,102.0,102.0,102.0,102.0,102.0,102.0,,"[[108,2],[12,1],[120,1]]"
120,0,42,Brush Kit RX1,101,4,1,32.0,32.0,32.0,32.0,32.0,32.0,32.0,,"[[24,2],[120,1],[36,1]]"
120,0,30,House Kit RX1,12,4,1,127.0,127.0,127.0,127.0,127.0,127.0,127.0,1.0,"[[156,2],[60,2]]"
120,0,73,Techno Kit RX,59,4,1,37.0,40.3,45.25,52.0,60.0,67.2,72.0,96.5,"[[96,2],[0,2]]"
120,0,4,Pop Std. Kit RX,20,4,1,52.0,54.7,58.75,72.5,86.0,89.6,92.0,3098.0,"[[60,2],[132,2]]"
120,0,6,Standard Kit RX4,41,4,1,66.0,66.0,66.0,86.0,106.0,106.0,106.0,24.5,"[[96,2],[156,2]]"
120,0,3,Ambient Kit RX,48,4,1,105.0,105.0,105.0,105.0,108.0,113.4,117.0,1.0,"[[48,4]]"
120,0,18,Power Kit RX1,52,4,2,100.0,100.0,100.0,107.5,115.0,115.0,115.0,1.0,"[[0,4]]"
120,0,18,Power Kit RX1,31,4,1,88.0,88.0,88.0,107.5,127.0,127.0,127.0,35.5,"[[0,4]]"
120,0,7,Standard Kit 1,24,4,1,53.0,53.0,53.0,76.0,99.0,99.0,99.0,1.0,"[[48,2],[96,2]]"
120,0,7,Standard Kit 1,50,4,1,82.0,82.0,82.0,98.0,114.0,114.0,114.0,1.0,"[[180,2],[96,2]]"
120,0,125,Brush Kit 1,47,4,1,78.0,78.0,78.0,86.5,95.0,95.0,95.0,20.0,"[[156,2],[84,2]]"
120,0,28,House Kit 3,85,4,1,77.0,77.0,77.0,77.0,77.0,77.0,77.0,,"[[84,3],[36,1]]"
120,0,28,House Kit 3,58,4,1,32.0,32.0,32.0,32.0,32.0,32.0,32.0,,"[[72,2],[36,1],[84,1]]"
120,0,28,House Kit 3,101,4,1,97.0,97.0,97.0,97.0,97.0,97.0,97.0,,"[[120,3],[72,1]]"
120,0,28,House Kit 3,45,4,1,78.0,84.6,94.5,108.5,117.75,119.1,120.0,13.0,"[[96,1],[48,1],[168,1],[108,1]]"
120,0,64,Percussion Kit,108,4,1,30.0,30.0,30.0,52.5,75.0,75.0,75.0,9.0,"[[96,4]]"
120,0,51,Arabian Kit 1,38,4,1,126.0,126.0,126.0,126.0,126.0,126.0,126.0,1.0,"[[0,2],[96,2]]"
120,0,13,HipHop Kit 2,88,4,1,126.0,126.0,126.0,126.0,126.25,126.7,127.0,1.0,"[[96,4]]"
120,0,42,Brush Kit RX1,13,4,2,62.0,70.4,83.0,90.0,94.75,103.3,109.0,17.0,"[[96,4]]"
120,0,65,Latin Perc. Kit1,68,4,1,71.0,71.6,72.5,73.0,73.0,73.0,73.0,1.0,"[[0,4]]"
120,0,4,Pop Std. Kit RX,104,4,1,102.0,103.8,106.5,114.0,120.0,120.0,120.0,17.0,"[[144,2],[48,1],[96,1]]"
120,0,64,Percussion Kit,23,4,1,110.0,110.0,110.0,110.0,110.0,110.0,110.0,47.0,"[[0,4]]"
120,0,5,Standard Kit RX1,84,4,1,100.0,100.0,100.0,105.5,111.75,113.1,114.0,767.0,"[[0,3],[48,1]]"
120,0,6,Standard Kit RX4,64,4,1,127.0,127.0,127.0,127.0,127.0,127.0,127.0,1.0,"[[0,4]]"
120,0,27,House Kit 2,34,4,1,54.0,60.0,69.0,75.0,81.25,90.7,97.0,1.0,"[[0,2],[156,1],[96,1]]"
120,0,4,Pop Std. Kit RX,116,4,1,97.0,97.0,97.0,97.0,97.0,97.0,97.0,,"[[120,4]]"
120,0,4,Pop Std. Kit RX,97,4,1,116.0,116.0,116.0,116.0,116.0,116.0,116.0,,"[[108,4]]"
120,0,12,Room Kit 2,10,4,1,127.0,127.0,127.0,127.0,127.0,127.0,127.0,8.0,"[[96,3],[0,1]]"
120,0,12,Room Kit 2,38,4,1,78.0,78.0,78.0,88.0,98.0,98.0,98.0,19.5,"[[0,4]]"
120,0,19,Power Kit RX2,44,4,1,64.0,64.0,64.0,64.0,64.0,64.0,64.0,68.0,"[[0,4]]"
120,0,35,Jazz Kit RX3,79,4,1,117.0,117.0,117.0,117.0,117.0,117.0,117.0,11.0,"[[0,4]]"
120,0,48,Orchestra Kit GM,26,4,1,100.0,100.0,100.0,100.0,100.0,100.0,100.0,47.0,"[[0,4]]"
120,0,41,Brush Kit 2,11,4,1,70.0,77.5,88.75,95.0,95.0,95.0,95.0,1.0,"[[96,4]]"
120,0,43,Brush Kit RX2,19,4,1,92.0,92.0,92.0,92.0,92.0,92.0,92.0,1.0,"[[0,4]]"
120,0,42,Brush Kit RX1,75,4,1,83.0,83.0,83.0,83.0,85.25,89.3,92.0,21.0,"[[96,4]]"
120,0,41,Brush Kit 2,48,3,2,60.0,62.8,67.0,74.0,97.0,110.8,120.0,23.0,"[[0,1],[36,1],[96,1]]"
120,0,50,Bdrum&Sdrum Kit,44,3,2,104.0,105.0,106.5,109.0,111.5,113.0,114.0,46.0,"[[0,1],[144,1],[96,1]]"
120,0,6,Standard Kit RX4,55,3,2,96.0,100.6,107.5,119.0,123.0,125.4,127.0,1.0,"[[0,3]]"
120,0,122,Electro Kit,37,3,1,69.0,70.2,72.0,75.0,80.0,83.0,85.0,35.0,"[[48,1],[0,1],[144,1]]"
120,0,72,Hip Hop Kit RX,127,3,1,79.0,80.2,82.0,85.0,98.0,105.8,111.0,1.0,"[[0,3]]"
120,0,9,HipHop Kit 1,57,3,1,83.0,84.0,85.5,88.0,94.0,97.6,100.0,1.0,"[[0,2],[96,1]]"
120,0,9,HipHop Kit 1,43,3,1,69.0,70.4,72.5,76.0,101.0,116.0,126.0,1.0,"[[144,1],[48,1],[0,1]]"
120,0,17,Power Kit 2,52,3,1,49.0,49.0,49.0,49.0,62.5,70.6,76.0,8.0,"[[120,2],[96,1]]"
120,0,17,Power Kit 2,36,3,1,68.0,76.6,89.5,111.0,111.0,111.0,111.0,12.0,"[[144,2],[48,1]]"
120,0,17,Power Kit 2,82,3,1,67.0,67.0,67.0,67.0,67.0,67.0,67.0,,"[[24,2],[144,1]]"
120,0,17,Power Kit 2,67,3,1,86.0,86.0,86.0,86.0,86.0,86.0,86.0,,"[[60,2],[180,1]]"
120,0,17,Power Kit 2,100,3,1,105.0,105.0,105.0,105.0,105.0,105.0,105.0,7742.0,"[[24,2],[144,1]]"
120,0,17,Power Kit 2,103,3,1,32.0,32.0,32.0,32.0,32.0,32.0,32.0,,"[[132,2],[60,1]]"
120,0,17,Power Kit 2,6,3,1,50.0,50.0,50.0,50.0,50.0,50.0,50.0,,"[[180,1],[120,1],[0,1]]"
120,0,17,Power Kit 2,66,3,1,97.0,97.0,97.0,97.0,97.0,97.0,97.0,,"[[24,2],[144,1]]"
120,0,17,Power Kit 2,19,3,1,80.0,80.0,80.0,80.0,80.0,80.0,80.0,,"[[60,2],[180,1]]"
120,0,17,Power Kit 2,119,3,1,101.0,101.0,101.0,101.0,101.0,101.0,101.0,,"[[168,1],[108,1],[180,1]]"
120,0,17,Power Kit 2,116,3,1,32.0,32.0,32.0,32.0,32.0,32.0,32.0,,"[[12,2],[132,1]]"
120,0,67,i30 Perc. Kit,57,3,1,42.0,42.0,42.0,42.0,76.0,96.4,110.0,2.0,"[[96,2],[120,1]]"
120,0,3,Ambient Kit RX,36,3,2,65.0,69.8,77.0,89.0,93.0,95.4,97.0,48.0,"[[144,1],[0,1],[48,1]]"
120,0,35,Jazz Kit RX3,31,3,1,96.0,96.0,96.0,96.0,96.5,96.8,97.0,1.0,"[[0,3]]"
120,0,15,Techno Kit 3,50,3,2,111.0,111.0,111.0,111.0,111.5,111.8,112.0,1.0,"[[96,2],[60,1]]"
120,0,26,House Kit 1,9,3,1,68.0,68.0,68.0,68.0,68.0,68.0,68.0,,"[[0,2],[180,1]]"
120,0,26,House Kit 1,85,3,1,77.0,77.0,77.0,77.0,77.0,77.0,77.0,,"[[84,2],[72,1]]"
120,0,26,House Kit 1,58,3,1,32.0,32.0,32.0,32.0,32.0,32.0,32.0,,"[[72,3]]"
120,0,26,House Kit 1,108,3,1,101.0,101.0,101.0,101.0,101.0,101.0,101.0,,"[[144,2],[132,1]]"
120,0,26,House Kit 1,107,3,1,32.0,32.0,32.0,32.0,32.0,32.0,32.0,,"[[168,2],[156,1]]"
120,0,26,House Kit 1,117,3,1,110.0,110.0,110.0,110.0,110.0,110.0,110.0,,"[[48,2],[36,1]]"
120,0,26,House Kit 1,7,3,1,73.0,73.0,73.0,73.0,73.0,73.0,73.0,,"[[156,2],[144,1]]"
120,0,26,House Kit 1,19,3,2,90.0,96.4,106.0,122.0,122.0,122.0,122.0,188.0,"[[0,2],[96,1]]"
120,0,97,Elektro Kit 2,44,3,1,104.0,104.4,105.0,106.0,108.0,109.2,110.0,23.0,"[[96,3]]"
120,0,30,House Kit RX1,28,3,2,120.0,120.0,120.0,120.0,123.5,125.6,127.0,1.0,"[[156,2],[0,1]]"
120,0,50,Bdrum&Sdrum Kit,24,3,1,106.0,106.0,106.0,106.0,110.0,112.4,114.0,2.0,"[[0,3]]"
120,0,5,Standard Kit RX1,60,3,2,99.0,99.2,99.5,100.0,111.0,117.6,122.0,15.5,"[[96,2],[0,1]]"
120,0,42,Brush Kit RX1,8,3,2,69.0,69.0,69.0,69.0,69.0,69.0,69.0,,"[[48,2],[84,1]]"
120,0,42,Brush Kit RX1,103,3,2,32.0,32.0,32.0,32.0,32.0,32.0,32.0,,"[[72,2],[120,1]]"
120,0,30,House Kit RX1,1,3,2,47.0,48.2,50.0,53.0,77.0,91.4,101.0,19.0,"[[96,2],[24,1]]"
120,0,30,House Kit RX1,5,3,2,69.0,75.4,85.0,101.0,101.0,101.0,101.0,1.0,"[[168,1],[0,1],[120,1]]"
120,0,30,House Kit RX1,85,3,1,77.0,77.0,77.0,77.0,77.0,77.0,77.0,,"[[84,2],[180,1]]"
120,0,30,House Kit RX1,97,3,1,110.0,110.0,110.0,110.0,110.0,110.0,110.0,,"[[144,2],[48,1]]"
120,0,30,House Kit RX1,101,3,1,32.0,32.0,32.0,32.0,32.0,32.0,32.0,,"[[48,2],[144,1]]"
120,0,30,House Kit RX1,105,3,1,120.0,120.0,120.0,120.0,120.0,120.0,120.0,,"[[132,2],[36,1]]"
120,0,8,Room Kit GM,49,3,1,47.0,47.0,47.0,47.0,51.0,53.4,55.0,1.0,"[[0,3]]"
120,0,34,Jazz Kit RX2,112,3,1,32.0,32.0,32.0,32.0,32.0,32.0,32.0,,"[[0,2],[144,1]]"
120,0,35,Jazz Kit RX2,38,3,1,80.0,80.0,80.0,80.0,97.5,108.0,115.0,,"[[84,3]]"
120,0,35,Jazz Kit RX2,55,3,1,110.0,111.0,112.5,115.0,118.5,120.6,122.0,466.0,"[[36,2],[180,1]]"
120,0,28,House Kit 3,84,3,1,85.0,85.0,85.0,85.0,85.0,85.0,85.0,6374.0,"[[144,3]]"
120,0,28,House Kit 3,67,3,1,86.0,86.0,86.0,86.0,86.0,86.0,86.0,,"[[60,2],[108,1]]"
120,0,28,House Kit 3,7,3,2,73.0,73.0,73.0,73.0,73.0,73.0,73.0,,"[[36,2],[156,1]]"
120,0,64,Percussion Kit,88,3,1,26.0,28.8,33.0,40.0,55.5,64.8,71.0,2685.0,"[[120,1],[48,1],[0,1]]"
120,0,8,Room Kit GM,44,3,1,68.0,68.0,68.0,68.0,68.0,68.0,68.0,1.0,"[[0,3]]"
120,0,57,SFX Kit 2,60,3,1,103.0,103.0,103.0,103.0,103.0,103.0,103.0,1.0,"[[96,3]]"
120,0,57,SFX Kit 2,69,3,1,114.0,114.0,114.0,114.0,114.0,114.0,114.0,1.0,"[[0,3]]"
120,0,50,Bdrum&Sdrum Kit,74,3,2,59.0,59.0,59.0,59.0,69.5,75.8,80.0,2.0,"[[0,2],[96,1]]"
120,0,33,Jazz Kit RX1,23,3,1,72.0,72.0,72.0,72.0,72.0,72.0,72.0,2.0,"[[0,3]]"
120,0,28,House Kit 3,18,3,1,87.0,87.0,87.0,87.0,87.0,87.0,87.0,1.0,"[[0,3]]"
120,0,67,i30 Perc. Kit,28,3,1,96.0,97.8,100.5,105.0,105.0,105.0,105.0,47.0,"[[60,3]]"
120,0,30,House Kit RX1,7,3,1,76.0,80.8,88.0,100.0,100.0,100.0,100.0,1.0,"[[72,1],[168,1],[144,1]]"
120,0,31,House Kit RX2,52,3,2,9.0,16.0,26.5,44.0,54.0,60.0,64.0,1.0,"[[0,2],[120,1]]"
120,0,32,Jazz Kit GM,31,3,1,99.0,100.2,102.0,105.0,106.5,107.4,108.0,1.0,"[[0,3]]"
120,0,65,Latin Perc. Kit1,8,3,1,69.0,71.2,74.5,80.0,80.0,80.0,80.0,,"[[132,2],[96,1]]"
120,0,3,Ambient Kit RX,41,3,1,117.0,117.0,117.0,117.0,117.0,117.0,117.0,1.0,"[[96,2],[144,1]]"
120,0,3,Ambient Kit RX,31,3,1,111.0,111.0,111.0,111.0,111.0,111.0,111.0,1.0,"[[0,3]]"
120,0,3,Ambient Kit RX,50,3,1,91.0,91.0,91.0,91.0,105.5,114.2,120.0,24.0,"[[120,2],[96,1]]"
120,0,117,Arabian Kit 2,88,3,1,110.0,110.0,110.0,110.0,110.0,110.0,110.0,63.0,"[[84,3]]"
120,0,31,House Kit RX2,47,3,1,120.0,120.0,120.0,120.0,120.0,120.0,120.0,1.0,"[[144,3]]"
120,0,27,House Kit 2,88,3,2,90.0,93.6,99.0,108.0,108.0,108.0,108.0,96.0,"[[132,2],[96,1]]"
120,0,56,SFX Kit GM,72,3,1,112.0,112.0,112.0,112.0,112.0,112.0,112.0,2.0,"[[0,3]]"
120,0,18,Power Kit RX1,53,3,1,102.0,102.8,104.0,106.0,106.0,106.0,106.0,8.0,"[[180,3]]"
120,0,31,House Kit RX2,45,3,1,36.0,54.2,81.5,127.0,127.0,127.0,127.0,1.0,"[[144,3]]"
120,0,18,Power Kit RX1,9,3,1,101.0,106.0,113.5,126.0,126.0,126.0,126.0,1.0,"[[0,2],[156,1]]"
120,0,51,Arabian Kit 1,96,3,1,126.0,126.2,126.5,127.0,127.0,127.0,127.0,1.0,"[[60,2],[0,1]]"
120,0,0,Standard Kit GM,7,3,1,100.0,100.0,100.0,100.0,100.0,100.0,100.0,9.0,"[[48,3]]"
120,0,125,Brush Kit 1,22,3,2,43.0,45.6,49.5,56.0,70.5,79.2,85.0,21.0,"[[60,2],[120,1]]"
120,0,6,Standard Kit RX4,43,3,1,72.0,72.0,72.0,72.0,81.5,87.2,91.0,15.0,"[[96,3]]"
120,0,72,Hip Hop Kit RX,43,3,1,102.0,102.0,102.0,102.0,102.0,102.0,102.0,1.0,"[[0,3]]"
120,0,72,Hip Hop Kit RX,55,3,1,108.0,108.0,108.0,108.0,108.0,108.0,108.0,1.0,"[[0,3]]"
120,0,72,Hip Hop Kit RX,45,3,1,108.0,108.0,108.0,108.0,108.0,108.0,108.0,1.0,"[[96,3]]"
120,0,125,Brush Kit 1,84,3,1,55.0,55.0,55.0,55.0,55.0,55.0,55.0,2.0,"[[0,3]]"
120,0,27,House Kit 2,30,3,1,66.0,66.4,67.0,68.0,69.0,69.6,70.0,1.0,"[[0,2],[96,1]]"
120,0,12,Room Kit 2,8,3,1,127.0,127.0,127.0,127.0,127.0,127.0,127.0,8.0,"[[96,3]]"
120,0,35,Jazz Kit RX3,14,3,1,82.0,82.0,82.0,82.0,84.5,86.0,87.0,1.0,"[[60,3]]"
120,0,10,Jungle Kit,45,3,1,80.0,88.0,100.0,120.0,120.0,120.0,120.0,287.0,"[[0,3]]"
120,0,10,Jungle Kit,43,3,1,105.0,105.0,105.0,105.0,105.0,105.0,105.0,287.0,"[[0,3]]"
120,0,10,Jungle Kit,52,3,1,64.0,68.0,74.0,84.0,84.0,84.0,84.0,239.0,"[[96,3]]"
120,0,41,Brush Kit 2,9,3,1,68.0,68.0,68.0,68.0,79.0,85.6,90.0,1.0,"[[12,2],[144,1]]"
120,0,41,Brush Kit 2,10,3,1,90.0,90.0,90.0,90.0,95.0,98.0,100.0,1.0,"[[144,2],[96,1]]"
120,0,48,Orchestra Kit GM,50,2,1,75.0,75.0,75.0,75.0,75.0,75.0,75.0,80.0,"[[0,2]]"
120,0,11,Techno Kit 1,20,2,1,117.0,118.0,119.5,122.0,124.5,126.0,127.0,32.5,"[[0,2]]"
120,0,122,Electro Kit,44,2,1,99.0,99.2,99.5,100.0,100.5,100.8,101.0,27.0,"[[96,2]]"
120,0,30,House Kit RX1,127,2,2,114.0,115.2,117.0,120.0,123.0,124.8,126.0,8.0,"[[0,2]]"
120,0,9,HipHop Kit 1,45,2,1,110.0,111.7,114.25,118.5,122.75,125.3,127.0,1.0,"[[144,1],[48,1]]"
120,0,123,Analog Kit,34,2,1,94.0,97.1,101.75,109.5,117.25,121.9,125.0,1.0,"[[0,1],[96,1]]"
120,0,0,Standard Kit GM,19,2,1,83.0,83.0,83.0,83.0,83.0,83.0,83.0,,"[[24,2]]"
120,0,0,Standard Kit GM,116,2,1,32.0,32.0,32.0,32.0,32.0,32.0,32.0,18807.0,"[[60,2]]"
120,0,0,Standard Kit GM,77,2,1,32.0,32.0,32.0,32.0,32.0,32.0,32.0,,"[[132,2]]"
120,0,17,Power Kit 2,43,2,1,86.0,86.5,87.25,88.5,89.75,90.5,91.0,9.5,"[[144,2]]"
120,0,3,Ambient Kit RX,0,2,1,88.0,88.0,88.0,88.0,88.0,88.0,88.0,11.0,"[[48,2]]"
120,0,3,Ambient Kit RX,1,2,1,88.0,88.0,88.0,88.0,88.0,88.0,88.0,11.0,"[[96,2]]"
120,0,3,Ambient Kit RX,127,2,1,90.0,90.5,91.25,92.5,93.75,94.5,95.0,1.0,"[[0,2]]"
120,0,5,Standard Kit RX1,15,2,2,83.0,85.5,89.25,95.5,101.75,105.5,108.0,47.0,"[[0,2]]"
120,0,5,Standard Kit RX1,108,2,2,108.0,108.0,108.0,108.0,108.0,108.0,108.0,,"[[144,1],[24,1]]"
120,0,13,HipHop Kit 2,43,2,1,90.0,90.0,90.0,90.0,90.0,90.0,90.0,1.0,"[[156,2]]"
120,0,15,Techno Kit 3,48,2,1,114.0,114.0,114.0,114.0,114.0,114.0,114.0,1.0,"[[60,2]]"
120,0,96,Elektro Kit 1,55,2,1,120.0,120.0,120.0,120.0,120.0,120.0,120.0,48.0,"[[96,2]]"
120,0,26,House Kit 1,83,2,2,85.0,85.0,85.0,85.0,85.0,85.0,85.0,46.0,"[[0,2]]"
120,0,30,House Kit RX1,79,2,2,127.0,127.0,127.0,127.0,127.0,127.0,127.0,2.0,"[[0,2]]"
120,0,50,Bdrum&Sdrum Kit,100,2,1,106.0,106.0,106.0,106.0,106.0,106.0,106.0,2.0,"[[0,2]]"
120,0,50,Bdrum&Sdrum Kit,20,2,1,114.0,114.0,114.0,114.0,114.0,114.0,114.0,68.0,"[[96,1],[48,1]]"
120,0,50,Bdrum&Sdrum Kit,56,2,1,101.0,101.2,101.5,102.0,102.5,102.8,103.0,42.5,"[[96,1],[48,1]]"
120,0,50,Bdrum&Sdrum Kit,30,2,2,117.0,118.0,119.5,122.0,124.5,126.0,127.0,12.5,"[[0,1],[96,1]]"
120,0,90,Pop Std. Kit 2,100,2,1,105.0,105.0,105.0,105.0,105.0,105.0,105.0,,"[[84,2]]"
120,0,90,Pop Std. Kit 2,103,2,1,32.0,32.0,32.0,32.0,32.0,32.0,32.0,,"[[0,2]]"
120,0,90,Pop Std. Kit 2,6,2,1,54.0,54.0,54.0,54.0,54.0,54.0,54.0,,"[[60,2]]"
120,0,30,House Kit RX1,35,2,1,81.0,84.4,89.5,98.0,106.5,111.6,115.0,55.0,"[[0,1],[96,1]]"
120,0,89,Pop Std. Kit 1,117,2,1,109.0,109.0,109.0,109.0,109.0,109.0,109.0,,"[[168,2]]"
120,0,89,Pop Std. Kit 1,83,2,1,99.0,99.0,99.0,99.0,99.0,99.0,99.0,,"[[0,2]]"
120,0,89,Pop Std. Kit 1,108,2,1,97.0,97.0,97.0,97.0,97.0,97.0,97.0,,"[[108,2]]"
120,0,90,Pop Std. Kit 2,82,2,1,67.0,67.0,67.0,67.0,67.0,67.0,67.0,,"[[24,2]]"
120,0,2,Standard Kit RX3,11,2,1,86.0,86.0,86.0,86.0,86.0,86.0,86.0,,"[[48,1],[156,1]]"
120,0,2,Standard Kit RX3,114,2,1,105.0,105.0,105.0,105.0,105.0,105.0,105.0,,"[[144,1],[60,1]]"
120,0,2,Standard Kit RX3,110,2,1,32.0,32.0,32.0,32.0,32.0,32.0,32.0,11157.0,"[[156,1],[72,1]]"
120,0,2,Standard Kit RX3,88,2,1,51.0,51.0,51.0,51.0,51.0,51.0,51.0,,"[[72,1],[0,1]]"
120,0,8,Room Kit GM,51,2,1,90.0,90.0,90.0,90.0,90.0,90.0,90.0,2.0,"[[0,2]]"
120,0,35,Jazz Kit RX3,22,2,1,127.0,127.0,127.0,127.0,127.0,127.0,127.0,42.0,"[[0,2]]"
120,0,8,Room Kit GM,127,2,1,42.0,42.0,42.0,42.0,42.0,42.0,42.0,1.0,"[[0,2]]"
120,0,34,Jazz Kit RX2,8,2,1,69.0,69.0,69.0,69.0,69.0,69.0,69.0,,"[[0,1],[48,1]]"
120,0,34,Jazz Kit RX2,100,2,1,105.0,105.0,105.0,105.0,105.0,105.0,105.0,,"[[108,1],[156,1]]"
120,0,34,Jazz Kit RX2,103,2,1,32.0,32.0,32.0,32.0,32.0,32.0,32.0,,"[[24,1],[72,1]]"
120,0,35,Jazz Kit RX2,13,2,1,80.0,80.6,81.5,83.0,84.5,85.4,86.0,44.5,"[[84,2]]"
120,0,35,Jazz Kit RX2,25,2,1,85.0,86.0,87.5,90.0,92.5,94.0,95.0,36.0,"[[0,1],[180,1]]"
120,0,35,Jazz Kit RX2,22,2,1,127.0,127.0,127.0,127.0,127.0,127.0,127.0,42.0,"[[36,2]]"
120,0,35,Jazz Kit RX2,35,2,1,91.0,92.0,93.5,96.0,98.5,100.0,101.0,34.0,"[[84,1],[180,1]]"
120,0,35,Jazz Kit RX2,40,2,1,127.0,127.0,127.0,127.0,127.0,127.0,127.0,,"[[36,2]]"
120,0,6,Standard Kit RX4,86,2,1,57.0,57.0,57.0,57.0,57.0,57.0,57.0,1.0,"[[0,2]]"
120,0,28,House Kit 3,19,2,2,72.0,72.0,72.0,72.0,72.0,72.0,72.0,,"[[60,1],[12,1]]"
120,0,28,House Kit 3,117,2,2,115.0,115.0,115.0,115.0,115.0,115.0,115.0,,"[[168,1],[120,1]]"
120,0,50,Bdrum&Sdrum Kit,71,2,1,82.0,82.5,83.25,84.5,85.75,86.5,87.0,1.0,"[[48,1],[96,1]]"
120,0,33,Jazz Kit RX1,114,2,1,111.0,111.0,111.0,111.0,111.0,111.0,111.0,,"[[72,2]]"
120,0,67,i30 Perc. Kit,8,2,1,80.0,80.0,80.0,80.0,80.0,80.0,80.0,,"[[132,2]]"
120,0,67,i30 Perc. Kit,82,2,1,67.0,67.0,67.0,67.0,67.0,67.0,67.0,,"[[12,2]]"
120,0,67,i30 Perc. Kit,7,2,1,73.0,73.0,73.0,73.0,73.0,73.0,73.0,,"[[96,2]]"
120,0,67,i30 Perc. Kit,116,2,1,114.0,114.0,114.0,114.0,114.0,114.0,114.0,,"[[12,2]]"
120,0,67,i30 Perc. Kit,39,2,1,90.0,91.8,94.5,99.0,103.5,106.2,108.0,27.5,"[[132,1],[0,1]]"
120,0,67,i30 Perc. Kit,83,2,1,104.0,104.0,104.0,104.0,104.0,104.0,104.0,50.0,"[[132,2]]"
120,0,5,Standard Kit RX1,8,2,2,69.0,71.8,76.0,83.0,90.0,94.2,97.0,1.0,"[[48,1],[72,1]]"
120,0,31,House Kit RX2,55,2,2,62.0,68.0,77.0,92.0,107.0,116.0,122.0,1.0,"[[96,1],[0,1]]"
120,0,32,Jazz Kit GM,25,2,1,65.0,65.0,65.0,65.0,65.0,65.0,65.0,181.0,"[[0,2]]"
120,0,32,Jazz Kit GM,53,2,1,120.0,120.0,120.0,120.0,120.0,120.0,120.0,1.0,"[[0,2]]"
120,0,65,Latin Perc. Kit1,82,2,1,67.0,67.0,67.0,67.0,67.0,67.0,67.0,,"[[12,2]]"
120,0,65,Latin Perc. Kit1,67,2,1,86.0,86.0,86.0,86.0,86.0,86.0,86.0,,"[[36,2]]"
120,0,4,Pop Std. Kit RX,15,2,1,115.0,116.2,118.0,121.0,124.0,125.8,127.0,36.5,"[[0,2]]"
120,0,4,Pop Std. Kit RX,21,2,1,122.0,122.5,123.25,124.5,125.75,126.5,127.0,3115.0,"[[0,2]]"
120,0,3,Ambient Kit RX,25,2,1,55.0,55.2,55.5,56.0,56.5,56.8,57.0,1.0,"[[144,2]]"
120,0,26,House Kit 1,11,2,1,96.0,96.0,96.0,96.0,96.0,96.0,96.0,1.0,"[[0,2]]"
120,0,1,Standard Kit RX2,83,2,2,102.0,102.0,102.0,102.0,102.0,102.0,102.0,2.0,"[[0,2]]"
120,0,117,Arabian Kit 2,26,2,1,127.0,127.0,127.0,127.0,127.0,127.0,127.0,31.0,"[[0,1],[180,1]]"
120,0,66,Trinity Perc.Kit,26,2,1,127.0,127.0,127.0,127.0,127.0,127.0,127.0,31.0,"[[0,1],[180,1]]"
120,0,27,House Kit 2,14,2,1,83.0,83.5,84.25,85.5,86.75,87.5,88.0,30.0,"[[48,1],[0,1]]"
120,0,56,SFX Kit GM,60,2,1,123.0,123.0,123.0,123.0,123.0,123.0,123.0,1.0,"[[168,2]]"
120,0,56,SFX Kit GM,38,2,1,117.0,117.0,117.0,117.0,117.0,117.0,117.0,2.0,"[[0,2]]"
120,0,18,Power Kit RX1,47,2,1,100.0,101.0,102.5,105.0,107.5,109.0,110.0,1.0,"[[0,2]]"
120,0,7,Standard Kit 1,57,2,1,84.0,84.0,84.0,84.0,84.0,84.0,84.0,1.0,"[[0,2]]"
120,0,7,Standard Kit 1,48,2,1,74.0,74.0,74.0,74.0,74.0,74.0,74.0,1.0,"[[156,2]]"
120,0,125,Brush Kit 1,7,2,1,73.0,73.0,73.0,73.0,73.0,73.0,73.0,,"[[36,2]]"
120,0,125,Brush Kit 1,41,2,1,108.0,108.0,108.0,108.0,108.0,108.0,108.0,2.0,"[[0,2]]"
120,0,31,House Kit RX2,41,2,1,56.0,60.5,67.25,78.5,89.75,96.5,101.0,10.5,"[[96,1],[144,1]]"
120,0,51,Arabian Kit 1,95,2,1,126.0,126.1,126.25,126.5,126.75,126.9,127.0,1.0,"[[156,1],[96,1]]"
120,0,26,House Kit 1,60,2,1,126.0,126.0,126.0,126.0,126.0,126.0,126.0,1.0,"[[156,1],[60,1]]"
120,0,15,Techno Kit 3,84,2,1,127.0,127.0,127.0,127.0,127.0,127.0,127.0,1.5,"[[0,2]]"
120,0,123,Analog Kit,127,2,1,127.0,127.0,127.0,127.0,127.0,127.0,127.0,1.0,"[[0,2]]"
120,0,65,Latin Perc. Kit1,80,2,1,55.0,55.0,55.0,55.0,55.0,55.0,55.0,1.0,"[[0,2]]"
120,0,117,Arabian Kit 2,96,2,1,118.0,118.4,119.0,120.0,121.0,121.6,122.0,11.5,"[[0,1],[96,1]]"
120,0,117,Arabian Kit 2,75,2,1,102.0,102.0,102.0,102.0,102.0,102.0,102.0,54.5,"[[0,1],[108,1]]"
120,0,74,Dance Kit RX,49,2,1,120.0,120.0,120.0,120.0,120.0,120.0,120.0,24.5,"[[0,2]]"
120,0,30,House Kit RX1,84,2,1,100.0,100.0,100.0,100.0,100.0,100.0,100.0,1.0,"[[0,2]]"
120,0,0,Standard Kit GM,47,2,1,113.0,113.0,113.0,113.0,113.0,113.0,113.0,48.0,"[[96,2]]"
120,0,0,Standard Kit GM,45,2,1,109.0,109.0,109.0,109.0,109.0,109.0,109.0,48.0,"[[0,2]]"
120,0,0,Standard Kit GM,43,2,1,98.0,98.0,98.0,98.0,98.0,98.0,98.0,48.0,"[[96,2]]"
120,0,64,Percussion Kit,65,2,1,116.0,117.0,118.5,121.0,123.5,125.0,126.0,2.0,"[[0,2]]"
120,0,1,Standard Kit RX2,16,2,1,80.0,82.0,85.0,90.0,95.0,98.0,100.0,1.0,"[[48,1],[144,1]]"
120,0,27,House Kit 2,127,2,1,111.0,111.0,111.0,111.0,111.0,111.0,111.0,1.0,"[[0,2]]"
120,0,27,House Kit 2,84,2,1,97.0,97.0,97.0,97.0,97.0,97.0,97.0,1.0,"[[96,2]]"
120,0,33,Jazz Kit RX1,15,2,1,83.0,83.0,83.0,83.0,83.0,83.0,83.0,,"[[0,2]]"
120,0,73,Techno Kit RX,39,2,1,114.0,114.0,114.0,114.0,114.0,114.0,114.0,1.0,"[[156,2]]"
120,0,12,Room Kit 2,55,2,1,99.0,99.0,99.0,99.0,99.0,99.0,99.0,7.5,"[[96,2]]"
120,0,19,Power Kit RX2,58,2,1,111.0,111.0,111.0,111.0,111.0,111.0,111.0,7.0,"[[0,2]]"
120,0,19,Power Kit RX2,55,2,1,95.0,95.0,95.0,95.0,95.0,95.0,95.0,7.5,"[[0,2]]"
120,0,48,Orchestra Kit GM,49,2,1,127.0,127.0,127.0,127.0,127.0,127.0,127.0,26.0,"[[0,2]]"
120,0,33,Jazz Kit RX1,127,1,1,110.0,110.0,110.0,110.0,110.0,110.0,110.0,1.0,"[[0,1]]"
120,0,12,Room Kit 2,50,1,1,92.0,92.0,92.0,92.0,92.0,92.0,92.0,1.0,"[[84,1]]"
120,0,5,Standard Kit RX1,96,1,1,53.0,53.0,53.0,53.0,53.0,53.0,53.0,30.0,"[[60,1]]"
120,0,5,Standard Kit RX1,98,1,1,59.0,59.0,59.0,59.0,59.0,59.0,59.0,34.0,"[[96,1]]"
120,0,6,Standard Kit RX4,11,1,1,101.0,101.0,101.0,101.0,101.0,101.0,101.0,23.0,"[[0,1]]"
120,0,122,Electro Kit,15,1,1,127.0,127.0,127.0,127.0,127.0,127.0,127.0,38.0,"[[0,1]]"
120,0,122,Electro Kit,9,1,1,71.0,71.0,71.0,71.0,71.0,71.0,71.0,29.0,"[[144,1]]"
120,0,122,Electro Kit,30,1,1,51.0,51.0,51.0,51.0,51.0,51.0,51.0,18.0,"[[96,1]]"
120,0,9,HipHop Kit 1,47,1,1,90.0,90.0,90.0,90.0,90.0,90.0,90.0,1.0,"[[96,1]]"
120,0,9,HipHop Kit 1,48,1,1,127.0,127.0,127.0,127.0,127.0,127.0,127.0,1.0,"[[96,1]]"
120,0,9,HipHop Kit 1,41,1,1,69.0,69.0,69.0,69.0,69.0,69.0,69.0,1.0,"[[180,1]]"
120,0,17,Power Kit 2,47,1,1,69.0,69.0,69.0,69.0,69.0,69.0,69.0,26.0,"[[96,1]]"
120,0,17,Power Kit 2,48,1,1,105.0,105.0,105.0,105.0,105.0,105.0,105.0,17.0,"[[48,1]]"
120,0,17,Power Kit 2,45,1,1,87.0,87.0,87.0,87.0,87.0,87.0,87.0,17.0,"[[96,1]]"
120,0,17,Power Kit 2,39,1,1,91.0,91.0,91.0,91.0,91.0,91.0,91.0,5.0,"[[144,1]]"
120,0,27,House Kit 2,25,1,1,87.0,87.0,87.0,87.0,87.0,87.0,87.0,1.0,"[[144,1]]"
120,0,27,House Kit 2,47,1,1,112.0,112.0,112.0,112.0,112.0,112.0,112.0,1.0,"[[144,1]]"
120,0,3,Ambient Kit RX,15,1,1,100.0,100.0,100.0,100.0,100.0,100.0,100.0,1.0,"[[0,1]]"
120,0,1,Standard Kit RX2,11,1,1,115.0,115.0,115.0,115.0,115.0,115.0,115.0,2.0,"[[0,1]]"
120,0,66,Trinity Perc.Kit,5,1,1,49.0,49.0,49.0,49.0,49.0,49.0,49.0,,"[[24,1]]"
120,0,2,Standard Kit RX3,127,1,1,80.0,80.0,80.0,80.0,80.0,80.0,80.0,1.0,"[[0,1]]"
120,0,97,Elektro Kit 2,84,1,1,100.0,100.0,100.0,100.0,100.0,100.0,100.0,573.0,"[[0,1]]"
120,0,50,Bdrum&Sdrum Kit,77,1,1,123.0,123.0,123.0,123.0,123.0,123.0,123.0,2.0,"[[0,1]]"
120,0,90,Pop Std. Kit 2,19,1,1,80.0,80.0,80.0,80.0,80.0,80.0,80.0,,"[[0,1]]"
120,0,90,Pop Std. Kit 2,112,1,1,32.0,32.0,32.0,32.0,32.0,32.0,32.0,,"[[108,1]]"
120,0,65,Latin Perc. Kit1,113,1,1,80.0,80.0,80.0,80.0,80.0,80.0,80.0,26.0,"[[48,1]]"
120,0,30,House Kit RX1,0,1,1,44.0,44.0,44.0,44.0,44.0,44.0,44.0,12.0,"[[120,1]]"
120,0,34,Jazz Kit RX2,15,1,1,83.0,83.0,83.0,83.0,83.0,83.0,83.0,,"[[0,1]]"
120,0,8,Room Kit GM,46,1,1,85.0,85.0,85.0,85.0,85.0,85.0,85.0,44.0,"[[96,1]]"
120,0,0,Standard Kit GM,21,1,1,70.0,70.0,70.0,70.0,70.0,70.0,70.0,44.0,"[[48,1]]"
120,0,0,Standard Kit GM,52,1,1,115.0,115.0,115.0,115.0,115.0,115.0,115.0,44.0,"[[0,1]]"
120,0,35,Jazz Kit RX3,21,1,1,104.0,104.0,104.0,104.0,104.0,104.0,104.0,43.0,"[[144,1]]"
120,0,35,Jazz Kit RX2,17,1,1,125.0,125.0,125.0,125.0,125.0,125.0,125.0,45.0,"[[36,1]]"
120,0,35,Jazz Kit RX2,46,1,1,85.0,85.0,85.0,85.0,85.0,85.0,85.0,,"[[180,1]]"
120,0,35,Jazz Kit RX2,52,1,1,115.0,115.0,115.0,115.0,115.0,115.0,115.0,31.0,"[[36,1]]"
120,0,35,Jazz Kit RX2,48,1,1,105.0,105.0,105.0,105.0,105.0,105.0,105.0,44.0,"[[84,1]]"
120,0,35,Jazz Kit RX2,21,1,1,104.0,104.0,104.0,104.0,104.0,104.0,104.0,43.0,"[[180,1]]"
120,0,35,Jazz Kit RX2,45,1,1,115.0,115.0,115.0,115.0,115.0,115.0,115.0,45.0,"[[132,1]]"
120,0,35,Jazz Kit RX2,49,1,1,110.0,110.0,110.0,110.0,110.0,110.0,110.0,2.0,"[[36,1]]"
120,0,28,House Kit 3,127,1,1,63.0,63.0,63.0,63.0,63.0,63.0,63.0,1143.0,"[[0,1]]"
120,0,26,House Kit 1,78,1,1,71.0,71.0,71.0,71.0,71.0,71.0,71.0,1.0,"[[0,1]]"
120,0,26,House Kit 1,14,1,1,54.0,54.0,54.0,54.0,54.0,54.0,54.0,1.0,"[[48,1]]"
120,0,26,House Kit 1,21,1,1,75.0,75.0,75.0,75.0,75.0,75.0,75.0,1.0,"[[144,1]]"
120,0,30,House Kit RX1,21,1,1,107.0,107.0,107.0,107.0,107.0,107.0,107.0,1.0,"[[0,1]]"
120,0,50,Bdrum&Sdrum Kit,98,1,1,70.0,70.0,70.0,70.0,70.0,70.0,70.0,1.0,"[[0,1]]"
120,0,28,House Kit 3,13,1,1,57.0,57.0,57.0,57.0,57.0,57.0,57.0,20.0,"[[48,1]]"
120,0,67,i30 Perc. Kit,21,1,1,84.0,84.0,84.0,84.0,84.0,84.0,84.0,4.0,"[[0,1]]"
120,0,30,House Kit RX1,25,1,1,107.0,107.0,107.0,107.0,107.0,107.0,107.0,1.0,"[[156,1]]"
120,0,31,House Kit RX2,59,1,1,122.0,122.0,122.0,122.0,122.0,122.0,122.0,1.0,"[[0,1]]"
120,0,30,House Kit RX1,6,1,1,76.0,76.0,76.0,76.0,76.0,76.0,76.0,1.0,"[[120,1]]"
120,0,73,Techno Kit RX,19,1,1,92.0,92.0,92.0,92.0,92.0,92.0,92.0,1.0,"[[0,1]]"
120,0,32,Jazz Kit GM,51,1,1,115.0,115.0,115.0,115.0,115.0,115.0,115.0,575.0,"[[0,1]]"
120,0,34,Jazz Kit RX2,10,1,1,83.0,83.0,83.0,83.0,83.0,83.0,83.0,,"[[0,1]]"
120,0,34,Jazz Kit RX2,101,1,1,108.0,108.0,108.0,108.0,108.0,108.0,108.0,,"[[72,1]]"
120,0,4,Pop Std. Kit RX,10,1,1,83.0,83.0,83.0,83.0,83.0,83.0,83.0,,"[[132,1]]"
120,0,4,Pop Std. Kit RX,111,1,1,115.0,115.0,115.0,115.0,115.0,115.0,115.0,,"[[84,1]]"
120,0,4,Pop Std. Kit RX,101,1,1,108.0,108.0,108.0,108.0,108.0,108.0,108.0,,"[[0,1]]"
120,0,65,Latin Perc. Kit1,7,1,1,73.0,73.0,73.0,73.0,73.0,73.0,73.0,,"[[96,1]]"
120,0,65,Latin Perc. Kit1,116,1,1,114.0,114.0,114.0,114.0,114.0,114.0,114.0,,"[[12,1]]"
120,0,65,Latin Perc. Kit1,32,1,1,51.0,51.0,51.0,51.0,51.0,51.0,51.0,,"[[120,1]]"
120,0,65,Latin Perc. Kit1,100,1,1,105.0,105.0,105.0,105.0,105.0,105.0,105.0,,"[[12,1]]"
120,0,65,Latin Perc. Kit1,103,1,1,32.0,32.0,32.0,32.0,32.0,32.0,32.0,,"[[120,1]]"
120,0,65,Latin Perc. Kit1,6,1,1,50.0,50.0,50.0,50.0,50.0,50.0,50.0,,"[[168,1]]"
120,0,5,Standard Kit RX1,89,1,1,113.0,113.0,113.0,113.0,113.0,113.0,113.0,32.0,"[[144,1]]"
120,0,3,Ambient Kit RX,52,1,1,105.0,105.0,105.0,105.0,105.0,105.0,105.0,1.0,"[[0,1]]"
120,0,50,Bdrum&Sdrum Kit,76,1,1,127.0,127.0,127.0,127.0,127.0,127.0,127.0,1.0,"[[0,1]]"
120,0,66,Trinity Perc.Kit,88,1,1,110.0,110.0,110.0,110.0,110.0,110.0,110.0,63.0,"[[84,1]]"
120,0,48,Orchestra Kit GM,24,1,1,118.0,118.0,118.0,118.0,118.0,118.0,118.0,1.0,"[[0,1]]"
120,0,56,SFX Kit GM,37,1,1,105.0,105.0,105.0,105.0,105.0,105.0,105.0,184.0,"[[96,1]]"
120,0,13,HipHop Kit 2,22,1,1,127.0,127.0,127.0,127.0,127.0,127.0,127.0,28.0,"[[0,1]]"
120,0,51,Arabian Kit 1,36,1,1,110.0,110.0,110.0,110.0,110.0,110.0,110.0,1.0,"[[156,1]]"
120,0,51,Arabian Kit 1,28,1,1,110.0,110.0,110.0,110.0,110.0,110.0,110.0,1.0,"[[60,1]]"
120,0,51,Arabian Kit 1,32,1,1,126.0,126.0,126.0,126.0,126.0,126.0,126.0,1.0,"[[60,1]]"
120,0,51,Arabian Kit 1,49,1,1,126.0,126.0,126.0,126.0,126.0,126.0,126.0,1.0,"[[0,1]]"
120,0,51,Arabian Kit 1,127,1,1,126.0,126.0,126.0,126.0,126.0,126.0,126.0,1.0,"[[0,1]]"
120,0,26,House Kit 1,79,1,1,127.0,127.0,127.0,127.0,127.0,127.0,127.0,1.0,"[[96,1]]"
120,0,26,House Kit 1,86,1,1,127.0,127.0,127.0,127.0,127.0,127.0,127.0,1.0,"[[0,1]]"
120,0,15,Techno Kit 3,47,1,1,97.0,97.0,97.0,97.0,97.0,97.0,97.0,1.0,"[[0,1]]"
120,0,15,Techno Kit 3,55,1,1,97.0,97.0,97.0,97.0,97.0,97.0,97.0,1.0,"[[96,1]]"
120,0,5,Standard Kit RX1,100,1,1,105.0,105.0,105.0,105.0,105.0,105.0,105.0,,"[[180,1]]"
120,0,5,Standard Kit RX1,103,1,1,32.0,32.0,32.0,32.0,32.0,32.0,32.0,,"[[96,1]]"
120,0,0,Standard Kit GM,0,1,1,55.0,55.0,55.0,55.0,55.0,55.0,55.0,8.0,"[[96,1]]"
120,0,4,Pop Std. Kit RX,24,1,1,111.0,111.0,111.0,111.0,111.0,111.0,111.0,11.0,"[[0,1]]"
120,0,33,Jazz Kit RX1,108,1,1,108.0,108.0,108.0,108.0,108.0,108.0,108.0,,"[[60,1]]"
120,0,33,Jazz Kit RX1,101,1,1,97.0,97.0,97.0,97.0,97.0,97.0,97.0,,"[[84,1]]"
120,0,90,Pop Std. Kit 2,52,1,1,87.0,87.0,87.0,87.0,87.0,87.0,87.0,46.0,"[[0,1]]"
120,0,31,House Kit RX2,127,1,1,44.0,44.0,44.0,44.0,44.0,44.0,44.0,1.0,"[[0,1]]"
120,0,27,House Kit 2,17,1,1,89.0,89.0,89.0,89.0,89.0,89.0,89.0,1.0,"[[0,1]]"
120,0,12,Room Kit 2,57,1,1,117.0,117.0,117.0,117.0,117.0,117.0,117.0,1.0,"[[0,1]]"
120,0,19,Power Kit RX2,57,1,1,94.0,94.0,94.0,94.0,94.0,94.0,94.0,1.0,"[[0,1]]"
120,0,19,Power Kit RX2,12,1,1,127.0,127.0,127.0,127.0,127.0,127.0,127.0,9.0,"[[0,1]]"
120,0,19,Power Kit RX2,14,1,1,127.0,127.0,127.0,127.0,127.0,127.0,127.0,9.0,"[[12,1]]"
120,0,19,Power Kit RX2,52,1,1,108.0,108.0,108.0,108.0,108.0,108.0,108.0,7.0,"[[0,1]]"
120,0,10,Jungle Kit,57,1,1,120.0,120.0,120.0,120.0,120.0,120.0,120.0,287.0,"[[0,1]]"
120,0,89,Pop Std. Kit 1,52,1,1,89.0,89.0,89.0,89.0,89.0,89.0,89.0,48.0,"[[0,1]]"
