msb,lsb,program,sound,role,family,rx,dnc,notes,styles,segments,grade,v_absmin,v_workmin,v_idealmin,v_center,v_idealmax,v_workmax,v_absmax,k_p10,k_p50,k_p90,dur_p10,dur_p50,dur_p90,gate_p10,gate_p50,gate_p90,special_clusters
120,0,64,Percussion Kit,PERC,DRUM_KIT,False,False,71064,84,1439,STRONG,2.0,53.0,64.0,80.0,99.0,114.0,127.0,19.0,42.0,69.0,1.0,18.0,74.0,0.016,0.12,1.0,"[{""min"":79,""max"":86,""center"":82.21,""count"":2080,""fraction"":0.02927}]"
121,3,0,Grand Piano,ACC1,PIANO,False,False,56049,68,1000,STRONG,1.0,63.0,77.0,89.0,102.0,114.0,127.0,48.0,62.0,76.0,22.0,82.0,483.0,0.188,0.849,2.391,[]
120,0,5,Standard Kit RX1,DRUM,DRUM_KIT,True,False,50228,34,595,STRONG,1.0,46.0,68.0,99.0,114.0,124.0,127.0,18.0,41.0,51.0,1.0,2.0,172.0,0.01,0.062,1.0,[]
120,0,66,Trinity Perc.Kit,PERC,DRUM_KIT,False,False,46114,36,605,STRONG,8.0,43.0,58.0,82.0,101.0,114.0,127.0,20.0,77.0,91.0,1.0,2.0,768.0,0.01,0.083,0.906,"[{""min"":101,""max"":101,""center"":101.0,""count"":532,""fraction"":0.01154}]"
120,0,34,Jazz Kit RX2,DRUM,DRUM_KIT,True,False,42237,32,540,STRONG,1.0,48.0,67.0,93.0,112.0,123.0,127.0,18.0,42.0,59.0,1.0,2.0,49.0,0.01,0.031,0.958,"[{""min"":3,""max"":25,""center"":15.56,""count"":5638,""fraction"":0.13348}]"
120,0,33,Jazz Kit RX1,DRUM,DRUM_KIT,True,False,31851,25,472,STRONG,1.0,55.0,74.0,92.0,110.0,120.0,127.0,35.0,42.0,51.0,2.0,20.0,51.0,0.021,0.235,1.0,"[{""min"":14,""max"":21,""center"":18.11,""count"":1993,""fraction"":0.06257}]"
121,15,25,Steel Guitar RX1,ACC2,GUITAR,True,False,31627,19,364,STRONG,8.0,53.0,61.0,77.0,91.0,99.0,127.0,48.0,60.0,101.0,36.0,73.0,204.0,0.416,0.97,2.727,"[{""min"":96,""max"":105,""center"":99.54,""count"":5460,""fraction"":0.17264},{""min"":126,""max"":127,""center"":126.48,""count"":631,""fraction"":0.01995}]"
121,19,25,Steel Guitar Pro,ACC2,GUITAR,False,False,27978,24,392,STRONG,8.0,73.0,83.0,100.0,114.0,124.0,127.0,50.0,60.0,100.0,35.0,90.0,288.0,0.25,0.973,4.375,"[{""min"":96,""max"":108,""center"":100.92,""count"":4161,""fraction"":0.14872}]"
120,0,2,Standard Kit RX3,DRUM,DRUM_KIT,True,False,27939,24,480,STRONG,1.0,49.0,67.0,95.0,114.0,120.0,127.0,35.0,42.0,51.0,1.0,24.0,73.0,0.013,0.312,1.0,"[{""min"":18,""max"":22,""center"":19.13,""count"":1312,""fraction"":0.04696}]"
121,13,16,Gospel Organ V.,ACC3,ORGAN,False,False,24296,26,405,STRONG,1.0,56.0,78.0,99.0,113.0,123.0,127.0,50.0,72.0,86.0,10.0,41.0,372.0,0.163,0.898,3.0,[]
120,0,42,Brush Kit RX1,DRUM,DRUM_KIT,True,False,23964,22,372,STRONG,1.0,39.0,55.0,74.0,92.0,108.0,127.0,21.0,38.0,51.0,1.0,2.0,94.0,0.01,0.021,0.85,"[{""min"":0,""max"":6,""center"":3.13,""count"":653,""fraction"":0.02725},{""min"":16,""max"":22,""center"":19.25,""count"":1969,""fraction"":0.08216},{""min"":82,""max"":89,""center"":82.76,""count"":1055,""fraction"":0.04402}]"
121,14,28,Clean Guitar RX1,ACC2,GUITAR,True,False,21847,17,252,STRONG,1.0,32.0,52.0,67.0,100.0,126.0,127.0,48.0,63.0,98.0,21.0,48.0,9314.5,0.186,0.703,1.188,"[{""min"":96,""max"":105,""center"":99.39,""count"":2538,""fraction"":0.11617},{""min"":120,""max"":124,""center"":122.68,""count"":428,""fraction"":0.01959}]"
120,0,89,Pop Std. Kit 1,DRUM,DRUM_KIT,False,False,20937,19,538,STRONG,14.0,75.0,88.0,108.0,121.0,127.0,127.0,36.0,42.0,70.0,2.0,39.0,576.0,0.021,0.438,1.0,"[{""min"":69,""max"":70,""center"":69.47,""count"":1745,""fraction"":0.08335},{""min"":81,""max"":82,""center"":81.39,""count"":1470,""fraction"":0.07021}]"
121,10,28,Clean Funk RX1,ACC2,GUITAR,True,False,20433,17,264,STRONG,1.0,51.0,67.0,83.0,97.0,112.0,127.0,55.0,64.0,101.0,22.0,48.0,139.0,0.24,0.814,1.177,"[{""min"":96,""max"":105,""center"":100.17,""count"":5500,""fraction"":0.26917}]"
120,0,1,Standard Kit RX2,DRUM,DRUM_KIT,True,False,20119,18,376,STRONG,1.0,46.0,62.0,92.0,110.0,122.0,127.0,4.0,40.0,59.0,1.0,1.0,32.0,0.016,0.031,0.639,"[{""min"":82,""max"":82,""center"":82.0,""count"":342,""fraction"":0.017}]"
121,6,33,Finger Bass 2,BASS,BASS,False,False,17943,42,718,STRONG,22.0,83.0,98.0,109.0,118.0,124.0,127.0,31.0,36.0,101.0,31.0,85.0,526.0,0.24,0.717,0.988,"[{""min"":96,""max"":108,""center"":100.26,""count"":5774,""fraction"":0.3218}]"
121,25,21,Steirisch.Akk.1,ACC1,ACCORDION_REED,False,False,16541,12,273,STRONG,30.0,72.0,85.0,97.0,104.0,114.0,127.0,55.0,64.0,74.0,17.0,45.0,90.0,0.208,0.457,0.958,"[{""min"":98,""max"":101,""center"":99.6,""count"":189,""fraction"":0.01143}]"
121,0,0,AcousticPiano GM,ACC1,PIANO,False,False,15830,31,349,STRONG,1.0,64.0,74.0,87.0,105.0,117.0,127.0,48.0,62.0,76.0,24.0,49.0,767.0,0.146,0.771,1.874,[]
120,0,30,House Kit RX1,DRUM,DRUM_KIT,True,False,15297,10,170,STRONG,2.0,56.0,71.0,90.0,110.0,122.0,127.0,20.0,42.0,61.0,1.0,1.0,23.0,0.01,0.021,0.417,"[{""min"":13,""max"":24,""center"":18.27,""count"":1829,""fraction"":0.11957},{""min"":82,""max"":82,""center"":82.0,""count"":292,""fraction"":0.01909}]"
120,0,123,Analog Kit,PERC,DRUM_KIT,False,False,14508,12,202,STRONG,4.0,38.0,52.0,76.0,95.0,111.0,127.0,36.0,44.0,70.0,1.0,1.0,27.0,0.01,0.021,0.6,[]
121,16,25,Steel Guitar RX2,ACC2,GUITAR,True,False,14054,11,155,STRONG,1.0,59.0,67.0,80.0,96.0,107.0,127.0,52.0,60.0,103.0,35.0,48.0,127.0,0.469,1.0,2.5,"[{""min"":96,""max"":105,""center"":101.85,""count"":2105,""fraction"":0.14978},{""min"":120,""max"":126,""center"":121.7,""count"":406,""fraction"":0.02889}]"
121,14,25,Steel Slide Pro2,ACC2,GUITAR,False,False,13553,6,146,GOOD,40.0,72.0,83.0,93.0,105.0,110.0,127.0,48.0,61.0,98.0,23.0,50.0,184.0,0.198,1.0,3.625,"[{""min"":96,""max"":106,""center"":100.25,""count"":1739,""fraction"":0.12831}]"
120,0,4,Pop Std. Kit RX,DRUM,DRUM_KIT,True,False,13523,13,243,STRONG,1.0,69.0,86.0,104.0,112.0,123.0,127.0,36.0,42.0,54.0,2.0,29.0,88.0,0.017,0.312,0.984,[]
121,17,25,12 Strings Pro,ACC1,GUITAR,False,False,13073,11,205,STRONG,8.0,56.0,70.0,82.0,93.0,104.0,127.0,55.0,62.0,101.0,23.0,74.0,180.0,0.156,0.896,1.032,"[{""min"":96,""max"":101,""center"":100.16,""count"":3136,""fraction"":0.23988}]"
121,32,25,Real Folk Gtr,ACC2,GUITAR,False,False,12419,13,204,STRONG,1.0,41.0,61.0,80.0,92.0,100.0,126.0,45.0,53.0,67.0,29.0,95.0,2689.0,0.274,1.0,1.979,"[{""min"":0,""max"":8,""center"":4.72,""count"":229,""fraction"":0.01844},{""min"":84,""max"":86,""center"":84.6,""count"":341,""fraction"":0.02746},{""min"":103,""max"":105,""center"":103.91,""count"":141,""fraction"":0.01135}]"
120,0,43,Brush Kit RX2,DRUM,DRUM_KIT,True,False,12030,10,190,STRONG,1.0,44.0,59.0,75.0,100.0,110.0,127.0,36.0,40.0,51.0,1.0,2.0,61.1,0.007,0.031,0.574,"[{""min"":16,""max"":22,""center"":19.48,""count"":455,""fraction"":0.03782}]"
120,0,41,Brush Kit 2,DRUM,DRUM_KIT,False,False,11276,10,177,STRONG,4.0,39.0,53.0,75.0,96.0,108.0,127.0,35.0,39.0,46.0,1.0,1.0,30.0,0.01,0.01,0.5,"[{""min"":19,""max"":21,""center"":19.45,""count"":298,""fraction"":0.02643}]"
120,0,125,Brush Kit 1,DRUM,DRUM_KIT,False,False,11255,11,189,STRONG,6.0,49.0,66.0,81.0,98.0,114.0,127.0,35.0,42.0,59.0,1.0,2.0,34.0,0.01,0.021,0.458,"[{""min"":14,""max"":21,""center"":18.74,""count"":807,""fraction"":0.0717},{""min"":82,""max"":85,""center"":83.26,""count"":797,""fraction"":0.07081}]"
121,0,33,Finger Bass GM,BASS,BASS,False,False,11038,31,576,STRONG,22.0,82.0,94.0,108.0,115.0,122.0,127.0,31.0,36.0,45.0,36.0,94.0,313.0,0.417,0.851,0.995,[]
120,0,65,Latin Perc. Kit1,PERC,DRUM_KIT,False,False,10966,15,223,STRONG,15.0,38.0,46.0,62.0,83.0,101.0,127.0,37.0,59.0,90.0,1.0,20.0,116.0,0.01,0.208,1.011,"[{""min"":15,""max"":25,""center"":19.65,""count"":999,""fraction"":0.0911},{""min"":90,""max"":90,""center"":90.0,""count"":157,""fraction"":0.01432},{""min"":109,""max"":118,""center"":114.05,""count"":977,""fraction"":0.08909}]"
120,0,90,Pop Std. Kit 2,DRUM,DRUM_KIT,False,False,10780,10,254,STRONG,30.0,57.0,71.0,104.0,114.0,118.0,127.0,36.0,42.0,70.0,1.0,2.0,48.0,0.01,0.073,1.0,[]
121,16,27,Stra. Vel. Pro,ACC3,GUITAR,False,False,9772,6,69,GOOD,17.0,29.0,60.0,72.0,116.0,120.0,127.0,55.0,67.0,99.0,4.0,24.0,14980.0,0.045,0.328,1.0,"[{""min"":98,""max"":100,""center"":98.82,""count"":1655,""fraction"":0.16936},{""min"":127,""max"":127,""center"":127.0,""count"":210,""fraction"":0.02149}]"
121,12,24,Nylon Gtr RX1,ACC2,GUITAR,True,False,9271,8,121,GOOD,12.0,50.0,56.0,67.0,84.0,93.0,127.0,48.0,62.0,100.0,36.0,61.0,208.0,0.433,0.964,2.958,"[{""min"":96,""max"":105,""center"":101.43,""count"":1539,""fraction"":0.166}]"
120,0,27,House Kit 2,DRUM,DRUM_KIT,False,False,9085,6,91,GOOD,3.0,50.0,71.0,92.0,115.0,127.0,127.0,32.0,44.0,70.0,1.0,1.0,47.0,0.01,0.023,0.979,"[{""min"":82,""max"":89,""center"":82.49,""count"":665,""fraction"":0.0732}]"
121,13,24,Nylon Gtr RX2,ACC2,GUITAR,True,False,9075,8,120,GOOD,12.0,50.0,62.0,80.0,90.0,96.0,127.0,55.0,64.0,103.0,36.0,72.0,159.2,0.323,0.938,2.0,"[{""min"":96,""max"":109,""center"":101.03,""count"":1750,""fraction"":0.19284},{""min"":121,""max"":127,""center"":124.89,""count"":290,""fraction"":0.03196}]"
121,17,24,Real Nylon Gtr,ACC3,GUITAR,False,False,8862,7,123,GOOD,1.0,42.0,55.0,66.0,88.0,94.0,121.0,45.0,53.0,68.0,33.9,48.0,119.0,0.413,1.0,1.24,"[{""min"":0,""max"":8,""center"":5.43,""count"":195,""fraction"":0.022},{""min"":90,""max"":90,""center"":90.0,""count"":127,""fraction"":0.01433}]"
121,29,27,Real El.Gtr ST2,ACC2,GUITAR,False,False,8642,8,116,GOOD,1.0,34.0,42.0,64.0,86.0,96.0,127.0,45.0,54.0,65.0,36.0,48.0,48.0,0.39,0.857,1.636,"[{""min"":0,""max"":8,""center"":4.82,""count"":164,""fraction"":0.01898}]"
120,0,31,House Kit RX2,PERC,DRUM_KIT,True,False,8317,7,104,GOOD,1.0,31.0,66.0,90.0,109.0,127.0,127.0,35.0,42.0,70.0,1.0,1.0,1.0,0.01,0.021,0.065,"[{""min"":0,""max"":0,""center"":0.0,""count"":251,""fraction"":0.03018},{""min"":17,""max"":22,""center"":18.56,""count"":289,""fraction"":0.03475}]"
121,15,27,Clean Gtr Pro2,ACC2,GUITAR,False,False,8250,7,123,GOOD,17.0,50.0,70.0,97.0,112.0,122.0,127.0,48.0,60.0,67.0,8.0,40.0,142.0,0.134,0.708,1.0,"[{""min"":96,""max"":103,""center"":99.27,""count"":561,""fraction"":0.068}]"
121,18,25,12 Strings RX,ACC3,GUITAR,True,False,7813,4,79,LIMITED,28.0,60.0,70.0,84.0,97.0,105.0,127.0,52.0,62.0,100.0,38.0,93.0,2504.0,0.224,0.955,3.317,"[{""min"":96,""max"":106,""center"":99.76,""count"":1403,""fraction"":0.17957},{""min"":114,""max"":126,""center"":120.53,""count"":96,""fraction"":0.01229}]"
121,11,28,Clean Funk RX2,ACC2,GUITAR,True,False,7785,12,175,STRONG,30.0,73.0,96.0,106.0,115.0,122.0,127.0,48.0,58.0,67.0,20.0,38.0,164.0,0.201,0.542,4.5,"[{""min"":97,""max"":104,""center"":101.62,""count"":589,""fraction"":0.07566}]"
120,0,26,House Kit 1,DRUM,DRUM_KIT,False,False,7740,6,82,GOOD,11.0,52.0,69.0,94.0,110.0,122.0,127.0,16.0,42.0,62.0,1.0,1.0,12.9,0.01,0.021,0.042,"[{""min"":10,""max"":24,""center"":17.6,""count"":1545,""fraction"":0.19961},{""min"":80,""max"":82,""center"":80.44,""count"":108,""fraction"":0.01395}]"
121,8,24,Nylon Gtr Pro1,ACC1,GUITAR,False,False,7596,8,109,GOOD,20.0,56.0,67.0,78.0,89.0,101.0,127.0,48.0,62.0,101.0,31.0,57.0,382.0,0.25,0.917,6.5,"[{""min"":96,""max"":105,""center"":99.86,""count"":1676,""fraction"":0.22064}]"
121,3,120,Vox Wah Chick RX,ACC4,SFX,True,False,7285,9,140,GOOD,25.0,52.0,67.0,89.0,102.0,113.0,127.0,30.0,63.0,75.0,18.0,38.0,1584.0,0.25,0.604,1.159,"[{""min"":30,""max"":30,""center"":30.0,""count"":1185,""fraction"":0.16266}]"
121,3,34,Stein Bass,BASS,BASS,False,False,7283,19,304,STRONG,23.0,78.0,94.0,102.0,114.0,118.0,127.0,24.0,36.0,43.0,22.0,66.0,178.0,0.22,0.812,1.0,[]
120,0,48,Orchestra Kit GM,DRUM,DRUM_KIT,False,False,7144,7,148,GOOD,2.0,47.0,68.0,88.0,106.0,119.0,127.0,36.0,40.0,76.0,9.0,22.0,50.0,0.115,0.302,0.938,"[{""min"":76,""max"":85,""center"":79.94,""count"":1069,""fraction"":0.14964}]"
121,9,24,Brazilian Guitar,ACC2,GUITAR,False,False,6746,6,107,GOOD,20.0,63.0,75.0,85.0,92.0,100.0,127.0,52.0,60.0,99.0,24.0,94.0,192.0,0.296,1.011,7.375,"[{""min"":98,""max"":108,""center"":103.19,""count"":678,""fraction"":0.1005}]"
121,3,59,Mute Ensemble 1,ACC2,BRASS,False,False,6623,11,116,STRONG,1.0,50.0,66.0,86.0,102.0,110.0,127.0,52.0,64.0,75.0,24.0,48.0,345.2,0.092,0.609,1.097,[]
121,13,27,Clean Gtr Pro1,ACC3,GUITAR,False,False,6529,8,92,GOOD,1.0,50.0,60.0,76.0,92.0,105.0,126.0,50.0,60.0,74.0,2.0,47.0,127.0,0.04,0.905,1.37,"[{""min"":96,""max"":104,""center"":99.29,""count"":363,""fraction"":0.0556}]"
121,13,61,Fat Brass,ACC4,BRASS,False,False,6518,10,131,STRONG,28.0,67.0,80.0,99.0,113.0,121.0,127.0,55.0,65.0,76.0,29.0,52.0,222.0,0.153,0.514,1.047,[]
120,0,35,Jazz Kit RX3,DRUM,DRUM_KIT,True,False,6509,5,73,GOOD,13.0,30.0,54.0,86.0,111.0,127.0,127.0,24.0,42.0,59.0,1.0,1.0,12.0,0.007,0.018,0.333,"[{""min"":13,""max"":24,""center"":21.46,""count"":1063,""fraction"":0.16331}]"
121,3,61,Glen & Friends,ACC3,BRASS,False,False,6434,6,76,GOOD,24.0,59.0,75.0,90.0,104.0,109.0,127.0,52.0,60.0,67.0,26.0,55.0,231.6,0.125,0.824,1.0,[]
121,20,27,Clean Guitar 2,ACC2,GUITAR,False,False,6317,8,108,GOOD,28.0,66.0,79.0,93.0,102.0,113.0,127.0,51.0,60.0,67.0,18.0,38.0,96.0,0.078,0.302,1.0,[]
121,13,28,Funk Stein RX2,ACC3,GUITAR,True,False,6249,9,142,GOOD,10.0,61.0,74.0,90.0,108.0,115.0,127.0,48.0,63.0,123.0,20.0,35.0,84.0,0.172,0.667,1.408,"[{""min"":101,""max"":104,""center"":102.13,""count"":459,""fraction"":0.07345},{""min"":120,""max"":127,""center"":123.42,""count"":1090,""fraction"":0.17443}]"
121,12,27,Funky Wah RX,ACC2,GUITAR,True,False,6195,7,65,GOOD,1.0,31.0,39.0,56.0,72.0,84.0,127.0,55.0,64.0,101.0,26.0,45.0,93.0,0.271,0.95,1.083,"[{""min"":84,""max"":105,""center"":97.77,""count"":1460,""fraction"":0.23567}]"
120,0,117,Arabian Kit 2,PERC,DRUM_KIT,False,False,6023,2,63,FALLBACK,14.0,54.0,72.0,84.0,96.0,105.0,127.0,36.0,57.0,84.0,15.0,39.0,74.0,0.271,0.5,1.167,"[{""min"":13,""max"":14,""center"":13.27,""count"":214,""fraction"":0.03553}]"
121,11,24,Nylon Gtr Pro2,ACC4,GUITAR,False,False,5912,5,84,GOOD,1.0,38.0,56.0,74.0,88.0,112.0,127.0,52.0,62.0,105.0,23.0,48.0,142.0,0.25,0.833,1.979,"[{""min"":96,""max"":106,""center"":101.59,""count"":1398,""fraction"":0.23647},{""min"":114,""max"":114,""center"":114.0,""count"":60,""fraction"":0.01015},{""min"":126,""max"":127,""center"":126.33,""count"":359,""fraction"":0.06072}]"
121,14,24,Nylon Slide Pro,ACC1,GUITAR,False,False,5876,9,134,GOOD,18.0,38.0,51.0,66.0,79.0,92.0,127.0,48.0,60.0,100.0,33.0,92.0,533.6,0.429,0.958,4.013,"[{""min"":96,""max"":106,""center"":101.11,""count"":603,""fraction"":0.10262},{""min"":123,""max"":126,""center"":124.5,""count"":109,""fraction"":0.01855}]"
121,4,27,Vintage S.2,ACC3,GUITAR,False,False,5683,8,123,GOOD,11.0,68.0,84.0,98.0,109.0,124.0,127.0,48.0,58.0,70.0,24.0,92.0,575.0,0.172,0.88,2.798,[]
121,4,36,SlapFing Bass RX,BASS,BASS,True,False,5573,17,230,STRONG,20.0,72.0,84.0,92.0,100.0,109.0,127.0,29.0,36.0,43.0,23.0,84.0,255.0,0.292,0.844,1.042,[]
121,14,27,Single Coil Pro,ACC2,GUITAR,False,False,5551,8,94,GOOD,25.0,74.0,87.0,98.0,110.0,115.0,127.0,48.0,60.0,72.0,28.0,55.0,182.0,0.203,0.683,1.094,"[{""min"":96,""max"":105,""center"":100.07,""count"":515,""fraction"":0.09278}]"
120,0,28,House Kit 3,PERC,DRUM_KIT,False,False,5422,7,66,GOOD,4.0,45.0,63.0,80.0,99.0,127.0,127.0,35.0,44.0,82.0,1.0,1.0,769.0,0.01,0.021,0.396,"[{""min"":4,""max"":10,""center"":8.71,""count"":270,""fraction"":0.0498},{""min"":20,""max"":20,""center"":20.0,""count"":120,""fraction"":0.02213},{""min"":82,""max"":88,""center"":83.42,""count"":667,""fraction"":0.12302},{""min"":126,""max"":126,""center"":126.0,""count"":88,""fraction"":0.01623}]"
121,15,24,Nylon Guitar 2,ACC1,GUITAR,False,False,5343,5,105,GOOD,25.0,60.0,67.0,75.0,82.0,87.0,125.0,55.0,63.0,75.0,49.0,116.0,204.0,0.266,0.797,1.031,"[{""min"":122,""max"":127,""center"":123.77,""count"":192,""fraction"":0.03593}]"
121,7,2,Grand&FM Stack,ACC1,PIANO,False,False,5337,8,70,GOOD,11.0,31.0,78.0,91.0,102.0,110.0,126.0,55.0,64.0,99.0,23.0,44.0,556.0,0.208,0.516,0.982,"[{""min"":99,""max"":105,""center"":100.93,""count"":510,""fraction"":0.09556},{""min"":120,""max"":122,""center"":120.69,""count"":96,""fraction"":0.01799}]"
121,29,25,RealFolk Gtr ST1,ACC1,GUITAR,False,False,5311,6,87,GOOD,1.0,37.0,49.0,60.0,74.0,88.0,123.0,43.0,55.0,69.0,31.0,48.0,95.0,0.333,1.0,1.171,"[{""min"":0,""max"":9,""center"":6.0,""count"":131,""fraction"":0.02467},{""min"":96,""max"":102,""center"":98.38,""count"":252,""fraction"":0.04745}]"
121,11,4,Club E. Piano,ACC2,PIANO,False,False,5296,11,160,STRONG,10.0,74.0,84.0,93.0,102.0,108.0,126.0,51.0,60.0,67.0,9.0,63.0,730.5,0.159,0.823,2.5,[]
121,2,61,Tight Brass 3,ACC4,BRASS,False,False,5146,11,134,STRONG,9.0,60.0,80.0,97.0,114.0,123.0,127.0,54.0,67.0,79.0,24.0,50.0,248.0,0.129,0.654,1.167,[]
121,10,25,Mandolin Key Off,ACC4,GUITAR,False,False,5035,3,60,LIMITED,15.0,63.0,75.0,93.0,104.0,104.0,118.0,62.0,72.0,76.0,6.0,20.0,30.0,0.135,0.958,3.5,"[{""min"":43,""max"":48,""center"":46.97,""count"":235,""fraction"":0.04667}]"
121,0,12,Marimba GM,ACC5,CHROMATIC_PERC,False,False,4999,7,90,GOOD,16.0,73.0,87.0,95.0,105.0,110.0,127.0,51.0,60.0,68.0,22.0,32.0,896.6,0.177,0.844,1.92,[]
121,4,4,Vintage EP,ACC1,PIANO,False,False,4938,13,138,STRONG,4.0,52.0,65.0,76.0,91.0,105.0,127.0,53.0,61.0,69.0,15.0,111.0,1246.0,0.118,0.74,1.607,[]
121,7,33,Finger Bass 3,BASS,BASS,False,False,4868,20,263,STRONG,24.0,94.0,100.0,103.0,110.0,115.0,127.0,28.0,36.0,101.0,22.0,84.0,192.0,0.25,0.757,0.99,"[{""min"":100,""max"":124,""center"":102.6,""count"":1602,""fraction"":0.32909}]"
121,2,21,Akordeon,ACC2,ORGAN,False,False,4866,4,104,LIMITED,2.0,74.0,87.0,104.0,110.0,120.0,126.0,55.0,64.0,72.0,23.0,45.0,77.0,0.151,0.438,0.817,[]
121,2,26,Club Jazz Gtr 1,ACC2,GUITAR,False,False,4863,7,97,GOOD,32.0,66.0,79.0,90.0,96.0,106.0,126.0,55.0,62.0,72.0,26.0,48.0,216.0,0.124,0.382,1.061,[]
121,6,49,Movie Strings 2,ACC4,ENSEMBLE,False,False,4835,21,260,STRONG,10.0,47.0,53.0,76.0,95.0,106.0,127.0,53.0,64.0,79.0,57.0,377.0,989.1,0.594,0.997,1.995,[]
120,0,6,Standard Kit RX4,DRUM,DRUM_KIT,True,False,4776,6,64,GOOD,1.0,36.0,56.0,80.0,101.0,120.0,127.0,35.0,42.0,70.0,1.0,14.0,34.0,0.017,0.116,0.511,"[{""min"":20,""max"":20,""center"":20.0,""count"":152,""fraction"":0.03183},{""min"":126,""max"":126,""center"":126.0,""count"":174,""fraction"":0.03643}]"
121,13,33,Finger Bass RX,BASS,BASS,True,False,4774,10,140,STRONG,16.0,76.0,86.0,90.0,96.0,102.0,127.0,31.0,36.0,100.0,23.0,62.0,194.0,0.18,0.734,1.01,"[{""min"":97,""max"":101,""center"":99.84,""count"":829,""fraction"":0.17365},{""min"":110,""max"":116,""center"":113.19,""count"":54,""fraction"":0.01131}]"
121,12,28,Funk Stein RX1,ACC2,GUITAR,True,False,4614,8,70,GOOD,1.0,62.0,72.0,82.0,93.0,105.0,127.0,53.0,63.0,100.0,12.0,28.0,86.0,0.118,0.5,1.0,"[{""min"":98,""max"":105,""center"":100.61,""count"":753,""fraction"":0.1632}]"
121,17,28,Clean Guitar RX4,ACC2,GUITAR,True,False,4604,4,70,LIMITED,3.0,28.0,50.0,62.0,76.0,87.0,125.0,58.0,67.0,122.0,34.0,46.0,64.0,0.446,0.929,1.091,"[{""min"":97,""max"":108,""center"":101.37,""count"":1034,""fraction"":0.22459},{""min"":122,""max"":124,""center"":123.27,""count"":514,""fraction"":0.11164}]"
121,0,32,Acoustic Bass GM,BASS,BASS,False,False,4493,17,268,STRONG,17.0,74.0,84.0,99.0,109.0,116.0,127.0,31.0,36.0,43.0,34.0,118.0,456.0,0.438,0.785,0.995,[]
121,3,48,Stereo Strings,ACC3,ENSEMBLE,False,False,4443,26,315,STRONG,4.0,49.0,64.0,89.0,104.0,114.0,127.0,43.0,65.0,77.0,28.0,120.0,1531.5,0.146,0.75,1.125,[]
121,18,27,Chorus Gtr Pro,ACC3,GUITAR,False,False,4356,12,98,STRONG,1.0,48.0,67.0,96.5,118.0,122.0,126.0,48.0,60.0,67.0,2.0,49.0,719.0,0.021,0.964,2.905,"[{""min"":98,""max"":104,""center"":101.53,""count"":129,""fraction"":0.02961}]"
120,0,11,Techno Kit 1,DRUM,DRUM_KIT,False,False,4338,4,47,LIMITED,20.0,55.0,66.5,84.0,108.0,115.0,127.0,36.0,44.0,70.0,1.0,1.0,44.0,0.017,0.083,0.957,"[{""min"":10,""max"":10,""center"":10.0,""count"":87,""fraction"":0.02006},{""min"":28,""max"":28,""center"":28.0,""count"":195,""fraction"":0.04495},{""min"":78,""max"":82,""center"":81.44,""count"":107,""fraction"":0.02467}]"
120,0,15,Techno Kit 3,PERC,DRUM_KIT,False,False,4271,3,47,LIMITED,1.0,52.0,62.0,84.0,104.0,126.0,127.0,18.0,54.0,81.0,1.0,1.0,1.0,0.01,0.017,0.028,"[{""min"":9,""max"":24,""center"":18.35,""count"":813,""fraction"":0.19035},{""min"":80,""max"":82,""center"":81.08,""count"":800,""fraction"":0.18731}]"
120,0,0,Standard Kit GM,DRUM,DRUM_KIT,False,False,4216,6,85,GOOD,13.0,55.0,81.0,88.0,107.0,116.0,127.0,35.0,44.0,80.0,1.0,8.0,48.0,0.021,0.083,0.833,"[{""min"":2,""max"":13,""center"":7.53,""count"":123,""fraction"":0.02917},{""min"":24,""max"":25,""center"":24.49,""count"":83,""fraction"":0.01969},{""min"":80,""max"":81,""center"":80.13,""count"":438,""fraction"":0.10389}]"
121,2,50,Analog Strings 2,ACC3,ENSEMBLE,False,False,4195,34,276,STRONG,1.0,50.0,64.0,76.0,91.0,102.0,127.0,50.0,60.0,97.0,17.0,335.0,1536.0,0.479,0.997,1.979,"[{""min"":96,""max"":104,""center"":100.19,""count"":478,""fraction"":0.11395}]"
121,1,26,Pedal Steel Gtr1,ACC3,GUITAR,False,False,4173,10,124,STRONG,17.0,43.0,57.0,70.0,87.0,99.0,124.0,48.0,64.0,84.0,39.0,48.0,433.0,0.292,0.906,1.862,"[{""min"":96,""max"":103,""center"":99.15,""count"":341,""fraction"":0.08172},{""min"":124,""max"":125,""center"":124.48,""count"":44,""fraction"":0.01054}]"
120,0,67,i30 Perc. Kit,PERC,DRUM_KIT,False,False,4132,8,144,GOOD,18.0,46.1,69.0,83.0,98.0,115.0,127.0,30.0,46.0,70.0,2.0,26.0,79.0,0.021,0.167,0.588,"[{""min"":22,""max"":33,""center"":29.74,""count"":1035,""fraction"":0.25048},{""min"":42,""max"":53,""center"":46.47,""count"":1459,""fraction"":0.3531}]"
121,21,27,Solid Guitar,ACC2,GUITAR,False,False,4106,7,101,GOOD,17.0,48.0,59.0,72.0,87.0,102.0,127.0,50.0,60.0,97.0,30.0,93.0,388.0,0.218,0.867,3.088,"[{""min"":96,""max"":104,""center"":99.8,""count"":268,""fraction"":0.06527},{""min"":124,""max"":124,""center"":124.0,""count"":167,""fraction"":0.04067}]"
121,21,28,5th Mute Gtr,ACC3,GUITAR,False,False,4082,5,60,GOOD,20.0,31.0,43.0,69.0,92.0,106.0,127.0,55.0,64.0,101.0,22.0,45.0,143.0,0.104,0.859,1.0,"[{""min"":96,""max"":105,""center"":100.96,""count"":628,""fraction"":0.15385},{""min"":122,""max"":122,""center"":122.0,""count"":48,""fraction"":0.01176}]"
121,25,25,Pop SteelGtr RX2,ACC2,GUITAR,True,False,4066,3,56,LIMITED,20.0,55.0,65.0,81.0,93.0,100.0,125.0,55.0,63.0,104.0,42.0,98.0,430.0,0.438,1.022,3.46,"[{""min"":96,""max"":127,""center"":104.98,""count"":938,""fraction"":0.23069}]"
121,3,33,Finger E.Bass2,BASS,BASS,False,False,4014,12,178,STRONG,1.0,72.0,90.0,106.0,114.0,124.0,127.0,31.0,36.0,45.7,27.0,87.0,1536.0,0.373,0.797,1.0,[]
121,7,48,Arco Strings,ACC5,ENSEMBLE,False,False,3936,12,126,STRONG,2.0,70.0,84.0,100.0,108.0,114.0,127.0,50.5,64.0,79.0,22.0,53.0,392.0,0.115,0.438,1.104,[]
121,7,27,New Stra.Guitar,ACC2,GUITAR,False,False,3935,7,89,GOOD,29.0,63.0,72.0,86.0,98.0,110.0,127.0,48.0,60.0,67.0,7.0,78.0,575.0,0.044,0.907,3.562,[]
121,20,25,Steel Guitar 3,ACC1,GUITAR,False,False,3933,7,107,GOOD,19.0,62.0,74.0,87.0,96.0,114.0,124.0,50.0,58.0,65.0,52.0,188.0,568.0,0.949,1.917,4.979,[]
120,0,73,Techno Kit RX,DRUM,DRUM_KIT,True,False,3823,3,44,LIMITED,1.0,43.0,74.0,103.0,114.0,127.0,127.0,35.0,42.0,80.0,1.0,1.0,1.0,0.01,0.017,0.028,"[{""min"":22,""max"":24,""center"":23.12,""count"":188,""fraction"":0.04918},{""min"":80,""max"":88,""center"":82.42,""count"":538,""fraction"":0.14073}]"
121,13,25,Steel Slide Pro1,ACC1,GUITAR,False,False,3765,3,51,LIMITED,35.0,70.0,70.0,80.0,90.0,93.0,121.0,55.0,60.0,98.0,34.0,46.0,94.0,0.245,0.818,1.939,"[{""min"":96,""max"":110,""center"":100.32,""count"":944,""fraction"":0.25073}]"
121,6,35,Woofer Pusher B.,BASS,BASS,False,False,3722,15,216,STRONG,28.0,80.0,87.0,100.0,108.0,111.0,127.0,26.0,36.0,91.6,12.0,70.0,264.0,0.24,0.75,1.0,"[{""min"":97,""max"":106,""center"":100.51,""count"":296,""fraction"":0.07953}]"
120,0,13,HipHop Kit 2,PERC,DRUM_KIT,False,False,3629,6,86,GOOD,18.0,50.0,72.0,101.0,117.0,126.0,127.0,35.0,42.0,82.0,1.0,1.0,47.0,0.01,0.01,0.49,"[{""min"":9,""max"":21,""center"":10.82,""count"":165,""fraction"":0.04547},{""min"":78,""max"":82,""center"":81.85,""count"":415,""fraction"":0.11436}]"
121,4,28,R&R Guitar,ACC3,GUITAR,False,False,3579,3,52,LIMITED,25.0,73.8,87.0,97.0,104.0,111.0,122.0,55.0,60.0,72.0,13.0,26.0,53.0,0.203,0.531,0.986,[]
121,5,48,i3 Strings,ACC3,ENSEMBLE,False,False,3483,19,170,STRONG,1.0,66.0,82.0,98.0,106.0,116.0,127.0,55.0,67.0,84.0,24.0,53.0,1151.0,0.235,0.87,1.95,[]
121,18,4,Tine E.Piano RX,ACC1,PIANO,True,False,3424,13,101,STRONG,27.0,68.0,78.0,86.0,98.0,107.0,127.0,51.0,60.0,67.0,19.0,83.0,603.7,0.151,0.661,1.244,[]
121,3,27,Chorus Guitar,ACC2,GUITAR,False,False,3406,3,47,LIMITED,1.0,62.0,66.0,84.0,92.0,98.0,126.0,36.0,43.0,57.0,24.0,24.0,48.0,0.188,0.375,1.0,[]
121,16,24,RealNylon Gtr ST,ACC3,GUITAR,False,False,3095,5,51,GOOD,1.0,56.0,59.0,71.0,80.0,90.0,125.0,46.0,54.0,65.0,24.0,48.0,48.0,0.375,0.585,1.0,"[{""min"":0,""max"":9,""center"":4.89,""count"":79,""fraction"":0.02553},{""min"":98,""max"":101,""center"":99.75,""count"":64,""fraction"":0.02068}]"
121,10,0,Grand Piano RX,ACC1,PIANO,True,False,3056,6,38,GOOD,10.0,67.0,92.0,118.0,122.0,122.0,127.0,48.0,64.0,72.0,30.0,839.0,53639.0,0.214,0.982,5.1,"[{""min"":6,""max"":11,""center"":8.33,""count"":48,""fraction"":0.01571},{""min"":97,""max"":97,""center"":97.0,""count"":32,""fraction"":0.01047},{""min"":110,""max"":116,""center"":113.33,""count"":48,""fraction"":0.01571}]"
121,19,4,Tine E.Piano,ACC1,PIANO,False,False,3022,11,120,STRONG,10.0,65.0,72.0,82.0,92.0,100.0,126.0,51.0,60.0,67.0,32.0,208.0,1224.3,0.25,0.909,1.27,[]
121,9,33,Bright Finger B.,BASS,BASS,False,False,3019,9,146,GOOD,36.0,85.0,99.0,107.0,119.0,127.0,127.0,29.0,36.0,100.0,16.0,82.0,260.2,0.271,0.722,1.0,"[{""min"":96,""max"":106,""center"":99.74,""count"":444,""fraction"":0.14707},{""min"":120,""max"":124,""center"":121.49,""count"":98,""fraction"":0.03246}]"
121,1,66,Tenor Sax Noise1,ACC1,REED,False,False,3006,5,53,GOOD,2.0,54.0,68.0,82.0,98.75,110.5,127.0,51.0,60.0,67.0,26.0,46.0,188.0,0.084,0.875,1.591,[]
120,0,96,Elektro Kit 1,DRUM,DRUM_KIT,False,False,2974,2,49,FALLBACK,15.0,77.3,100.0,110.0,120.0,126.0,127.0,35.0,42.0,80.0,22.0,48.0,48.0,0.229,0.5,1.0,"[{""min"":80,""max"":81,""center"":80.65,""count"":305,""fraction"":0.10256}]"
121,1,0,Ac. Piano Wide,ACC1,PIANO,False,False,2935,5,74,GOOD,36.0,69.0,88.0,92.0,99.0,107.0,127.0,43.0,60.0,76.0,32.0,48.0,191.0,0.271,0.75,1.492,[]
121,1,71,Jazz Clarinet,ACC5,REED,False,False,2925,10,133,STRONG,36.0,88.0,96.0,103.0,114.0,116.0,127.0,62.0,72.0,79.0,38.0,62.0,170.0,0.224,0.812,0.99,[]
121,5,26,Soft Jazz Guitar,ACC2,GUITAR,False,False,2894,6,50,GOOD,18.0,25.0,50.0,74.0,100.0,118.0,127.0,51.0,60.0,79.0,28.0,91.0,242.2,0.146,0.543,1.006,[]
121,3,4,60's E. Piano,ACC1,PIANO,False,False,2877,4,40,LIMITED,28.0,61.2,86.0,102.0,110.0,116.0,127.0,48.0,62.0,75.0,16.0,120.0,3942.0,0.179,0.693,1.614,[]
121,16,28,Clean Guitar RX3,ACC2,GUITAR,True,False,2843,7,54,GOOD,5.0,29.0,43.0,64.0,78.0,87.0,127.0,53.0,60.0,100.0,37.0,47.0,170.0,0.49,0.979,2.0,"[{""min"":96,""max"":103,""center"":99.64,""count"":707,""fraction"":0.24868}]"
121,5,25,Steel 12 String,ACC3,GUITAR,False,False,2831,2,29,FALLBACK,17.0,53.0,72.0,103.0,110.0,117.0,127.0,48.0,60.0,100.0,47.0,188.0,16814.6,0.25,1.027,3.317,"[{""min"":96,""max"":104,""center"":99.96,""count"":500,""fraction"":0.17662}]"
121,30,25,RealFolk Gtr ST2,ACC5,GUITAR,False,False,2737,5,40,GOOD,1.0,42.0,49.0,64.0,78.0,90.0,106.0,44.0,54.0,69.0,33.6,48.0,48.0,0.4,0.5,1.333,"[{""min"":0,""max"":11,""center"":5.58,""count"":137,""fraction"":0.05005},{""min"":84,""max"":90,""center"":87.71,""count"":136,""fraction"":0.04969}]"
121,0,1,Bright Piano GM,ACC1,PIANO,False,False,2736,7,100,GOOD,32.0,76.0,76.0,90.0,101.0,112.0,124.0,55.0,66.0,75.5,31.0,95.0,900.0,0.161,0.709,1.589,[]
121,1,35,Fretless Bass 2,BASS,BASS,False,False,2690,7,152,GOOD,12.0,82.0,92.0,104.0,111.0,116.0,127.0,29.0,36.0,43.0,38.0,66.0,404.0,0.292,0.844,1.047,[]
121,3,32,Acous. Bass Pro1,BASS,BASS,False,False,2679,10,175,STRONG,14.0,69.8,80.0,92.0,104.0,114.0,127.0,31.0,38.0,48.0,40.0,129.0,258.0,0.49,0.833,1.0,[]
121,28,61,Tight Brass Pro,ACC5,BRASS,False,False,2674,7,91,GOOD,1.0,68.0,85.0,99.0,112.0,123.0,127.0,58.0,67.0,77.0,20.0,55.0,194.0,0.1,0.688,1.086,[]
120,0,10,Jungle Kit,DRUM,DRUM_KIT,False,False,2607,2,17,FALLBACK,30.0,68.0,92.0,105.0,116.0,127.0,127.0,36.0,49.0,78.0,1.0,1.0,1.0,0.01,0.017,0.028,"[{""min"":68,""max"":70,""center"":69.12,""count"":208,""fraction"":0.07979},{""min"":78,""max"":79,""center"":78.48,""count"":508,""fraction"":0.19486}]"
120,0,9,HipHop Kit 1,PERC,DRUM_KIT,False,False,2594,2,27,FALLBACK,15.0,48.0,52.0,61.0,82.0,103.7,127.0,35.0,42.0,54.0,1.0,1.0,1.0,0.016,0.021,0.031,[]
121,11,91,Fresh Air 2,ACC4,SYNTH_PAD,False,False,2578,14,230,STRONG,31.0,66.0,82.0,107.0,115.0,122.0,127.0,55.0,67.0,76.0,48.0,185.5,1151.0,0.417,0.947,1.186,[]
121,9,25,Steel Folk Gtr,ACC2,GUITAR,False,False,2550,2,41,FALLBACK,1.0,65.0,76.0,80.0,92.0,92.0,111.0,49.0,53.0,57.0,48.0,48.0,79.2,0.5,1.0,1.333,"[{""min"":0,""max"":7,""center"":4.33,""count"":48,""fraction"":0.01882}]"
121,12,48,Chamber Strings,ACC3,ENSEMBLE,False,False,2525,1,18,FALLBACK,25.0,64.0,80.0,95.0,104.0,113.0,127.0,55.0,62.0,74.0,17.0,24.0,104.0,0.135,0.354,1.078,[]
121,5,0,Jazz Piano,ACC1,PIANO,False,False,2455,7,86,GOOD,4.0,58.0,66.0,77.0,92.0,105.0,127.0,50.0,60.0,69.0,19.0,83.0,708.0,0.083,0.711,2.317,[]
121,23,61,Sforzato Brass,ACC2,BRASS,False,False,2451,8,84,GOOD,32.0,68.0,82.0,94.0,104.0,115.0,127.0,55.0,62.0,72.0,17.0,100.0,50710.8,0.097,0.489,1.001,[]
121,7,4,Studio EP,ACC4,PIANO,False,False,2445,8,79,GOOD,10.0,58.0,68.0,86.0,99.0,103.0,127.0,55.0,64.0,75.0,26.0,191.0,768.0,0.229,0.991,2.596,[]
121,27,61,Tight Brass 1,ACC2,BRASS,False,False,2432,9,79,GOOD,1.0,53.0,92.0,102.0,114.0,121.0,127.0,55.0,67.0,76.0,15.0,40.0,146.0,0.083,0.559,1.067,[]
121,0,46,Harp GM,ACC2,STRINGS,False,False,2370,6,55,GOOD,26.0,64.0,76.25,84.0,92.0,105.0,127.0,55.0,64.0,84.0,14.0,34.5,195.0,0.218,0.973,1.909,[]
121,9,30,Dist. Guitar RX1,ACC1,GUITAR,True,False,2361,5,76,GOOD,1.0,35.0,43.0,63.0,84.0,86.0,127.0,48.0,55.0,62.0,6.0,48.0,125.0,0.123,0.654,0.997,"[{""min"":84,""max"":86,""center"":85.0,""count"":45,""fraction"":0.01906},{""min"":124,""max"":124,""center"":124.0,""count"":40,""fraction"":0.01694}]"
120,0,50,Bdrum&Sdrum Kit,PERC,DRUM_KIT,False,False,2319,4,62,LIMITED,27.0,46.0,63.0,86.0,110.0,120.0,127.0,25.0,63.0,87.0,1.0,1.0,12.0,0.01,0.021,0.333,"[{""min"":17,""max"":17,""center"":17.0,""count"":179,""fraction"":0.07719},{""min"":80,""max"":87,""center"":82.84,""count"":830,""fraction"":0.35791},{""min"":99,""max"":107,""center"":103.25,""count"":184,""fraction"":0.07934}]"
121,18,21,French Musette,ACC4,ACCORDION_REED,False,False,2319,3,57,LIMITED,8.0,55.0,64.0,74.0,88.0,100.0,127.0,65.0,74.0,81.0,16.0,27.0,44.0,0.083,0.326,0.854,[]
121,2,34,Picked E.Bass 3,BASS,BASS,False,False,2316,9,158,GOOD,1.0,84.0,93.0,105.0,114.0,114.0,127.0,24.0,36.0,43.0,36.0,101.0,279.0,0.279,0.819,0.979,[]
121,6,26,JazzGtr SlidePro,ACC2,GUITAR,False,False,2313,2,50,FALLBACK,74.0,80.0,83.0,92.0,102.0,109.0,127.0,55.0,60.0,99.0,25.0,57.0,177.0,0.135,0.698,0.979,"[{""min"":96,""max"":105,""center"":100.55,""count"":328,""fraction"":0.14181}]"
121,1,45,Pizz. Ensemble,ACC1,STRINGS,False,False,2211,5,69,GOOD,20.0,70.0,85.0,93.0,111.0,127.0,127.0,40.0,62.0,72.0,12.0,21.0,94.0,0.115,0.222,0.646,[]
121,11,61,Trombones,ACC4,BRASS,False,False,2139,5,70,GOOD,32.0,90.0,102.0,111.0,118.0,126.0,127.0,50.0,63.0,76.2,30.0,48.0,132.0,0.083,0.24,1.0,[]
120,0,72,Hip Hop Kit RX,DRUM,DRUM_KIT,True,False,2097,2,34,FALLBACK,27.0,62.0,68.0,95.0,108.0,115.0,127.0,12.0,39.0,54.0,1.0,1.0,16.0,0.01,0.019,0.192,"[{""min"":9,""max"":23,""center"":14.69,""count"":587,""fraction"":0.27992}]"
121,5,4,Pro Dyno EP,ACC1,PIANO,False,False,2034,6,46,GOOD,15.0,62.0,72.0,85.0,95.0,106.0,127.0,55.0,63.0,72.0,14.0,42.0,462.0,0.146,0.562,1.5,[]
121,2,33,Finger E.Bass1,BASS,BASS,False,False,1990,4,85,LIMITED,40.0,92.0,111.0,122.0,126.0,127.0,127.0,31.0,36.0,45.0,30.0,84.0,278.0,0.552,0.896,1.014,[]
121,6,27,Single Coil,ACC3,GUITAR,False,False,1983,5,43,GOOD,9.0,51.0,61.0,80.0,109.0,122.0,127.0,60.0,67.0,79.0,14.0,40.0,153.8,0.094,0.625,1.167,[]
121,31,27,Real El. Guitar2,ACC4,GUITAR,False,False,1950,1,20,FALLBACK,1.0,45.0,61.0,64.0,71.0,76.0,127.0,45.0,53.0,63.0,1.0,24.0,48.0,0.042,0.667,2.0,[]
121,0,34,Picked E.Bass GM,BASS,BASS,False,False,1912,4,77,LIMITED,32.0,86.0,118.0,122.0,124.0,127.0,127.0,31.0,36.0,43.0,68.0,86.0,263.0,0.633,0.81,0.99,[]
121,1,28,Funky Cut Gtr,ACC1,GUITAR,False,False,1910,1,28,FALLBACK,25.0,65.0,86.0,104.0,110.0,113.0,127.0,52.0,62.0,67.0,21.0,38.0,146.0,0.062,0.93,1.0,[]
121,1,115,Castanets,PERC,PERCUSSIVE,False,False,1894,1,25,FALLBACK,59.0,83.0,95.0,107.0,117.0,123.0,127.0,45.0,47.0,52.0,9.0,14.0,20.0,0.158,0.394,4.367,[]
120,0,32,Jazz Kit GM,DRUM,DRUM_KIT,False,False,1859,3,58,LIMITED,15.0,82.0,92.0,101.0,120.0,121.0,127.0,36.0,38.0,49.0,23.0,45.0,127.0,0.12,0.49,0.938,[]
121,0,3,Honky-Tonk GM,ACC1,PIANO,False,False,1858,2,27,FALLBACK,24.0,40.0,47.0,72.0,78.0,87.0,121.0,36.0,43.0,50.0,34.0,53.0,78.0,0.426,0.583,0.929,[]
121,0,105,Banjo GM,ACC3,ETHNIC,False,False,1851,2,37,FALLBACK,44.0,68.0,77.0,84.0,91.0,96.0,115.0,54.0,62.0,69.0,29.0,112.0,237.0,0.5,2.106,4.676,[]
121,1,34,Picked E.Bass 2,BASS,BASS,False,False,1847,4,65,LIMITED,57.0,84.0,97.0,106.0,113.0,118.0,126.0,31.0,36.0,43.0,30.0,62.0,116.0,0.333,0.833,0.979,[]
121,20,4,Suit E.Piano 1,ACC1,PIANO,False,False,1784,6,36,GOOD,44.0,74.0,86.0,89.0,102.0,108.0,121.0,52.0,59.0,64.0,21.0,113.0,765.0,0.229,0.972,1.812,"[{""min"":36,""max"":39,""center"":37.46,""count"":52,""fraction"":0.02915}]"
121,7,32,Acous. Bass RX,BASS,BASS,True,False,1772,5,102,GOOD,14.0,73.0,81.0,87.0,96.0,103.0,121.0,31.0,36.0,45.0,30.1,148.0,287.9,0.5,0.877,1.01,[]
120,0,17,Power Kit 2,PERC,DRUM_KIT,False,False,1769,1,21,FALLBACK,28.0,70.0,84.0,96.0,108.0,114.0,127.0,35.0,42.0,59.0,1.0,8.0,54.0,0.021,0.167,0.854,"[{""min"":8,""max"":13,""center"":12.36,""count"":47,""fraction"":0.02657},{""min"":70,""max"":70,""center"":70.0,""count"":150,""fraction"":0.08479}]"
121,5,18,BX3 Rock 3 V.,ACC4,ORGAN,False,False,1758,4,42,LIMITED,4.0,45.0,67.0,91.5,105.0,111.0,127.0,52.0,71.0,82.0,8.0,60.0,569.0,0.22,1.256,4.124,[]
120,0,3,Ambient Kit RX,DRUM,DRUM_KIT,True,False,1738,2,31,FALLBACK,4.0,44.0,53.0,77.0,108.0,127.0,127.0,19.0,49.0,69.0,1.0,11.0,19083.0,0.021,0.229,0.473,"[{""min"":2,""max"":19,""center"":10.77,""count"":201,""fraction"":0.11565}]"
121,4,23,"Acc.16,8' & Bass",ACC5,ORGAN,False,False,1710,2,36,FALLBACK,62.0,65.0,73.0,75.0,85.0,108.0,127.0,48.0,70.0,76.0,30.0,30.0,62.0,0.312,0.312,0.646,[]
121,4,0,Classic Piano,ACC2,PIANO,False,False,1658,4,38,LIMITED,23.0,64.0,74.0,86.0,99.0,114.0,127.0,55.7,66.0,82.0,10.0,71.5,448.3,0.104,0.699,1.446,[]
121,5,28,Stra. Chime,ACC4,GUITAR,False,False,1639,2,34,FALLBACK,32.0,72.0,86.0,96.0,111.0,119.0,127.0,48.0,63.0,72.0,37.0,45.0,392.0,0.25,0.999,2.0,"[{""min"":96,""max"":105,""center"":101.28,""count"":128,""fraction"":0.0781}]"
121,5,2,Chorus Piano,ACC1,PIANO,False,False,1627,5,56,GOOD,24.0,56.0,64.0,81.0,96.0,102.0,127.0,52.0,62.0,72.0,23.0,189.0,670.0,0.221,0.992,3.875,[]
121,2,28,Mute Vel. Gtr,ACC3,GUITAR,False,False,1613,3,40,LIMITED,23.0,45.0,68.0,92.0,102.0,114.0,127.0,48.0,58.0,60.0,21.0,38.0,51.0,0.198,0.679,0.958,[]
121,10,30,Dist. Guitar RX2,ACC5,GUITAR,True,False,1598,7,47,GOOD,1.0,34.0,48.0,60.0,93.0,113.0,127.0,48.0,51.5,65.0,6.0,52.0,150.0,0.125,0.95,1.0,[]
121,3,45,Double Strings,ACC3,STRINGS,False,False,1587,3,64,LIMITED,2.0,10.0,18.0,76.0,92.0,102.0,127.0,53.6,67.0,79.0,21.0,60.0,383.0,0.137,0.99,1.212,[]
121,0,26,Jazz Guitar GM,ACC1,GUITAR,False,False,1585,2,34,FALLBACK,17.0,60.0,70.0,80.0,100.0,100.0,118.0,55.0,60.0,64.0,28.0,56.0,180.0,0.192,0.562,0.978,[]
121,10,4,Dyno Tine EP 1,ACC2,PIANO,False,False,1520,5,52,GOOD,36.0,68.0,71.0,84.0,94.0,104.0,127.0,52.0,62.0,69.0,22.9,185.0,854.0,0.152,0.938,1.5,[]
121,6,89,Dark Pad,ACC4,SYNTH_PAD,False,False,1503,15,135,STRONG,1.0,58.0,70.0,82.0,96.0,111.0,127.0,54.0,62.0,68.0,48.2,630.0,1559.8,0.745,0.999,2.172,[]
121,1,32,Ac. Bass Buzz,BASS,BASS,False,False,1437,3,78,LIMITED,32.0,75.0,86.0,105.0,108.0,117.0,127.0,34.0,38.0,46.0,84.0,172.0,311.6,0.551,0.891,0.995,"[{""min"":6,""max"":8,""center"":7.44,""count"":18,""fraction"":0.01253},{""min"":97,""max"":103,""center"":100.0,""count"":15,""fraction"":0.01044}]"
121,16,21,2 Voices Musette,ACC1,ACCORDION_REED,False,False,1420,1,27,FALLBACK,39.0,82.0,89.0,91.0,98.0,105.0,120.0,55.0,64.0,72.2,44.0,60.0,96.0,0.302,0.583,0.99,[]
121,2,40,Violin Expr. 1,ACC5,STRINGS,False,False,1408,3,32,LIMITED,36.0,76.0,84.0,93.0,99.0,112.0,127.0,50.0,62.0,74.0,18.0,28.0,150.0,0.135,0.281,0.786,[]
121,5,57,Pitch Trombone,ACC2,BRASS,False,False,1370,1,25,FALLBACK,33.0,57.0,61.0,84.0,101.0,111.0,120.0,52.0,60.0,64.0,26.0,34.0,128.3,0.135,0.266,0.971,[]
121,13,5,White Pad EP,ACC1,SYNTH_PAD,False,False,1368,6,30,GOOD,52.0,70.0,92.0,102.0,112.0,118.0,127.0,48.0,62.0,74.0,16.0,40.0,402.0,0.157,0.458,0.966,"[{""min"":84,""max"":84,""center"":84.0,""count"":50,""fraction"":0.03655},{""min"":96,""max"":96,""center"":96.0,""count"":50,""fraction"":0.03655}]"
121,8,0,Rock Piano,ACC2,PIANO,False,False,1350,5,18,GOOD,33.0,75.0,87.0,102.0,112.0,117.0,124.0,46.0,63.0,104.0,23.0,61.0,210.0,0.391,0.925,1.124,"[{""min"":36,""max"":36,""center"":36.0,""count"":105,""fraction"":0.07778},{""min"":98,""max"":106,""center"":102.83,""count"":72,""fraction"":0.05333},{""min"":120,""max"":124,""center"":121.21,""count"":102,""fraction"":0.07556}]"
121,9,52,Oh-Ah Voices,ACC5,ENSEMBLE,False,False,1349,5,59,GOOD,17.0,65.0,71.0,83.0,114.0,126.0,127.0,52.0,60.0,67.0,19.0,306.0,1157.0,0.203,0.995,2.995,[]
121,16,61,Brass & Sax,ACC5,BRASS,False,False,1348,3,26,LIMITED,55.0,75.0,86.0,97.0,114.0,115.0,127.0,48.0,60.0,67.0,20.0,63.0,127.0,0.122,0.417,1.036,[]
121,4,35,Dark R&B Bass1,BASS,BASS,False,False,1341,6,89,GOOD,32.0,76.0,85.0,90.0,106.0,125.0,127.0,24.0,36.0,43.0,30.7,107.0,239.0,0.251,0.594,1.0,[]
121,0,11,Vibraphone 1 GM,ACC3,CHROMATIC_PERC,False,False,1335,7,87,GOOD,46.0,62.0,77.0,84.0,100.0,112.0,127.0,63.0,72.0,79.0,35.0,134.0,766.0,0.245,0.844,1.0,[]
121,1,1,Bright PianoWide,ACC1,PIANO,False,False,1331,2,12,FALLBACK,34.0,62.0,82.0,96.0,102.0,108.0,127.0,71.0,79.0,84.0,17.0,27.0,47.0,0.156,0.281,0.49,[]
121,21,4,Suit E.Piano 2,ACC1,PIANO,False,False,1319,9,50,GOOD,16.0,58.0,63.0,78.0,90.0,104.0,117.0,55.0,60.0,67.0,19.0,109.0,1149.8,0.146,0.771,1.398,[]
121,2,102,Echo Pan,ACC5,SYNTH_FX,False,False,1311,2,25,FALLBACK,35.0,85.0,94.0,101.0,112.0,117.0,127.0,58.0,62.0,64.0,23.0,23.0,23.0,0.24,0.24,0.479,[]
120,0,97,Elektro Kit 2,DRUM,DRUM_KIT,False,False,1307,1,25,FALLBACK,58.0,91.0,99.5,104.0,117.0,122.0,126.0,36.0,42.0,54.0,23.0,23.0,23.0,0.24,0.24,0.479,[]
121,0,48,Strings Ens.1 GM,ACC4,ENSEMBLE,False,False,1305,8,76,GOOD,20.0,50.0,69.0,96.0,112.0,127.0,127.0,55.0,67.0,82.0,47.0,190.0,767.0,0.495,0.99,1.3,[]
121,0,9,Glockenspiel GM,ACC3,CHROMATIC_PERC,False,False,1297,4,39,LIMITED,34.0,39.0,54.0,78.0,93.0,112.0,127.0,84.0,93.0,100.0,22.0,28.0,177.0,0.115,0.328,0.957,[]
121,0,21,Accordion GM,ACC1,ACCORDION_REED,False,False,1281,3,48,LIMITED,42.0,63.0,78.0,90.0,96.0,106.0,127.0,54.0,60.0,66.0,18.0,40.0,691.0,0.07,0.292,5.5,[]
121,23,21,Master Accordion,ACC5,ACCORDION_REED,False,False,1275,6,44,GOOD,32.0,59.0,78.0,93.0,105.0,117.0,127.0,72.0,78.0,84.0,20.0,31.0,94.6,0.12,0.458,1.167,[]
121,26,21,Steirisch.Akk.2,ACC3,ACCORDION_REED,False,False,1268,2,28,FALLBACK,8.0,50.0,51.0,51.0,51.0,53.0,84.0,63.0,67.0,73.0,19.0,54.5,114.0,0.396,0.562,0.906,[]
121,11,38,Digi Bass 3,BASS,BASS,False,False,1264,3,57,LIMITED,36.0,68.0,76.0,92.0,100.0,108.0,127.0,33.0,36.0,46.0,16.0,53.0,117.0,0.297,0.562,0.849,"[{""min"":56,""max"":58,""center"":57.75,""count"":48,""fraction"":0.03797}]"
121,0,50,Synth Strings1GM,ACC4,ENSEMBLE,False,False,1259,9,46,GOOD,20.0,39.0,52.0,60.0,76.0,88.0,122.0,50.0,60.0,102.0,2.0,287.0,3083.2,0.021,0.917,1.468,"[{""min"":96,""max"":104,""center"":100.11,""count"":272,""fraction"":0.21604},{""min"":114,""max"":114,""center"":114.0,""count"":20,""fraction"":0.01589},{""min"":126,""max"":126,""center"":126.0,""count"":48,""fraction"":0.03813}]"
121,11,65,Cool Sax Ens.,ACC3,REED,False,False,1259,3,42,LIMITED,48.0,72.0,80.0,104.0,108.0,112.0,127.0,55.0,62.0,67.0,43.0,94.0,318.0,0.072,0.896,0.99,[]
121,2,65,Sax Ensemble,ACC2,REED,False,False,1258,5,53,GOOD,36.0,58.0,72.0,87.0,115.0,115.0,125.0,51.0,60.0,72.0,36.0,79.0,356.3,0.075,0.75,1.024,[]
121,4,48,Legato Strings,ACC4,ENSEMBLE,False,False,1249,7,83,GOOD,1.0,56.0,71.0,91.0,107.0,116.0,127.0,52.0,60.0,75.2,26.0,208.0,1254.0,0.158,0.995,1.149,[]
121,10,56,Trumpet Pro 1,ACC5,BRASS,False,False,1243,6,42,GOOD,36.0,69.0,92.0,107.0,120.0,127.0,127.0,63.0,72.0,84.0,27.0,59.0,374.0,0.186,0.667,1.08,[]
121,13,48,Arabic Strings,ACC5,ENSEMBLE,False,False,1233,4,52,LIMITED,29.0,74.0,87.0,100.0,111.0,115.0,127.0,59.0,72.0,84.0,26.0,43.0,236.8,0.222,0.867,1.208,[]
121,1,58,Oberkr. Tuba,BASS,BRASS,False,False,1228,5,123,GOOD,2.0,93.0,94.75,105.0,114.0,115.0,127.0,31.0,36.0,48.0,80.0,142.0,383.0,0.49,0.833,0.979,"[{""min"":101,""max"":101,""center"":101.0,""count"":105,""fraction"":0.0855}]"
121,11,33,More mid! Bass,BASS,BASS,False,False,1197,3,46,LIMITED,61.0,101.0,101.0,110.0,113.0,120.0,127.0,28.0,36.0,97.0,12.0,54.0,133.0,0.25,0.75,0.967,"[{""min"":97,""max"":105,""center"":99.26,""count"":114,""fraction"":0.09524},{""min"":117,""max"":120,""center"":118.0,""count"":12,""fraction"":0.01003}]"
121,9,4,Thin E. Piano,ACC1,PIANO,False,False,1185,4,19,LIMITED,37.0,70.8,83.0,88.0,96.0,102.0,114.0,53.0,60.0,68.0,24.0,48.0,300.0,0.25,0.8,1.946,[]
120,0,19,Power Kit RX2,PERC,DRUM_KIT,True,False,1182,1,15,FALLBACK,20.0,39.0,39.0,63.0,113.0,127.0,127.0,17.0,54.0,69.0,1.0,2.0,10.0,0.024,0.108,0.294,"[{""min"":9,""max"":9,""center"":9.0,""count"":109,""fraction"":0.09222},{""min"":17,""max"":18,""center"":17.23,""count"":75,""fraction"":0.06345},{""min"":69,""max"":69,""center"":69.0,""count"":318,""fraction"":0.26904},{""min"":82,""max"":82,""center"":82.0,""count"":40,""fraction"":0.03384},{""min"":127,""max"":127,""center"":127.0,""count"":13,""fraction"":0.011}]"
121,4,71,Section Winds 2,ACC1,REED,False,False,1176,2,37,FALLBACK,60.0,78.0,88.0,96.0,106.0,112.0,127.0,60.0,79.0,91.0,21.0,27.0,128.0,0.12,0.851,1.076,[]
121,15,28,Clean Guitar RX2,ACC1,GUITAR,True,False,1167,3,53,LIMITED,30.0,37.0,86.0,90.0,95.0,98.0,127.0,50.0,60.0,67.0,18.0,99.0,767.0,0.167,0.526,1.0,[]
121,1,22,Sweet Harmonica,ACC4,ACCORDION_REED,False,False,1162,7,39,GOOD,11.0,46.0,65.0,92.0,103.0,110.0,127.0,58.0,67.0,77.0,11.0,28.0,396.5,0.114,0.797,2.175,[]
120,0,74,Dance Kit RX,DRUM,DRUM_KIT,True,False,1162,1,28,FALLBACK,14.0,92.0,120.0,120.0,122.0,127.0,127.0,36.0,42.0,82.0,47.0,48.0,48.0,0.5,1.0,1.0,"[{""min"":54,""max"":57,""center"":54.92,""count"":137,""fraction"":0.1179},{""min"":69,""max"":69,""center"":69.0,""count"":112,""fraction"":0.09639},{""min"":82,""max"":82,""center"":82.0,""count"":224,""fraction"":0.19277}]"
121,2,87,Electro Lead,ACC4,SYNTH_LEAD,False,False,1149,2,30,FALLBACK,8.0,43.0,50.0,59.0,68.0,86.0,127.0,34.0,46.0,48.0,14.0,24.0,42.2,0.271,0.458,0.667,"[{""min"":56,""max"":70,""center"":62.88,""count"":69,""fraction"":0.06005}]"
121,4,26,Pedal Steel Gtr2,ACC3,GUITAR,False,False,1139,2,46,FALLBACK,32.0,80.0,99.0,110.0,110.0,126.0,126.0,60.0,67.0,76.0,90.0,352.0,1522.0,0.881,0.999,1.984,[]
121,0,4,E. Piano 1 GM,ACC1,PIANO,False,False,1120,4,42,LIMITED,12.0,58.0,73.0,84.0,97.0,105.0,118.0,50.0,58.0,67.0,24.9,354.0,1103.0,0.292,0.997,4.99,[]
120,0,12,Room Kit 2,DRUM,DRUM_KIT,False,False,1117,2,26,FALLBACK,16.0,37.0,65.0,95.0,114.0,127.0,127.0,9.6,42.0,70.0,1.0,1.0,16.0,0.018,0.021,0.167,"[{""min"":9,""max"":18,""center"":12.33,""count"":189,""fraction"":0.1692},{""min"":69,""max"":70,""center"":69.47,""count"":241,""fraction"":0.21576}]"
121,0,110,Fiddle GM,ACC4,ETHNIC,False,False,1112,2,27,FALLBACK,39.0,72.0,85.0,96.0,99.0,105.0,127.0,62.0,69.0,78.0,23.0,48.0,167.0,0.174,0.491,1.857,[]
121,31,25,Real Steel Gtr,ACC3,GUITAR,False,False,1109,3,11,LIMITED,1.0,60.0,76.0,85.0,94.0,108.0,123.0,45.0,53.0,64.0,45.0,240.0,51680.0,0.457,1.0,3.048,"[{""min"":0,""max"":7,""center"":3.67,""count"":15,""fraction"":0.01353},{""min"":84,""max"":85,""center"":84.3,""count"":27,""fraction"":0.02435}]"
121,7,61,Trpts & Brass,ACC4,BRASS,False,False,1103,4,33,LIMITED,73.0,102.0,104.0,104.0,104.0,108.0,127.0,52.0,60.0,72.0,34.0,94.0,364.0,0.271,0.771,0.99,[]
121,6,25,Hackbrett,ACC2,GUITAR,False,False,1100,3,48,LIMITED,48.0,64.0,80.0,94.0,104.0,106.0,127.0,60.0,67.0,101.0,30.0,94.0,370.0,0.312,0.958,2.86,"[{""min"":101,""max"":109,""center"":103.06,""count"":124,""fraction"":0.11273}]"
121,7,30,Solo Dist.Guitar,ACC5,GUITAR,False,False,1089,1,14,FALLBACK,33.0,49.0,75.0,82.0,90.0,97.0,127.0,45.0,64.0,83.0,2.0,22.0,46.0,0.09,0.917,1.0,"[{""min"":45,""max"":45,""center"":45.0,""count"":472,""fraction"":0.43343}]"
121,8,89,Analog Pad 1,ACC3,SYNTH_PAD,False,False,1082,9,74,GOOD,4.0,53.1,66.0,78.0,100.0,108.0,127.0,48.0,60.0,74.0,34.0,113.5,1535.0,0.354,0.979,1.167,[]
121,10,34,Picked Bass RX,BASS,BASS,True,False,1071,4,60,LIMITED,22.0,50.0,76.0,84.0,90.0,97.0,127.0,31.0,36.0,48.0,23.0,71.0,197.0,0.25,0.802,1.021,"[{""min"":97,""max"":106,""center"":101.07,""count"":68,""fraction"":0.06349}]"
121,29,61,Tight Brass 2,ACC3,BRASS,False,False,1070,5,29,GOOD,14.0,58.0,70.0,103.5,122.0,126.0,127.0,55.0,67.0,79.0,16.0,28.0,176.0,0.062,0.305,1.5,[]
120,0,18,Power Kit RX1,DRUM,DRUM_KIT,True,False,1059,3,39,LIMITED,24.0,63.0,72.0,88.0,100.0,110.0,127.0,35.0,39.0,51.0,1.0,1.0,1.0,0.005,0.01,0.031,[]
121,0,81,Lead Saw GM,ACC2,SYNTH_LEAD,False,False,1046,1,24,FALLBACK,4.0,59.0,73.0,81.0,92.0,108.0,127.0,34.0,41.0,51.0,8.0,16.0,53.0,0.146,0.312,0.958,[]
121,6,73,Flute Muted,ACC3,PIPE,False,False,1033,1,16,FALLBACK,40.0,66.0,74.0,83.0,92.0,100.0,126.0,67.0,74.0,79.0,14.0,20.0,59.0,0.156,0.5,0.966,[]
121,3,23,"Accordion16,8,4'",ACC3,ACCORDION_REED,False,False,1029,2,26,FALLBACK,25.0,50.0,70.0,81.0,116.0,124.0,127.0,64.0,72.0,79.0,8.0,16.0,28.0,0.045,0.083,0.451,[]
121,9,61,Trumpet Ens.,ACC5,BRASS,False,False,1023,3,37,LIMITED,66.0,88.0,94.0,102.0,108.0,114.0,125.0,60.0,68.0,79.0,22.0,84.0,238.0,0.146,0.833,0.987,[]
121,4,32,Acous. Bass Pro2,BASS,BASS,False,False,1014,2,38,FALLBACK,76.0,93.0,98.0,108.0,110.0,112.0,127.0,31.0,40.0,45.0,70.6,110.0,190.0,0.599,0.828,1.534,[]
120,0,51,Arabian Kit 1,PERC,DRUM_KIT,False,False,1000,1,14,FALLBACK,15.0,115.0,126.0,126.0,127.0,127.0,127.0,44.0,79.0,84.0,1.0,1.0,1.0,0.01,0.018,0.025,"[{""min"":13,""max"":16,""center"":14.7,""count"":92,""fraction"":0.092},{""min"":38,""max"":46,""center"":44.42,""count"":48,""fraction"":0.048},{""min"":57,""max"":60,""center"":59.93,""count"":276,""fraction"":0.276},{""min"":69,""max"":69,""center"":69.0,""count"":67,""fraction"":0.067}]"
121,3,65,Breathy Alto Sax,ACC3,REED,False,False,984,3,43,LIMITED,38.0,87.0,107.0,110.0,110.0,116.0,127.0,52.0,60.0,67.0,63.0,128.0,1120.0,0.136,0.917,1.118,[]
121,0,17,Perc. Organ GM,ACC1,ORGAN,False,False,982,2,15,FALLBACK,50.0,54.0,54.0,100.0,100.0,100.0,123.0,60.0,73.0,83.0,2.0,36.0,103.9,0.167,0.334,2.967,[]
121,24,25,Pop SteelGtr RX1,ACC4,GUITAR,True,False,954,2,26,FALLBACK,50.0,66.0,74.0,79.0,79.0,100.0,102.0,48.0,60.0,101.0,38.0,95.0,188.7,0.8,0.957,0.997,"[{""min"":101,""max"":101,""center"":101.0,""count"":184,""fraction"":0.19287}]"
121,6,56,Dual Trumpets,ACC3,BRASS,False,False,942,2,25,FALLBACK,20.0,60.0,80.0,96.0,112.0,124.0,126.0,55.0,64.0,73.0,26.0,46.0,308.0,0.106,0.766,0.984,[]
121,2,56,Trumpet Overb.,ACC3,BRASS,False,False,937,1,18,FALLBACK,56.0,76.0,89.0,111.0,117.0,121.0,127.0,58.0,64.0,72.0,26.0,26.0,53.0,0.15,0.406,0.625,[]
121,5,81,Power Saw,ACC3,SYNTH_LEAD,False,False,926,2,24,FALLBACK,66.0,86.0,86.0,86.0,86.0,92.0,111.0,52.0,59.0,62.0,25.0,28.0,28.0,0.188,0.194,0.583,[]
121,6,48,N Strings,ACC5,ENSEMBLE,False,False,923,1,35,FALLBACK,54.0,87.0,93.0,102.0,108.0,111.0,124.0,57.0,69.0,81.0,20.0,102.0,1490.0,0.161,0.869,5.25,[]
120,0,57,SFX Kit 2,PERC,DRUM_KIT,False,False,922,1,15,FALLBACK,33.0,54.0,70.0,76.0,90.0,116.0,127.0,29.0,42.0,84.0,1.0,1.0,1.0,0.01,0.01,0.025,"[{""min"":21,""max"":21,""center"":21.0,""count"":50,""fraction"":0.05423},{""min"":29,""max"":29,""center"":29.0,""count"":265,""fraction"":0.28742},{""min"":60,""max"":69,""center"":63.26,""count"":34,""fraction"":0.03688},{""min"":96,""max"":100,""center"":97.83,""count"":92,""fraction"":0.09978}]"
120,0,56,SFX Kit GM,PERC,DRUM_KIT,False,False,915,1,15,FALLBACK,29.0,45.0,50.0,90.0,123.0,127.0,127.0,31.0,45.0,56.0,1.0,1.0,19.0,0.005,0.021,0.396,"[{""min"":29,""max"":33,""center"":31.0,""count"":206,""fraction"":0.22514}]"
121,1,65,Alto Breath,ACC2,REED,False,False,908,1,19,FALLBACK,47.0,65.0,73.0,79.0,87.0,97.0,122.0,55.0,60.0,69.0,54.0,77.0,246.0,0.118,0.844,0.985,[]
121,8,30,Stereo Dist.Gtr,ACC5,GUITAR,False,False,906,6,51,GOOD,43.0,59.5,70.0,79.0,89.0,97.0,121.0,43.0,55.0,65.0,7.5,48.0,172.0,0.053,0.511,1.102,[]
121,33,25,Real 12 Strings,ACC3,GUITAR,False,False,897,2,33,FALLBACK,1.0,60.0,70.0,80.0,85.0,97.0,127.0,45.0,52.0,57.0,79.0,79.0,165.0,0.578,0.859,2.312,"[{""min"":0,""max"":10,""center"":3.88,""count"":32,""fraction"":0.03567},{""min"":36,""max"":36,""center"":36.0,""count"":34,""fraction"":0.0379}]"
121,10,90,Tecno Phonic,ACC2,SYNTH_PAD,False,False,885,3,51,LIMITED,1.0,9.0,20.0,55.0,82.0,90.0,127.0,46.0,61.0,67.0,10.0,84.0,573.0,0.2,0.646,1.0,[]
120,0,122,Electro Kit,PERC,DRUM_KIT,False,False,883,2,12,FALLBACK,42.0,46.0,50.0,96.0,118.0,126.0,127.0,54.0,69.0,69.0,2.0,2.0,2.0,0.042,0.042,0.042,"[{""min"":17,""max"":19,""center"":17.91,""count"":11,""fraction"":0.01246}]"
121,4,59,Mute Ensemble 2,ACC3,BRASS,False,False,863,3,36,LIMITED,22.0,68.0,83.0,94.0,103.0,114.0,127.0,55.0,69.0,76.0,37.7,58.0,295.9,0.051,0.302,0.986,[]
121,4,60,Horns & Ensemble,ACC3,BRASS,False,False,860,4,49,LIMITED,27.0,60.0,72.75,94.0,110.0,124.0,127.0,48.9,60.0,67.0,30.0,76.0,1151.0,0.067,0.609,1.016,[]
121,5,36,SlapPick Bass RX,BASS,BASS,True,False,859,2,21,FALLBACK,4.0,68.0,72.0,94.0,111.0,111.0,127.0,33.0,48.0,101.0,12.0,44.0,140.0,0.229,0.479,0.972,"[{""min"":99,""max"":108,""center"":100.74,""count"":357,""fraction"":0.4156}]"
121,1,23,Fisa Tango!,ACC3,ORGAN,False,False,857,1,13,FALLBACK,23.0,64.6,76.0,87.0,99.0,108.0,114.0,69.0,74.0,81.0,13.0,19.0,66.0,0.115,0.502,6.0,[]
121,2,60,French Section,ACC1,BRASS,False,False,854,2,22,FALLBACK,48.0,66.0,76.0,85.0,95.0,107.0,126.0,55.0,60.0,67.0,34.0,40.0,348.0,0.139,0.37,1.0,[]
121,8,28,Clean Funk,ACC2,GUITAR,False,False,843,3,12,LIMITED,17.0,28.0,38.0,70.0,108.0,116.0,120.0,52.0,58.0,64.0,14.0,22.0,43.0,0.156,0.365,1.583,[]
121,8,81,Phat Saw Lead,ACC3,SYNTH_LEAD,False,False,834,1,21,FALLBACK,45.0,55.0,61.0,65.0,69.0,72.0,82.0,60.0,64.0,67.0,11.0,17.0,21.0,0.078,0.136,0.327,[]
121,6,80,Sine Wave,ACC3,SYNTH_LEAD,False,False,834,1,8,FALLBACK,1.0,37.0,73.0,79.0,84.0,85.7,117.0,45.0,53.0,75.0,47.0,769.0,50081.8,0.373,1.0,5.807,"[{""min"":0,""max"":11,""center"":5.63,""count"":41,""fraction"":0.04916},{""min"":32,""max"":32,""center"":32.0,""count"":13,""fraction"":0.01559},{""min"":110,""max"":116,""center"":113.38,""count"":16,""fraction"":0.01918}]"
121,6,57,Trombone Expr. 1,ACC4,BRASS,False,False,821,3,23,LIMITED,23.0,47.0,90.0,110.0,111.0,115.0,118.0,55.0,60.0,64.0,31.0,63.0,271.2,0.086,0.164,0.961,[]
121,10,61,Trombone Ens.,ACC4,BRASS,False,False,820,2,23,FALLBACK,34.0,62.0,84.0,94.0,104.0,110.0,126.0,60.0,67.0,72.0,14.0,34.0,116.0,0.083,0.688,1.643,[]
121,19,56,Concert Trumpet,ACC3,BRASS,False,False,820,2,37,FALLBACK,32.0,62.0,67.0,80.0,100.0,115.0,127.0,55.0,62.0,72.0,16.0,44.0,182.0,0.229,0.571,0.988,[]
121,5,37,The Other Slap,BASS,BASS,False,False,819,2,24,FALLBACK,22.0,73.0,83.0,92.0,104.0,113.2,127.0,31.0,39.0,48.0,29.0,65.0,190.2,0.397,0.853,1.104,"[{""min"":121,""max"":124,""center"":123.0,""count"":14,""fraction"":0.01709}]"
121,10,48,Symphonic Bows,ACC4,ENSEMBLE,False,False,817,2,34,FALLBACK,15.0,41.0,63.0,80.0,105.0,119.0,127.0,57.0,65.0,76.4,12.0,190.0,1069.0,0.089,0.999,2.712,[]
121,1,7,Pulse Clav,ACC2,PIANO,False,False,812,2,18,FALLBACK,32.0,56.0,56.0,65.0,80.0,97.0,127.0,48.0,62.0,69.0,12.0,12.0,116.8,0.125,0.125,0.844,[]
121,8,33,Chorus Fing.Bass,BASS,BASS,False,False,797,1,25,FALLBACK,55.0,63.0,75.0,90.0,97.0,106.0,127.0,36.0,43.0,57.0,24.0,54.0,144.0,0.396,0.807,1.25,[]
121,1,60,French Horn 2,ACC1,BRASS,False,False,796,2,34,FALLBACK,49.0,76.0,82.0,97.0,112.0,127.0,127.0,55.0,60.0,67.0,24.0,75.0,328.0,0.184,0.969,1.176,[]
121,0,106,Shamisen GM,ACC2,ETHNIC,False,False,791,2,16,FALLBACK,33.0,76.0,81.0,99.0,100.0,126.0,127.0,58.0,72.0,73.0,17.0,27.0,40.0,0.406,0.5,0.844,"[{""min"":48,""max"":58,""center"":53.08,""count"":86,""fraction"":0.10872}]"
121,5,39,Jungle Rez,BASS,BASS,False,False,786,4,42,LIMITED,59.0,68.0,72.25,100.0,111.0,125.0,127.0,24.0,40.0,44.0,16.0,23.0,104.0,0.292,0.479,0.948,[]
121,4,30,Power Chords,ACC3,GUITAR,False,False,767,3,40,LIMITED,36.0,89.0,96.0,107.0,122.0,124.0,124.0,46.0,48.0,96.0,15.0,20.0,689.6,0.172,0.458,1.25,"[{""min"":84,""max"":84,""center"":84.0,""count"":46,""fraction"":0.05997},{""min"":96,""max"":103,""center"":96.15,""count"":136,""fraction"":0.17731}]"
121,4,25,Steel Guitar 2,ACC1,GUITAR,False,False,760,2,25,FALLBACK,24.0,44.0,49.0,78.0,88.0,95.0,127.0,51.0,60.0,65.0,46.0,141.5,549.0,0.876,1.913,6.369,[]
121,2,59,Wah Trumpet,ACC3,BRASS,False,False,757,5,27,GOOD,18.0,64.0,76.0,90.0,108.0,118.0,127.0,60.0,65.0,72.0,19.0,30.0,108.0,0.109,0.333,0.958,[]
121,3,26,Club Jazz Gtr 2,ACC1,GUITAR,False,False,753,3,34,LIMITED,48.0,91.0,100.0,100.0,108.0,115.0,126.0,55.0,62.0,69.0,35.0,65.0,367.0,0.147,0.797,1.024,[]
121,4,16,Organ Low 1 V.,BASS,ORGAN,False,False,751,6,43,GOOD,44.0,66.0,85.0,98.0,102.0,111.0,127.0,43.0,67.0,83.0,30.0,68.0,202.0,0.146,0.484,0.969,[]
121,6,28,Clean Mute Gtr,ACC2,GUITAR,False,False,748,2,30,FALLBACK,56.0,84.0,87.0,100.0,100.0,127.0,127.0,48.0,55.0,57.0,20.0,31.0,49.3,0.229,0.333,0.594,[]
121,32,61,Big Band Brass 1,ACC5,BRASS,False,False,743,1,29,FALLBACK,87.0,97.0,110.0,111.0,116.0,121.0,127.0,52.0,60.0,72.0,48.0,48.0,191.8,0.031,0.261,1.0,[]
121,5,50,Analog Strings 1,ACC5,ENSEMBLE,False,False,738,17,83,GOOD,1.0,19.7,40.0,56.0,70.0,86.0,127.0,52.0,60.0,69.0,48.0,766.0,3070.0,0.167,0.997,1.021,[]
121,2,49,Full Strings,ACC5,ENSEMBLE,False,False,736,6,68,GOOD,20.0,50.0,80.0,85.0,85.0,97.5,118.0,55.0,63.0,79.0,139.0,759.0,1535.0,0.969,0.997,2.0,[]
121,18,16,Drawbars Fast V.,ACC5,ORGAN,False,False,730,5,22,GOOD,15.0,54.0,64.0,82.0,99.0,105.0,122.0,60.0,70.0,79.0,13.0,94.0,211.0,0.07,0.838,3.34,[]
121,3,7,Clav Snap,ACC2,PIANO,False,False,726,2,19,FALLBACK,21.0,44.0,55.0,66.0,78.0,89.0,110.0,36.0,48.0,62.0,17.0,30.0,55.5,0.156,0.438,0.736,[]
121,0,35,Fretless Bass GM,BASS,BASS,False,False,715,4,44,LIMITED,32.0,70.0,88.0,97.0,127.0,127.0,127.0,24.0,36.0,83.0,36.0,191.0,48997.0,0.203,0.812,4.0,"[{""min"":6,""max"":11,""center"":8.11,""count"":36,""fraction"":0.05035},{""min"":66,""max"":71,""center"":67.79,""count"":33,""fraction"":0.04615},{""min"":83,""max"":83,""center"":83.0,""count"":14,""fraction"":0.01958},{""min"":101,""max"":101,""center"":101.0,""count"":18,""fraction"":0.02517},{""min"":110,""max"":116,""center"":114.03,""count"":37,""fraction"":0.05175}]"
121,8,4,R&B E. Piano,ACC1,PIANO,False,False,710,3,26,LIMITED,21.0,56.0,66.0,74.0,74.0,76.0,127.0,53.0,60.0,65.0,12.0,34.0,96.0,0.033,0.256,0.727,[]
121,5,5,Syn Piano X,ACC1,PIANO,False,False,708,3,29,LIMITED,11.0,52.0,60.0,70.0,80.25,90.0,107.0,34.0,55.0,65.0,5.0,43.5,455.0,0.104,0.625,2.0,"[{""min"":30,""max"":34,""center"":33.64,""count"":107,""fraction"":0.15113}]"
121,3,50,Analog Velve,ACC3,ENSEMBLE,False,False,702,7,72,GOOD,7.0,33.1,52.25,77.0,98.0,104.0,127.0,53.0,61.0,75.0,34.0,709.0,3070.0,0.354,1.0,1.75,[]
121,0,5,E. Piano 2 GM,ACC1,PIANO,False,False,691,3,16,LIMITED,40.0,64.0,64.0,64.0,82.0,93.0,115.0,51.0,60.0,64.0,14.0,32.0,510.5,0.09,0.312,1.194,[]
121,0,27,Clean Guitar GM,ACC2,GUITAR,False,False,672,1,13,FALLBACK,47.0,77.0,86.0,100.0,110.0,117.8,127.0,53.0,60.0,67.0,64.0,84.0,117.0,0.281,0.49,4.833,[]
121,12,91,Pop Synth Pad 2,ACC1,SYNTH_PAD,False,False,652,2,20,FALLBACK,89.0,108.0,110.0,110.0,111.0,112.0,115.0,55.0,60.0,67.0,94.0,190.0,838.0,0.95,0.99,3.365,[]
121,5,38,30303 Bass,ACC4,BASS,False,False,652,1,17,FALLBACK,21.0,45.0,52.0,62.0,74.0,87.0,105.0,32.0,36.0,36.0,24.0,33.0,41.0,0.375,0.516,0.641,[]
121,11,21,Sweet Musette,ACC3,ACCORDION_REED,False,False,631,2,23,FALLBACK,46.0,66.0,80.0,87.0,95.0,103.0,127.0,60.0,67.0,72.0,19.0,40.0,154.0,0.122,0.391,0.989,[]
121,24,27,'54 E. Guitar,ACC1,GUITAR,False,False,627,1,14,FALLBACK,54.0,67.0,74.0,92.0,102.0,109.0,115.0,60.0,65.0,101.0,23.0,88.0,129.0,0.247,0.261,1.0,"[{""min"":100,""max"":101,""center"":100.47,""count"":154,""fraction"":0.24561}]"
121,3,71,Section Winds 1,ACC4,REED,False,False,619,1,22,FALLBACK,26.0,62.0,75.0,98.0,109.0,117.0,127.0,72.0,79.0,88.0,26.0,40.0,162.2,0.314,0.609,0.953,[]
121,1,11,Vibrap. Wide,ACC2,CHROMATIC_PERC,False,False,619,5,32,GOOD,31.0,69.6,80.0,90.0,102.0,105.0,114.0,60.0,67.0,75.0,20.0,42.0,576.8,0.087,0.7,1.023,[]
121,2,7,Clav Wah RX,ACC3,PIANO,True,False,611,1,15,FALLBACK,14.0,43.0,54.0,64.0,76.0,87.0,111.0,43.0,55.0,60.0,19.0,30.0,86.0,0.104,0.438,0.766,[]
121,5,65,Sweet Alto Sax 1,ACC4,REED,False,False,609,2,16,FALLBACK,76.0,86.0,106.0,114.0,118.0,122.2,127.0,57.0,64.0,72.0,37.0,63.0,559.0,0.245,0.833,0.995,[]
121,7,25,Finger Key Off,ACC2,GUITAR,False,False,605,1,16,FALLBACK,26.0,54.0,62.0,74.0,87.0,99.0,111.0,55.0,60.0,65.0,32.0,120.0,332.4,0.542,2.0,4.312,[]
121,3,39,Attack Pulse,BASS,BASS,False,False,603,2,28,FALLBACK,66.0,98.2,106.0,107.0,124.0,126.0,127.0,28.0,36.0,36.0,24.0,64.0,111.8,0.201,0.531,0.806,[]
121,0,100,Brightness GM,ACC3,SYNTH_FX,False,False,598,1,21,FALLBACK,62.0,84.8,94.0,94.0,98.0,108.0,110.0,60.0,64.0,71.0,46.0,263.0,479.0,0.469,0.913,1.432,[]
121,0,45,Pizzicato Str.GM,ACC3,STRINGS,False,False,596,3,35,LIMITED,52.0,76.0,90.0,110.0,120.0,126.0,126.0,31.0,49.0,72.0,14.0,28.0,118.0,0.052,0.412,0.772,[]
121,0,8,Celesta GM,ACC4,CHROMATIC_PERC,False,False,594,3,40,LIMITED,25.0,60.3,73.0,85.0,98.0,109.0,126.0,58.3,87.0,93.0,14.0,27.0,83.0,0.109,0.339,1.0,[]
121,15,56,Trumpet Expr.1,ACC4,BRASS,False,False,584,3,36,LIMITED,80.0,94.0,101.0,110.0,112.0,122.0,127.0,63.0,72.0,77.0,47.0,47.0,239.0,0.124,0.344,0.995,[]
121,12,25,Reso. Guitar,ACC3,GUITAR,False,False,577,1,20,FALLBACK,62.0,76.0,82.0,86.0,102.0,114.0,122.0,43.0,46.0,57.0,38.0,86.0,200.8,0.358,0.818,1.265,[]
121,4,81,Seq. Analog,ACC5,SYNTH_LEAD,False,False,575,2,30,FALLBACK,82.0,90.0,100.0,109.0,115.0,115.0,115.0,55.0,63.0,70.0,24.0,37.0,96.0,0.182,0.25,0.5,[]
121,28,21,Steirisch.Akk.4,ACC5,ACCORDION_REED,False,False,573,2,24,FALLBACK,50.0,74.0,86.0,94.0,102.0,109.6,122.0,55.0,64.0,72.0,25.0,42.0,315.0,0.156,0.477,1.0,[]
121,3,107,Kanoun Trem. 2,ACC1,ETHNIC,False,False,573,1,13,FALLBACK,1.0,94.0,108.0,108.0,108.0,108.0,127.0,52.0,59.0,64.0,10.0,54.0,384.0,0.25,0.469,0.959,[]
121,1,4,Detuned EP 1,ACC1,PIANO,False,False,572,4,18,LIMITED,21.0,44.0,57.0,68.0,80.0,113.0,127.0,55.0,64.0,70.0,15.0,48.0,660.1,0.076,0.375,0.995,[]
121,1,73,Jazz Flute Expr.,ACC3,PIPE,False,False,570,3,24,LIMITED,44.0,64.0,80.0,90.0,95.0,103.0,126.0,67.0,76.0,84.0,28.0,47.0,187.0,0.145,0.54,0.974,[]
121,4,17,Organ Low Pc. V.,ACC5,ORGAN,False,False,557,7,25,GOOD,1.0,49.6,66.0,81.0,90.0,105.0,127.0,58.6,67.0,76.0,14.0,67.0,250.0,0.056,0.769,1.329,[]
121,14,61,Dyna Brass 1,ACC5,BRASS,False,False,557,3,23,LIMITED,26.0,60.6,80.0,100.0,107.0,127.0,127.0,56.0,63.0,79.0,27.0,42.0,120.0,0.099,0.737,2.353,[]
121,9,32,Jazz Bass,BASS,BASS,False,False,549,1,29,FALLBACK,81.0,115.0,115.0,115.0,115.0,117.0,127.0,36.0,43.0,48.0,126.4,184.0,192.0,0.832,0.958,1.0,[]
121,2,4,EP1 Veloc.sw,ACC1,PIANO,False,False,545,3,34,LIMITED,31.0,60.0,70.0,70.0,79.0,84.0,102.0,51.0,62.0,68.0,24.0,188.0,863.2,0.135,0.866,1.0,[]
121,10,16,BX3 Rock 1 V.,ACC3,ORGAN,False,False,542,2,17,FALLBACK,30.0,60.1,74.0,87.0,102.0,114.0,127.0,62.0,76.0,88.0,16.0,81.5,362.0,0.128,0.984,4.068,[]
121,2,73,Flute Switch,ACC5,PIPE,False,False,537,2,13,FALLBACK,27.0,60.0,60.0,70.0,84.0,105.0,127.0,67.0,75.0,84.0,17.0,60.0,127.0,0.275,0.914,1.235,[]
121,34,61,Trpts &Trombs,ACC3,BRASS,False,False,536,3,21,LIMITED,69.0,95.0,105.0,109.0,109.0,115.0,127.0,55.0,63.0,72.0,38.0,72.0,286.0,0.132,0.458,1.01,[]
121,1,17,Det. Perc. Organ,ACC2,ORGAN,False,False,523,2,20,FALLBACK,30.0,49.0,59.0,72.0,80.0,87.0,108.0,64.0,74.0,79.0,11.0,29.0,191.0,0.036,0.333,0.897,[]
121,2,105,Oud 2,ACC2,ETHNIC,False,False,523,1,22,FALLBACK,59.0,74.0,84.0,87.0,108.0,125.0,127.0,45.0,60.0,67.0,34.0,80.0,191.0,0.307,0.885,1.271,[]
121,30,61,Brass of Power,ACC4,BRASS,False,False,522,4,28,LIMITED,70.0,88.0,97.0,105.0,114.0,120.0,127.0,60.0,68.0,77.0,20.0,22.0,53.0,0.053,0.229,0.933,[]
121,0,66,Tenor Sax GM,ACC4,REED,False,False,511,1,9,FALLBACK,62.0,74.0,80.0,91.0,99.0,107.0,107.0,50.0,62.0,69.0,17.0,28.0,184.0,0.222,0.778,4.0,[]
121,9,27,L&R E.Guitar 1,ACC1,GUITAR,False,False,507,3,38,LIMITED,24.0,54.0,64.0,78.0,94.0,106.0,117.0,55.0,60.0,67.0,18.0,122.0,767.0,0.031,0.925,4.966,[]
121,4,1,Piano & Pad,ACC1,SYNTH_PAD,False,False,497,4,23,LIMITED,39.0,69.0,82.0,90.0,102.0,106.0,124.0,54.2,64.0,72.0,32.0,96.0,760.0,0.177,0.383,1.72,[]
121,0,25,Steel Guitar GM,ACC3,GUITAR,False,False,493,2,11,FALLBACK,23.0,74.0,82.0,87.0,93.0,97.8,115.0,52.0,60.0,67.0,22.0,183.0,439.4,0.154,0.552,2.944,"[{""min"":100,""max"":101,""center"":100.45,""count"":40,""fraction"":0.08114}]"
121,2,58,Tuba Gold,BASS,BRASS,False,False,492,1,26,FALLBACK,65.0,87.1,102.0,116.0,127.0,127.0,127.0,31.0,36.0,43.0,33.0,47.0,73.0,0.208,0.383,0.734,[]
121,5,27,Proces.E.Guitar,ACC5,GUITAR,False,False,488,2,24,FALLBACK,84.0,92.0,94.75,98.0,105.0,127.0,127.0,55.0,62.0,70.0,38.7,581.0,1272.0,0.667,1.0,4.232,[]
121,6,39,Nasty Bass,BASS,BASS,False,False,487,1,14,FALLBACK,48.0,88.0,106.0,118.0,124.0,127.0,127.0,29.0,36.0,55.0,10.0,26.0,122.0,0.362,0.958,2.25,[]
121,8,65,Alto Sax Pro,ACC3,REED,False,False,481,1,14,FALLBACK,57.0,74.0,85.0,100.0,111.0,122.0,127.0,51.0,60.0,67.0,53.0,76.0,343.0,0.207,0.87,1.0,[]
121,2,52,Ooh Voices,ACC3,ENSEMBLE,False,False,478,5,25,GOOD,46.0,69.0,76.0,83.0,96.0,102.0,127.0,55.0,63.0,75.0,11.0,318.0,767.0,0.057,0.99,1.029,[]
121,5,35,Dark R&B Bass2,BASS,BASS,False,False,478,3,50,LIMITED,66.0,92.0,100.0,105.0,108.0,116.0,127.0,25.0,36.0,40.0,24.0,94.0,190.0,0.33,0.656,0.99,[]
121,4,52,Take Voices 1,ACC5,ENSEMBLE,False,False,470,2,29,FALLBACK,50.0,66.0,80.0,89.0,99.0,120.0,127.0,59.0,63.0,78.0,44.0,175.0,867.9,0.289,1.0,3.104,[]
121,2,90,Sky Watcher,ACC1,SYNTH_PAD,False,False,469,2,14,FALLBACK,42.0,76.0,97.0,110.0,122.0,126.0,127.0,48.0,60.0,72.0,17.8,46.0,48.0,0.113,0.396,1.0,"[{""min"":34,""max"":36,""center"":35.6,""count"":10,""fraction"":0.02132}]"
121,14,38,Auto Pilot 1,ACC4,BASS,False,False,467,1,10,FALLBACK,7.0,31.6,55.0,60.0,67.0,71.0,127.0,48.0,63.0,72.0,8.0,22.0,48.0,0.229,0.458,1.0,[]
121,2,31,E.Gtr Harmonics,ACC2,GUITAR,False,False,460,1,13,FALLBACK,127.0,127.0,127.0,127.0,127.0,127.0,127.0,48.0,55.0,55.0,20.0,28.0,58.0,0.15,0.25,5.0,[]
121,28,27,Real El. Gtr ST1,ACC2,GUITAR,False,False,451,1,5,FALLBACK,28.0,51.0,58.0,70.0,95.0,100.0,105.0,48.0,60.0,98.0,34.0,50.0,149.0,0.385,0.955,1.472,"[{""min"":97,""max"":108,""center"":98.84,""count"":70,""fraction"":0.15521}]"
121,9,18,BX3 Jazz Pc. V.,ACC5,ORGAN,False,False,451,2,13,FALLBACK,14.0,47.0,47.0,64.0,94.0,114.0,127.0,55.0,72.0,79.0,20.0,98.0,765.0,0.156,1.0,3.5,[]
121,9,0,Grand&MovingPad,ACC1,SYNTH_PAD,False,False,444,4,14,LIMITED,64.0,86.0,90.0,94.0,105.25,114.0,127.0,58.0,67.0,72.0,48.0,94.0,1152.0,0.25,0.927,1.333,[]
121,5,7,Clav RX,ACC2,PIANO,True,False,438,1,11,FALLBACK,27.0,64.0,76.0,96.0,105.0,111.0,127.0,48.0,55.0,67.0,14.0,21.0,36.0,0.234,0.4,0.778,[]
121,5,71,Clarinet Ens.,ACC3,REED,False,False,436,3,27,LIMITED,1.0,47.0,74.0,94.0,98.0,112.0,126.0,64.0,72.0,77.0,15.0,65.0,189.0,0.271,0.905,2.167,"[{""min"":1,""max"":1,""center"":1.0,""count"":12,""fraction"":0.02752}]"
121,11,89,Vintage Pad,ACC3,SYNTH_PAD,False,False,433,1,26,FALLBACK,42.0,58.0,72.0,80.0,94.0,108.0,110.0,65.4,75.0,79.0,28.0,120.0,762.0,0.125,0.891,0.99,[]
121,2,1,Piano Pad 1,ACC1,SYNTH_PAD,False,False,432,1,12,FALLBACK,60.0,82.0,88.0,92.0,100.0,106.0,122.0,55.0,60.0,67.0,24.0,60.0,558.4,0.164,0.739,0.927,"[{""min"":36,""max"":36,""center"":36.0,""count"":10,""fraction"":0.02315}]"
121,10,5,Phantom Tine,ACC1,PIANO,False,False,427,2,13,FALLBACK,55.0,74.6,87.0,95.0,102.0,110.0,119.0,48.0,60.0,67.0,15.0,211.0,1154.8,0.125,0.833,1.661,[]
121,2,120,Ac. Bass String,ACC5,SFX,False,False,420,1,12,FALLBACK,72.0,77.0,86.0,87.0,96.0,103.6,110.0,58.0,65.0,70.0,30.0,42.0,54.0,0.161,0.377,0.797,[]
121,6,16,BX3 Full V.,ACC5,ORGAN,False,False,414,1,11,FALLBACK,88.0,88.0,100.0,100.0,100.0,100.0,115.0,64.0,72.0,80.0,26.3,79.0,174.0,0.303,0.823,1.517,[]
120,0,8,Room Kit GM,DRUM,DRUM_KIT,False,False,412,2,6,FALLBACK,15.0,15.0,55.0,95.0,100.0,115.0,127.0,18.0,40.0,42.0,1.0,1.0,44.0,0.01,0.417,0.917,"[{""min"":9,""max"":9,""center"":9.0,""count"":32,""fraction"":0.07767},{""min"":18,""max"":18,""center"":18.0,""count"":49,""fraction"":0.11893}]"
121,9,19,Pipe Tutti 3,ACC2,ORGAN,False,False,409,1,7,FALLBACK,44.0,79.0,95.0,107.0,117.0,122.2,127.0,71.8,79.0,87.2,27.0,95.0,359.4,0.364,0.708,1.129,[]
121,22,4,Dyno Tine EP 2,ACC1,PIANO,False,False,406,2,4,FALLBACK,62.0,74.0,84.5,102.0,118.0,126.0,126.0,55.0,63.0,67.0,34.0,48.0,264.0,0.296,0.479,0.958,[]
121,0,76,Blown Bottle GM,ACC5,PIPE,False,False,402,1,21,FALLBACK,99.0,99.0,99.0,109.0,109.0,109.0,111.0,38.0,50.0,52.0,58.0,121.0,150.0,0.448,0.646,0.792,[]
121,2,89,Master Pad,ACC5,SYNTH_PAD,False,False,392,3,32,LIMITED,76.0,89.0,96.0,105.0,126.0,127.0,127.0,57.0,65.0,72.0,47.0,575.0,1535.0,0.49,0.998,1.997,[]
121,2,0,Ac. Piano Dark,ACC1,PIANO,False,False,389,2,9,FALLBACK,14.0,35.0,48.0,71.0,85.0,95.0,108.0,48.0,48.0,64.0,26.0,29.0,32.0,0.223,0.604,0.604,"[{""min"":56,""max"":88,""center"":65.75,""count"":100,""fraction"":0.25707}]"
120,0,68,Latin Perc. Kit2,PERC,DRUM_KIT,False,False,384,1,2,FALLBACK,46.0,65.0,72.0,85.0,100.75,110.0,123.0,40.0,83.0,86.0,26.0,51.0,64.0,0.542,1.062,1.335,"[{""min"":38,""max"":43,""center"":41.03,""count"":130,""fraction"":0.33854}]"
121,3,5,EP Legend,ACC2,PIANO,False,False,382,1,11,FALLBACK,27.0,49.0,58.0,72.0,82.0,92.7,108.0,53.0,62.0,70.0,34.0,222.0,746.4,0.515,1.107,5.042,[]
121,18,56,Trumpet Shake Y+,ACC5,BRASS,False,False,376,3,16,LIMITED,1.0,92.0,103.0,110.0,112.0,115.0,126.0,64.0,69.0,79.0,20.0,78.0,108.0,0.169,0.597,0.917,"[{""min"":1,""max"":1,""center"":1.0,""count"":16,""fraction"":0.04255}]"
121,3,67,Baritone Sax Pro,ACC4,REED,False,False,376,2,12,FALLBACK,62.0,72.0,79.0,90.0,96.5,100.0,111.0,43.0,55.0,69.0,18.0,49.0,184.0,0.259,0.925,1.5,[]
121,4,20,Pipe Flute 1,ACC4,ORGAN,False,False,364,1,13,FALLBACK,25.0,46.0,56.0,92.0,111.0,117.0,127.0,60.0,66.0,72.0,27.0,77.5,207.0,0.141,0.542,1.26,[]
121,2,23,"Accordion 16,8'",ACC3,ACCORDION_REED,False,False,362,1,5,FALLBACK,13.0,37.0,41.0,64.0,76.0,79.0,97.0,67.0,76.0,79.0,10.0,23.0,71.0,0.052,0.12,0.74,[]
121,4,61,Big Band Brass 2,ACC4,BRASS,False,False,359,2,21,FALLBACK,38.0,81.8,98.0,109.0,119.5,120.0,127.0,64.0,72.0,79.4,22.0,74.0,223.0,0.229,0.667,1.0,[]
121,9,38,Digi Bass 1,BASS,BASS,False,False,357,1,15,FALLBACK,108.0,108.0,108.0,108.0,108.0,108.0,108.0,24.0,36.0,36.0,12.0,33.0,104.0,0.125,0.684,0.979,[]
121,1,108,Kalimba 2,ACC2,ETHNIC,False,False,349,1,14,FALLBACK,54.0,61.0,64.0,68.0,72.0,72.0,72.0,67.0,76.0,79.0,15.0,23.0,31.0,0.16,0.25,0.354,[]
121,9,90,Mega Synth,ACC4,SYNTH_PAD,False,False,349,1,8,FALLBACK,85.0,97.0,102.0,107.0,111.0,115.0,127.0,69.0,73.0,81.0,17.0,28.0,182.6,0.164,0.361,0.937,[]
121,4,2,2000's Piano,ACC1,PIANO,False,False,348,1,11,FALLBACK,93.0,97.0,99.0,103.0,106.0,109.0,116.0,55.0,60.0,67.0,30.0,38.0,125.0,0.177,0.264,0.919,[]
121,0,60,French Horn GM,ACC2,BRASS,False,False,346,3,21,LIMITED,28.0,63.0,78.0,92.0,103.5,113.0,127.0,55.0,64.0,74.0,34.0,88.5,380.5,0.227,0.833,1.049,[]
121,0,47,Timpani GM,BASS,STRINGS,False,False,344,4,19,LIMITED,1.0,40.0,50.75,77.0,101.0,119.4,127.0,41.0,48.0,48.0,7.0,16.0,47.0,0.325,0.5,1.0,"[{""min"":18,""max"":18,""center"":18.0,""count"":4,""fraction"":0.01163}]"
121,12,89,OB Pad,ACC1,SYNTH_PAD,False,False,330,1,13,FALLBACK,8.0,24.0,31.0,37.0,44.0,50.0,97.0,60.0,70.0,72.0,22.0,32.5,766.0,0.411,0.679,0.997,"[{""min"":48,""max"":48,""center"":48.0,""count"":5,""fraction"":0.01515}]"
121,1,81,Lead Saw 2,ACC3,SYNTH_LEAD,False,False,326,1,12,FALLBACK,35.0,54.0,67.0,111.0,126.0,127.0,127.0,46.0,58.0,60.0,16.0,24.0,58.0,0.139,0.333,0.979,[]
121,20,16,BX3 Jazz V.,ACC3,ORGAN,False,False,321,3,8,LIMITED,22.0,36.0,48.0,76.0,112.0,126.0,127.0,64.0,73.0,83.0,16.0,108.0,354.0,0.284,0.865,2.239,[]
121,0,59,Mute Trumpet GM,ACC3,BRASS,False,False,320,2,20,FALLBACK,1.0,37.0,46.0,64.0,64.0,105.0,127.0,45.0,54.0,72.0,48.0,48.0,2032.0,0.375,0.521,0.996,"[{""min"":36,""max"":36,""center"":36.0,""count"":16,""fraction"":0.05}]"
121,6,81,Octo Lead,ACC4,SYNTH_LEAD,False,False,320,2,5,FALLBACK,105.0,105.0,105.0,111.0,112.0,113.0,113.0,44.0,62.0,64.0,28.0,57.0,76.0,0.479,0.625,0.865,[]
121,4,107,Kanoun Mix,ACC3,ETHNIC,False,False,319,1,11,FALLBACK,86.0,97.0,102.5,112.0,122.0,126.0,127.0,60.0,64.0,68.0,10.0,18.0,34.0,0.099,0.188,0.731,[]
121,7,73,Wooden Flute,ACC3,PIPE,False,False,317,1,8,FALLBACK,4.0,29.0,38.0,43.0,56.0,78.0,114.0,58.0,66.0,78.0,2.0,23.0,37.4,0.13,0.967,1.417,[]
121,6,126,Stadium,ACC1,SFX,False,False,312,2,8,FALLBACK,27.0,85.0,91.0,98.0,106.0,110.0,127.0,48.4,60.0,67.0,23.0,249.0,623.0,0.24,0.83,1.0,"[{""min"":36,""max"":36,""center"":36.0,""count"":12,""fraction"":0.03846},{""min"":84,""max"":84,""center"":84.0,""count"":7,""fraction"":0.02244}]"
121,10,81,Fire Wave,ACC2,SYNTH_LEAD,False,False,312,1,13,FALLBACK,26.0,35.0,43.0,65.5,66.0,80.0,110.0,48.0,64.0,70.0,24.0,34.0,48.0,0.231,0.567,1.0,[]
121,2,2,M1 Piano,ACC1,PIANO,False,False,310,1,8,FALLBACK,60.0,80.0,88.0,96.0,104.0,114.0,126.0,46.0,60.0,67.0,26.0,96.0,672.0,0.181,0.688,0.95,[]
121,21,56,Cornet Expr.,ACC3,BRASS,False,False,310,1,4,FALLBACK,45.0,70.0,83.0,98.0,111.0,119.0,127.0,51.0,60.0,69.0,46.0,57.0,302.0,0.449,0.925,5.4,[]
121,11,48,Ensemble & Solo,ACC4,ENSEMBLE,False,False,307,2,17,FALLBACK,47.0,50.0,50.0,68.0,102.0,121.0,127.0,48.0,60.0,77.2,49.6,384.0,1151.0,0.161,1.0,1.115,[]
121,10,52,Slow Choir,ACC2,ENSEMBLE,False,False,306,1,11,FALLBACK,20.0,38.0,45.0,45.0,56.0,70.0,80.0,64.0,67.0,74.0,14.0,18.5,38.0,0.099,0.45,0.714,[]
121,1,29,Guitar Pinch,ACC1,GUITAR,False,False,303,1,13,FALLBACK,36.0,63.0,73.5,84.0,99.0,104.0,114.0,48.0,60.0,101.0,74.0,175.0,443.4,0.574,0.959,1.588,"[{""min"":101,""max"":101,""center"":101.0,""count"":95,""fraction"":0.31353}]"
121,1,52,Choir Aahs 2,ACC4,ENSEMBLE,False,False,299,3,22,LIMITED,47.0,93.0,101.0,110.0,110.0,110.0,111.0,57.8,64.0,72.0,95.0,575.0,1151.0,0.99,0.997,0.999,"[{""min"":45,""max"":46,""center"":45.88,""count"":17,""fraction"":0.05686}]"
121,5,33,Stick Bass,BASS,BASS,False,False,292,1,9,FALLBACK,37.0,113.0,115.0,120.0,124.0,126.0,127.0,29.2,36.0,47.9,14.0,62.0,123.0,0.24,0.688,0.999,[]
121,16,56,Trumpet Pro 3,ACC5,BRASS,False,False,285,3,26,LIMITED,83.0,102.0,106.0,110.0,120.0,127.0,127.0,60.0,67.0,72.0,27.0,41.0,220.0,0.101,0.438,0.939,[]
121,4,84,Metallic Rez,ACC3,SYNTH_LEAD,False,False,283,1,12,FALLBACK,49.0,98.0,106.0,116.0,119.0,121.0,127.0,41.0,46.0,48.0,21.0,64.0,130.0,0.271,0.597,0.91,[]
121,0,7,Clav GM,ACC2,PIANO,False,False,282,1,4,FALLBACK,34.0,87.0,96.75,105.0,111.0,114.0,123.0,43.0,56.0,63.0,15.1,29.0,46.0,0.325,0.545,0.75,[]
121,11,81,Rezbo,ACC3,SYNTH_LEAD,False,False,273,1,9,FALLBACK,38.0,64.2,80.0,85.0,90.0,99.0,120.0,69.0,76.0,81.0,16.0,25.0,55.0,0.099,0.184,1.0,"[{""min"":57,""max"":57,""center"":57.0,""count"":15,""fraction"":0.05495}]"
121,4,97,Pods In Pad,ACC5,SYNTH_PAD,False,False,272,2,21,FALLBACK,1.0,40.0,46.75,103.0,117.0,121.0,127.0,48.0,59.0,67.0,286.0,766.0,3070.0,0.983,0.997,1.967,"[{""min"":6,""max"":8,""center"":7.33,""count"":6,""fraction"":0.02206},{""min"":32,""max"":32,""center"":32.0,""count"":3,""fraction"":0.01103},{""min"":100,""max"":103,""center"":101.2,""count"":5,""fraction"":0.01838}]"
121,8,90,Noisy Stabb,ACC3,SYNTH_PAD,False,False,267,2,12,FALLBACK,8.0,44.2,78.5,100.0,112.0,112.0,114.0,48.0,60.0,72.0,26.0,29.0,90.2,0.151,0.583,0.66,"[{""min"":48,""max"":48,""center"":48.0,""count"":96,""fraction"":0.35955}]"
121,4,73,Flute Frullato,ACC3,PIPE,False,False,265,1,11,FALLBACK,59.0,76.0,76.0,104.0,117.0,122.6,127.0,65.0,74.0,78.0,14.0,22.0,40.0,0.095,0.771,1.75,[]
121,24,61,Double Brass,ACC2,BRASS,False,False,260,1,12,FALLBACK,14.0,24.0,102.0,110.0,116.0,120.0,126.0,55.0,67.0,79.0,18.0,21.0,35.2,0.055,0.192,0.967,[]
121,5,24,Ac.Guitar KeyOff,ACC2,GUITAR,False,False,257,1,17,FALLBACK,51.0,55.0,65.0,71.0,80.0,93.4,110.0,48.0,55.0,62.0,80.0,484.0,727.8,0.924,1.438,5.74,[]
121,29,16,Post Horn Trem.,ACC5,ORGAN,False,False,256,1,2,FALLBACK,72.0,78.0,83.0,87.0,91.0,99.0,107.0,65.0,68.5,72.0,43.0,43.0,43.0,0.896,0.896,0.896,[]
121,0,39,Synth Bass 2 GM,BASS,BASS,False,False,256,2,18,FALLBACK,58.0,115.0,115.0,127.0,127.0,127.0,127.0,24.0,31.0,36.0,72.0,86.0,133.5,0.453,0.812,0.958,[]
121,3,89,Power Synth,ACC5,SYNTH_PAD,False,False,255,1,14,FALLBACK,82.0,82.0,82.0,82.0,90.0,100.0,100.0,48.0,55.0,60.0,42.0,86.0,173.0,0.229,0.875,1.0,[]
121,7,19,Positive Organ,ACC1,ORGAN,False,False,254,1,11,FALLBACK,33.0,46.3,56.0,87.0,105.0,117.0,127.0,64.0,72.0,79.0,27.0,36.0,191.0,0.182,0.323,0.741,[]
121,9,48,Strings Quartet,ACC4,ENSEMBLE,False,False,252,1,17,FALLBACK,70.0,108.0,113.0,118.5,125.0,127.0,127.0,33.0,38.0,48.0,48.2,94.0,189.0,0.484,0.734,0.98,[]
121,15,5,FM Pad E.P.,ACC2,SYNTH_PAD,False,False,252,3,9,LIMITED,29.0,34.0,50.0,64.0,79.0,108.0,116.0,54.0,61.0,68.0,15.1,36.0,177.4,0.104,0.245,0.995,[]
121,0,28,AcousticPiano GM,ACC4,GUITAR,False,False,241,1,3,FALLBACK,32.0,70.0,76.0,81.0,85.0,91.0,116.0,48.0,58.0,67.0,384.0,2880.0,52968.6,0.989,2.336,6.0,"[{""min"":7,""max"":8,""center"":7.6,""count"":5,""fraction"":0.02075},{""min"":32,""max"":32,""center"":32.0,""count"":4,""fraction"":0.0166},{""min"":114,""max"":116,""center"":115.2,""count"":5,""fraction"":0.02075}]"
121,4,56,Trumpet Expr.2,ACC5,BRASS,False,False,240,1,14,FALLBACK,88.0,96.0,106.0,108.0,110.0,110.0,122.0,63.0,68.0,76.1,21.0,88.0,184.3,0.163,0.926,1.005,[]
121,7,91,Fresh Breath,ACC5,SYNTH_PAD,False,False,238,3,29,LIMITED,25.0,38.8,51.25,62.0,72.0,85.0,99.0,48.0,60.0,69.0,281.0,765.5,1534.0,0.963,1.0,2.021,[]
121,4,57,Soft Trombone,ACC5,BRASS,False,False,232,2,9,FALLBACK,14.0,64.0,79.25,107.0,112.25,125.8,127.0,47.0,60.0,63.0,44.0,58.0,72.9,0.171,0.421,0.98,"[{""min"":36,""max"":36,""center"":36.0,""count"":4,""fraction"":0.01724}]"
121,26,16,Tibia,ACC5,ORGAN,False,False,224,1,2,FALLBACK,66.0,76.0,78.0,81.0,86.0,89.0,97.0,58.0,63.5,70.0,44.0,44.0,44.0,0.458,0.458,0.458,[]
121,2,93,80's Pop Synth,ACC4,SYNTH_PAD,False,False,221,1,10,FALLBACK,37.0,52.0,62.0,62.0,77.0,87.0,90.0,55.0,71.0,76.0,59.0,126.0,382.0,0.426,0.979,2.924,[]
121,0,67,Baritone Sax GM,ACC4,REED,False,False,215,1,18,FALLBACK,50.0,69.0,80.0,103.0,112.5,117.0,123.0,36.0,60.0,68.0,23.0,44.0,99.0,0.032,0.95,1.081,"[{""min"":36,""max"":36,""center"":36.0,""count"":24,""fraction"":0.11163}]"
121,14,48,Orchestra Tutti1,ACC2,ENSEMBLE,False,False,214,1,4,FALLBACK,52.0,74.0,84.0,96.0,112.0,126.0,126.0,48.0,66.0,78.7,22.0,38.0,116.0,0.186,0.792,1.2,[]
121,22,16,Theatre Organ 1,ACC1,ORGAN,False,False,210,1,2,FALLBACK,56.0,56.0,56.0,62.5,69.0,69.0,69.0,64.0,72.0,79.0,20.0,28.0,29.5,0.219,0.292,0.452,[]
121,32,16,Tibia Vox Glock,ACC1,ORGAN,False,False,208,1,4,FALLBACK,33.0,37.0,40.0,46.0,48.0,54.0,69.0,63.0,71.0,76.0,35.0,35.0,35.0,0.182,0.182,0.243,[]
121,12,33,Finger Slap 1,BASS,BASS,False,False,205,1,5,FALLBACK,19.0,65.0,75.0,88.0,101.0,112.0,127.0,36.0,116.0,118.0,20.0,30.0,48.0,0.322,0.622,0.969,"[{""min"":24,""max"":24,""center"":24.0,""count"":4,""fraction"":0.01951},{""min"":34,""max"":39,""center"":36.17,""count"":35,""fraction"":0.17073}]"
121,0,112,Tinkle Bell GM,ACC5,PERCUSSIVE,False,False,204,1,3,FALLBACK,33.0,33.0,33.0,37.0,46.0,53.0,65.0,51.0,69.5,90.0,24.0,24.0,24.0,0.75,0.75,0.75,[]
121,0,120,Gtr FretNoise GM,ACC4,SFX,False,False,202,1,13,FALLBACK,62.0,83.0,99.0,112.5,126.0,127.0,127.0,46.0,48.0,48.0,2.0,25.0,62.0,0.042,0.333,0.604,[]
121,6,90,Cross Sweep,ACC4,SYNTH_PAD,False,False,201,2,18,FALLBACK,30.0,80.0,92.0,101.0,105.0,111.0,127.0,38.0,65.0,74.0,354.0,382.0,1535.0,0.922,0.995,0.999,"[{""min"":24,""max"":43,""center"":32.36,""count"":22,""fraction"":0.10945}]"
121,1,50,Synth Strings 3,ACC4,ENSEMBLE,False,False,200,1,13,FALLBACK,17.0,80.0,80.0,100.0,100.0,108.0,113.0,60.0,64.0,70.0,30.9,36.0,115.0,0.156,0.188,0.979,[]
121,14,21,Cassotto NorTune,ACC3,ORGAN,False,False,199,1,9,FALLBACK,33.0,60.6,76.0,87.0,91.0,99.2,112.0,65.0,71.0,74.0,25.0,82.0,190.0,0.523,0.769,0.985,[]
121,8,34,Pick Bass 2,BASS,BASS,False,False,197,1,13,FALLBACK,55.0,82.0,86.0,92.0,92.0,92.0,92.0,31.0,36.0,40.0,62.0,167.0,210.0,0.523,0.844,0.99,[]
121,17,56,Alp Trumpet,ACC5,BRASS,False,False,191,1,13,FALLBACK,62.0,69.0,74.0,87.0,92.5,99.0,116.0,55.0,64.0,72.0,35.0,46.0,190.0,0.107,0.365,0.99,[]
121,3,57,Mute Ensemble 1,ACC1,BRASS,False,False,189,1,2,FALLBACK,32.0,56.0,70.0,84.0,94.0,100.0,110.0,51.0,62.0,72.0,436.0,2400.0,52046.9,1.048,1.683,5.319,"[{""min"":6,""max"":11,""center"":8.33,""count"":6,""fraction"":0.03175},{""min"":19,""max"":19,""center"":19.0,""count"":2,""fraction"":0.01058},{""min"":32,""max"":38,""center"":34.0,""count"":6,""fraction"":0.03175},{""min"":101,""max"":101,""center"":101.0,""count"":2,""fraction"":0.01058},{""min"":110,""max"":116,""center"":112.8,""count"":10,""fraction"":0.05291}]"
121,12,56,Sweet FlugelHorn,ACC2,BRASS,False,False,187,1,13,FALLBACK,66.0,73.0,78.0,87.0,95.0,97.0,107.0,55.0,63.0,69.0,35.0,49.0,190.0,0.107,0.365,0.99,[]
121,5,52,Take Voices 2,ACC1,ENSEMBLE,False,False,187,1,6,FALLBACK,1.0,28.0,32.0,84.0,95.0,105.0,127.0,51.0,58.0,58.8,7.6,31.0,127.0,0.114,0.383,2.117,[]
121,6,98,Bell Pad,ACC3,SYNTH_PAD,False,False,175,1,16,FALLBACK,75.0,83.0,84.0,85.0,85.0,92.0,92.0,55.0,62.0,84.0,58.0,181.0,741.2,0.312,0.909,0.994,[]
121,11,27,Country Nu,ACC1,GUITAR,False,False,173,1,1,FALLBACK,56.0,56.0,57.0,61.0,76.0,77.0,77.0,53.0,58.0,63.0,22.0,28.0,63.0,0.224,4.0,6.567,[]
121,3,90,Synth Sweeper,ACC3,SYNTH_PAD,False,False,171,1,8,FALLBACK,50.0,68.0,80.0,88.0,95.0,103.0,127.0,58.0,67.0,76.0,286.0,382.0,394.0,0.745,0.995,0.995,[]
121,1,49,Sweeper Strings,ACC2,ENSEMBLE,False,False,170,1,12,FALLBACK,58.0,89.9,92.0,93.0,110.0,124.0,127.0,60.0,76.0,79.0,24.0,24.0,43.0,0.125,0.125,1.5,[]
121,0,52,Choir Aahs GM,ACC4,ENSEMBLE,False,False,166,2,8,FALLBACK,18.0,38.0,50.0,55.5,79.0,96.0,105.0,60.0,64.0,67.0,18.0,22.0,27.0,0.188,0.229,0.281,[]
121,5,84,Brian Sync,ACC5,SYNTH_LEAD,False,False,166,1,9,FALLBACK,36.0,49.0,55.25,63.0,70.75,80.0,105.0,44.0,46.0,58.0,14.0,29.5,110.0,0.096,0.458,0.875,"[{""min"":34,""max"":34,""center"":34.0,""count"":2,""fraction"":0.01205}]"
121,15,48,Strings & Horns,ACC5,ENSEMBLE,False,False,166,2,7,FALLBACK,38.0,83.0,94.0,107.0,116.0,126.0,127.0,48.0,72.0,79.0,30.0,152.0,383.0,0.438,0.99,0.997,"[{""min"":36,""max"":36,""center"":36.0,""count"":7,""fraction"":0.04217}]"
121,5,66,Folk Sax,ACC4,REED,False,False,164,2,12,FALLBACK,80.0,101.0,109.0,112.0,113.0,114.0,118.0,59.0,64.0,72.0,47.0,90.0,136.0,0.325,0.643,1.152,[]
121,1,105,Banjo Key Off,ACC5,ETHNIC,False,False,159,1,4,FALLBACK,55.0,68.0,80.5,90.0,104.0,115.0,127.0,57.0,64.0,72.0,19.0,30.0,50.0,0.157,0.423,0.637,[]
121,4,5,EP Phase,ACC1,PIANO,False,False,156,2,9,FALLBACK,30.0,74.0,79.5,82.0,84.0,90.0,102.0,55.0,61.0,66.5,12.5,126.5,1484.0,0.093,0.758,1.248,[]
121,25,61,Brass Hit,ACC4,BRASS,False,False,154,1,9,FALLBACK,31.0,75.2,93.0,102.0,108.0,120.0,123.0,58.0,63.0,72.0,38.0,77.0,101.0,0.167,0.469,0.948,[]
121,7,0,Piano & Strings,ACC1,PIANO,False,False,151,4,6,LIMITED,54.0,69.0,77.0,88.0,96.0,110.0,116.0,50.0,55.0,64.0,21.0,96.0,352.0,0.084,1.0,1.985,[]
121,13,56,Flugel Horn Pro,ACC5,BRASS,False,False,151,2,10,FALLBACK,60.0,80.0,86.5,95.0,99.0,108.0,127.0,57.0,64.0,67.0,18.0,47.0,210.0,0.208,0.846,0.993,[]
121,5,56,Trumpet Pitch,ACC4,BRASS,False,False,150,1,11,FALLBACK,45.0,57.0,63.25,71.0,78.75,87.0,104.0,60.0,67.0,74.0,17.8,38.0,129.0,0.054,0.583,0.945,[]
121,2,111,Hichiriki,ACC4,ETHNIC,False,False,149,1,11,FALLBACK,43.0,47.0,54.0,77.0,92.0,106.0,107.0,63.0,67.0,74.0,62.0,198.0,1199.0,0.772,1.006,1.168,[]
121,2,81,Lead Saw Pulse,ACC5,SYNTH_LEAD,False,False,147,1,2,FALLBACK,61.0,82.0,93.0,105.0,108.0,111.0,117.0,64.0,77.0,86.0,20.0,30.0,82.2,0.351,0.92,1.141,[]
121,8,21,Fisa Master,ACC5,ORGAN,False,False,147,1,6,FALLBACK,44.0,55.0,62.0,72.0,78.0,85.2,108.0,65.0,72.0,79.0,23.6,32.0,44.4,0.355,0.674,1.088,[]
121,1,57,Trombone 2,ACC4,BRASS,False,False,145,1,10,FALLBACK,84.0,90.0,96.0,102.0,108.0,108.0,117.0,43.0,48.0,59.0,21.0,26.0,71.6,0.111,0.271,1.05,[]
121,0,28,Muted Guitar GM,ACC4,GUITAR,False,False,143,1,15,FALLBACK,81.0,85.0,91.0,107.0,107.0,109.0,110.0,44.0,48.0,72.0,13.0,84.0,89.4,0.125,0.823,0.906,"[{""min"":65,""max"":76,""center"":71.17,""count"":36,""fraction"":0.25175}]"
121,19,27,Vintage S.1,ACC3,GUITAR,False,False,142,3,4,LIMITED,54.0,85.2,97.0,102.0,115.5,127.0,127.0,48.0,98.0,101.0,9.0,38.0,95.0,0.174,0.75,1.118,"[{""min"":36,""max"":36,""center"":36.0,""count"":8,""fraction"":0.05634},{""min"":46,""max"":48,""center"":47.44,""count"":18,""fraction"":0.12676},{""min"":60,""max"":67,""center"":63.67,""count"":6,""fraction"":0.04225},{""min"":76,""max"":79,""center"":77.5,""count"":4,""fraction"":0.02817},{""min"":120,""max"":120,""center"":120.0,""count"":8,""fraction"":0.05634}]"
121,2,54,Vocalesque,ACC4,ENSEMBLE,False,False,141,2,9,FALLBACK,42.0,48.0,75.0,76.0,81.0,86.0,118.0,53.0,60.0,67.0,84.0,708.0,1533.0,0.97,0.997,2.554,[]
121,4,80,Dance Lead,ACC4,SYNTH_LEAD,False,False,141,2,9,FALLBACK,48.0,59.0,66.0,75.0,90.0,94.0,105.0,79.0,84.0,91.0,114.0,201.0,410.0,0.992,1.077,1.194,[]
121,3,19,Pipe Mixture,ACC4,ORGAN,False,False,140,1,4,FALLBACK,32.0,64.0,82.75,91.0,99.25,107.0,127.0,67.0,72.0,79.0,26.9,93.0,407.0,0.237,0.782,1.042,[]
121,27,25,Mandolin Ens. 2,ACC4,GUITAR,False,False,138,1,6,FALLBACK,87.0,100.0,106.0,110.0,115.0,122.0,127.0,64.0,69.0,76.0,16.0,132.0,421.7,0.145,0.68,0.995,[]
121,32,27,Clean Gtr Pro1,ACC3,GUITAR,False,False,136,2,2,FALLBACK,32.0,51.0,58.0,74.0,89.5,106.0,122.0,39.0,60.0,82.0,1.7,34.0,20595.9,0.024,0.894,2.0,"[{""min"":6,""max"":8,""center"":7.33,""count"":6,""fraction"":0.04412},{""min"":19,""max"":19,""center"":19.0,""count"":2,""fraction"":0.01471},{""min"":32,""max"":32,""center"":32.0,""count"":6,""fraction"":0.04412},{""min"":100,""max"":103,""center"":101.33,""count"":6,""fraction"":0.04412},{""min"":114,""max"":114,""center"":114.0,""count"":4,""fraction"":0.02941}]"
0,32,0,AcousticPiano GM,ACC4,PIANO,False,False,135,2,3,FALLBACK,13.0,34.0,40.0,50.0,73.0,82.0,105.0,46.0,57.0,67.0,48.0,576.0,4108.0,0.778,1.097,6.0,"[{""min"":8,""max"":8,""center"":8.0,""count"":2,""fraction"":0.01481}]"
121,2,80,Lead Sine,ACC3,SYNTH_LEAD,False,False,134,1,11,FALLBACK,46.0,66.6,78.0,88.0,88.0,88.0,88.0,61.5,70.0,76.0,30.0,84.0,99.0,0.082,0.865,1.01,[]
121,10,18,Jimmy Organ V.,ACC2,ORGAN,False,False,132,3,12,LIMITED,38.0,38.0,47.0,56.0,63.0,72.0,116.0,67.0,75.0,79.0,1.0,106.0,1533.0,0.002,0.967,2.525,[]
121,9,91,Full Vox Pad,ACC2,SYNTH_PAD,False,False,131,1,8,FALLBACK,6.0,10.0,36.0,127.0,127.0,127.0,127.0,52.0,60.0,74.0,9.0,9.0,384.0,0.023,0.062,0.999,[]
121,18,48,Strings & Glock.,ACC3,ENSEMBLE,False,False,130,1,14,FALLBACK,22.0,40.8,49.0,51.0,79.0,109.1,119.0,59.9,64.0,84.0,45.0,378.0,1528.0,0.24,0.982,0.992,[]
121,1,20,Puff Organ,ACC5,ORGAN,False,False,129,1,4,FALLBACK,66.0,76.0,81.0,93.0,119.0,127.0,127.0,60.0,67.0,79.0,44.0,44.0,188.0,0.435,0.458,0.594,[]
121,2,38,Syn Bass Reso,BASS,BASS,False,False,128,1,14,FALLBACK,71.0,97.0,104.0,110.0,127.0,127.0,127.0,26.0,29.0,34.0,2.0,190.0,383.0,0.25,0.87,0.99,[]
121,0,88,New Age Pad GM,ACC3,SYNTH_PAD,False,False,126,1,11,FALLBACK,33.0,43.0,54.25,65.0,70.75,75.0,92.0,51.0,60.0,70.0,244.5,766.0,1534.0,0.965,0.997,1.021,[]
121,4,33,Finger E.Bass3,BASS,BASS,False,False,125,1,2,FALLBACK,40.0,82.0,96.0,108.0,111.0,115.8,120.0,26.4,36.0,45.0,12.0,28.0,178.2,0.139,0.75,0.979,[]
121,2,101,Digi Ice Pad,ACC3,SYNTH_PAD,False,False,123,1,22,FALLBACK,29.0,29.0,34.0,49.0,54.0,74.0,74.0,63.0,70.0,79.0,767.0,3067.0,3071.0,1.0,1.0,1.875,[]
121,32,24,Nylon Gtr Pro2,ACC4,GUITAR,False,False,122,1,1,FALLBACK,26.0,31.0,39.0,48.0,68.0,73.0,84.0,55.0,62.0,126.0,28.1,94.0,190.0,0.417,0.979,1.979,"[{""min"":40,""max"":40,""center"":40.0,""count"":2,""fraction"":0.01639},{""min"":103,""max"":114,""center"":106.04,""count"":23,""fraction"":0.18852},{""min"":126,""max"":127,""center"":126.33,""count"":18,""fraction"":0.14754}]"
121,31,16,Tibia & Kinura,ACC2,ORGAN,False,False,121,1,2,FALLBACK,25.0,43.0,45.0,51.0,56.0,58.0,61.0,60.0,64.0,70.0,27.0,27.0,191.0,0.141,0.281,1.958,[]
121,3,61,Mute Ensemble 1,ACC1,BRASS,False,False,121,1,2,FALLBACK,49.0,61.0,67.0,76.0,84.0,90.0,114.0,51.0,62.0,67.0,1399.0,3072.0,9302.6,2.453,5.925,7.938,"[{""min"":7,""max"":8,""center"":7.5,""count"":4,""fraction"":0.03306},{""min"":32,""max"":32,""center"":32.0,""count"":2,""fraction"":0.01653},{""min"":116,""max"":116,""center"":116.0,""count"":2,""fraction"":0.01653}]"
121,0,95,Sweep Pad GM,ACC4,SYNTH_PAD,False,False,120,1,8,FALLBACK,61.0,74.0,78.0,84.0,93.0,105.0,114.0,36.0,58.0,64.1,573.0,859.0,2232.1,0.993,1.0,2.284,[]
121,12,52,Choir Light,ACC3,ENSEMBLE,False,False,119,1,9,FALLBACK,38.0,46.0,54.0,70.0,101.0,109.0,126.0,58.8,71.0,71.0,10.0,24.0,575.6,0.007,0.125,1.005,[]
121,1,88,Virtual Traveler,ACC2,SYNTH_PAD,False,False,119,1,4,FALLBACK,52.0,84.0,95.0,95.0,100.0,100.0,100.0,55.0,63.0,72.4,190.0,479.0,1650.0,0.99,1.016,3.374,[]
121,28,16,Tibia & Vox,ACC5,ORGAN,False,False,117,1,2,FALLBACK,59.0,61.0,74.0,79.0,84.0,87.0,93.0,60.0,63.0,70.0,21.0,28.0,211.4,0.109,0.219,1.99,[]
121,4,55,Brass Impact,ACC4,ENSEMBLE,False,False,116,2,15,FALLBACK,100.0,114.0,114.0,116.0,116.0,127.0,127.0,60.0,71.0,72.0,21.0,114.5,363.0,0.069,0.823,0.945,"[{""min"":58,""max"":60,""center"":59.89,""count"":55,""fraction"":0.47414}]"
121,7,71,Folk Clarinet,ACC3,REED,False,False,116,2,7,FALLBACK,73.0,87.0,92.75,107.0,113.0,119.0,120.0,63.0,71.0,78.0,27.0,42.5,65.0,0.349,1.022,1.333,[]
121,6,34,Bass&Gtr Double,BASS,BASS,False,False,115,1,4,FALLBACK,56.0,85.0,94.0,100.0,100.0,104.0,111.0,31.0,36.0,36.6,31.0,47.0,93.6,0.158,0.646,0.979,[]
121,15,16,Organ Low 2 V.,ACC2,ORGAN,False,False,113,1,3,FALLBACK,65.0,85.0,93.0,105.0,115.0,121.0,127.0,64.0,67.0,72.0,38.0,50.0,294.4,0.081,0.323,0.925,[]
121,22,61,Dyna Brass 2,ACC3,BRASS,False,False,112,1,2,FALLBACK,36.0,75.7,93.0,101.5,110.25,112.0,112.0,58.0,68.5,81.0,7.0,51.5,127.0,0.105,0.875,0.992,[]
121,4,67,Baritone Sax 2,ACC4,REED,False,False,110,1,3,FALLBACK,50.0,69.0,75.0,92.0,109.0,120.0,127.0,36.0,60.0,70.0,23.0,47.0,101.0,0.039,0.952,1.257,"[{""min"":36,""max"":36,""center"":36.0,""count"":12,""fraction"":0.10909}]"
121,32,0,Grand Piano,ACC1,PIANO,False,False,109,4,4,LIMITED,61.0,71.8,76.0,84.0,91.0,95.0,109.0,55.0,67.0,74.4,34.2,81.0,384.6,0.247,0.914,2.156,[]
121,3,57,Hard Trombone,ACC1,BRASS,False,False,104,1,2,FALLBACK,58.0,72.0,74.0,97.0,112.0,118.0,122.0,51.0,58.5,64.0,101.2,1348.0,4049.2,0.328,3.431,7.05,[]
121,15,52,Femal Scat,ACC4,ENSEMBLE,False,False,102,1,2,FALLBACK,83.0,83.0,83.0,90.0,95.0,95.0,113.0,53.0,60.0,67.0,168.0,383.0,767.0,0.975,0.997,1.997,[]
121,9,66,Jazz Tenor 1,ACC5,REED,False,False,102,1,11,FALLBACK,44.0,73.0,81.0,95.0,100.0,109.0,109.0,48.0,56.0,65.0,58.0,120.0,284.5,0.268,0.93,1.0,[]
121,23,16,Theatre Organ 2,ACC4,ORGAN,False,False,100,1,4,FALLBACK,100.0,100.0,100.0,100.0,100.0,100.0,100.0,40.0,64.0,72.0,16.9,41.0,98.0,0.491,2.056,4.765,[]
121,0,54,Synth Voice GM,ACC4,ENSEMBLE,False,False,96,1,2,FALLBACK,81.0,81.0,81.0,81.0,81.0,81.0,81.0,48.0,53.5,58.0,40.0,40.0,40.0,0.208,0.208,0.208,[]
121,1,15,Santur,ACC4,CHROMATIC_PERC,False,False,96,1,2,FALLBACK,42.0,54.0,57.75,65.0,69.0,72.0,75.0,50.0,57.0,60.0,24.5,29.0,34.0,0.065,0.24,0.354,[]
121,8,16,Jazz Organ,ACC3,ORGAN,False,False,94,1,3,FALLBACK,64.0,68.0,72.0,75.0,79.5,96.0,96.0,69.0,76.0,83.4,16.0,34.0,84.0,0.312,0.643,1.067,[]
121,7,57,Trombone Expr. 2,ACC1,BRASS,False,False,93,1,2,FALLBACK,46.0,60.4,72.0,80.0,86.0,91.6,101.0,45.0,59.0,67.0,50.0,305.5,4587.0,0.21,0.72,0.934,[]
121,6,5,Stereo Dig. EP,ACC3,PIANO,False,False,93,1,3,FALLBACK,43.0,44.0,44.0,44.0,45.0,56.2,60.0,55.0,60.0,67.0,20.0,34.0,239.2,0.072,0.161,0.812,[]
121,0,94,Halo Pad GM,ACC4,SYNTH_PAD,False,False,88,1,8,FALLBACK,54.0,62.0,66.0,86.0,109.0,118.6,127.0,58.7,64.0,70.0,25.7,46.0,468.3,0.03,0.611,0.984,[]
121,2,17,Perc. Organ 2,ACC2,ORGAN,False,False,87,1,3,FALLBACK,71.0,74.0,87.0,97.0,108.0,120.4,127.0,67.0,74.0,79.0,42.0,60.0,272.0,0.067,0.292,0.938,[]
121,1,93,Cosmic,ACC2,SYNTH_PAD,False,False,86,1,15,FALLBACK,62.0,62.0,64.0,69.0,79.0,110.0,110.0,75.5,80.5,88.0,191.0,198.0,1536.5,0.89,1.012,1.031,[]
121,1,126,Laughing,ACC3,SFX,False,False,85,1,11,FALLBACK,18.0,34.0,37.0,54.0,77.0,79.0,93.0,49.0,52.0,58.0,18.0,29.0,66.0,0.079,0.189,0.444,"[{""min"":73,""max"":73,""center"":73.0,""count"":8,""fraction"":0.09412}]"
121,32,27,Real El.Gtr ST2,ACC4,GUITAR,False,False,85,1,1,FALLBACK,13.0,34.0,39.0,40.0,50.0,54.8,61.0,46.0,55.0,64.0,48.0,48.0,816.6,1.0,1.0,1.0,[]
121,3,2,90's Piano,ACC1,PIANO,False,False,84,1,5,FALLBACK,47.0,62.6,64.0,71.5,82.0,87.0,94.0,60.0,67.0,74.0,47.0,366.5,1124.9,0.566,0.924,2.23,"[{""min"":48,""max"":48,""center"":48.0,""count"":5,""fraction"":0.05952}]"
121,0,13,Xylophone GM,ACC2,CHROMATIC_PERC,False,False,82,1,6,FALLBACK,58.0,64.0,72.0,86.0,108.0,108.0,114.0,72.0,77.0,86.0,16.0,25.5,53.4,0.097,0.375,0.871,"[{""min"":63,""max"":64,""center"":63.5,""count"":8,""fraction"":0.09756}]"
121,4,64,Sweet Soprano 2,ACC5,REED,False,False,81,1,4,FALLBACK,21.0,39.0,68.0,87.0,98.0,110.0,121.0,60.0,62.0,65.0,27.0,40.0,191.0,0.199,0.5,1.019,[]
121,32,18,BX3 Rock 3 V.,ACC4,ORGAN,False,False,81,1,1,FALLBACK,35.0,57.0,72.0,93.0,102.0,109.0,122.0,48.0,65.0,84.0,5.0,13.0,142.0,0.799,1.5,3.333,[]
121,2,11,Vibraphone 2,ACC4,CHROMATIC_PERC,False,False,80,1,7,FALLBACK,66.0,82.0,87.0,95.5,100.0,100.0,114.0,64.0,72.0,76.1,47.0,575.0,1103.1,0.247,0.997,0.998,[]
121,0,98,Crystal GM,ACC2,SYNTH_FX,False,False,77,1,13,FALLBACK,41.0,55.0,71.0,96.0,110.0,112.0,117.0,53.0,65.0,81.0,2.0,60.0,699.6,0.041,0.335,1.289,"[{""min"":53,""max"":53,""center"":53.0,""count"":11,""fraction"":0.14286}]"
121,1,61,Brass Section 2,ACC3,BRASS,False,False,76,1,12,FALLBACK,18.0,56.0,76.0,102.5,112.75,120.0,127.0,62.0,65.5,74.0,12.0,48.0,373.0,0.063,0.853,1.5,[]
121,32,26,Pedal Steel Gtr1,ACC3,GUITAR,False,False,75,1,3,FALLBACK,30.0,52.0,58.0,62.0,74.0,88.0,102.0,60.0,67.0,76.0,398.0,2613.5,9882.4,0.99,2.128,4.979,[]
121,0,86,Fifths Lead GM,ACC3,SYNTH_LEAD,False,False,73,1,3,FALLBACK,87.0,109.2,110.0,111.0,111.0,111.0,123.0,48.0,48.0,59.0,31.0,59.0,105.0,0.426,0.562,0.864,[]
121,5,16,Dark Organ 2 V.,ACC3,ORGAN,False,False,72,1,2,FALLBACK,113.0,113.0,113.0,113.0,113.0,113.0,113.0,63.0,75.5,84.0,26.1,53.0,311.7,0.112,0.211,0.953,"[{""min"":63,""max"":64,""center"":63.5,""count"":24,""fraction"":0.33333}]"
121,0,70,Bassoon GM,ACC3,REED,False,False,72,1,5,FALLBACK,114.0,126.0,126.0,126.0,126.0,126.0,126.0,43.0,48.0,50.0,30.0,32.0,40.0,0.156,0.208,0.371,[]
121,9,81,Glide Lead,ACC4,SYNTH_LEAD,False,False,71,1,11,FALLBACK,21.0,37.0,52.0,62.0,76.0,84.0,96.0,65.0,72.0,80.0,2.0,142.0,766.0,0.984,0.999,1.081,"[{""min"":29,""max"":29,""center"":29.0,""count"":5,""fraction"":0.07042}]"
121,6,18,Super BX Perc.,ACC3,ORGAN,False,False,64,1,1,FALLBACK,55.0,58.3,64.75,75.5,86.25,92.7,117.0,64.0,76.0,88.0,38.0,41.0,46.0,2.824,3.818,5.0,[]
121,8,57,Trombone Vel. 1,ACC5,BRASS,False,False,64,1,2,FALLBACK,102.0,104.0,108.25,113.5,121.0,124.0,127.0,48.0,60.0,63.0,44.0,44.0,44.0,0.114,0.115,0.117,[]
121,9,57,Trombone Vel. 2,ACC2,BRASS,False,False,64,1,9,FALLBACK,70.0,73.6,92.0,98.0,104.0,105.0,112.0,36.0,55.0,64.0,50.0,87.5,639.0,0.065,0.121,0.915,"[{""min"":24,""max"":24,""center"":24.0,""count"":4,""fraction"":0.0625},{""min"":36,""max"":36,""center"":36.0,""count"":5,""fraction"":0.07812},{""min"":72,""max"":72,""center"":72.0,""count"":4,""fraction"":0.0625}]"
121,32,26,Pedal Steel Gtr2,ACC3,GUITAR,False,False,58,1,2,FALLBACK,110.0,110.0,110.0,110.0,110.0,120.0,122.0,67.0,75.0,79.0,157.2,378.0,959.3,0.047,0.922,1.998,[]
121,11,25,Mandolin Trem.,ACC5,GUITAR,False,False,58,1,6,FALLBACK,60.0,60.0,68.0,73.0,78.0,78.0,78.0,76.0,83.0,86.0,93.7,189.0,803.9,0.678,0.977,1.0,[]
121,16,52,Male Scat,ACC4,ENSEMBLE,False,False,57,1,2,FALLBACK,74.0,76.6,83.0,83.0,85.0,85.0,90.0,55.0,60.0,64.0,381.0,639.0,766.0,0.832,0.996,0.997,[]
121,2,20,Small Pipe,ACC2,ORGAN,False,False,56,1,2,FALLBACK,86.0,92.0,95.75,102.0,107.0,113.0,119.0,59.0,64.0,72.0,28.0,33.0,160.0,0.229,0.552,0.688,[]
121,9,73,Flute 2,ACC1,PIPE,False,False,56,1,2,FALLBACK,68.0,77.0,87.0,94.0,108.0,124.0,126.0,72.5,80.5,90.0,30.0,38.0,160.0,0.252,0.396,0.868,[]
121,16,5,FM Stack E.P.,ACC1,PIANO,False,False,56,1,8,FALLBACK,31.0,44.5,52.75,60.0,62.0,65.5,68.0,48.0,52.0,60.0,1119.5,1218.0,1230.0,0.906,0.911,0.915,[]
121,32,4,Vintage EP,ACC1,PIANO,False,False,54,1,1,FALLBACK,32.0,49.3,75.0,87.0,96.0,102.0,116.0,32.0,60.0,68.4,12.9,87.5,48626.1,0.041,0.139,1.781,"[{""min"":8,""max"":8,""center"":8.0,""count"":2,""fraction"":0.03704},{""min"":32,""max"":32,""center"":32.0,""count"":3,""fraction"":0.05556},{""min"":103,""max"":103,""center"":103.0,""count"":2,""fraction"":0.03704}]"
121,22,27,Clean Jazz 1,ACC4,GUITAR,False,False,54,1,2,FALLBACK,92.0,93.0,110.5,122.0,126.0,126.0,127.0,55.9,60.0,60.0,12.0,16.0,1533.0,0.167,0.226,0.472,[]
120,0,35,Jazz Kit RX2,DRUM,DRUM_KIT,True,False,53,1,1,FALLBACK,45.0,76.0,85.0,110.0,121.0,126.8,127.0,22.6,44.0,51.0,20.0,43.0,45.7,0.469,0.896,6.354,"[{""min"":13,""max"":13,""center"":13.0,""count"":2,""fraction"":0.03774},{""min"":22,""max"":25,""center"":23.5,""count"":4,""fraction"":0.07547}]"
121,6,4,Pro Stage EP,ACC1,PIANO,False,False,52,1,2,FALLBACK,58.0,61.0,61.0,66.0,76.0,83.0,91.0,64.0,70.0,76.0,52.0,130.0,588.2,0.488,0.823,1.943,"[{""min"":48,""max"":48,""center"":48.0,""count"":2,""fraction"":0.03846}]"
121,3,37,Dyna Slap Bass,BASS,BASS,False,False,52,1,4,FALLBACK,73.0,74.0,74.0,93.0,115.0,115.0,115.0,30.1,73.5,102.0,62.0,85.0,190.9,0.646,0.974,0.99,"[{""min"":99,""max"":108,""center"":101.85,""count"":26,""fraction"":0.5}]"
121,2,18,Killer B,ACC4,ORGAN,False,False,51,1,3,FALLBACK,36.0,50.0,54.5,67.0,79.5,95.0,115.0,36.0,69.0,86.0,7.0,12.0,49.0,0.627,1.4,2.75,"[{""min"":36,""max"":36,""center"":36.0,""count"":2,""fraction"":0.03922},{""min"":48,""max"":48,""center"":48.0,""count"":2,""fraction"":0.03922},{""min"":57,""max"":60,""center"":58.5,""count"":4,""fraction"":0.07843}]"
121,0,73,Flute GM,ACC1,PIPE,False,False,48,1,4,FALLBACK,72.0,72.0,82.5,105.0,110.5,120.0,120.0,84.0,89.5,96.0,19.0,24.5,37.0,0.539,0.656,0.906,[]
121,1,53,Humming,ACC4,ENSEMBLE,False,False,48,1,2,FALLBACK,99.0,99.0,99.0,99.0,99.0,99.0,99.0,48.0,59.0,72.0,18.0,18.0,18.0,0.015,0.071,0.188,[]
121,4,98,Digi Bell,ACC5,SYNTH_FX,False,False,47,1,6,FALLBACK,87.0,93.0,102.0,123.0,127.0,127.0,127.0,67.0,79.0,84.0,10.8,104.0,575.0,0.124,0.436,1.024,"[{""min"":53,""max"":53,""center"":53.0,""count"":2,""fraction"":0.04255}]"
121,2,64,Soprano Pro,ACC5,REED,False,False,46,1,4,FALLBACK,64.0,68.0,76.5,93.0,100.75,108.0,111.0,70.0,76.0,82.0,23.0,49.0,237.0,0.812,0.987,1.554,[]
121,2,91,Fresh Air 1,ACC5,SYNTH_PAD,False,False,42,3,11,FALLBACK,55.0,55.0,55.0,92.0,97.0,97.0,103.0,55.0,67.0,79.0,17.0,94.5,1532.0,0.654,0.958,0.997,[]
121,0,99,Atmosphere GM,ACC1,SYNTH_FX,False,False,42,2,2,FALLBACK,50.0,50.0,50.0,79.0,87.0,93.0,105.0,52.0,58.0,62.0,14.0,103.5,1505.2,0.043,0.719,0.999,[]
121,0,38,Synth Bass 1 GM,BASS,BASS,False,False,42,1,2,FALLBACK,113.0,113.0,113.0,113.0,115.0,116.0,117.0,36.0,36.0,48.0,13.0,32.0,123.0,0.271,0.536,0.854,"[{""min"":46,""max"":48,""center"":47.22,""count"":18,""fraction"":0.42857}]"
120,0,7,Standard Kit 1,DRUM,DRUM_KIT,False,False,42,1,2,FALLBACK,39.0,47.0,70.0,99.0,111.0,117.0,123.0,36.0,44.0,50.0,1.0,1.0,1.0,0.012,0.024,0.125,"[{""min"":24,""max"":24,""center"":24.0,""count"":4,""fraction"":0.09524}]"
121,32,5,EP Phase,ACC1,PIANO,False,False,41,1,2,FALLBACK,61.0,74.0,80.0,84.0,90.0,96.0,102.0,54.0,60.0,64.0,14.0,61.0,161.0,0.06,0.708,0.933,[]
121,5,98,Moving Bell,ACC5,SYNTH_FX,False,False,41,1,13,FALLBACK,75.0,94.0,99.0,105.0,122.0,127.0,127.0,48.0,60.0,72.0,12.0,18.0,24.0,0.006,0.013,0.152,"[{""min"":60,""max"":64,""center"":61.14,""count"":7,""fraction"":0.17073},{""min"":72,""max"":72,""center"":72.0,""count"":10,""fraction"":0.2439},{""min"":84,""max"":84,""center"":84.0,""count"":2,""fraction"":0.04878}]"
121,19,28,Muted Guitar 2,ACC4,GUITAR,False,False,40,1,2,FALLBACK,93.0,101.9,105.0,108.0,110.0,111.1,114.0,51.0,51.5,52.0,23.0,26.5,34.4,0.154,0.186,0.215,[]
121,8,5,Hybrid EP,ACC1,PIANO,False,False,39,1,3,FALLBACK,65.0,65.0,65.0,69.0,69.0,69.0,69.0,55.0,62.0,67.0,16.0,128.0,448.8,0.083,0.13,2.245,[]
121,11,56,Trumpet Pro 2,ACC5,BRASS,False,False,38,1,5,FALLBACK,78.0,100.0,101.0,108.5,114.25,118.0,126.0,67.0,67.5,84.0,32.0,32.0,120.0,0.05,0.224,0.272,"[{""min"":84,""max"":84,""center"":84.0,""count"":9,""fraction"":0.23684}]"
121,10,57,Trombone Vel. 3,ACC1,BRASS,False,False,36,1,2,FALLBACK,40.0,58.0,70.0,80.0,86.0,106.0,126.0,45.5,60.0,66.5,43.4,72.0,1095.0,0.3,0.75,0.787,[]
121,32,61,Tight Brass 3,ACC3,BRASS,False,False,36,2,4,FALLBACK,88.0,88.0,88.0,90.0,102.0,121.0,124.0,60.0,64.5,72.0,18.0,54.0,88.0,0.926,0.941,0.956,[]
121,2,84,Synchro City,ACC2,SYNTH_LEAD,False,False,36,1,4,FALLBACK,80.0,82.0,90.0,105.0,108.0,112.5,114.0,73.5,77.0,81.5,16.0,189.0,303.0,0.022,0.289,0.983,[]
121,3,66,Tenor Breath,ACC4,REED,False,False,34,1,2,FALLBACK,66.0,67.8,95.0,101.0,103.0,105.7,106.0,48.0,52.0,55.7,60.0,121.0,182.8,0.318,0.938,0.99,"[{""min"":36,""max"":36,""center"":36.0,""count"":2,""fraction"":0.05882}]"
121,32,2,Grand&FM Stack,ACC1,PIANO,False,False,34,1,1,FALLBACK,98.0,98.0,98.0,102.0,104.0,104.0,104.0,55.0,65.5,76.0,32.6,40.0,106.4,0.335,0.771,0.925,[]
121,11,17,Perc. Organ 5 V.,ACC2,ORGAN,False,False,31,1,1,FALLBACK,58.0,68.0,75.0,88.0,104.5,116.0,124.0,60.0,74.0,79.0,34.0,48.0,234.0,0.106,0.194,0.698,[]
121,0,116,Taiko Drum GM,ACC3,PERCUSSIVE,False,False,30,1,10,FALLBACK,119.0,119.0,127.0,127.0,127.0,127.0,127.0,22.0,34.0,55.0,131.0,190.0,190.0,,,,"[{""min"":22,""max"":22,""center"":22.0,""count"":8,""fraction"":0.26667},{""min"":34,""max"":34,""center"":34.0,""count"":8,""fraction"":0.26667},{""min"":55,""max"":55,""center"":55.0,""count"":2,""fraction"":0.06667},{""min"":67,""max"":67,""center"":67.0,""count"":2,""fraction"":0.06667}]"
121,32,4,Studio EP,ACC4,PIANO,False,False,30,1,1,FALLBACK,28.0,48.0,62.5,72.0,75.5,84.3,96.0,55.0,67.0,76.3,11.7,481.0,820.4,0.159,1.0,1.584,[]
121,32,21,Sweet Musette,ACC4,ACCORDION_REED,False,False,27,1,1,FALLBACK,66.0,77.8,85.0,91.0,92.0,98.8,121.0,60.0,64.0,72.0,2.0,2.0,45.4,0.126,0.143,0.159,[]
121,23,4,Bell E. Piano 1,ACC5,PIANO,False,False,24,1,2,FALLBACK,114.0,114.0,114.0,114.0,115.0,115.0,115.0,63.0,72.0,76.0,181.0,371.0,570.0,0.157,1.932,2.953,"[{""min"":63,""max"":64,""center"":63.5,""count"":8,""fraction"":0.33333}]"
121,32,24,Real Nylon Gtr,ACC2,GUITAR,False,False,24,1,1,FALLBACK,54.0,54.0,54.0,54.0,58.0,87.0,87.0,45.0,47.0,68.0,48.0,48.0,48.0,1.0,1.0,1.0,"[{""min"":68,""max"":68,""center"":68.0,""count"":4,""fraction"":0.16667}]"
121,5,61,Sax & Brass,ACC3,BRASS,False,False,23,2,4,FALLBACK,76.0,80.0,84.0,84.0,90.0,90.0,90.0,58.0,64.0,72.0,198.0,759.0,3071.0,0.988,0.991,6.398,[]
121,32,30,Dist. Guitar RX2,ACC4,GUITAR,True,False,21,1,1,FALLBACK,39.0,44.0,47.0,55.0,60.0,79.0,96.0,62.0,62.0,62.0,28.0,39.0,80.0,0.209,0.289,0.618,[]
121,32,25,Steel Guitar 3,ACC2,GUITAR,False,False,21,1,1,FALLBACK,56.0,59.0,69.0,75.0,92.0,92.0,109.0,48.0,52.0,60.0,2.0,112.0,292.0,0.767,1.333,3.385,[]
121,5,27,Soft Jazz Guitar,ACC3,GUITAR,False,False,20,1,1,FALLBACK,56.0,56.0,66.0,78.0,82.0,96.0,96.0,60.0,62.5,65.0,101.0,161.0,208.6,1.578,2.516,3.259,[]
121,3,109,HighlandBagPipes,ACC4,ETHNIC,False,False,20,1,2,FALLBACK,55.0,75.7,91.0,98.5,104.0,110.5,115.0,67.0,72.0,78.1,14.7,49.5,214.2,0.778,1.047,1.21,[]
121,4,63,Big Panner,ACC3,BRASS,False,False,20,1,5,FALLBACK,64.0,64.0,64.0,64.0,64.0,76.4,82.0,55.0,60.0,64.3,734.9,1533.0,1533.0,,,,[]
121,2,97,Reso Down,ACC5,SYNTH_FX,False,False,19,1,6,FALLBACK,39.0,39.0,39.0,39.0,39.0,71.6,86.0,48.0,52.0,58.0,310.4,766.0,1534.0,1.0,1.0,1.0,[]
121,2,45,Pizz. Section,ACC4,STRINGS,False,False,19,1,1,FALLBACK,54.0,70.4,76.0,80.0,84.0,97.2,108.0,69.0,76.0,84.0,11.0,19.0,23.2,0.048,0.188,0.244,[]
121,1,5,Detuned EP 2,ACC1,PIANO,False,False,16,2,4,FALLBACK,49.0,61.5,70.0,70.0,74.75,77.0,79.0,53.5,63.5,70.0,1515.0,1533.5,1534.0,,,,[]
121,1,96,Motion Ocean,ACC5,SYNTH_FX,False,False,16,1,1,FALLBACK,3.0,19.5,29.0,38.5,47.25,52.5,67.0,61.0,64.0,72.0,1.0,31.5,213.5,0.007,0.393,0.95,[]
121,32,27,Chorus Gtr Pro,ACC5,GUITAR,False,False,16,1,1,FALLBACK,72.0,84.0,88.5,94.5,99.75,103.5,105.0,48.0,56.5,64.0,600.0,736.5,1416.0,0.478,0.982,1.012,[]
121,0,24,Nylon Guitar GM,ACC2,GUITAR,False,False,16,1,2,FALLBACK,60.0,62.0,64.0,69.0,73.5,78.0,78.0,60.0,61.5,64.0,2084.2,6430.0,8528.4,2.077,3.259,4.667,[]
121,16,16,Organ Mid V.,ACC5,ORGAN,False,False,16,1,1,FALLBACK,100.0,100.0,100.0,100.0,100.0,100.0,100.0,67.0,74.0,79.0,71.0,75.0,77.0,0.261,0.388,0.401,[]
121,21,16,BX3 Gospel V.,ACC1,ORGAN,False,False,16,1,1,FALLBACK,92.0,92.0,95.0,99.0,105.0,114.0,114.0,76.0,78.5,84.0,30.0,758.0,760.0,0.995,0.995,7.5,[]
121,2,48,60's Strings,ACC3,ENSEMBLE,False,False,15,1,3,FALLBACK,68.0,113.4,116.5,117.0,120.0,121.0,124.0,84.0,87.0,89.0,197.8,383.0,2303.0,0.908,0.992,1.076,[]
121,9,80,Gliding Square,ACC3,SYNTH_LEAD,False,False,14,1,2,FALLBACK,57.0,66.6,72.0,77.5,81.0,82.7,89.0,54.2,62.0,67.8,13.9,18.0,37.5,0.008,0.083,0.875,[]
121,3,1,Piano Pad 2,ACC1,SYNTH_PAD,False,False,13,1,2,FALLBACK,66.0,66.0,66.0,66.0,74.0,74.0,74.0,60.0,64.0,71.6,189.0,620.0,632.2,0.81,0.818,0.822,[]
121,3,63,Brass Pad,ACC4,SYNTH_PAD,False,False,13,1,2,FALLBACK,34.0,42.8,49.0,62.0,69.0,70.8,72.0,55.0,62.0,66.8,41.8,1377.0,4146.4,1.089,2.0,3.999,[]
121,0,15,Dulcimer GM,ACC2,CHROMATIC_PERC,False,False,12,2,2,FALLBACK,76.0,84.3,90.0,97.0,110.5,122.8,127.0,36.0,48.0,55.0,20.1,82.0,102.2,0.071,0.322,1.077,"[{""min"":36,""max"":36,""center"":36.0,""count"":3,""fraction"":0.25}]"
121,32,4,Club E. Piano,ACC1,PIANO,False,False,12,1,1,FALLBACK,74.0,74.0,75.5,84.0,87.0,87.0,87.0,58.0,65.5,72.0,29.3,119.5,477.8,0.199,0.524,0.835,[]
121,16,4,Tremolo Wurly,ACC1,PIANO,False,False,12,1,1,FALLBACK,66.0,69.2,71.0,75.0,77.25,78.9,83.0,50.0,55.0,60.0,21.2,1246.0,1304.9,0.052,0.516,0.975,[]
121,5,126,Footsteps,ACC3,SFX,False,False,11,1,1,FALLBACK,58.0,65.0,65.5,72.0,82.0,89.0,92.0,49.0,61.0,61.0,10.0,17.0,21.0,0.063,0.1,0.558,"[{""min"":49,""max"":49,""center"":49.0,""count"":3,""fraction"":0.27273}]"
121,4,66,Tenor Growl,ACC4,REED,False,False,11,1,3,FALLBACK,91.0,100.0,109.0,113.0,113.0,113.0,113.0,36.0,36.0,43.0,56.0,64.0,188.0,0.175,0.966,1.003,[]
121,2,35,Fretless Bass 3,ACC4,BASS,False,False,9,1,1,FALLBACK,88.0,88.8,91.0,94.0,106.0,113.0,117.0,36.6,51.0,52.2,109.8,195.0,490.6,0.931,0.99,0.998,"[{""min"":43,""max"":43,""center"":43.0,""count"":2,""fraction"":0.22222}]"
121,32,4,Detuned EP 1,ACC1,PIANO,False,False,9,1,1,FALLBACK,62.0,65.2,70.0,70.0,75.0,79.6,90.0,57.6,64.0,70.0,765.0,767.0,768.0,1.0,1.0,1.0,[]
121,17,61,Film Brass,ACC5,BRASS,False,False,9,1,2,FALLBACK,34.0,40.4,42.0,44.0,55.0,55.0,55.0,56.6,64.0,67.4,921.8,2303.0,4607.0,1.0,1.999,3.999,[]
121,2,27,Club Jazz Gtr 1,ACC5,GUITAR,False,False,8,1,1,FALLBACK,72.0,72.0,73.5,79.0,81.0,84.9,87.0,55.0,59.0,64.9,20.0,299.5,511.5,0.198,0.537,0.875,[]
121,32,24,Nylon Slide Pro,ACC2,GUITAR,False,False,7,1,1,FALLBACK,45.0,48.6,53.0,72.0,77.0,80.0,80.0,47.4,57.0,65.4,476.8,626.0,738.0,6.513,6.513,6.513,[]
121,32,0,Classic Piano,ACC1,PIANO,False,False,7,1,1,FALLBACK,73.0,82.0,89.0,91.0,96.5,99.2,101.0,61.0,66.0,69.0,39.2,96.0,813.2,0.19,0.456,0.943,[]
121,20,56,Concert Trp.Pro,ACC4,BRASS,False,False,6,2,2,FALLBACK,115.0,115.0,118.0,127.0,127.0,127.0,127.0,68.0,72.0,84.0,114.0,140.0,563.0,0.977,0.977,0.977,"[{""min"":84,""max"":84,""center"":84.0,""count"":2,""fraction"":0.33333}]"
121,5,97,Noble Pad,ACC5,SYNTH_PAD,False,False,6,1,2,FALLBACK,65.0,65.0,65.0,77.5,90.0,90.0,90.0,63.0,66.0,70.5,2975.0,3023.0,3071.0,,,,[]
121,32,80,Sine Wave,ACC3,SYNTH_LEAD,False,False,4,1,1,FALLBACK,60.0,60.0,60.0,60.0,60.0,60.0,60.0,82.6,84.0,86.1,72.1,157.5,272.3,0.976,0.992,1.054,[]
121,0,93,Metallic Pad GM,ACC1,SYNTH_PAD,False,False,4,1,1,FALLBACK,97.0,97.0,97.0,101.0,106.25,108.5,110.0,48.0,48.0,48.0,52.3,55.0,57.7,0.14,0.148,0.151,[]
121,5,49,Movie Strings 1,ACC5,ENSEMBLE,False,False,4,1,1,FALLBACK,71.0,71.0,71.0,71.5,72.0,72.0,72.0,72.0,78.0,84.0,3071.0,3071.0,3071.0,1.0,1.0,1.0,"[{""min"":84,""max"":84,""center"":84.0,""count"":2,""fraction"":0.5}]"
121,15,4,Vel. Wurly,ACC1,PIANO,False,False,4,1,1,FALLBACK,77.0,77.0,77.0,77.0,77.0,77.0,77.0,50.9,55.0,59.1,1533.0,1533.0,1533.0,,,,[]
121,4,102,Pan Reso,ACC2,SYNTH_FX,False,False,3,1,1,FALLBACK,105.0,105.0,105.0,105.0,106.5,107.4,108.0,73.4,79.0,83.0,154.0,154.0,156.4,,,,[]
121,0,49,Strings Ens.2 GM,ACC5,ENSEMBLE,False,False,2,1,2,FALLBACK,89.0,90.1,91.75,94.5,97.25,98.9,100.0,91.0,91.0,91.0,998.4,1920.0,2841.6,,,,[]
121,1,25,12 Strings Gtr,ACC1,GUITAR,False,False,2,1,1,FALLBACK,84.0,85.1,86.75,89.5,92.25,93.9,95.0,51.2,56.0,60.8,38.7,41.5,44.3,0.053,0.053,0.053,[]
